代码,简称,日期,前收盘价(元),开盘价(元),最高价(元),最低价(元),收盘价(元),成交量(股),成交金额(元),涨跌(元),涨跌幅(%),均价(元),换手率(%),A股流通市值(元),B股流通市值(元),总市值(元),A股流通股本(股),B股流通股本(股),总股本(股),市盈率,市净率,市销率,市现率,
600243.SH,青海华鼎,2000-11-20,N/A,10.8143,13.8323,10.7578,12.5748,41656313,794664759,N/A,N/A,19.0767,75.7388,1100000000,N/A,3132000000,55000000,0,156600000,197.1696,21.322,15.5383,-341.385,
600243.SH,青海华鼎,2000-11-21,12.5748,12.2227,13.5179,12.0152,13.0149,15475312,311283188,0.4401,3.5,20.1148,28.1369,1138500000,N/A,3241620000,55000000,0,156600000,204.0705,22.0683,16.0822,-353.3334,
600243.SH,青海华鼎,2000-11-22,13.0149,12.8892,13.4425,12.8389,12.9521,6097764,127393218,-0.0629,-0.4831,20.8918,11.0868,1133000000,N/A,3225960000,55000000,0,156600000,203.0847,21.9617,16.0045,-351.6265,
600243.SH,青海华鼎,2000-11-23,12.9521,12.9521,13.8009,12.9521,13.5808,4646148,99554125,0.6287,4.8544,21.4272,8.4475,1188000000,N/A,3382560000,55000000,0,156600000,212.9431,23.0278,16.7814,-368.6958,
600243.SH,青海华鼎,2000-11-24,13.5808,13.5808,14.0209,13.3922,13.6311,4412172,95831577,0.0503,0.3704,21.7198,8.0221,1192400000,N/A,3395088000,55000000,0,156600000,213.7318,23.1131,16.8436,-370.0613,
600243.SH,青海华鼎,2000-11-27,13.6311,13.6374,14.461,13.6374,14.241,3448784,77600402,0.6099,4.4742,22.5008,6.2705,1245750000,N/A,3546990000,55000000,0,156600000,223.2945,24.1472,17.5972,-386.6185,
600243.SH,青海华鼎,2000-11-28,14.241,14.3038,14.5176,13.8323,14.2724,1805530,40821874,0.0314,0.2208,22.6094,3.2828,1248500000,N/A,3554820000,55000000,0,156600000,223.7875,24.2005,17.636,-387.4719,
600243.SH,青海华鼎,2000-11-29,14.2724,14.329,14.329,13.9266,14.241,2069635,46304052,-0.0314,-0.2203,22.3731,3.763,1245750000,N/A,3546990000,55000000,0,156600000,223.2945,24.1472,17.5972,-386.6185,
600243.SH,青海华鼎,2000-11-30,14.241,14.1781,14.7754,14.1781,14.6434,1650028,38354014,0.4024,2.8256,23.2445,3.0001,1280950000,N/A,3647214000,55000000,0,156600000,229.604,24.8295,18.0944,-397.5428,
600243.SH,青海华鼎,2000-12-01,14.6434,14.6497,15.423,14.3982,15.1401,3238101,77230799,0.4967,3.392,23.8506,5.8875,1324400000,N/A,3770928000,55000000,0,156600000,237.3922,25.6717,18.7082,-411.0275,
600243.SH,青海华鼎,2000-12-04,15.1401,15.0898,15.3476,14.964,15.1652,4824290,116551240,0.0251,0.1661,24.1593,8.7714,1326600000,N/A,3777192000,55000000,0,156600000,237.7865,25.7144,18.7392,-411.7103,
600243.SH,青海华鼎,2000-12-05,15.1652,15.2029,15.3727,14.744,15.0269,4566397,109039399,-0.1383,-0.9121,23.8787,8.3025,1314500000,N/A,3742740000,55000000,0,156600000,235.6176,25.4798,18.5683,-407.955,
600243.SH,青海华鼎,2000-12-06,15.0269,15.0835,15.0898,14.2787,14.4422,2235100,51899639,-0.5847,-3.8912,23.2203,4.0638,1263350000,N/A,3597102000,55000000,0,156600000,226.4493,24.4884,17.8458,-392.0806,
600243.SH,青海华鼎,2000-12-07,14.4422,14.3227,14.5113,14.197,14.329,1365256,31037180,-0.1132,-0.7836,22.7336,2.4823,1253450000,N/A,3568914000,55000000,0,156600000,224.6747,24.2965,17.7059,-389.0082,
600243.SH,青海华鼎,2000-12-08,14.329,14.2661,14.461,13.9706,14.3856,687066,15548304,0.0566,0.3949,22.63,1.2492,1258400000,N/A,3583008000,55000000,0,156600000,225.562,24.3924,17.7759,-390.5444,
600243.SH,青海华鼎,2000-12-11,14.3856,14.2787,14.6182,14.0901,14.3982,349115,7937381,0.0126,0.0874,22.7357,0.6348,1259500000,N/A,3586140000,55000000,0,156600000,225.7592,24.4137,17.7914,-390.8858,
600243.SH,青海华鼎,2000-12-12,14.3982,14.3416,14.461,14.0272,14.4547,601935,13672112,0.0566,0.393,22.7136,1.0944,1264450000,N/A,3600234000,55000000,0,156600000,226.6464,24.5097,17.8613,-392.422,
600243.SH,青海华鼎,2000-12-13,14.4547,14.5868,14.6497,14.197,14.4547,656209,15097352,0,0,23.0069,1.1931,1264450000,N/A,3600234000,55000000,0,156600000,226.6464,24.5097,17.8613,-392.422,
600243.SH,青海华鼎,2000-12-14,14.4547,14.461,14.6245,14.2033,14.3479,2133950,48883007,-0.1069,-0.7395,22.9073,3.8799,1255100000,N/A,3573612000,55000000,0,156600000,224.9705,24.3285,17.7293,-389.5202,
600243.SH,青海华鼎,2000-12-15,14.3479,14.3353,14.417,13.7694,13.8952,2911878,64465766,-0.4527,-3.1551,22.1389,5.2943,1215500000,N/A,3460860000,55000000,0,156600000,217.8724,23.5609,17.1699,-377.2304,
600243.SH,青海华鼎,2000-12-18,13.8952,13.7694,13.7694,13.3607,13.6814,470449,10183370,-0.2138,-1.5385,21.6461,0.8554,1196800000,N/A,3407616000,55000000,0,156600000,214.5205,23.1984,16.9057,-371.4268,
600243.SH,青海华鼎,2000-12-19,13.6814,13.7065,13.7694,13.455,13.5368,683100,14751360,-0.1446,-1.057,21.5947,1.242,1184150000,N/A,3371598000,55000000,0,156600000,212.253,22.9532,16.727,-367.5009,
600243.SH,青海华鼎,2000-12-20,13.5368,13.5179,14.6497,13.5179,14.3038,430557,9682484,0.7671,5.6665,22.4883,0.7828,1251250000,N/A,3562650000,55000000,0,156600000,224.2804,24.2538,17.6749,-388.3254,
600243.SH,青海华鼎,2000-12-21,14.3038,14.3227,14.3919,14.0209,14.0838,517100,11746306,-0.2201,-1.5385,22.7157,0.9402,1232000000,N/A,3507840000,55000000,0,156600000,220.8299,23.8807,17.4029,-382.3512,
600243.SH,青海华鼎,2000-12-22,14.0838,14.0209,14.2095,13.5997,13.7065,529614,11792118,-0.3772,-2.6786,22.2655,0.9629,1199000000,N/A,3413880000,55000000,0,156600000,214.9148,23.241,16.9368,-372.1096,
600243.SH,青海华鼎,2000-12-25,13.7065,13.7254,14.0838,13.7003,14.0838,455667,10133192,0.3772,2.7523,22.2382,0.8285,1232000000,N/A,3507840000,55000000,0,156600000,220.8299,23.8807,17.4029,-382.3512,
600243.SH,青海华鼎,2000-12-26,14.0838,14.0209,14.241,13.7254,14.2347,542428,11999160,0.1509,1.0714,22.1212,0.9862,1245200000,N/A,3545424000,55000000,0,156600000,223.196,24.1366,17.5894,-386.4478,
600243.SH,青海华鼎,2000-12-27,14.2347,14.1907,14.2347,13.7128,13.7506,723700,15886020,-0.4841,-3.4011,21.9511,1.3158,1202850000,N/A,3424842000,55000000,0,156600000,215.6049,23.3157,16.9912,-373.3045,
600243.SH,青海华鼎,2000-12-28,13.7506,13.6751,13.7631,13.4425,13.7443,262320,5699019,-0.0063,-0.0457,21.7254,0.4769,1202300000,N/A,3423276000,55000000,0,156600000,215.5063,23.305,16.9834,-373.1338,
600243.SH,青海华鼎,2000-12-29,13.7443,13.7443,14.1655,13.5808,14.1467,294251,6436684,0.4024,2.9277,21.8748,0.535,1237500000,N/A,3523500000,55000000,0,156600000,221.8158,23.9873,17.4806,-384.0581,
600243.SH,青海华鼎,2001-01-02,14.1467,14.0021,14.2033,13.6437,14.1278,269290,5972136,-0.0189,-0.1333,22.1773,0.4896,1235850000,N/A,3518802000,55000000,0,156600000,186.9049,8.8993,15.8703,22.425,
600243.SH,青海华鼎,2001-01-03,14.1278,14.1278,14.461,14.0083,14.4044,599759,13547432,0.2766,1.9582,22.5881,1.0905,1260050000,N/A,3587706000,55000000,0,156600000,190.5649,9.0735,16.181,22.8641,
600243.SH,青海华鼎,2001-01-04,14.4044,14.4107,14.461,14.2095,14.2724,766306,17507520,-0.132,-0.9166,22.8466,1.3933,1248500000,N/A,3554820000,55000000,0,156600000,188.8181,8.9904,16.0327,22.6545,
600243.SH,青海华鼎,2001-01-05,14.2724,14.1467,14.417,13.8386,14.1467,998000,22423039,-0.1257,-0.8811,22.468,1.8145,1237500000,N/A,3523500000,55000000,0,156600000,187.1545,8.9112,15.8915,22.4549,
600243.SH,青海华鼎,2001-01-08,14.1467,14.0838,14.1341,13.7065,14.0712,542182,11937547,-0.0754,-0.5333,22.0176,0.9858,1230900000,N/A,3504708000,55000000,0,156600000,186.1563,8.8636,15.8067,22.3351,
600243.SH,青海华鼎,2001-01-09,14.0712,13.8826,13.8952,13.6751,13.8134,283695,6228124,-0.2578,-1.832,21.9536,0.5158,1208350000,N/A,3440502000,55000000,0,156600000,182.746,8.7013,15.5171,21.926,
600243.SH,青海华鼎,2001-01-10,13.8134,13.8323,14.1341,13.7694,13.9266,340431,7519984,0.1132,0.8193,22.0896,0.619,1218250000,N/A,3468690000,55000000,0,156600000,184.2432,8.7725,15.6443,22.1056,
600243.SH,青海华鼎,2001-01-11,13.9266,13.8952,13.958,13.7065,13.9203,251380,5527346,-0.0063,-0.0451,21.988,0.4571,1217700000,N/A,3467124000,55000000,0,156600000,184.16,8.7686,15.6372,22.0956,
600243.SH,青海华鼎,2001-01-12,13.9203,13.9203,13.9203,13.5179,13.7946,205300,4493082,-0.1257,-0.9033,21.8854,0.3733,1206700000,N/A,3435804000,55000000,0,156600000,182.4964,8.6894,15.496,21.896,
600243.SH,青海华鼎,2001-01-15,13.7946,13.7065,13.738,13.3607,13.411,372300,8029584,-0.3835,-2.7803,21.5675,0.6769,1173150000,N/A,3340278000,55000000,0,156600000,177.4225,8.4478,15.0651,21.2873,
600243.SH,青海华鼎,2001-01-16,13.411,13.2036,13.5179,13.0024,13.4865,610964,12918812,0.0754,0.5626,21.145,1.1108,1179750000,N/A,3359070000,55000000,0,156600000,178.4206,8.4953,15.1499,21.407,
600243.SH,青海华鼎,2001-01-17,13.4865,13.455,13.455,13.0024,13.1847,283430,5938104,-0.3018,-2.2378,20.9509,0.5153,1153350000,N/A,3283902000,55000000,0,156600000,174.428,8.3052,14.8109,20.928,
600243.SH,青海华鼎,2001-01-18,13.1847,13.2539,13.4739,13.2036,13.455,148700,3159665,0.2704,2.0505,21.2486,0.2704,1177000000,N/A,3351240000,55000000,0,156600000,178.0047,8.4755,15.1146,21.3571,
600243.SH,青海华鼎,2001-01-19,13.455,13.5053,13.6437,13.3922,13.6374,121993,2630513,0.1823,1.3551,21.5628,0.2218,1192950000,N/A,3396654000,55000000,0,156600000,180.4169,8.5904,15.3194,21.6465,
600243.SH,青海华鼎,2001-02-05,13.6374,13.6437,13.6437,13.0024,13.1658,135550,2851933,-0.4716,-3.4578,21.0397,0.2465,1151700000,N/A,3279204000,55000000,0,156600000,174.1784,8.2933,14.7897,20.898,
600243.SH,青海华鼎,2001-02-06,13.1658,13.0778,13.0778,11.8643,12.1221,801110,15583707,-1.0437,-7.9274,19.4526,1.4566,1060400000,N/A,3019248000,55000000,0,156600000,160.3706,7.6359,13.6172,19.2414,
600243.SH,青海华鼎,2001-02-07,12.1221,11.9461,12.1158,11.3173,11.8518,590824,10920814,-0.2704,-2.2303,18.484,1.0742,1036750000,N/A,2951910000,55000000,0,156600000,156.7939,7.4656,13.3135,18.8122,
600243.SH,青海华鼎,2001-02-08,11.8518,11.6506,12.0089,11.3802,11.6883,515653,9515155,-0.1635,-1.3793,18.4526,0.9376,1022450000,N/A,2911194000,55000000,0,156600000,154.6312,7.3626,13.1299,18.5527,
600243.SH,青海华鼎,2001-02-09,11.6883,11.8706,12.1158,11.7952,12.053,168830,3210323,0.3647,3.12,19.0151,0.307,1054350000,N/A,3002022000,55000000,0,156600000,159.4556,7.5923,13.5395,19.1316,
600243.SH,青海华鼎,2001-02-12,12.053,12.0089,12.053,11.4431,11.8266,60400,1134677,-0.2263,-1.8779,18.786,0.1098,1034550000,N/A,2945646000,55000000,0,156600000,156.4612,7.4497,13.2853,18.7723,
600243.SH,青海华鼎,2001-02-13,11.8266,11.8958,12.0907,11.8832,11.9146,140400,2665182,0.088,0.7443,18.9828,0.2553,1042250000,N/A,2967570000,55000000,0,156600000,157.6257,7.5052,13.3842,18.912,
600243.SH,青海华鼎,2001-02-14,11.9146,11.9146,12.0718,11.7574,11.9964,90480,1711759,0.0817,0.686,18.9186,0.1645,1049400000,N/A,2987928000,55000000,0,156600000,158.707,7.5567,13.476,19.0418,
600243.SH,青海华鼎,2001-02-15,11.9964,12.0089,12.0404,11.7386,11.7889,113399,2142310,-0.2075,-1.7296,18.8918,0.2062,1031250000,N/A,2936250000,55000000,0,156600000,155.9621,7.426,13.2429,18.7124,
600243.SH,青海华鼎,2001-02-16,11.7889,11.7449,11.9398,11.6569,11.8706,88100,1644608,0.0817,0.6933,18.6675,0.1602,1038400000,N/A,2956608000,55000000,0,156600000,157.0434,7.4775,13.3347,18.8422,
600243.SH,青海华鼎,2001-02-19,11.8706,11.638,11.9461,11.6317,11.9272,322295,6045288,0.0566,0.4767,18.757,0.586,1043350000,N/A,2970702000,55000000,0,156600000,157.792,7.5131,13.3983,18.932,
600243.SH,青海华鼎,2001-02-20,11.9272,12.1033,12.1033,11.7763,11.9461,169285,3202315,0.0189,0.1581,18.9167,0.3078,1045000000,N/A,2975400000,55000000,0,156600000,158.0416,7.525,13.4195,18.9619,
600243.SH,青海华鼎,2001-02-21,11.9461,11.9461,11.9461,11.0721,11.4745,558818,10154460,-0.4716,-3.9474,18.1713,1.016,1003750000,N/A,2857950000,55000000,0,156600000,151.8031,7.2279,12.8897,18.2134,
600243.SH,青海华鼎,2001-02-22,11.4745,11.4431,11.4431,10.9401,11.0721,283100,5051002,-0.4024,-3.5068,17.8418,0.5147,968550000,N/A,2757726000,55000000,0,156600000,146.4796,6.9745,12.4377,17.5747,
600243.SH,青海华鼎,2001-02-23,11.0721,11.0658,11.311,11.0658,11.311,113200,2017119,0.2389,2.1579,17.8191,0.2058,989450000,N/A,2817234000,55000000,0,156600000,149.6404,7.125,12.7061,17.9539,
600243.SH,青海华鼎,2001-02-26,11.311,11.3173,11.4116,11.0973,11.3802,155740,2801742,0.0692,0.6115,17.9899,0.2832,995500000,N/A,2834460000,55000000,0,156600000,150.5554,7.1685,12.7838,18.0637,
600243.SH,青海华鼎,2001-02-27,11.3802,11.3991,11.3991,11.1916,11.3991,144359,2594473,0.0189,0.1657,17.9724,0.2625,997150000,N/A,2839158000,55000000,0,156600000,150.8049,7.1804,12.805,18.0937,
600243.SH,青海华鼎,2001-02-28,11.3991,11.4054,11.6003,11.2607,11.4368,152810,2764249,0.0377,0.3309,18.0895,0.2778,1000450000,N/A,2848554000,55000000,0,156600000,151.304,7.2042,12.8474,18.1535,
600243.SH,青海华鼎,2001-03-01,11.4368,11.3991,11.5437,11.3173,11.5311,101960,1850508,0.0943,0.8246,18.1494,0.1854,1008700000,N/A,2872044000,55000000,0,156600000,152.5517,7.2636,12.9533,18.3032,
600243.SH,青海华鼎,2001-03-02,11.5311,11.5625,11.8203,11.5122,11.814,261921,4861603,0.2829,2.4537,18.5613,0.4762,1033450000,N/A,2942514000,55000000,0,156600000,156.2948,7.4418,13.2711,18.7523,
600243.SH,青海华鼎,2001-03-05,11.814,11.814,12.053,11.726,11.9901,180923,3421309,0.176,1.4902,18.9103,0.329,1048850000,N/A,2986362000,55000000,0,156600000,158.6238,7.5527,13.4689,19.0318,
600243.SH,青海华鼎,2001-03-06,11.9901,11.9775,11.9775,11.7574,11.9335,144980,2739105,-0.0566,-0.4719,18.893,0.2636,1043900000,N/A,2972268000,55000000,0,156600000,157.8752,7.5171,13.4053,18.942,
600243.SH,青海华鼎,2001-03-07,11.9335,11.9335,12.5748,11.8077,12.2919,588805,11429035,0.3584,3.0032,19.4106,1.0706,1075250000,N/A,3061530000,55000000,0,156600000,162.6165,7.7428,13.8079,19.5108,
600243.SH,青海华鼎,2001-03-08,12.2919,12.3233,12.5685,12.3233,12.3548,215472,4264260,0.0629,0.5115,19.7903,0.3918,1080750000,N/A,3077190000,55000000,0,156600000,163.4483,7.7824,13.8786,19.6106,
600243.SH,青海华鼎,2001-03-09,12.3548,12.3233,12.8892,12.2039,12.8829,498865,10003077,0.5281,4.2748,20.0517,0.907,1126950000,N/A,3208734000,55000000,0,156600000,170.4354,8.1151,14.4718,20.4489,
600243.SH,青海华鼎,2001-03-12,12.8829,12.8892,12.9521,12.6943,12.8577,212619,4333915,-0.0251,-0.1952,20.3835,0.3866,1124750000,N/A,3202470000,55000000,0,156600000,170.1026,8.0993,14.4436,20.409,
600243.SH,青海华鼎,2001-03-13,12.8577,12.9206,13.2036,12.8892,13.1721,475805,9894916,0.3144,2.445,20.7962,0.8651,1152250000,N/A,3280770000,55000000,0,156600000,174.2616,8.2973,14.7967,20.908,
600243.SH,青海华鼎,2001-03-14,13.1721,13.1407,13.2601,13.0904,13.1721,318601,6668137,0,0,20.9294,0.5793,1152250000,N/A,3280770000,55000000,0,156600000,174.2616,8.2973,14.7967,20.908,
600243.SH,青海华鼎,2001-03-15,13.1721,13.1784,13.3293,13.0778,13.0778,300800,6291571,-0.0943,-0.716,20.9161,0.5469,1144000000,N/A,3257280000,55000000,0,156600000,173.0139,8.2379,14.6908,20.7583,
600243.SH,青海华鼎,2001-03-16,13.0778,13.1092,13.1092,12.6691,12.7068,233100,4750862,-0.371,-2.8365,20.3812,0.4238,1111550000,N/A,3164886000,55000000,0,156600000,168.1063,8.0042,14.2741,20.1695,
600243.SH,青海华鼎,2001-03-19,12.7068,12.5748,12.7634,12.2604,12.5685,307500,6105191,-0.1383,-1.0886,19.8543,0.5591,1099450000,N/A,3130434000,55000000,0,156600000,166.2764,7.9171,14.1187,19.9499,
600243.SH,青海华鼎,2001-03-20,12.5685,12.5748,12.7006,12.4491,12.6062,206232,4113563,0.0377,0.3002,19.9463,0.375,1102750000,N/A,3139830000,55000000,0,156600000,166.7754,7.9408,14.1611,20.0098,
600243.SH,青海华鼎,2001-03-21,12.6062,12.5748,13.0527,12.5748,12.8892,190246,3908723,0.2829,2.2444,20.5456,0.3459,1127500000,N/A,3210300000,55000000,0,156600000,170.5185,8.1191,14.4789,20.4589,
600243.SH,青海华鼎,2001-03-22,12.8892,13.0778,13.1721,12.8955,13.1658,390940,8114305,0.2766,2.1463,20.7559,0.7108,1151700000,N/A,3279204000,55000000,0,156600000,174.1784,8.2933,14.7897,20.898,
600243.SH,青海华鼎,2001-03-23,13.1658,13.1658,13.2664,12.8892,12.8955,234055,4884146,-0.2704,-2.0535,20.8675,0.4256,1128050000,N/A,3211866000,55000000,0,156600000,170.6017,8.123,14.486,20.4689,
600243.SH,青海华鼎,2001-03-26,12.8955,12.8263,13.2036,12.688,13.1092,132285,2732019,0.2138,1.6577,20.6525,0.2405,1146750000,N/A,3265110000,55000000,0,156600000,173.4298,8.2577,14.7261,20.8082,
600243.SH,青海华鼎,2001-03-27,13.1092,13.1407,13.3922,13.0212,13.2476,224250,4721311,0.1383,1.0552,21.0538,0.4077,1158850000,N/A,3299562000,55000000,0,156600000,175.2598,8.3448,14.8815,21.0278,
600243.SH,青海华鼎,2001-03-28,13.2476,13.2539,13.3796,13.147,13.2664,190440,4013111,0.0189,0.1424,21.0728,0.3463,1160500000,N/A,3304260000,55000000,0,156600000,175.5093,8.3567,14.9027,21.0577,
600243.SH,青海华鼎,2001-03-29,13.2664,13.2036,13.3607,13.0464,13.1407,112120,2351193,-0.1257,-0.9479,20.9703,0.2039,1149500000,N/A,3272940000,55000000,0,156600000,173.8457,8.2775,14.7614,20.8581,
600243.SH,青海华鼎,2001-03-30,13.1407,13.1155,13.2036,13.0149,13.1281,149711,3119808,-0.0126,-0.0957,20.8389,0.2722,1148400000,N/A,3269808000,55000000,0,156600000,173.6794,8.2696,14.7473,20.8382,
600243.SH,青海华鼎,2001-04-02,13.1281,13.2036,13.8009,13.1533,13.6814,455767,9807097,0.5533,4.2146,21.5178,0.8287,1196800000,N/A,3407616000,55000000,0,156600000,180.9992,8.6181,15.3688,21.7164,
600243.SH,青海华鼎,2001-04-03,13.6814,13.6814,13.8009,13.5053,13.5745,266900,5764423,-0.1069,-0.7813,21.5977,0.4853,1187450000,N/A,3380994000,55000000,0,156600000,179.5851,8.5508,15.2487,21.5467,
600243.SH,青海华鼎,2001-04-04,13.5745,13.5179,13.5242,12.8892,13.1407,261500,5555438,-0.4338,-3.1959,21.2445,0.4755,1149500000,N/A,3272940000,55000000,0,156600000,173.8457,8.2775,14.7614,20.8581,
600243.SH,青海华鼎,2001-04-05,13.1407,13.1407,13.2664,13.0024,13.2036,148940,3105771,0.0629,0.4785,20.8525,0.2708,1155000000,N/A,3288600000,55000000,0,156600000,174.6775,8.3171,14.832,20.9579,
600243.SH,青海华鼎,2001-04-06,13.2036,13.3042,13.6562,13.2853,13.5494,595798,12840362,0.3458,2.619,21.5515,1.0833,1185250000,N/A,3374730000,55000000,0,156600000,179.2524,8.5349,15.2205,21.5068,
600243.SH,青海华鼎,2001-04-09,13.5494,13.5494,13.5494,13.3293,13.4299,244700,5224187,-0.1195,-0.8817,21.3494,0.4449,1174800000,N/A,3344976000,55000000,0,156600000,177.672,8.4597,15.0863,21.3172,
600243.SH,青海华鼎,2001-04-10,13.4299,13.4236,13.6751,13.3293,13.4362,311697,6669034,0.0063,0.0468,21.3959,0.5667,1175350000,N/A,3346542000,55000000,0,156600000,177.7552,8.4636,15.0934,21.3272,
600243.SH,青海华鼎,2001-04-11,13.4362,13.5179,13.5179,13.235,13.3922,239950,5106274,-0.044,-0.3276,21.2806,0.4363,1171500000,N/A,3335580000,55000000,0,156600000,177.1729,8.4359,15.0439,21.2573,
600243.SH,青海华鼎,2001-04-12,13.3922,13.3922,13.4047,13.2036,13.2664,505600,10666134,-0.1257,-0.939,21.096,0.9193,1160500000,N/A,3304260000,55000000,0,156600000,175.5093,8.3567,14.9027,21.0577,
600243.SH,青海华鼎,2001-04-13,13.2664,13.1281,13.235,12.9835,13.1155,226050,4704623,-0.1509,-1.1374,20.8123,0.411,1147300000,N/A,3266676000,55000000,0,156600000,173.513,8.2616,14.7332,20.8182,
600243.SH,青海华鼎,2001-04-16,13.1155,13.2036,13.8323,13.0778,13.5305,507082,10798209,0.415,3.164,21.2948,0.922,1183600000,N/A,3370032000,55000000,0,156600000,179.0029,8.523,15.1993,21.4769,
600243.SH,青海华鼎,2001-04-17,13.5305,13.8009,13.8449,13.4236,13.8449,1519018,33081115,0.3144,2.3234,21.778,2.7619,1211100000,N/A,3448332000,55000000,0,156600000,183.1619,8.7211,15.5525,21.9759,
600243.SH,青海华鼎,2001-04-18,13.8449,13.8574,14.1467,13.6562,13.8323,1939932,43069360,-0.0126,-0.0908,22.2015,3.5271,1210000000,N/A,3445200000,55000000,0,156600000,182.9955,8.7131,15.5383,21.9559,
600243.SH,青海华鼎,2001-04-19,13.8323,13.8197,13.8323,13.4047,13.5682,886530,19163610,-0.2641,-1.9091,21.6164,1.6119,1186900000,N/A,3379428000,55000000,0,156600000,179.5019,8.5468,15.2417,21.5368,
600243.SH,青海华鼎,2001-04-20,13.5682,13.6437,13.7694,13.2664,13.2664,653000,14044815,-0.3018,-2.2243,21.5081,1.1873,1160500000,N/A,3304260000,55000000,0,156600000,175.5093,8.3567,14.9027,21.0577,
600243.SH,青海华鼎,2001-04-23,13.2664,13.2664,13.5494,13.0149,13.191,286651,6039536,-0.0754,-0.5687,21.0693,0.5212,1153900000,N/A,3285468000,55000000,0,156600000,174.5112,8.3092,14.8179,20.938,
600243.SH,青海华鼎,2001-04-24,13.191,13.1407,13.3167,13.1155,13.191,267619,5604152,0,0,20.9408,0.4866,1153900000,N/A,3285468000,55000000,0,156600000,174.5112,8.3092,14.8179,20.938,
600243.SH,青海华鼎,2001-04-25,13.191,13.2161,13.3167,12.9458,12.9835,290950,6075032,-0.2075,-1.5729,20.88,0.529,1135750000,N/A,3233790000,55000000,0,156600000,171.7662,8.1785,14.5848,20.6086,
600243.SH,青海华鼎,2001-04-26,12.9835,12.8515,13.1092,12.7509,12.8137,195850,4014270,-0.1698,-1.3075,20.4967,0.3561,1120900000,N/A,3191508000,55000000,0,156600000,169.5204,8.0715,14.3941,20.3392,
600243.SH,青海华鼎,2001-04-27,12.8137,12.7634,12.8577,12.732,12.7949,200376,4071921,-0.0189,-0.1472,20.3214,0.3643,1119250000,N/A,3186810000,55000000,0,156600000,169.2708,8.0597,14.373,20.3092,
600243.SH,青海华鼎,2001-04-30,12.7949,12.7634,12.9521,12.7634,12.8829,92410,1889249,0.088,0.688,20.4442,0.168,1126950000,N/A,3208734000,55000000,0,156600000,170.4354,8.1151,14.4718,20.4489,
600243.SH,青海华鼎,2001-05-08,12.8829,12.8955,13.2664,12.8892,13.2161,119530,2504777,0.3332,2.5866,20.9552,0.2173,1156100000,N/A,3291732000,55000000,0,156600000,174.8439,8.325,14.8462,20.9779,
600243.SH,青海华鼎,2001-05-09,13.2161,14.3919,14.3919,13.147,13.2979,773405,16719570,0.0817,0.6185,21.6181,1.4062,1163250000,N/A,3312090000,55000000,0,156600000,175.9252,8.3765,14.938,21.1076,
600243.SH,青海华鼎,2001-05-10,13.2979,13.2098,13.3922,13.0149,13.1092,400195,8396648,-0.1886,-1.4184,20.9814,0.7276,1146750000,N/A,3265110000,55000000,0,156600000,173.4298,8.2577,14.7261,20.8082,
600243.SH,青海华鼎,2001-05-11,13.1092,13.1155,13.2036,12.8829,12.9521,535384,11039652,-0.1572,-1.199,20.6201,0.9734,1133000000,N/A,3225960000,55000000,0,156600000,171.3503,8.1587,14.5495,20.5587,
600243.SH,青海华鼎,2001-05-14,12.9521,12.9521,13.1344,12.7634,12.8892,612995,12572994,-0.0629,-0.4854,20.5108,1.1145,1127500000,N/A,3210300000,55000000,0,156600000,170.5185,8.1191,14.4789,20.4589,
600243.SH,青海华鼎,2001-05-15,12.8892,13.0149,13.1344,12.8263,13.1281,766337,15764059,0.2389,1.8537,20.5707,1.3933,1148400000,N/A,3269808000,55000000,0,156600000,173.6794,8.2696,14.7473,20.8382,
600243.SH,青海华鼎,2001-05-16,13.1281,13.1658,13.2036,12.8829,12.9018,1002500,20599837,-0.2263,-1.7241,20.5485,1.8227,1128600000,N/A,3213432000,55000000,0,156600000,170.6849,8.127,14.493,20.4789,
600243.SH,青海华鼎,2001-05-17,12.9018,12.9018,13.1092,12.7634,12.8263,1240880,25429631,-0.0754,-0.5848,20.4932,2.2561,1122000000,N/A,3194640000,55000000,0,156600000,169.6867,8.0795,14.4083,20.3591,
600243.SH,青海华鼎,2001-05-18,12.8263,12.7634,13.0464,12.688,12.9395,1842684,37860104,0.1132,0.8824,20.5462,3.3503,1131900000,N/A,3222828000,55000000,0,156600000,171.184,8.1507,14.5354,20.5388,
600243.SH,青海华鼎,2001-05-21,12.9395,12.9395,13.7883,12.9395,13.7003,6094970,131067373,0.7608,5.8795,21.5042,11.0818,1198450000,N/A,3412314000,55000000,0,156600000,181.2487,8.63,15.39,21.7463,
600243.SH,青海华鼎,2001-05-22,13.7003,13.7003,13.7003,13.7003,13.7003,N/A,N/A,0,0,N/A,N/A,1198450000,N/A,3412314000,55000000,0,156600000,181.2487,8.63,15.39,21.7463,
600243.SH,青海华鼎,2001-05-23,13.7003,13.2036,13.5179,13.1407,13.455,1749922,37204616,-0.2452,-1.7898,21.2607,3.1817,1177000000,N/A,3351240000,55000000,0,156600000,178.0047,8.4755,15.1146,21.3571,
600243.SH,青海华鼎,2001-05-24,13.455,13.4865,13.8637,13.2601,13.7568,3365594,73158117,0.3018,2.243,21.7371,6.1193,1203400000,N/A,3426408000,55000000,0,156600000,181.9973,8.6656,15.4536,21.8362,
600243.SH,青海华鼎,2001-05-25,13.7568,13.8449,14.0964,13.6311,13.6751,2171132,47807057,-0.0817,-0.5941,22.0194,3.9475,1196250000,N/A,3406050000,55000000,0,156600000,180.916,8.6141,15.3618,21.7064,
600243.SH,青海华鼎,2001-05-28,13.6751,13.7128,13.7694,13.3293,13.5179,980608,20985410,-0.1572,-1.1494,21.4004,1.7829,1182500000,N/A,3366900000,55000000,0,156600000,178.8365,8.5151,15.1852,21.4569,
600243.SH,青海华鼎,2001-05-29,13.5179,13.5179,13.6437,13.3859,13.5745,627070,13452525,0.0566,0.4186,21.453,1.1401,1187450000,N/A,3380994000,55000000,0,156600000,179.5851,8.5508,15.2487,21.5467,
600243.SH,青海华鼎,2001-05-30,13.5745,13.5808,13.7065,13.5179,13.7065,684982,14837905,0.132,0.9727,21.6617,1.2454,1199000000,N/A,3413880000,55000000,0,156600000,181.3319,8.6339,15.3971,21.7563,
600243.SH,青海华鼎,2001-05-31,13.7065,13.7065,13.8071,13.3859,13.4488,1175101,25360539,-0.2578,-1.8807,21.5816,2.1365,1176450000,N/A,3349674000,55000000,0,156600000,177.9215,8.4715,15.1075,21.3471,
600243.SH,青海华鼎,2001-06-01,13.4488,13.4362,13.6877,13.367,13.4739,574035,12298846,0.0251,0.187,21.4253,1.0437,1178650000,N/A,3355938000,55000000,0,156600000,178.2543,8.4874,15.1357,21.3871,
600243.SH,青海华鼎,2001-06-04,13.4739,13.4425,13.5808,13.3293,13.5431,692006,14793568,0.0692,0.5133,21.3778,1.2582,1184700000,N/A,3373164000,55000000,0,156600000,179.1692,8.531,15.2134,21.4968,
600243.SH,青海华鼎,2001-06-05,13.5431,13.6059,14.2661,13.5808,14.1907,3389216,75520561,0.6476,4.7818,22.2826,6.1622,1241350000,N/A,3534462000,55000000,0,156600000,187.7367,8.9389,15.9409,22.5248,
600243.SH,青海华鼎,2001-06-06,14.1907,14.2221,14.373,13.2036,14.2724,1965762,44442007,0.0817,0.576,22.608,3.5741,1248500000,N/A,3554820000,55000000,0,156600000,188.8181,8.9904,16.0327,22.6545,
600243.SH,青海华鼎,2001-06-07,14.2724,14.2724,14.2724,14.0083,14.0209,749150,16790536,-0.2515,-1.7621,22.4128,1.3621,1226500000,N/A,3492180000,55000000,0,156600000,185.4909,8.832,15.7502,22.2553,
600243.SH,青海华鼎,2001-06-08,14.0209,13.958,14.1467,13.7128,13.8889,849877,18842988,-0.132,-0.9417,22.1714,1.5452,1214950000,N/A,3459294000,55000000,0,156600000,183.7441,8.7488,15.6019,22.0457,
600243.SH,青海华鼎,2001-06-11,13.8889,13.8952,14.3038,13.8952,14.197,1502477,33892704,0.3081,2.2182,22.5579,2.7318,1241900000,N/A,3536028000,55000000,0,156600000,187.8199,8.9428,15.948,22.5347,
600243.SH,青海华鼎,2001-06-12,14.197,14.3607,14.3607,14.1088,14.2914,766466,17316624,0.0945,0.6655,22.5928,1.3936,1247950000,N/A,3553254000,55000000,0,156600000,188.7349,8.9864,16.0257,22.6445,
600243.SH,青海华鼎,2001-06-13,14.2914,14.4237,14.6757,14.2096,14.493,2330224,53663541,0.2016,1.4103,23.0293,4.2368,1265550000,N/A,3603366000,55000000,0,156600000,191.3967,9.1131,16.2517,22.9639,
600243.SH,青海华鼎,2001-06-14,14.493,14.5371,14.6127,13.8568,13.9324,1710313,38650964,-0.5606,-3.8679,22.5988,3.1097,1216600000,N/A,3463992000,55000000,0,156600000,183.9937,8.7607,15.6231,22.0757,
600243.SH,青海华鼎,2001-06-15,13.9324,13.8568,14.2033,13.7561,14.1718,1390882,30925778,0.2393,1.7179,22.2347,2.5289,1237500000,N/A,3523500000,55000000,0,156600000,187.1545,8.9112,15.8915,22.4549,
600243.SH,青海华鼎,2001-06-18,14.1718,14.2977,14.6442,14.1088,14.4237,2375444,54154799,0.2519,1.7778,22.7978,4.319,1259500000,N/A,3586140000,55000000,0,156600000,190.4817,9.0696,16.174,22.8541,
600243.SH,青海华鼎,2001-06-19,14.4237,14.3607,14.8457,14.304,14.7386,2153763,50004194,0.3149,2.1834,23.2171,3.9159,1287000000,N/A,3664440000,55000000,0,156600000,194.6407,9.2676,16.5271,23.3531,
600243.SH,青海华鼎,2001-06-20,14.7386,14.7449,14.8016,14.3985,14.4489,935691,21706759,-0.2897,-1.9658,23.1986,1.7013,1261700000,N/A,3592404000,55000000,0,156600000,190.8144,9.0854,16.2022,22.894,
600243.SH,青海华鼎,2001-06-21,14.4489,14.4741,14.9843,14.3796,14.8457,1372145,32239222,0.3968,2.7463,23.4955,2.4948,1296350000,N/A,3691062000,55000000,0,156600000,196.0547,9.3349,16.6472,23.5228,
600243.SH,青海华鼎,2001-06-22,14.8457,14.8646,15.0914,14.7135,14.7701,1306079,30845041,-0.0756,-0.5091,23.6165,2.3747,1289750000,N/A,3672270000,55000000,0,156600000,195.0566,9.2874,16.5624,23.403,
600243.SH,青海华鼎,2001-06-25,14.7701,14.8331,15.104,14.8016,14.9717,1001969,23837082,0.2016,1.3646,23.7902,1.8218,1307350000,N/A,3722382000,55000000,0,156600000,197.7183,9.4141,16.7885,23.7224,
600243.SH,青海华鼎,2001-06-26,14.9717,15.0536,15.1166,14.7386,14.8646,1111705,26246793,-0.1071,-0.7152,23.6095,2.0213,1298000000,N/A,3695760000,55000000,0,156600000,196.3043,9.3468,16.6684,23.5527,
600243.SH,青海华鼎,2001-06-27,14.8646,14.8646,14.9717,14.619,14.789,805455,18827860,-0.0756,-0.5085,23.3754,1.4645,1291400000,N/A,3676968000,55000000,0,156600000,195.3061,9.2993,16.5836,23.4329,
600243.SH,青海华鼎,2001-06-28,14.789,14.7953,15.0284,14.556,14.6127,809200,18985002,-0.1764,-1.1925,23.4614,1.4713,1276000000,N/A,3633120000,55000000,0,156600000,192.9771,9.1884,16.3859,23.1535,
600243.SH,青海华鼎,2001-06-29,14.6127,14.4993,14.7386,14.2977,14.367,858630,19762712,-0.2456,-1.681,23.0166,1.5611,1254550000,N/A,3572046000,55000000,0,156600000,189.7331,9.0339,16.1104,22.7643,
600243.SH,青海华鼎,2001-07-02,14.367,14.367,14.4741,14.1781,14.2033,610122,13861524,-0.1638,-1.1399,22.7193,1.1093,1240250000,N/A,3531330000,55000000,0,156600000,187.5704,8.931,15.9268,22.5048,
600243.SH,青海华鼎,2001-07-03,14.2033,14.3607,14.3607,13.9324,14.2033,684674,15335351,0,0,22.398,1.2449,1240250000,N/A,3531330000,55000000,0,156600000,187.5704,8.931,15.9268,22.5048,
600243.SH,青海华鼎,2001-07-04,14.2033,14.2663,14.6127,14.2222,14.3355,540556,12354255,0.1323,0.9313,22.8547,0.9828,1251800000,N/A,3564216000,55000000,0,156600000,189.3172,9.0141,16.0751,22.7144,
600243.SH,青海华鼎,2001-07-05,14.3355,14.3355,14.3607,13.9828,14.0332,493800,11056092,-0.3023,-2.109,22.3898,0.8978,1225400000,N/A,3489048000,55000000,0,156600000,185.3245,8.824,15.7361,22.2353,
600243.SH,青海华鼎,2001-07-06,14.0332,14.0332,14.1025,13.8568,13.9072,357469,7934014,-0.126,-0.8977,22.195,0.6499,1214400000,N/A,3457728000,55000000,0,156600000,183.6609,8.7448,15.5948,22.0357,
600243.SH,青海华鼎,2001-07-09,13.9072,13.9261,13.9891,13.7309,13.8946,347423,7636622,-0.0126,-0.0906,21.9808,0.6317,1213300000,N/A,3454596000,55000000,0,156600000,183.4946,8.7369,15.5807,22.0158,
600243.SH,青海华鼎,2001-07-10,13.8946,13.9828,14.1403,13.9324,14.0647,297201,6616938,0.1701,1.2239,22.2642,0.5404,1228150000,N/A,3496878000,55000000,0,156600000,185.7404,8.8438,15.7714,22.2852,
600243.SH,青海华鼎,2001-07-11,14.0647,14.1025,14.1025,13.6427,13.6679,409579,8965203,-0.3968,-2.8213,21.8888,0.7447,1193500000,N/A,3398220000,55000000,0,156600000,180.5001,8.5943,15.3264,21.6565,
600243.SH,青海华鼎,2001-07-12,13.6679,13.5419,13.7372,13.4789,13.5356,386467,8317970,-0.1323,-0.9677,21.5231,0.7027,1181950000,N/A,3365334000,55000000,0,156600000,178.7533,8.5112,15.1781,21.4469,
600243.SH,青海华鼎,2001-07-13,13.5356,13.5923,13.7246,13.3593,13.3719,463400,9912140,-0.1638,-1.2099,21.39,0.8425,1167650000,N/A,3324618000,55000000,0,156600000,176.5907,8.4082,14.9945,21.1875,
600243.SH,青海华鼎,2001-07-16,13.3719,13.4663,13.6049,12.9876,13.0884,565973,11913101,-0.2834,-2.1196,21.0489,1.029,1142900000,N/A,3254148000,55000000,0,156600000,172.8476,8.23,14.6767,20.7384,
600243.SH,青海华鼎,2001-07-17,13.0884,13.0254,13.3404,12.9624,13.3215,438000,9095271,0.233,1.7806,20.7655,0.7964,1163250000,N/A,3312090000,55000000,0,156600000,175.9252,8.3765,14.938,21.1076,
600243.SH,青海华鼎,2001-07-18,13.3215,13.353,13.5041,13.101,13.1388,291622,6130436,-0.1827,-1.3712,21.0219,0.5302,1147300000,N/A,3266676000,55000000,0,156600000,173.513,8.2616,14.7332,20.8182,
600243.SH,青海华鼎,2001-07-19,13.1388,13.1955,13.1955,12.8491,13.1262,445119,9180353,-0.0126,-0.0959,20.6245,0.8093,1146200000,N/A,3263544000,55000000,0,156600000,173.3466,8.2537,14.719,20.7982,
600243.SH,青海华鼎,2001-07-20,13.1262,13.164,13.5167,13.038,13.4474,468660,9909310,0.3212,2.4472,21.1439,0.8521,1174250000,N/A,3343410000,55000000,0,156600000,177.5888,8.4557,15.0792,21.3072,
600243.SH,青海华鼎,2001-07-23,13.4474,13.4726,13.4852,13.2333,13.3026,370945,7843991,-0.1449,-1.0773,21.146,0.6744,1161600000,N/A,3307392000,55000000,0,156600000,175.6757,8.3646,14.9168,21.0777,
600243.SH,青海华鼎,2001-07-24,13.3026,13.29,13.29,12.8554,12.9121,598160,12327539,-0.3905,-2.9356,20.6091,1.0876,1127500000,N/A,3210300000,55000000,0,156600000,170.5185,8.1191,14.4789,20.4589,
600243.SH,青海华鼎,2001-07-25,12.9121,12.8491,13.0128,12.5341,12.5719,432390,8744499,-0.3401,-2.6341,20.2236,0.7862,1097800000,N/A,3125736000,55000000,0,156600000,166.0268,7.9052,14.0975,19.92,
600243.SH,青海华鼎,2001-07-26,12.5719,12.5845,12.7546,11.9925,12.0303,993494,19225168,-0.5417,-4.3086,19.3511,1.8064,1050500000,N/A,2991060000,55000000,0,156600000,158.8734,7.5646,13.4901,19.0617,
600243.SH,青海华鼎,2001-07-27,12.0303,12.0932,12.1877,11.7153,11.772,772762,14685201,-0.2582,-2.1466,19.0035,1.405,1027950000,N/A,2926854000,55000000,0,156600000,155.463,7.4022,13.2005,18.6525,
600243.SH,青海华鼎,2001-07-30,11.772,11.6586,11.9673,11.4634,11.7027,566409,10578885,-0.0693,-0.5886,18.6771,1.0298,1021900000,N/A,2909628000,55000000,0,156600000,154.548,7.3586,13.1228,18.5428,
600243.SH,青海华鼎,2001-07-31,11.7027,11.5579,12.0932,11.5579,11.8224,449645,8474529,0.1197,1.0226,18.8472,0.8175,1032350000,N/A,2939382000,55000000,0,156600000,156.1284,7.4339,13.257,18.7324,
600243.SH,青海华鼎,2001-08-01,11.8224,11.9295,12.3767,11.9295,12.3326,506695,9778636,0.5102,4.3154,19.2989,0.9213,1076900000,N/A,3066228000,55000000,0,156600000,162.866,7.7547,13.8291,19.5408,
600243.SH,青海华鼎,2001-08-02,12.3326,12.1877,12.3326,11.6209,12.1499,484817,9205044,-0.1827,-1.4811,18.9866,0.8815,1060950000,N/A,3020814000,55000000,0,156600000,160.4538,7.6398,13.6243,19.2513,
600243.SH,青海华鼎,2001-08-03,12.1499,12.0051,12.2129,11.9673,12.0618,200670,3838591,-0.0882,-0.7258,19.1289,0.3649,1053250000,N/A,2998890000,55000000,0,156600000,159.2893,7.5844,13.5254,19.1116,
600243.SH,青海华鼎,2001-08-06,12.0618,12.0681,12.0681,11.4634,11.6523,349299,6464801,-0.4094,-3.3943,18.5079,0.6351,1017500000,N/A,2897100000,55000000,0,156600000,153.8826,7.327,13.0663,18.4629,
600243.SH,青海华鼎,2001-08-07,11.6523,11.6586,11.8728,11.2744,11.6649,405886,7442531,0.0126,0.1081,18.3365,0.738,1018600000,N/A,2900232000,55000000,0,156600000,154.0489,7.3349,13.0804,18.4829,
600243.SH,青海华鼎,2001-08-08,11.6649,11.6586,11.8728,11.5264,11.6523,156569,2895157,-0.0126,-0.108,18.4913,0.2847,1017500000,N/A,2897100000,55000000,0,156600000,153.8826,7.327,13.0663,18.4629,
600243.SH,青海华鼎,2001-08-09,11.6523,11.7153,12.0366,11.6523,11.9862,199470,3777783,0.3338,2.8649,18.9391,0.3627,1046650000,N/A,2980098000,55000000,0,156600000,158.2911,7.5369,13.4407,18.9919,
600243.SH,青海华鼎,2001-08-10,11.9862,11.9988,12.2192,11.9988,12.131,398974,7692436,0.1449,1.2086,19.2805,0.7254,1059300000,N/A,3016116000,55000000,0,156600000,160.2042,7.628,13.6031,19.2214,
600243.SH,青海华鼎,2001-08-13,12.131,12.1436,12.1688,11.9043,12.1184,231001,4418726,-0.0126,-0.1038,19.1286,0.42,1058200000,N/A,3012984000,55000000,0,156600000,160.0379,7.62,13.589,19.2014,
600243.SH,青海华鼎,2001-08-14,12.1184,12.1184,12.1688,11.7783,11.8728,282100,5379754,-0.2456,-2.027,19.0704,0.5129,1036750000,N/A,2951910000,55000000,0,156600000,156.7939,7.4656,13.3135,18.8122,
600243.SH,青海华鼎,2001-08-15,11.8728,11.8413,12.0618,11.8098,11.9295,161471,3052006,0.0567,0.4775,18.9013,0.2936,1041700000,N/A,2966004000,55000000,0,156600000,157.5425,7.5012,13.3771,18.902,
600243.SH,青海华鼎,2001-08-16,11.9295,11.9358,11.9421,11.6712,11.7783,153311,2865760,-0.1512,-1.2672,18.6925,0.2787,1028500000,N/A,2928420000,55000000,0,156600000,155.5462,7.4062,13.2076,18.6625,
600243.SH,青海华鼎,2001-08-17,11.7783,11.7405,11.8728,11.6523,11.8602,153089,2853550,0.0819,0.6952,18.6398,0.2783,1035650000,N/A,2948778000,55000000,0,156600000,156.6275,7.4577,13.2994,18.7923,
600243.SH,青海华鼎,2001-08-20,11.8602,11.7846,11.8854,11.7783,11.8476,85150,1602115,-0.0126,-0.1062,18.8152,0.1548,1034550000,N/A,2945646000,55000000,0,156600000,156.4612,7.4497,13.2853,18.7723,
600243.SH,青海华鼎,2001-08-21,11.8476,11.835,12.024,11.835,11.9232,227063,4305435,0.0756,0.638,18.9614,0.4128,1041150000,N/A,2964438000,55000000,0,156600000,157.4593,7.4973,13.37,18.8921,
600243.SH,青海华鼎,2001-08-22,11.9232,11.6523,11.898,11.539,11.7468,272207,5036063,-0.1764,-1.4791,18.5009,0.4949,1025750000,N/A,2920590000,55000000,0,156600000,155.1303,7.3864,13.1723,18.6126,
600243.SH,青海华鼎,2001-08-23,11.7468,11.6586,11.7279,11.35,11.6523,153130,2802618,-0.0945,-0.8043,18.3022,0.2784,1017500000,N/A,2897100000,55000000,0,156600000,153.8826,7.327,13.0663,18.4629,
600243.SH,青海华鼎,2001-08-24,11.6523,11.6586,11.7468,11.3311,11.3374,256548,4668943,-0.3149,-2.7027,18.1991,0.4665,990000000,N/A,2818800000,55000000,0,156600000,149.7236,7.1289,12.7132,17.9639,
600243.SH,青海华鼎,2001-08-27,11.3374,11.2555,11.2681,10.5816,10.6068,750900,12917795,-0.7306,-6.4444,17.2031,1.3653,926200000,N/A,2637144000,55000000,0,156600000,140.0747,6.6695,11.8939,16.8063,
600243.SH,青海华鼎,2001-08-28,10.6068,10.4997,10.7076,10.0777,10.7076,410874,6727089,0.1008,0.9501,16.3726,0.747,935000000,N/A,2662200000,55000000,0,156600000,141.4056,6.7329,12.0069,16.9659,
600243.SH,青海华鼎,2001-08-29,10.7076,10.7076,10.802,10.3989,10.5186,207261,3501452,-0.189,-1.7647,16.8939,0.3768,918500000,N/A,2615220000,55000000,0,156600000,138.9102,6.6141,11.795,16.6665,
600243.SH,青海华鼎,2001-08-30,10.5186,10.4052,10.5249,10.21,10.2352,207201,3419799,-0.2834,-2.6946,16.5047,0.3767,893750000,N/A,2544750000,55000000,0,156600000,135.1671,6.4358,11.4772,16.2174,
600243.SH,青海华鼎,2001-08-31,10.2352,10.2037,10.443,10.2037,10.2982,132900,2184091,0.063,0.6154,16.4341,0.2416,899250000,N/A,2560410000,55000000,0,156600000,135.9989,6.4754,11.5478,16.3172,
600243.SH,青海华鼎,2001-09-03,10.2982,10.2667,10.4556,10.2604,10.3548,100060,1643203,0.0567,0.5505,16.4222,0.1819,904200000,N/A,2574504000,55000000,0,156600000,136.7475,6.5111,11.6114,16.4071,
600243.SH,青海华鼎,2001-09-04,10.3548,10.3611,10.695,10.3611,10.695,298821,5025126,0.3401,3.2847,16.8165,0.5433,933900000,N/A,2659068000,55000000,0,156600000,141.2393,6.725,11.9928,16.946,
600243.SH,青海华鼎,2001-09-05,10.695,10.7391,11.0225,10.7076,10.7705,419446,7222398,0.0756,0.7067,17.2189,0.7626,940500000,N/A,2677860000,55000000,0,156600000,142.2374,6.7725,12.0775,17.0657,
600243.SH,青海华鼎,2001-09-06,10.7705,10.7076,10.802,10.5879,10.632,185568,3149454,-0.1386,-1.2865,16.972,0.3374,928400000,N/A,2643408000,55000000,0,156600000,140.4075,6.6854,11.9221,16.8462,
600243.SH,青海华鼎,2001-09-07,10.632,10.6446,10.6446,10.1281,10.1407,459368,7499083,-0.4913,-4.6209,16.3248,0.8352,885500000,N/A,2521260000,55000000,0,156600000,133.9194,6.3764,11.3712,16.0677,
600243.SH,青海华鼎,2001-09-10,10.1407,10.0462,10.5186,10.0147,10.4619,279039,4585805,0.3212,3.1677,16.4343,0.5073,913550000,N/A,2601126000,55000000,0,156600000,138.1616,6.5784,11.7314,16.5767,
600243.SH,青海华鼎,2001-09-11,10.4619,10.5186,10.6131,10.4241,10.5186,171711,2864111,0.0567,0.5418,16.6798,0.3122,918500000,N/A,2615220000,55000000,0,156600000,138.9102,6.6141,11.795,16.6665,
600243.SH,青海华鼎,2001-09-12,10.5186,10.0777,10.569,10.0777,10.3296,365093,5978583,-0.189,-1.7964,16.3755,0.6638,902000000,N/A,2568240000,55000000,0,156600000,136.4148,6.4952,11.5831,16.3671,
600243.SH,青海华鼎,2001-09-13,10.3296,10.3422,10.5249,10.3422,10.3422,239300,3964622,0.0126,0.122,16.5676,0.4351,903100000,N/A,2571372000,55000000,0,156600000,136.5812,6.5032,11.5972,16.3871,
600243.SH,青海华鼎,2001-09-14,10.3422,10.2982,10.3926,10.2037,10.2163,153811,2511645,-0.126,-1.218,16.3294,0.2797,892100000,N/A,2540052000,55000000,0,156600000,134.9176,6.424,11.456,16.1875,
600243.SH,青海华鼎,2001-09-17,10.2163,10.0777,10.4556,9.6368,9.6872,613944,9617723,-0.5291,-5.1788,15.6655,1.1163,845900000,N/A,2408508000,55000000,0,156600000,127.9305,6.0913,10.8627,15.3492,
600243.SH,青海华鼎,2001-09-18,9.6872,9.5864,9.9769,9.5864,9.7313,270126,4169101,0.0441,0.4551,15.4339,0.4911,849750000,N/A,2419470000,55000000,0,156600000,128.5127,6.119,10.9121,15.419,
600243.SH,青海华鼎,2001-09-19,9.7313,9.6872,9.9013,9.6053,9.7943,268971,4156799,0.063,0.6472,15.4545,0.489,855250000,N/A,2435130000,55000000,0,156600000,129.3445,6.1586,10.9828,15.5188,
600243.SH,青海华鼎,2001-09-20,9.7943,9.8573,10.1974,9.8573,10.1155,516591,8240032,0.3212,3.2797,15.9508,0.9393,883300000,N/A,2514996000,55000000,0,156600000,133.5867,6.3606,11.343,16.0278,
600243.SH,青海华鼎,2001-09-21,10.1155,10.1722,10.2856,10.0777,10.1407,442679,7149569,0.0252,0.2491,16.1507,0.8049,885500000,N/A,2521260000,55000000,0,156600000,133.9194,6.3764,11.3712,16.0677,
600243.SH,青海华鼎,2001-09-24,10.1407,10.1911,10.1911,10.0651,10.0966,180376,2896455,-0.0441,-0.4348,16.0579,0.328,881650000,N/A,2510298000,55000000,0,156600000,133.3372,6.3487,11.3218,15.9979,
600243.SH,青海华鼎,2001-09-25,10.0966,10.1092,10.1785,10.0714,10.1281,76839,1233105,0.0315,0.3119,16.0479,0.1397,884400000,N/A,2518128000,55000000,0,156600000,133.7531,6.3685,11.3571,16.0478,
600243.SH,青海华鼎,2001-09-26,10.1281,10.1344,10.1344,9.8258,9.8258,137400,2165510,-0.3023,-2.9851,15.7606,0.2498,858000000,N/A,2442960000,55000000,0,156600000,129.7604,6.1784,11.0181,15.5687,
600243.SH,青海华鼎,2001-09-27,9.8258,9.7628,9.9832,9.7313,9.8825,159611,2485743,0.0567,0.5769,15.5738,0.2902,862950000,N/A,2457054000,55000000,0,156600000,130.5091,6.2141,11.0817,15.6586,
600243.SH,青海华鼎,2001-09-28,9.8825,9.8887,9.9517,9.4478,9.5297,461460,7031643,-0.3527,-3.5692,15.2378,0.839,832150000,N/A,2369358000,55000000,0,156600000,125.851,5.9923,10.6861,15.0997,
600243.SH,青海华鼎,2001-10-08,9.5297,9.6368,9.7313,8.5786,8.5786,716541,9963349,-0.9511,-9.9802,13.9048,1.3028,749100000,N/A,2132892000,55000000,0,156600000,113.2908,5.3942,9.6196,13.5927,
600243.SH,青海华鼎,2001-10-09,8.5786,8.4401,8.7991,8.2259,8.6668,422490,5728560,0.0882,1.0279,13.559,0.7682,756800000,N/A,2154816000,55000000,0,156600000,114.4554,5.4497,9.7185,13.7324,
600243.SH,青海华鼎,2001-10-10,8.6668,8.5346,8.5975,8.2511,8.3519,356985,4756911,-0.3149,-3.6337,13.3252,0.6491,729300000,N/A,2076516000,55000000,0,156600000,110.2964,5.2516,9.3654,13.2334,
600243.SH,青海华鼎,2001-10-11,8.3519,8.3519,8.5031,8.0622,8.1126,543519,7075712,-0.2393,-2.8658,13.0183,0.9882,708400000,N/A,2017008000,55000000,0,156600000,107.1355,5.1011,9.097,12.8542,
600243.SH,青海华鼎,2001-10-12,8.1126,8.1126,8.9251,8.0685,8.9251,1647181,22692108,0.8125,10.0155,13.7763,2.9949,779350000,N/A,2219022000,55000000,0,156600000,117.8657,5.6121,10.0081,14.1416,
600243.SH,青海华鼎,2001-10-15,8.9251,8.9251,9.1707,8.8495,9.0699,2576578,36902229,0.1449,1.6231,14.3222,4.6847,792000000,N/A,2255040000,55000000,0,156600000,119.7789,5.7031,10.1705,14.3711,
600243.SH,青海华鼎,2001-10-16,9.0699,9.0699,9.1644,8.7676,8.8495,1232927,17349368,-0.2204,-2.4306,14.0717,2.2417,772750000,N/A,2200230000,55000000,0,156600000,116.8676,5.5645,9.9233,14.0218,
600243.SH,青海华鼎,2001-10-17,8.8495,8.8306,8.9692,8.6983,8.7865,569797,7997104,-0.063,-0.7117,14.035,1.036,767250000,N/A,2184570000,55000000,0,156600000,116.0358,5.5249,9.8527,13.922,
600243.SH,青海华鼎,2001-10-18,8.7865,8.7424,8.9377,8.6794,8.7235,510493,7127190,-0.063,-0.7168,13.9614,0.9282,761750000,N/A,2168910000,55000000,0,156600000,115.204,5.4853,9.7821,13.8222,
600243.SH,青海华鼎,2001-10-19,8.7235,8.6353,8.7865,8.2511,8.5157,761040,10323253,-0.2079,-2.3827,13.5647,1.3837,743600000,N/A,2117232000,55000000,0,156600000,112.4591,5.3546,9.549,13.4929,
600243.SH,青海华鼎,2001-10-22,8.5157,8.5157,8.6542,7.8921,7.9992,718409,9490186,-0.5165,-6.0651,13.21,1.3062,698500000,N/A,1988820000,55000000,0,156600000,105.6383,5.0299,8.9699,12.6745,
600243.SH,青海华鼎,2001-10-23,7.9992,8.7991,8.7991,8.7991,8.7991,414145,5785606,0.7999,10,13.97,0.753,768350000,N/A,2187702000,55000000,0,156600000,116.2021,5.5328,9.8668,13.942,
600243.SH,青海华鼎,2001-10-24,8.7991,9.6305,9.6809,9.2652,9.6809,6696937,102327617,0.8818,10.0215,15.2798,12.1762,845350000,N/A,2406942000,55000000,0,156600000,127.8473,6.0873,10.8556,15.3392,
600243.SH,青海华鼎,2001-10-25,9.6809,9.5801,9.6746,9.2085,9.3786,2509131,37685570,-0.3023,-3.123,15.0194,4.5621,818950000,N/A,2331774000,55000000,0,156600000,123.8547,5.8972,10.5166,14.8602,
600243.SH,青海华鼎,2001-10-26,9.3786,9.3345,9.9832,9.2589,9.9643,2023396,31009720,0.5858,6.2458,15.3256,3.6789,870100000,N/A,2477412000,55000000,0,156600000,131.5904,6.2655,11.1735,15.7883,
600243.SH,青海华鼎,2001-10-29,9.9643,10.0021,10.1911,9.8699,10.0903,3611588,57615355,0.126,1.2642,15.9529,6.5665,881100000,N/A,2508732000,55000000,0,156600000,133.254,6.3447,11.3147,15.9879,
600243.SH,青海华鼎,2001-10-30,10.0903,10.0903,10.1281,9.8195,9.9139,1361300,21483735,-0.1764,-1.7478,15.7818,2.4751,865700000,N/A,2464884000,55000000,0,156600000,130.925,6.2339,11.117,15.7085,
600243.SH,青海华鼎,2001-10-31,9.9139,9.8825,10.0147,9.6242,10.0147,987593,15310831,0.1008,1.0165,15.5032,1.7956,874500000,N/A,2489940000,55000000,0,156600000,132.2558,6.2972,11.23,15.8681,
600243.SH,青海华鼎,2001-11-01,10.0147,10.0147,10.1281,9.8887,9.9391,854594,13562091,-0.0756,-0.7547,15.8696,1.5538,867900000,N/A,2471148000,55000000,0,156600000,131.2577,6.2497,11.1452,15.7484,
600243.SH,青海华鼎,2001-11-02,9.9391,9.8258,10.0021,9.7124,9.7565,577325,9030027,-0.1827,-1.8378,15.6412,1.0497,851950000,N/A,2425734000,55000000,0,156600000,128.8455,6.1348,10.9404,15.459,
600243.SH,青海华鼎,2001-11-05,9.7565,9.725,9.8258,9.5234,9.7376,630184,9676124,-0.0189,-0.1937,15.3544,1.1458,850300000,N/A,2421036000,55000000,0,156600000,128.5959,6.123,10.9192,15.429,
600243.SH,青海华鼎,2001-11-06,9.7376,9.7376,9.7943,9.5675,9.5738,370050,5676633,-0.1638,-1.6818,15.3402,0.6728,836000000,N/A,2380320000,55000000,0,156600000,126.4333,6.02,10.7356,15.1695,
600243.SH,青海华鼎,2001-11-07,9.5738,9.5612,9.5738,8.7991,8.8684,1534091,22370663,-0.7054,-7.3684,14.5824,2.7893,774400000,N/A,2204928000,55000000,0,156600000,117.1171,5.5764,9.9445,14.0518,
600243.SH,青海华鼎,2001-11-08,8.8684,8.755,9.0699,8.5723,8.9125,804281,11299370,0.0441,0.4972,14.049,1.4623,778250000,N/A,2215890000,55000000,0,156600000,117.6994,5.6041,9.994,14.1216,
600243.SH,青海华鼎,2001-11-09,8.9125,8.9062,9.4478,8.881,9.3597,842257,12302325,0.4472,5.0177,14.6064,1.5314,817300000,N/A,2327076000,55000000,0,156600000,123.6051,5.8853,10.4954,14.8302,
600243.SH,青海华鼎,2001-11-12,9.3597,9.3849,9.4478,9.1896,9.2589,525481,7749591,-0.1008,-1.0767,14.7476,0.9554,808500000,N/A,2302020000,55000000,0,156600000,122.2743,5.822,10.3824,14.6705,
600243.SH,青海华鼎,2001-11-13,9.2589,9.1455,9.1959,8.9377,8.9755,446616,6423330,-0.2834,-3.0612,14.3822,0.812,783750000,N/A,2231550000,55000000,0,156600000,118.5312,5.6437,10.0646,14.2214,
600243.SH,青海华鼎,2001-11-14,8.9755,8.9755,8.9755,8.9755,8.9755,N/A,N/A,0,0,N/A,N/A,783750000,N/A,2231550000,55000000,0,156600000,118.5312,5.6437,10.0646,14.2214,
600243.SH,青海华鼎,2001-11-15,8.9755,9.2337,9.2337,9.0447,9.1518,236537,3430865,0.1764,1.9649,14.5046,0.4301,799150000,N/A,2275398000,55000000,0,156600000,120.8602,5.7546,10.2624,14.5009,
600243.SH,青海华鼎,2001-11-16,9.1518,10.0651,10.0651,9.4604,9.4667,2215553,34199916,0.3149,3.4412,15.4363,4.0283,826650000,N/A,2353698000,55000000,0,156600000,125.0192,5.9527,10.6155,14.9999,
600243.SH,青海华鼎,2001-11-19,9.4667,9.429,9.8447,9.4164,9.8195,913477,14075808,0.3527,3.7259,15.409,1.6609,857450000,N/A,2441394000,55000000,0,156600000,129.6773,6.1744,11.011,15.5588,
600243.SH,青海华鼎,2001-11-20,9.8195,9.8258,10.1407,9.8258,10.0651,2482830,39617079,0.2456,2.5016,15.9564,4.5142,878900000,N/A,2502468000,55000000,0,156600000,132.9213,6.3289,11.2865,15.948,
600243.SH,青海华鼎,2001-11-21,10.0651,10.0651,10.0777,9.8887,10.0462,1004836,15961930,-0.0189,-0.1877,15.8851,1.827,877250000,N/A,2497770000,55000000,0,156600000,132.6717,6.317,11.2653,15.918,
600243.SH,青海华鼎,2001-11-22,10.0462,10.0651,10.2982,10.0273,10.0651,1159450,18720173,0.0189,0.1881,16.1457,2.1081,878900000,N/A,2502468000,55000000,0,156600000,132.9213,6.3289,11.2865,15.948,
600243.SH,青海华鼎,2001-11-23,10.0651,10.0777,10.0777,9.8573,9.895,767582,12088124,-0.1701,-1.6896,15.7483,1.3956,864050000,N/A,2460186000,55000000,0,156600000,130.6754,6.222,11.0958,15.6785,
600243.SH,青海华鼎,2001-11-26,9.895,9.8321,10.0084,9.8321,9.8825,354390,5574531,-0.0126,-0.1273,15.7299,0.6443,862950000,N/A,2457054000,55000000,0,156600000,130.5091,6.2141,11.0817,15.6586,
600243.SH,青海华鼎,2001-11-27,9.8825,9.9517,10.3296,9.8887,10.3234,1005716,16247894,0.4409,4.4614,16.1555,1.8286,901450000,N/A,2566674000,55000000,0,156600000,136.3316,6.4913,11.5761,16.3572,
600243.SH,青海华鼎,2001-11-28,10.3234,10.3422,10.4556,10.273,10.3171,1508537,24840549,-0.0063,-0.061,16.4666,2.7428,900900000,N/A,2565108000,55000000,0,156600000,136.2485,6.4873,11.569,16.3472,
600243.SH,青海华鼎,2001-11-29,10.3171,10.3296,10.3674,10.1722,10.2478,657710,10724573,-0.0693,-0.6716,16.3059,1.1958,894850000,N/A,2547882000,55000000,0,156600000,135.3335,6.4438,11.4913,16.2374,
600243.SH,青海华鼎,2001-11-30,10.2478,10.2541,10.5123,10.2541,10.4871,777202,12843263,0.2393,2.3356,16.525,1.4131,915750000,N/A,2607390000,55000000,0,156600000,138.4943,6.5943,11.7597,16.6166,
600243.SH,青海华鼎,2001-12-03,10.4871,10.4556,10.5312,10.4304,10.4745,798615,13294006,-0.0126,-0.1201,16.6463,1.452,914650000,N/A,2604258000,55000000,0,156600000,138.328,6.5863,11.7456,16.5967,
600243.SH,青海华鼎,2001-12-04,10.4745,10.506,10.5186,10.2982,10.4493,619199,10195362,-0.0252,-0.2405,16.4654,1.1258,912450000,N/A,2597994000,55000000,0,156600000,137.9952,6.5705,11.7173,16.5568,
600243.SH,青海华鼎,2001-12-05,10.4493,10.3926,10.3926,10.0147,10.021,1286920,20853450,-0.4283,-4.0989,16.2042,2.3399,875050000,N/A,2491506000,55000000,0,156600000,132.339,6.3012,11.237,15.8781,
600243.SH,青海华鼎,2001-12-06,10.021,10.021,10.2289,10.0147,10.2037,569854,9151625,0.1827,1.8228,16.0596,1.0361,891000000,N/A,2536920000,55000000,0,156600000,134.7512,6.416,11.4419,16.1675,
600243.SH,青海华鼎,2001-12-07,10.2037,10.2982,10.3171,10.0462,10.084,444145,7131659,-0.1197,-1.1728,16.0571,0.8075,880550000,N/A,2507166000,55000000,0,156600000,133.1708,6.3408,11.3077,15.9779,
600243.SH,青海华鼎,2001-12-10,10.084,10.0651,10.1785,9.9328,10.1785,272230,4356164,0.0945,0.9369,16.0018,0.495,888800000,N/A,2530656000,55000000,0,156600000,134.4185,6.4002,11.4136,16.1276,
600243.SH,青海华鼎,2001-12-11,10.1785,10.1659,10.1659,9.8887,9.9202,548074,8699099,-0.2582,-2.5371,15.8721,0.9965,866250000,N/A,2466450000,55000000,0,156600000,131.0081,6.2378,11.124,15.7184,
600243.SH,青海华鼎,2001-12-12,9.9202,9.8887,10.0021,9.7691,9.8573,270404,4256489,-0.063,-0.6349,15.7412,0.4916,860750000,N/A,2450790000,55000000,0,156600000,130.1763,6.1982,11.0534,15.6186,
600243.SH,青海华鼎,2001-12-13,9.8573,9.8887,10.0021,9.6872,9.7187,343635,5369314,-0.1386,-1.4058,15.625,0.6248,848650000,N/A,2416338000,55000000,0,156600000,128.3464,6.1111,10.898,15.3991,
600243.SH,青海华鼎,2001-12-14,9.7187,9.6368,9.8258,9.5864,9.6053,365779,5624666,-0.1134,-1.1666,15.3772,0.6651,838750000,N/A,2388150000,55000000,0,156600000,126.8492,6.0398,10.7709,15.2194,
600243.SH,青海华鼎,2001-12-17,9.6053,9.5612,9.6368,9.3723,9.3912,273575,4113487,-0.2142,-2.2295,15.036,0.4974,820050000,N/A,2334906000,55000000,0,156600000,124.021,5.9051,10.5307,14.8801,
600243.SH,青海华鼎,2001-12-18,9.3912,9.3849,9.6305,9.2715,9.6242,322265,4829843,0.233,2.4816,14.9872,0.5859,840400000,N/A,2392848000,55000000,0,156600000,127.0987,6.0517,10.7921,15.2494,
600243.SH,青海华鼎,2001-12-19,9.6242,9.6242,9.6683,9.3723,9.3723,265450,4024681,-0.2519,-2.6178,15.1617,0.4826,818400000,N/A,2330208000,55000000,0,156600000,123.7715,5.8932,10.5096,14.8502,
600243.SH,青海华鼎,2001-12-20,9.3723,9.2463,9.3912,9.1392,9.1518,370684,5434765,-0.2204,-2.3522,14.6615,0.674,799150000,N/A,2275398000,55000000,0,156600000,120.8602,5.7546,10.2624,14.5009,
600243.SH,青海华鼎,2001-12-21,9.1518,9.1644,9.2589,9.0384,9.1644,318950,4617446,0.0126,0.1376,14.477,0.5799,800250000,N/A,2278530000,55000000,0,156600000,121.0266,5.7626,10.2765,14.5208,
600243.SH,青海华鼎,2001-12-24,9.1644,9.1581,9.2463,8.692,8.7739,433930,6112235,-0.3905,-4.2612,14.0858,0.789,766150000,N/A,2181438000,55000000,0,156600000,115.8694,5.517,9.8386,13.9021,
600243.SH,青海华鼎,2001-12-25,8.7739,8.818,8.881,8.6605,8.8306,247272,3450953,0.0567,0.6461,13.9561,0.4496,771100000,N/A,2195532000,55000000,0,156600000,116.618,5.5526,9.9022,13.9919,
600243.SH,青海华鼎,2001-12-26,8.8306,8.8369,9.0951,8.7424,9.0888,159961,2263168,0.2582,2.9244,14.1482,0.2908,793650000,N/A,2259738000,55000000,0,156600000,120.0284,5.715,10.1917,14.4011,
600243.SH,青海华鼎,2001-12-27,9.0888,9.1077,9.2274,9.0384,9.0699,263095,3815394,-0.0189,-0.2079,14.502,0.4784,792000000,N/A,2255040000,55000000,0,156600000,119.7789,5.7031,10.1705,14.3711,
600243.SH,青海华鼎,2001-12-28,9.0699,9.0699,9.1266,8.9629,9.1203,259899,3725891,0.0504,0.5556,14.3359,0.4725,796400000,N/A,2267568000,55000000,0,156600000,120.4443,5.7348,10.227,14.451,
600243.SH,青海华鼎,2001-12-31,9.1203,9.1329,9.2526,9.0573,9.0762,190810,2767620,-0.0441,-0.4834,14.5046,0.3469,792550000,N/A,2256606000,55000000,0,156600000,119.8621,5.7071,10.1776,14.3811,
600243.SH,青海华鼎,2002-01-04,9.0762,9.1014,9.1014,8.6857,8.7235,329488,4610937,-0.3527,-3.8862,13.9942,0.5991,761750000,N/A,2168910000,55000000,0,156600000,102.2628,5.4433,7.7913,-22.9551,
600243.SH,青海华鼎,2002-01-07,8.7235,8.7046,8.7046,8.396,8.6542,276750,3733923,-0.0693,-0.7942,13.492,0.5032,755700000,N/A,2151684000,55000000,0,156600000,101.4506,5.4001,7.7295,-22.7727,
600243.SH,青海华鼎,2002-01-08,8.6542,8.692,8.692,8.4842,8.5094,144600,1967713,-0.1449,-1.6739,13.608,0.2629,743050000,N/A,2115666000,55000000,0,156600000,99.7524,5.3097,7.6001,-22.3915,
600243.SH,青海华鼎,2002-01-09,8.5094,8.5031,8.5031,8.2637,8.2952,260758,3452128,-0.2142,-2.5167,13.2388,0.4741,724350000,N/A,2062422000,55000000,0,156600000,97.242,5.176,7.4088,-21.828,
600243.SH,青海华鼎,2002-01-10,8.2952,8.2007,8.5661,8.0496,8.5031,678175,8868293,0.2079,2.5057,13.0767,1.233,742500000,N/A,2114100000,55000000,0,156600000,99.6786,5.3057,7.5945,-22.375,
600243.SH,青海华鼎,2002-01-11,8.5031,8.5031,8.5031,8.1629,8.1755,272400,3587724,-0.3275,-3.8519,13.1708,0.4953,713900000,N/A,2032668000,55000000,0,156600000,95.8391,5.1014,7.3019,-21.5131,
600243.SH,青海华鼎,2002-01-14,8.1755,7.9992,8.1755,7.8795,7.9173,490088,6213286,-0.2582,-3.1587,12.6779,0.8911,691350000,N/A,1968462000,55000000,0,156600000,92.8118,4.9402,7.0713,-20.8336,
600243.SH,青海华鼎,2002-01-15,7.9173,7.9173,8.0496,7.8102,7.8165,332788,4184724,-0.1008,-1.2729,12.5747,0.6051,682550000,N/A,1943406000,55000000,0,156600000,91.6304,4.8773,6.9813,-20.5684,
600243.SH,青海华鼎,2002-01-16,7.8165,7.7472,7.9488,7.5583,7.8291,405747,5007509,0.0126,0.1612,12.3415,0.7377,683650000,N/A,1946538000,55000000,0,156600000,91.7781,4.8852,6.9925,-20.6015,
600243.SH,青海华鼎,2002-01-17,7.8291,7.7787,7.8669,7.0481,7.0733,666565,7752934,-0.7558,-9.6541,11.6312,1.2119,617650000,N/A,1758618000,55000000,0,156600000,82.9178,4.4136,6.3175,-18.6127,
600243.SH,青海华鼎,2002-01-18,7.0733,6.9914,7.2182,6.6009,6.9473,833831,9186624,-0.126,-1.7809,11.0174,1.5161,606650000,N/A,1727298000,55000000,0,156600000,81.4411,4.335,6.2049,-18.2812,
600243.SH,青海华鼎,2002-01-21,6.9473,6.8528,6.8528,6.2986,6.3741,643610,6640535,-0.5732,-8.2502,10.3176,1.1702,556600000,N/A,1584792000,55000000,0,156600000,74.722,3.9773,5.693,-16.7729,
600243.SH,青海华鼎,2002-01-22,6.3741,6.519,6.771,6.2419,6.3364,986586,10125565,-0.0378,-0.5929,10.2632,1.7938,553300000,N/A,1575396000,55000000,0,156600000,74.279,3.9538,5.6593,-16.6735,
600243.SH,青海华鼎,2002-01-23,6.3364,6.3112,6.9725,6.3049,6.9725,1018497,10687706,0.6362,10.0398,10.4936,1.8518,608850000,N/A,1733562000,55000000,0,156600000,81.7364,4.3507,6.2275,-18.3475,
600243.SH,青海华鼎,2002-01-24,6.9725,6.9284,7.4827,6.708,7.1741,2010960,22804495,0.2016,2.8907,11.3401,3.6563,626450000,N/A,1783674000,55000000,0,156600000,84.0992,4.4765,6.4075,-18.8778,
600243.SH,青海华鼎,2002-01-25,7.1741,7.0544,7.2182,7.0292,7.0859,813087,9167907,-0.0882,-1.2291,11.2754,1.4783,618750000,N/A,1761750000,55000000,0,156600000,83.0655,4.4214,6.3287,-18.6458,
600243.SH,青海华鼎,2002-01-28,7.0859,7.0481,7.1048,6.3993,6.4119,1040736,11009762,-0.6739,-9.5111,10.5788,1.8922,559900000,N/A,1594188000,55000000,0,156600000,75.165,4.0009,5.7268,-16.8724,
600243.SH,青海华鼎,2002-01-29,6.4119,6.3049,6.8339,6.2986,6.6261,673787,7068307,0.2142,3.3399,10.4904,1.2251,578600000,N/A,1647432000,55000000,0,156600000,77.6754,4.1345,5.918,-17.4359,
600243.SH,青海华鼎,2002-01-30,6.6261,6.645,6.7395,6.5568,6.6954,309347,3272300,0.0693,1.0456,10.5781,0.5624,584650000,N/A,1664658000,55000000,0,156600000,78.4876,4.1778,5.9799,-17.6182,
600243.SH,青海华鼎,2002-01-31,6.6954,6.7269,7.363,6.7269,7.363,1874480,21494267,0.6676,9.9718,11.4668,3.4081,642950000,N/A,1830654000,55000000,0,156600000,86.3143,4.5944,6.5762,-19.3751,
600243.SH,青海华鼎,2002-02-01,7.363,7.4008,7.7787,7.3693,7.4953,2202899,26548294,0.1323,1.7964,12.0515,4.0053,654500000,N/A,1863540000,55000000,0,156600000,87.8648,4.6769,6.6944,-19.7231,
600243.SH,青海华鼎,2002-02-04,7.4953,7.4764,7.6591,7.4008,7.5898,875849,10507549,0.0945,1.2605,11.997,1.5925,662750000,N/A,1887030000,55000000,0,156600000,88.9723,4.7359,6.7788,-19.9717,
600243.SH,青海华鼎,2002-02-05,7.5898,7.6213,7.6968,7.4512,7.5961,702397,8429918,0.0063,0.083,12.0016,1.2771,663300000,N/A,1888596000,55000000,0,156600000,89.0462,4.7398,6.7844,-19.9883,
600243.SH,青海华鼎,2002-02-06,7.5961,7.6024,7.6213,7.3693,7.3693,724373,8560045,-0.2267,-2.9851,11.8172,1.317,643500000,N/A,1832220000,55000000,0,156600000,86.3881,4.5983,6.5819,-19.3916,
600243.SH,青海华鼎,2002-02-07,7.3693,7.3693,7.6717,7.3441,7.5961,643808,7752234,0.2267,3.0769,12.0412,1.1706,663300000,N/A,1888596000,55000000,0,156600000,89.0462,4.7398,6.7844,-19.9883,
600243.SH,青海华鼎,2002-02-08,7.5961,7.6213,7.7787,7.4953,7.5079,661253,8031181,-0.0882,-1.1609,12.1454,1.2023,655600000,N/A,1866672000,55000000,0,156600000,88.0125,4.6848,6.7056,-19.7563,
600243.SH,青海华鼎,2002-02-25,7.5079,7.8228,7.8417,7.5709,7.615,504680,6153670,0.1071,1.4262,12.1932,0.9176,664950000,N/A,1893294000,55000000,0,156600000,89.2677,4.7516,6.8013,-20.038,
600243.SH,青海华鼎,2002-02-26,7.615,7.6087,7.6528,7.4638,7.5835,391800,4688561,-0.0315,-0.4136,11.9667,0.7124,662200000,N/A,1885464000,55000000,0,156600000,88.8985,4.7319,6.7731,-19.9552,
600243.SH,青海华鼎,2002-02-27,7.5835,7.5646,7.7661,7.5583,7.7094,761582,9301112,0.126,1.6611,12.2129,1.3847,673200000,N/A,1916784000,55000000,0,156600000,90.3752,4.8105,6.8856,-20.2866,
600243.SH,青海华鼎,2002-02-28,7.7094,7.7157,7.7283,7.4827,7.552,368938,4452101,-0.1575,-2.0425,12.0673,0.6708,659450000,N/A,1877634000,55000000,0,156600000,88.5293,4.7123,6.745,-19.8723,
600243.SH,青海华鼎,2002-03-01,7.552,7.552,7.552,7.3378,7.3441,522313,6138986,-0.2079,-2.7523,11.7535,0.9497,641300000,N/A,1825956000,55000000,0,156600000,86.0927,4.5826,6.5594,-19.3253,
600243.SH,青海华鼎,2002-03-04,7.3441,7.2308,7.4638,7.2119,7.4512,269003,3156876,0.1071,1.458,11.7355,0.4891,650650000,N/A,1852578000,55000000,0,156600000,87.348,4.6494,6.655,-19.6071,
600243.SH,青海华鼎,2002-03-05,7.4512,7.4323,7.7976,7.4323,7.7157,872719,10663055,0.2645,3.5503,12.2182,1.5868,673750000,N/A,1918350000,55000000,0,156600000,90.4491,4.8145,6.8913,-20.3032,
600243.SH,青海华鼎,2002-03-06,7.7157,7.7472,7.9866,7.7346,7.7661,1431504,17862344,0.0504,0.6531,12.478,2.6027,678150000,N/A,1930878000,55000000,0,156600000,91.0398,4.8459,6.9363,-20.4358,
600243.SH,青海华鼎,2002-03-07,7.7661,7.8732,8.3771,7.8606,8.3708,2423577,31578098,0.6047,7.7859,13.0295,4.4065,730950000,N/A,2081214000,55000000,0,156600000,98.128,5.2232,7.4763,-22.0269,
600243.SH,青海华鼎,2002-03-08,8.3708,8.4401,8.5031,8.2511,8.4464,2201460,29277477,0.0756,0.9029,13.2991,4.0027,737550000,N/A,2100006000,55000000,0,156600000,99.014,5.2704,7.5438,-22.2258,
600243.SH,青海华鼎,2002-03-11,8.4464,8.4275,8.5975,8.2826,8.5094,1629340,21692419,0.063,0.7457,13.3136,2.9624,743050000,N/A,2115666000,55000000,0,156600000,99.7524,5.3097,7.6001,-22.3915,
600243.SH,青海华鼎,2002-03-12,8.5094,8.5094,8.5346,8.2637,8.2889,1244813,16618960,-0.2204,-2.5907,13.3506,2.2633,723800000,N/A,2060856000,55000000,0,156600000,97.1681,5.1721,7.4032,-21.8115,
600243.SH,青海华鼎,2002-03-13,8.2889,8.1944,8.3456,8.1503,8.1755,921839,12028927,-0.1134,-1.3678,13.0488,1.6761,713900000,N/A,2032668000,55000000,0,156600000,95.8391,5.1014,7.3019,-21.5131,
600243.SH,青海华鼎,2002-03-14,8.1755,8.1252,8.6605,8.1252,8.6164,1304972,17512845,0.4409,5.3929,13.4201,2.3727,752400000,N/A,2142288000,55000000,0,156600000,101.0076,5.3765,7.6957,-22.6733,
600243.SH,青海华鼎,2002-03-15,8.6164,8.629,8.7046,8.2322,8.2448,1160200,15610013,-0.3716,-4.3129,13.4546,2.1095,719950000,N/A,2049894000,55000000,0,156600000,96.6513,5.1446,7.3638,-21.6954,
600243.SH,青海华鼎,2002-03-18,8.2448,8.4401,8.5661,8.2385,8.3141,567315,7520030,0.0693,0.8403,13.2555,1.0315,726000000,N/A,2067120000,55000000,0,156600000,97.4635,5.1878,7.4257,-21.8777,
600243.SH,青海华鼎,2002-03-19,8.3141,8.2511,9.0384,8.2511,8.8747,2493809,34803526,0.5606,6.7424,13.956,4.5342,774950000,N/A,2206494000,55000000,0,156600000,104.0349,5.5376,7.9264,-23.3528,
600243.SH,青海华鼎,2002-03-20,8.8747,8.9818,9.1329,8.7424,8.9377,2242650,31791112,0.063,0.7097,14.1757,4.0775,780450000,N/A,2222154000,55000000,0,156600000,104.7732,5.5769,7.9826,-23.5186,
600243.SH,青海华鼎,2002-03-21,8.9377,8.8495,9.0258,8.8054,8.8621,1042313,14701617,-0.0756,-0.8457,14.1048,1.8951,773850000,N/A,2203362000,55000000,0,156600000,103.8872,5.5297,7.9151,-23.3197,
600243.SH,青海华鼎,2002-03-22,8.8621,8.8558,8.8558,8.629,8.7235,865378,11979609,-0.1386,-1.5636,13.8432,1.5734,761750000,N/A,2168910000,55000000,0,156600000,102.2628,5.4433,7.7913,-22.9551,
600243.SH,青海华鼎,2002-03-25,8.7235,8.7235,8.8684,8.6668,8.818,656202,9184767,0.0945,1.083,13.9969,1.1931,770000000,N/A,2192400000,55000000,0,156600000,103.3704,5.5022,7.8757,-23.2037,
600243.SH,青海华鼎,2002-03-26,8.818,8.818,8.818,8.5535,8.5786,579877,7955655,-0.2393,-2.7143,13.7196,1.0543,749100000,N/A,2132892000,55000000,0,156600000,100.5646,5.3529,7.662,-22.5739,
600243.SH,青海华鼎,2002-03-27,8.5786,8.5598,8.629,8.5031,8.6164,467361,6351559,0.0378,0.4405,13.5903,0.8497,752400000,N/A,2142288000,55000000,0,156600000,101.0076,5.3765,7.6957,-22.6733,
600243.SH,青海华鼎,2002-03-28,8.6164,8.629,8.692,8.5031,8.5409,445648,6081779,-0.0756,-0.8772,13.647,0.8103,745800000,N/A,2123496000,55000000,0,156600000,100.1216,5.3293,7.6282,-22.4744,
600243.SH,青海华鼎,2002-03-29,8.5409,8.5031,8.5346,8.1377,8.1944,888739,11709854,-0.3464,-4.056,13.1758,1.6159,715550000,N/A,2037366000,55000000,0,156600000,96.0606,5.1131,7.3188,-21.5628,
600243.SH,青海华鼎,2002-04-01,8.1944,8.1755,8.2763,8.0181,8.1755,424170,5476510,-0.0189,-0.2306,12.9111,0.7712,713900000,N/A,2032668000,55000000,0,156600000,95.8391,5.1014,7.3019,-21.5131,
600243.SH,青海华鼎,2002-04-02,8.1755,8.1818,8.2385,7.8417,7.8732,573611,7241471,-0.3023,-3.698,12.6244,1.0429,687500000,N/A,1957500000,55000000,0,156600000,92.295,4.9127,7.0319,-20.7176,
600243.SH,青海华鼎,2002-04-03,7.8732,7.8732,8.0622,7.8732,7.8984,403900,5082338,0.0252,0.32,12.5832,0.7344,689700000,N/A,1963764000,55000000,0,156600000,92.5903,4.9284,7.0544,-20.7839,
600243.SH,青海华鼎,2002-04-04,7.8984,7.9299,8.3582,7.7787,8.333,517540,6656811,0.4346,5.5024,12.8624,0.941,727650000,N/A,2071818000,55000000,0,156600000,97.685,5.1996,7.4426,-21.9275,
600243.SH,青海华鼎,2002-04-05,8.333,8.4086,8.4401,8.1629,8.2448,516330,6815572,-0.0882,-1.0582,13.2,0.9388,719950000,N/A,2049894000,55000000,0,156600000,96.6513,5.1446,7.3638,-21.6954,
600243.SH,青海华鼎,2002-04-08,8.2448,8.1252,8.3141,8.1252,8.3015,348514,4556952,0.0567,0.6875,13.0754,0.6337,724900000,N/A,2063988000,55000000,0,156600000,97.3158,5.18,7.4144,-21.8446,
600243.SH,青海华鼎,2002-04-09,8.3015,8.3078,8.5661,8.3078,8.5094,463077,6227192,0.2079,2.5038,13.4474,0.842,743050000,N/A,2115666000,55000000,0,156600000,99.7524,5.3097,7.6001,-22.3915,
600243.SH,青海华鼎,2002-04-10,8.5094,8.5346,8.629,8.4905,8.6164,682623,9266850,0.1071,1.2583,13.5754,1.2411,752400000,N/A,2142288000,55000000,0,156600000,101.0076,5.3765,7.6957,-22.6733,
600243.SH,青海华鼎,2002-04-11,8.6164,8.629,8.629,8.3456,8.3582,548050,7367817,-0.2582,-2.9971,13.4437,0.9965,729850000,N/A,2078082000,55000000,0,156600000,97.9803,5.2153,7.4651,-21.9938,
600243.SH,青海华鼎,2002-04-12,8.3582,8.2826,8.4086,8.2826,8.3456,227400,3022916,-0.0126,-0.1507,13.2934,0.4135,728750000,N/A,2074950000,55000000,0,156600000,97.8327,5.2075,7.4538,-21.9606,
600243.SH,青海华鼎,2002-04-15,8.3456,8.3456,8.4401,8.1629,8.2826,285399,3739457,-0.063,-0.7547,13.1026,0.5189,723250000,N/A,2059290000,55000000,0,156600000,97.0943,5.1682,7.3976,-21.7949,
600243.SH,青海华鼎,2002-04-16,8.2826,8.2007,8.4149,8.1881,8.333,265907,3492397,0.0504,0.6084,13.1339,0.4835,727650000,N/A,2071818000,55000000,0,156600000,97.685,5.1996,7.4426,-21.9275,
600243.SH,青海华鼎,2002-04-17,8.333,8.5031,9.1644,8.5031,8.7865,5175128,73975647,0.4535,5.4422,14.2945,9.4093,767250000,N/A,2184570000,55000000,0,156600000,103.0012,5.4826,7.8476,-23.1208,
600243.SH,青海华鼎,2002-04-18,8.7865,8.5849,8.944,8.3519,8.4023,1969134,26599457,-0.3842,-4.3728,13.5082,3.5802,733700000,N/A,2089044000,55000000,0,156600000,98.4972,5.2428,7.5044,-22.1098,
600243.SH,青海华鼎,2002-04-19,8.4023,8.3141,8.4338,8.0118,8.3771,1363755,17733570,-0.0252,-0.2999,13.0035,2.4796,731500000,N/A,2082780000,55000000,0,156600000,98.2018,5.2271,7.4819,-22.0435,
600243.SH,青海华鼎,2002-04-22,8.3771,8.3078,8.3771,8.1881,8.2322,427932,5605494,-0.1449,-1.7293,13.099,0.7781,718850000,N/A,2046762000,55000000,0,156600000,96.5036,5.1367,7.3526,-21.6623,
600243.SH,青海华鼎,2002-04-23,8.2322,8.2196,8.3645,8.2196,8.3015,272538,3590786,0.0693,0.8416,13.1754,0.4955,724900000,N/A,2063988000,55000000,0,156600000,97.3158,5.18,7.4144,-21.8446,
600243.SH,青海华鼎,2002-04-24,8.3015,8.2826,8.3456,8.207,8.2511,292024,3826067,-0.0504,-0.607,13.1019,0.531,720500000,N/A,2051460000,55000000,0,156600000,96.7251,5.1485,7.3694,-21.712,
600243.SH,青海华鼎,2002-04-25,8.2511,8.2511,8.2889,8.1755,8.2322,212190,2770613,-0.0189,-0.229,13.0572,0.3858,718850000,N/A,2046762000,55000000,0,156600000,96.5036,5.1367,7.3526,-21.6623,
600243.SH,青海华鼎,2002-04-26,8.2322,8.4212,8.4716,8.3015,8.4275,335006,4466844,0.1953,2.3718,13.3336,0.6091,735900000,N/A,2095308000,55000000,0,156600000,98.7925,5.2586,7.5269,-22.1761,
600243.SH,青海华鼎,2002-04-29,8.4275,8.4716,8.7235,8.4401,8.6794,786334,10770311,0.2519,2.9895,13.6969,1.4297,757900000,N/A,2157948000,55000000,0,156600000,101.746,5.4158,7.752,-22.839,
600243.SH,青海华鼎,2002-04-30,8.6794,8.692,8.944,8.5786,8.8054,1356944,18888852,0.126,1.4514,13.9201,2.4672,768900000,N/A,2189268000,55000000,0,156600000,103.2227,5.4944,7.8645,-23.1705,
600243.SH,青海华鼎,2002-05-08,8.8054,8.8117,8.818,8.5849,8.5849,412200,5664315,-0.2204,-2.5036,13.7417,0.7495,749650000,N/A,2134458000,55000000,0,156600000,100.6384,5.3568,7.6676,-22.5904,
600243.SH,青海华鼎,2002-05-09,8.5849,8.6164,8.7235,8.5031,8.5535,292322,3985803,-0.0315,-0.3668,13.635,0.5315,746900000,N/A,2126628000,55000000,0,156600000,100.2693,5.3372,7.6395,-22.5076,
600243.SH,青海华鼎,2002-05-10,8.5535,8.6164,8.6479,8.5157,8.5723,356280,4838451,0.0189,0.2209,13.5805,0.6478,748550000,N/A,2131326000,55000000,0,156600000,100.4908,5.349,7.6563,-22.5573,
600243.SH,青海华鼎,2002-05-13,8.5723,8.5031,8.5535,8.3897,8.4086,369536,4949882,-0.1638,-1.9104,13.3949,0.6719,734250000,N/A,2090610000,55000000,0,156600000,98.571,5.2468,7.5101,-22.1264,
600243.SH,青海华鼎,2002-05-14,8.4086,8.4086,8.5283,8.396,8.4149,268945,3608874,0.0063,0.0749,13.4186,0.489,734800000,N/A,2092176000,55000000,0,156600000,98.6449,5.2507,7.5157,-22.1429,
600243.SH,青海华鼎,2002-05-15,8.4149,8.4086,8.4653,8.2889,8.3204,271421,3606701,-0.0945,-1.1228,13.2882,0.4935,726550000,N/A,2068686000,55000000,0,156600000,97.5373,5.1918,7.4313,-21.8943,
600243.SH,青海华鼎,2002-05-16,8.3204,8.2511,8.3015,7.9236,7.9677,606899,7818387,-0.3527,-4.2392,12.8825,1.1035,695750000,N/A,1980990000,55000000,0,156600000,93.4025,4.9717,7.1163,-20.9662,
600243.SH,青海华鼎,2002-05-17,7.9677,7.9677,8.1566,7.8669,7.9992,662699,8369212,0.0315,0.3953,12.629,1.2049,698500000,N/A,1988820000,55000000,0,156600000,93.7717,4.9913,7.1444,-21.049,
600243.SH,青海华鼎,2002-05-20,7.9992,7.9803,7.9803,7.7157,7.7976,336800,4175100,-0.2016,-2.5197,12.3964,0.6124,680900000,N/A,1938708000,55000000,0,156600000,91.4089,4.8655,6.9644,-20.5187,
600243.SH,青海华鼎,2002-05-21,7.7976,8.1881,8.3015,7.9866,8.1377,613460,7922067,0.3401,4.3619,12.9137,1.1154,710600000,N/A,2023272000,55000000,0,156600000,95.3961,5.0778,7.2682,-21.4137,
600243.SH,青海华鼎,2002-05-22,8.1377,8.1755,8.1755,7.9362,8.0055,363399,4623406,-0.1323,-1.6254,12.7227,0.6607,699050000,N/A,1990386000,55000000,0,156600000,93.8455,4.9952,7.15,-21.0656,
600243.SH,青海华鼎,2002-05-23,8.0055,8.1566,8.2385,7.9929,7.9992,278019,3561331,-0.0063,-0.0787,12.8097,0.5055,698500000,N/A,1988820000,55000000,0,156600000,93.7717,4.9913,7.1444,-21.049,
600243.SH,青海华鼎,2002-05-24,7.9992,7.9551,8.0559,7.7472,7.8417,287178,3575080,-0.1575,-1.9685,12.449,0.5221,684750000,N/A,1949670000,55000000,0,156600000,91.9258,4.8931,7.0038,-20.6347,
600243.SH,青海华鼎,2002-05-27,7.8417,7.8606,7.9992,7.8606,7.9425,137630,1727229,0.1008,1.2851,12.5498,0.2502,693550000,N/A,1974726000,55000000,0,156600000,93.1072,4.9559,7.0938,-20.8999,
600243.SH,青海华鼎,2002-05-28,7.9425,7.9425,8.0622,7.9047,7.9362,249700,3156351,-0.0063,-0.0793,12.6406,0.454,693000000,N/A,1973160000,55000000,0,156600000,93.0333,4.952,7.0882,-20.8833,
600243.SH,青海华鼎,2002-05-29,7.9362,7.8795,7.8795,7.5583,7.6402,576763,7060453,-0.296,-3.7302,12.2415,1.0487,667150000,N/A,1899558000,55000000,0,156600000,89.563,4.7673,6.8238,-20.1043,
600243.SH,青海华鼎,2002-05-30,7.6402,7.7157,7.7472,7.4449,7.6528,324573,3900625,0.0126,0.1649,12.0177,0.5901,668250000,N/A,1902690000,55000000,0,156600000,89.7107,4.7752,6.835,-20.1375,
600243.SH,青海华鼎,2002-05-31,7.6528,7.6654,7.6968,7.5583,7.6087,153301,1851239,-0.0441,-0.5761,12.0758,0.2787,664400000,N/A,1891728000,55000000,0,156600000,89.1939,4.7476,6.7956,-20.0215,
600243.SH,青海华鼎,2002-06-03,7.6087,7.5394,7.5394,7.3378,7.3693,228233,2678104,-0.2393,-3.1457,11.7341,0.415,643500000,N/A,1832220000,55000000,0,156600000,86.3881,4.5983,6.5819,-19.3916,
600243.SH,青海华鼎,2002-06-04,7.3693,7.4323,7.489,7.2622,7.3378,158482,1852211,-0.0315,-0.4274,11.6872,0.2881,640750000,N/A,1824390000,55000000,0,156600000,86.0189,4.5786,6.5537,-19.3088,
600243.SH,青海华鼎,2002-06-05,7.3378,7.3693,7.3693,7.0607,7.0607,185300,2096936,-0.2771,-3.7768,11.3164,0.3369,616550000,N/A,1755486000,55000000,0,156600000,82.7701,4.4057,6.3062,-18.5795,
600243.SH,青海华鼎,2002-06-06,7.0607,7.0607,7.0607,7.0607,7.0607,N/A,N/A,0,0,N/A,N/A,616550000,N/A,1755486000,55000000,0,156600000,82.7701,4.4057,6.3062,-18.5795,
600243.SH,青海华鼎,2002-06-07,7.0607,7.5583,7.7661,7.3693,7.7661,2800889,34214325,0.7054,9.9911,12.2155,5.0925,678150000,N/A,1930878000,55000000,0,156600000,91.0398,4.8459,6.9363,-20.4358,
600243.SH,青海华鼎,2002-06-10,7.7661,7.7661,7.7661,7.5205,7.5835,845104,10196048,-0.1827,-2.352,12.0648,1.5366,662200000,N/A,1885464000,55000000,0,156600000,88.8985,4.7319,6.7731,-19.9552,
600243.SH,青海华鼎,2002-06-11,7.5835,7.5583,7.6843,7.5268,7.678,435399,5270771,0.0945,1.2458,12.1056,0.7916,670450000,N/A,1908954000,55000000,0,156600000,90.0061,4.7909,6.8575,-20.2038,
600243.SH,青海华鼎,2002-06-12,7.678,7.678,7.7472,7.5583,7.678,280516,3403561,0,0,12.1332,0.51,670450000,N/A,1908954000,55000000,0,156600000,90.0061,4.7909,6.8575,-20.2038,
600243.SH,青海华鼎,2002-06-13,7.678,7.678,7.6843,7.5142,7.5142,272070,3276791,-0.1638,-2.1329,12.0439,0.4947,656150000,N/A,1868238000,55000000,0,156600000,88.0863,4.6887,6.7112,-19.7728,
600243.SH,青海华鼎,2002-06-14,7.5142,7.5079,7.5079,7.2748,7.2874,448341,5244381,-0.2267,-3.0176,11.6973,0.8152,636350000,N/A,1811862000,55000000,0,156600000,85.4282,4.5472,6.5087,-19.1762,
600243.SH,青海华鼎,2002-06-17,7.2874,7.193,7.3063,7.1804,7.3063,214209,2463965,0.0189,0.2593,11.5026,0.3895,638000000,N/A,1816560000,55000000,0,156600000,85.6497,4.559,6.5256,-19.2259,
600243.SH,青海华鼎,2002-06-18,7.3063,7.3693,7.6591,7.3693,7.5016,321980,3842083,0.1953,2.6724,11.9327,0.5854,655050000,N/A,1865106000,55000000,0,156600000,87.9386,4.6808,6.7,-19.7397,
600243.SH,青海华鼎,2002-06-19,7.5016,7.5079,7.5079,7.3756,7.4323,131153,1551984,-0.0693,-0.9236,11.8334,0.2385,649000000,N/A,1847880000,55000000,0,156600000,87.1264,4.6376,6.6381,-19.5574,
600243.SH,青海华鼎,2002-06-20,7.4323,7.4197,7.5772,7.4197,7.4638,179751,2141718,0.0315,0.4237,11.9149,0.3268,651750000,N/A,1855710000,55000000,0,156600000,87.4956,4.6573,6.6662,-19.6402,
600243.SH,青海华鼎,2002-06-21,7.4638,7.4701,7.7976,7.4701,7.7787,796415,9757814,0.3149,4.2194,12.2522,1.448,679250000,N/A,1934010000,55000000,0,156600000,91.1874,4.8538,6.9475,-20.469,
600243.SH,青海华鼎,2002-06-24,7.7787,8.5598,8.5598,8.1252,8.5598,3041401,40804821,0.781,10.0405,13.4165,5.5298,747450000,N/A,2128194000,55000000,0,156600000,100.3431,5.3411,7.6451,-22.5241,
600243.SH,青海华鼎,2002-06-25,8.5598,8.5661,8.7235,8.3141,8.5346,2429273,32980554,-0.0252,-0.2943,13.5763,4.4169,745250000,N/A,2121930000,55000000,0,156600000,100.0477,5.3254,7.6226,-22.4578,
600243.SH,青海华鼎,2002-06-26,8.5346,8.5409,8.6038,8.3519,8.4779,1055422,14228515,-0.0567,-0.6642,13.4814,1.9189,740300000,N/A,2107836000,55000000,0,156600000,99.3832,5.29,7.5719,-22.3087,
600243.SH,青海华鼎,2002-06-27,8.4779,8.5031,8.5535,8.3582,8.4086,701444,9394757,-0.0693,-0.8172,13.3935,1.2754,734250000,N/A,2090610000,55000000,0,156600000,98.571,5.2468,7.5101,-22.1264,
600243.SH,青海华鼎,2002-06-28,8.4086,8.4401,8.4401,8.1252,8.2007,972434,12772591,-0.2079,-2.4719,13.1347,1.7681,716100000,N/A,2038932000,55000000,0,156600000,96.1344,5.1171,7.3244,-21.5794,
600243.SH,青海华鼎,2002-07-01,8.2007,8.1252,8.333,8.1252,8.2385,545573,7138298,0.0378,0.4608,13.084,0.992,719400000,N/A,2048328000,55000000,0,156600000,96.5775,5.1407,7.3582,-21.6789,
600243.SH,青海华鼎,2002-07-02,8.2385,8.1881,8.3645,8.144,8.3267,323400,4250080,0.0882,1.0703,13.1419,0.588,727100000,N/A,2070252000,55000000,0,156600000,97.6112,5.1957,7.4369,-21.9109,
600243.SH,青海华鼎,2002-07-03,8.3267,8.3267,8.4149,8.2448,8.3708,284571,3768366,0.0441,0.5295,13.2423,0.5174,730950000,N/A,2081214000,55000000,0,156600000,98.128,5.2232,7.4763,-22.0269,
600243.SH,青海华鼎,2002-07-04,8.3708,8.4086,8.4086,8.2133,8.2259,283900,3727188,-0.1449,-1.7306,13.1285,0.5162,718300000,N/A,2045196000,55000000,0,156600000,96.4298,5.1328,7.3469,-21.6457,
600243.SH,青海华鼎,2002-07-05,8.2259,8.2196,8.3204,8.1881,8.3141,238218,3121454,0.0882,1.072,13.1034,0.4331,726000000,N/A,2067120000,55000000,0,156600000,97.4635,5.1878,7.4257,-21.8777,
600243.SH,青海华鼎,2002-07-08,8.3141,8.3015,8.4779,8.2448,8.4716,456496,6078481,0.1575,1.8939,13.3155,0.83,739750000,N/A,2106270000,55000000,0,156600000,99.3094,5.2861,7.5663,-22.2921,
600243.SH,青海华鼎,2002-07-09,8.4716,8.4716,8.4968,8.3393,8.3393,274600,3660392,-0.1323,-1.5613,13.3299,0.4993,728200000,N/A,2073384000,55000000,0,156600000,97.7588,5.2035,7.4482,-21.944,
600243.SH,青海华鼎,2002-07-10,8.3393,8.3393,8.3456,8.1503,8.207,327688,4274195,-0.1323,-1.5861,13.0435,0.5958,716650000,N/A,2040498000,55000000,0,156600000,96.2083,5.121,7.3301,-21.596,
600243.SH,青海华鼎,2002-07-11,8.207,8.1881,8.2574,8.1503,8.1755,177309,2308088,-0.0315,-0.3837,13.0173,0.3224,713900000,N/A,2032668000,55000000,0,156600000,95.8391,5.1014,7.3019,-21.5131,
600243.SH,青海华鼎,2002-07-12,8.1755,8.1692,8.27,8.1692,8.1944,117200,1525289,0.0189,0.2311,13.0144,0.2131,715550000,N/A,2037366000,55000000,0,156600000,96.0606,5.1131,7.3188,-21.5628,
600243.SH,青海华鼎,2002-07-15,8.1944,8.1252,8.1755,8.0307,8.0685,169400,2175898,-0.126,-1.5373,12.8447,0.308,704550000,N/A,2006046000,55000000,0,156600000,94.5839,5.0345,7.2063,-21.2314,
600243.SH,青海华鼎,2002-07-16,8.0685,8.0811,8.1507,7.9546,7.9799,283615,3600982,-0.0885,-1.0972,12.6967,0.5157,694100000,N/A,1976292000,55000000,0,156600000,93.181,4.9599,7.0994,-20.9165,
600243.SH,青海华鼎,2002-07-17,7.9799,7.9799,8.1254,7.9546,8.1127,121385,1533580,0.1328,1.664,12.634,0.2207,705650000,N/A,2009178000,55000000,0,156600000,94.7316,5.0424,7.2175,-21.2645,
600243.SH,青海华鼎,2002-07-18,8.1127,8.1064,8.157,8.0179,8.0242,222200,2840824,-0.0885,-1.0912,12.785,0.404,697950000,N/A,1987254000,55000000,0,156600000,93.6978,4.9874,7.1388,-21.0325,
600243.SH,青海华鼎,2002-07-19,8.0242,8.0811,8.0811,7.9736,8.0558,225471,2858516,0.0316,0.394,12.678,0.4099,700700000,N/A,1995084000,55000000,0,156600000,94.067,5.007,7.1669,-21.1153,
600243.SH,青海华鼎,2002-07-22,8.0558,8.0305,8.0368,7.8788,7.9041,244898,3083358,-0.1518,-1.8838,12.5904,0.4453,687500000,N/A,1957500000,55000000,0,156600000,92.295,4.9127,7.0319,-20.7176,
600243.SH,青海华鼎,2002-07-23,7.9041,7.923,8.0116,7.8408,7.8788,278700,3487152,-0.0253,-0.32,12.5122,0.5067,685300000,N/A,1951236000,55000000,0,156600000,91.9996,4.897,7.0094,-20.6513,
600243.SH,青海华鼎,2002-07-24,7.8788,7.9041,8.0116,7.8851,7.9167,76900,962941,0.0379,0.4815,12.522,0.1398,688600000,N/A,1960632000,55000000,0,156600000,92.4426,4.9206,7.0432,-20.7507,
600243.SH,青海华鼎,2002-07-25,7.9167,7.9041,7.9673,7.8851,7.9357,79571,996942,0.019,0.2396,12.529,0.1447,690250000,N/A,1965330000,55000000,0,156600000,92.6641,4.9324,7.06,-20.8004,
600243.SH,青海华鼎,2002-07-26,7.9357,7.9167,7.9673,7.8788,7.8977,109370,1369205,-0.0379,-0.4781,12.519,0.1989,686950000,N/A,1955934000,55000000,0,156600000,92.2211,4.9088,7.0263,-20.701,
600243.SH,青海华鼎,2002-07-29,7.8977,7.8408,7.9357,7.7966,7.9357,98833,1227316,0.0379,0.4804,12.4181,0.1797,690250000,N/A,1965330000,55000000,0,156600000,92.6641,4.9324,7.06,-20.8004,
600243.SH,青海华鼎,2002-07-30,7.9357,7.9546,8.0305,7.9041,8.0052,70766,891599,0.0696,0.8765,12.5993,0.1287,696300000,N/A,1982556000,55000000,0,156600000,93.4763,4.9756,7.1219,-20.9827,
600243.SH,青海华鼎,2002-07-31,8.0052,7.9546,7.9989,7.8408,7.8535,101089,1264063,-0.1518,-1.8957,12.5045,0.1838,683100000,N/A,1944972000,55000000,0,156600000,91.7043,4.8813,6.9869,-20.585,
600243.SH,青海华鼎,2002-08-01,7.8535,7.8092,7.9357,7.7966,7.8535,228006,2831382,0,0,12.418,0.4146,683100000,N/A,1944972000,55000000,0,156600000,91.7043,4.8813,6.9869,-20.585,
600243.SH,青海华鼎,2002-08-02,7.8535,7.8535,7.9673,7.7523,7.8408,474833,5866422,-0.0126,-0.161,12.3547,0.8633,682000000,N/A,1941840000,55000000,0,156600000,91.5566,4.8734,6.9756,-20.5518,
600243.SH,青海华鼎,2002-08-05,7.8408,7.8282,7.8661,7.6954,7.7144,201500,2470517,-0.1265,-1.6129,12.2606,0.3664,671000000,N/A,1910520000,55000000,0,156600000,90.0799,4.7948,6.8631,-20.2203,
600243.SH,青海华鼎,2002-08-06,7.7144,7.7207,7.8851,7.7144,7.7713,327557,4034911,0.0569,0.7377,12.3182,0.5956,675950000,N/A,1924614000,55000000,0,156600000,90.7444,4.8302,6.9138,-20.3695,
600243.SH,青海华鼎,2002-08-07,7.7713,7.7776,7.8092,7.7144,7.727,145166,1777555,-0.0443,-0.5696,12.245,0.2639,672100000,N/A,1913652000,55000000,0,156600000,90.2276,4.8027,6.8744,-20.2535,
600243.SH,青海华鼎,2002-08-08,7.727,7.8092,7.8155,7.7017,7.727,145243,1776594,0,0,12.2319,0.2641,672100000,N/A,1913652000,55000000,0,156600000,90.2276,4.8027,6.8744,-20.2535,
600243.SH,青海华鼎,2002-08-09,7.727,7.7017,7.727,7.6385,7.6701,147086,1784842,-0.0569,-0.7365,12.1347,0.2674,667150000,N/A,1899558000,55000000,0,156600000,89.563,4.7673,6.8238,-20.1043,
600243.SH,青海华鼎,2002-08-12,7.6701,7.5942,7.6511,7.5626,7.5626,130450,1566940,-0.1075,-1.4015,12.0118,0.2372,657800000,N/A,1872936000,55000000,0,156600000,88.3078,4.7005,6.7281,-19.8226,
600243.SH,青海华鼎,2002-08-13,7.5626,7.512,7.6385,7.512,7.5942,94036,1127769,0.0316,0.4181,11.9929,0.171,660550000,N/A,1880766000,55000000,0,156600000,88.677,4.7201,6.7562,-19.9054,
600243.SH,青海华鼎,2002-08-14,7.5942,7.5879,7.6891,7.5563,7.6701,119485,1439380,0.0759,0.9992,12.0465,0.2172,667150000,N/A,1899558000,55000000,0,156600000,89.563,4.7673,6.8238,-20.1043,
600243.SH,青海华鼎,2002-08-15,7.6701,7.6701,7.6764,7.5563,7.6005,75400,905796,-0.0696,-0.9068,12.0132,0.1371,661100000,N/A,1882332000,55000000,0,156600000,88.7508,4.7241,6.7619,-19.922,
600243.SH,青海华鼎,2002-08-16,7.6005,7.5942,7.7017,7.5247,7.5879,148990,1790887,-0.0126,-0.1664,12.0202,0.2709,660000000,N/A,1879200000,55000000,0,156600000,88.6032,4.7162,6.7506,-19.8889,
600243.SH,青海华鼎,2002-08-19,7.5879,7.5942,7.5942,7.5247,7.5436,150301,1796488,-0.0443,-0.5833,11.9526,0.2733,656150000,N/A,1868238000,55000000,0,156600000,88.0863,4.6887,6.7112,-19.7728,
600243.SH,青海华鼎,2002-08-20,7.5436,7.5373,7.6574,7.5373,7.6511,287715,3467105,0.1075,1.425,12.0505,0.5231,665500000,N/A,1894860000,55000000,0,156600000,89.3415,4.7555,6.8069,-20.0546,
600243.SH,青海华鼎,2002-08-21,7.6511,7.5879,7.6954,7.5879,7.6511,278352,3363480,0,0,12.0835,0.5061,665500000,N/A,1894860000,55000000,0,156600000,89.3415,4.7555,6.8069,-20.0546,
600243.SH,青海华鼎,2002-08-22,7.6511,7.6638,7.8471,7.6511,7.7523,684461,8414800,0.1012,1.3223,12.2941,1.2445,674300000,N/A,1919916000,55000000,0,156600000,90.5229,4.8184,6.8969,-20.3198,
600243.SH,青海华鼎,2002-08-23,7.7523,7.7839,7.7839,7.7207,7.7397,233485,2861293,-0.0126,-0.1631,12.2547,0.4245,673200000,N/A,1916784000,55000000,0,156600000,90.3752,4.8105,6.8856,-20.2866,
600243.SH,青海华鼎,2002-08-26,7.7397,7.7333,7.7333,7.6511,7.6954,192260,2337254,-0.0443,-0.5719,12.1567,0.3496,669350000,N/A,1905822000,55000000,0,156600000,89.8584,4.783,6.8463,-20.1706,
600243.SH,青海华鼎,2002-08-27,7.6954,7.6891,8.0052,7.6891,7.9167,1249850,15630218,0.2213,2.8759,12.5057,2.2725,688600000,N/A,1960632000,55000000,0,156600000,92.4426,4.9206,7.0432,-20.7507,
600243.SH,青海华鼎,2002-08-28,7.9167,7.9293,7.9926,7.8535,7.8914,650039,8151560,-0.0253,-0.3195,12.5401,1.1819,686400000,N/A,1954368000,55000000,0,156600000,92.1473,4.9049,7.0206,-20.6844,
600243.SH,青海华鼎,2002-08-29,7.8914,7.961,7.9673,7.8155,7.8345,222446,2766650,-0.0569,-0.7212,12.4374,0.4044,681450000,N/A,1940274000,55000000,0,156600000,91.4828,4.8695,6.97,-20.5352,
600243.SH,青海华鼎,2002-08-30,7.8345,7.8345,7.8345,7.746,7.7649,242059,2978707,-0.0696,-0.8878,12.3057,0.4401,675400000,N/A,1923048000,55000000,0,156600000,90.6706,4.8262,6.9081,-20.3529,
600243.SH,青海华鼎,2002-09-02,7.7649,7.7713,7.9546,7.7713,7.9041,465235,5783926,0.1391,1.7915,12.4323,0.8459,687500000,N/A,1957500000,55000000,0,156600000,92.295,4.9127,7.0319,-20.7176,
600243.SH,青海华鼎,2002-09-03,7.9041,7.8914,7.9546,7.8914,7.9104,216893,2717584,0.0063,0.08,12.5296,0.3944,688050000,N/A,1959066000,55000000,0,156600000,92.3688,4.9166,7.0375,-20.7341,
600243.SH,青海华鼎,2002-09-04,7.9104,7.8155,7.9104,7.7586,7.7713,259693,3206186,-0.1391,-1.7586,12.3461,0.4722,675950000,N/A,1924614000,55000000,0,156600000,90.7444,4.8302,6.9138,-20.3695,
600243.SH,青海华鼎,2002-09-05,7.7713,7.7713,7.7776,7.6132,7.6322,437677,5297717,-0.1391,-1.7901,12.1042,0.7958,663850000,N/A,1890162000,55000000,0,156600000,89.12,4.7437,6.79,-20.0049,
600243.SH,青海华鼎,2002-09-06,7.6322,7.6385,7.7017,7.55,7.5689,380057,4558213,-0.0632,-0.8285,11.9935,0.691,658350000,N/A,1874502000,55000000,0,156600000,88.3817,4.7044,6.7337,-19.8391,
600243.SH,青海华鼎,2002-09-09,7.5689,7.5373,7.5816,7.512,7.5626,143562,1712665,-0.0063,-0.0835,11.9298,0.261,657800000,N/A,1872936000,55000000,0,156600000,88.3078,4.7005,6.7281,-19.8226,
600243.SH,青海华鼎,2002-09-10,7.5626,7.5626,7.6195,7.5247,7.6005,198500,2370091,0.0379,0.5017,11.94,0.3609,661100000,N/A,1882332000,55000000,0,156600000,88.7508,4.7241,6.7619,-19.922,
600243.SH,青海华鼎,2002-09-11,7.6005,7.5563,7.5879,7.3982,7.5183,267015,3155816,-0.0822,-1.0815,11.8189,0.4855,653950000,N/A,1861974000,55000000,0,156600000,87.791,4.673,6.6887,-19.7065,
600243.SH,青海华鼎,2002-09-12,7.5183,7.512,7.5563,7.4614,7.512,197000,2343040,-0.0063,-0.0841,11.8936,0.3582,653400000,N/A,1860408000,55000000,0,156600000,87.7171,4.669,6.6831,-19.69,
600243.SH,青海华鼎,2002-09-13,7.512,7.5247,7.5626,7.4867,7.5183,54330,646064,0.0063,0.0842,11.8915,0.0988,653950000,N/A,1861974000,55000000,0,156600000,87.791,4.673,6.6887,-19.7065,
600243.SH,青海华鼎,2002-09-16,7.5183,7.4614,7.6511,7.4108,7.4551,194600,2300162,-0.0632,-0.841,11.8199,0.3538,648450000,N/A,1846314000,55000000,0,156600000,87.0526,4.6337,6.6325,-19.5408,
600243.SH,青海华鼎,2002-09-17,7.4551,7.4488,7.531,7.3982,7.493,173600,2048665,0.0379,0.5089,11.8011,0.3156,651750000,N/A,1855710000,55000000,0,156600000,87.4956,4.6573,6.6662,-19.6402,
600243.SH,青海华鼎,2002-09-18,7.493,7.4614,7.5247,7.4298,7.4614,126695,1492976,-0.0316,-0.4219,11.784,0.2304,649000000,N/A,1847880000,55000000,0,156600000,87.1264,4.6376,6.6381,-19.5574,
600243.SH,青海华鼎,2002-09-19,7.4614,7.4488,7.5879,7.3413,7.531,253077,3011247,0.0696,0.9322,11.8985,0.4601,655050000,N/A,1865106000,55000000,0,156600000,87.9386,4.6808,6.7,-19.7397,
600243.SH,青海华鼎,2002-09-20,7.531,7.4994,7.5563,7.4298,7.4804,140700,1672365,-0.0506,-0.6717,11.886,0.2558,650650000,N/A,1852578000,55000000,0,156600000,87.348,4.6494,6.655,-19.6071,
600243.SH,青海华鼎,2002-09-23,7.4804,7.4045,7.5057,7.3982,7.4298,130017,1525268,-0.0506,-0.6762,11.7313,0.2364,646250000,N/A,1840050000,55000000,0,156600000,86.7573,4.6179,6.61,-19.4745,
600243.SH,青海华鼎,2002-09-24,7.4298,7.3982,7.4614,7.3855,7.4045,168909,1977897,-0.0253,-0.3404,11.7098,0.3071,644050000,N/A,1833786000,55000000,0,156600000,86.4619,4.6022,6.5875,-19.4082,
600243.SH,青海华鼎,2002-09-25,7.4045,7.3982,7.7776,7.3603,7.6701,2360824,28456714,0.2656,3.5867,12.0537,4.2924,667150000,N/A,1899558000,55000000,0,156600000,89.563,4.7673,6.8238,-20.1043,
600243.SH,青海华鼎,2002-09-26,7.6701,7.6385,7.6701,7.512,7.5752,1199606,14388386,-0.0948,-1.2366,11.9943,2.1811,658900000,N/A,1876068000,55000000,0,156600000,88.4555,4.7083,6.7394,-19.8557,
600243.SH,青海华鼎,2002-09-27,7.5752,7.5247,7.8851,7.5247,7.7207,2248182,27568156,0.1454,1.9199,12.2624,4.0876,671550000,N/A,1912086000,55000000,0,156600000,90.1537,4.7987,6.8688,-20.2369,
600243.SH,青海华鼎,2002-10-08,7.7207,7.708,7.8598,7.6764,7.8535,1421409,17512781,0.1328,1.7199,12.3207,2.5844,683100000,N/A,1944972000,55000000,0,156600000,91.7043,4.8813,6.9869,-20.585,
600243.SH,青海华鼎,2002-10-09,7.8535,7.8408,7.8724,7.6005,7.8029,1186725,14598559,-0.0506,-0.6441,12.3016,2.1577,678700000,N/A,1932444000,55000000,0,156600000,91.1136,4.8498,6.9419,-20.4524,
600243.SH,青海华鼎,2002-10-10,7.8029,7.727,7.8408,7.6827,7.7144,617724,7569446,-0.0885,-1.1345,12.2538,1.1231,671000000,N/A,1910520000,55000000,0,156600000,90.0799,4.7948,6.8631,-20.2203,
600243.SH,青海华鼎,2002-10-11,7.7144,7.7144,7.8535,7.7017,7.8282,980125,12069900,0.1138,1.4754,12.3147,1.782,680900000,N/A,1938708000,55000000,0,156600000,91.4089,4.8655,6.9644,-20.5187,
600243.SH,青海华鼎,2002-10-14,7.8282,7.8155,7.9673,7.8155,7.9546,1767809,22113772,0.1265,1.6155,12.5091,3.2142,691900000,N/A,1970028000,55000000,0,156600000,92.8857,4.9442,7.0769,-20.8502,
600243.SH,青海华鼎,2002-10-15,7.9546,7.9546,7.9673,7.8155,7.8598,782418,9756665,-0.0948,-1.1924,12.4699,1.4226,683650000,N/A,1946538000,55000000,0,156600000,91.7781,4.8852,6.9925,-20.6015,
600243.SH,青海华鼎,2002-10-16,7.8598,7.8535,8.0305,7.8408,7.9546,1184957,14941380,0.0948,1.2068,12.6092,2.1545,691900000,N/A,1970028000,55000000,0,156600000,92.8857,4.9442,7.0769,-20.8502,
600243.SH,青海华鼎,2002-10-17,7.9546,7.9673,7.9799,7.6827,7.7017,923839,11384257,-0.2529,-3.1797,12.3228,1.6797,669900000,N/A,1907388000,55000000,0,156600000,89.9322,4.7869,6.8519,-20.1872,
600243.SH,青海华鼎,2002-10-18,7.7017,7.6574,7.8408,7.6258,7.8282,796358,9747876,0.1265,1.642,12.2406,1.4479,680900000,N/A,1938708000,55000000,0,156600000,91.4089,4.8655,6.9644,-20.5187,
600243.SH,青海华鼎,2002-10-21,7.8282,7.8282,7.8724,7.6701,7.8471,460609,5650969,0.019,0.2423,12.2685,0.8375,682550000,N/A,1943406000,55000000,0,156600000,91.6304,4.8773,6.9813,-20.5684,
600243.SH,青海华鼎,2002-10-22,7.8471,7.8471,8.2265,7.7966,8.1127,3811304,48886977,0.2656,3.3844,12.8268,6.9296,705650000,N/A,2009178000,55000000,0,156600000,94.7316,5.0424,7.2175,-21.2645,
600243.SH,青海华鼎,2002-10-23,8.1127,8.1127,8.2139,8.0495,8.2076,1945043,25034898,0.0948,1.1691,12.8711,3.5364,713900000,N/A,2032668000,55000000,0,156600000,95.8391,5.1014,7.3019,-21.5131,
600243.SH,青海华鼎,2002-10-24,8.2076,8.2012,8.2012,8.0938,8.0938,1248907,16087000,-0.1138,-1.3867,12.8809,2.2707,704000000,N/A,2004480000,55000000,0,156600000,94.51,5.0306,7.2007,-21.2148,
600243.SH,青海华鼎,2002-10-25,8.0938,8.0811,8.2012,7.9673,7.9989,1302087,16628653,-0.0948,-1.1719,12.7708,2.3674,695750000,N/A,1980990000,55000000,0,156600000,93.4025,4.9717,7.1163,-20.9662,
600243.SH,青海华鼎,2002-10-28,7.9989,7.9799,8.0748,7.942,8.0305,1177026,14899194,0.0316,0.3953,12.6583,2.14,698500000,N/A,1988820000,55000000,0,156600000,93.7717,4.9913,7.1444,-21.049,
600243.SH,青海华鼎,2002-10-29,8.0305,8.0305,8.0621,7.7776,8.0242,1153819,14446029,-0.0063,-0.0787,12.5202,2.0979,697950000,N/A,1987254000,55000000,0,156600000,93.6978,4.9874,7.1388,-21.0325,
600243.SH,青海华鼎,2002-10-30,8.0242,7.9673,8.0558,7.7649,7.9167,597969,7505808,-0.1075,-1.3396,12.5522,1.0872,688600000,N/A,1960632000,55000000,0,156600000,92.4426,4.9206,7.0432,-20.7507,
600243.SH,青海华鼎,2002-10-31,7.9167,7.9041,8.0305,7.8535,7.9104,464719,5846671,-0.0063,-0.0799,12.5811,0.8449,688050000,N/A,1959066000,55000000,0,156600000,92.3688,4.9166,7.0375,-20.7341,
600243.SH,青海华鼎,2002-11-01,7.9104,7.8914,7.9104,7.7586,7.8345,943875,11660352,-0.0759,-0.9592,12.3537,1.7161,681450000,N/A,1940274000,55000000,0,156600000,91.4828,4.8695,6.97,-20.5352,
600243.SH,青海华鼎,2002-11-04,7.8345,7.9041,8.119,7.8092,8.1064,849298,10694435,0.2719,3.4705,12.5921,1.5442,705100000,N/A,2007612000,55000000,0,156600000,94.6577,5.0385,7.2119,-21.2479,
600243.SH,青海华鼎,2002-11-05,8.1064,8.157,8.3593,8.0368,8.2139,2705182,35102407,0.1075,1.3261,12.976,4.9185,714450000,N/A,2034234000,55000000,0,156600000,95.9129,5.1053,7.3076,-21.5297,
600243.SH,青海华鼎,2002-11-06,8.2139,8.2139,8.2645,8.1254,8.2202,984623,12768595,0.0063,0.077,12.968,1.7902,715000000,N/A,2035800000,55000000,0,156600000,95.9868,5.1092,7.3132,-21.5463,
600243.SH,青海华鼎,2002-11-07,8.2202,8.2139,8.2645,8.1443,8.1823,878188,11372300,-0.0379,-0.4615,12.9497,1.5967,711700000,N/A,2026404000,55000000,0,156600000,95.5437,5.0856,7.2794,-21.4468,
600243.SH,青海华鼎,2002-11-08,8.1823,8.2582,8.3467,7.923,7.9357,1353156,17260306,-0.2466,-3.0139,12.7556,2.4603,690250000,N/A,1965330000,55000000,0,156600000,92.6641,4.9324,7.06,-20.8004,
600243.SH,青海华鼎,2002-11-11,7.9357,7.923,8.157,7.9104,8.0305,834149,10593364,0.0948,1.1952,12.6996,1.5166,698500000,N/A,1988820000,55000000,0,156600000,93.7717,4.9913,7.1444,-21.049,
600243.SH,青海华鼎,2002-11-12,8.0305,8.0432,8.0811,7.7776,7.7966,991953,12384784,-0.234,-2.9134,12.4853,1.8036,678150000,N/A,1930878000,55000000,0,156600000,91.0398,4.8459,6.9363,-20.4358,
600243.SH,青海华鼎,2002-11-13,7.7966,7.7649,7.8092,7.0188,7.0188,3651020,41534784,-0.7778,-9.9757,11.3762,6.6382,610500000,N/A,1738260000,55000000,0,156600000,81.9579,4.3625,6.2443,-18.3972,
600243.SH,青海华鼎,2002-11-14,7.0188,6.924,6.924,6.3296,6.4054,3055910,31751808,-0.6134,-8.7387,10.3903,5.5562,557150000,N/A,1586358000,55000000,0,156600000,74.7958,3.9813,5.6987,-16.7895,
600243.SH,青海华鼎,2002-11-15,6.4054,6.3296,6.5762,6.3043,6.4434,1527251,15526919,0.0379,0.5923,10.1666,2.7768,560450000,N/A,1595754000,55000000,0,156600000,75.2389,4.0048,5.7324,-16.889,
600243.SH,青海华鼎,2002-11-18,6.4434,6.3865,6.4687,6.083,6.1652,1393879,13639171,-0.2782,-4.318,9.785,2.5343,536250000,N/A,1526850000,55000000,0,156600000,71.9901,3.8319,5.4849,-16.1597,
600243.SH,青海华鼎,2002-11-19,6.1652,6.0893,6.4181,6.0893,6.3232,854458,8450483,0.1581,2.5641,9.8899,1.5536,550000000,N/A,1566000000,55000000,0,156600000,73.836,3.9302,5.6255,-16.5741,
600243.SH,青海华鼎,2002-11-20,6.3232,6.26,6.298,6.0893,6.1019,679221,6605331,-0.2213,-3.5,9.7249,1.2349,530750000,N/A,1511190000,55000000,0,156600000,71.2517,3.7926,5.4286,-15.994,
600243.SH,青海华鼎,2002-11-21,6.1019,6.0071,6.1019,5.8806,5.8869,673605,6373779,-0.215,-3.5233,9.4622,1.2247,512050000,N/A,1457946000,55000000,0,156600000,68.7413,3.659,5.2374,-15.4304,
600243.SH,青海华鼎,2002-11-22,5.8869,5.9502,6.045,5.7794,5.9186,709643,6665080,0.0316,0.5371,9.3922,1.2903,514800000,N/A,1465776000,55000000,0,156600000,69.1105,3.6786,5.2655,-15.5133,
600243.SH,青海华鼎,2002-11-25,5.9186,5.8869,5.9755,5.7858,5.9249,455596,4231884,0.0063,0.1068,9.2887,0.8284,515350000,N/A,1467342000,55000000,0,156600000,69.1843,3.6826,5.2711,-15.5299,
600243.SH,青海华鼎,2002-11-26,5.9249,5.9122,6.0261,5.6277,5.653,613588,5639587,-0.2719,-4.5891,9.1912,1.1156,491700000,N/A,1400004000,55000000,0,156600000,66.0094,3.5136,5.0292,-14.8172,
600243.SH,青海华鼎,2002-11-27,5.653,5.5708,5.7415,5.5265,5.7099,578051,5149954,0.0569,1.0067,8.9092,1.051,496650000,N/A,1414098000,55000000,0,156600000,66.6739,3.5489,5.0798,-14.9664,
600243.SH,青海华鼎,2002-11-28,5.7099,5.6909,5.9122,5.5771,5.8806,616169,5637411,0.1707,2.99,9.1491,1.1203,511500000,N/A,1456380000,55000000,0,156600000,68.6675,3.6551,5.2317,-15.4139,
600243.SH,青海华鼎,2002-11-29,5.8806,5.8806,6.4371,5.849,6.1209,2039369,19742489,0.2403,4.086,9.6807,3.7079,532400000,N/A,1515888000,55000000,0,156600000,71.4732,3.8044,5.4455,-16.0437,
600243.SH,青海华鼎,2002-12-02,6.1209,6.1335,6.1335,5.8237,5.8427,820235,7758973,-0.2782,-4.5455,9.4595,1.4913,508200000,N/A,1446984000,55000000,0,156600000,68.2244,3.6315,5.198,-15.3144,
600243.SH,青海华鼎,2002-12-03,5.8427,5.8174,5.9565,5.7921,5.9502,383551,3567020,0.1075,1.8398,9.3,0.6974,517550000,N/A,1473606000,55000000,0,156600000,69.4797,3.6983,5.2936,-15.5962,
600243.SH,青海华鼎,2002-12-04,5.9502,5.9628,6.2094,5.9059,6.0197,774919,7461137,0.0696,1.169,9.6283,1.4089,523600000,N/A,1490832000,55000000,0,156600000,70.2918,3.7415,5.3555,-15.7785,
600243.SH,青海华鼎,2002-12-05,6.0197,5.9755,6.0197,5.8933,6.0071,301907,2841622,-0.0126,-0.2101,9.4122,0.5489,522500000,N/A,1487700000,55000000,0,156600000,70.1442,3.7337,5.3442,-15.7453,
600243.SH,青海华鼎,2002-12-06,6.0071,6.0134,6.0324,5.8933,5.9186,346307,3254574,-0.0885,-1.4737,9.3979,0.6296,514800000,N/A,1465776000,55000000,0,156600000,69.1105,3.6786,5.2655,-15.5133,
600243.SH,青海华鼎,2002-12-09,5.9186,5.8806,5.9881,5.7984,5.8427,203300,1887787,-0.0759,-1.2821,9.2857,0.3696,508200000,N/A,1446984000,55000000,0,156600000,68.2244,3.6315,5.198,-15.3144,
600243.SH,青海华鼎,2002-12-10,5.8427,5.8237,5.9059,5.6593,5.6656,365591,3314826,-0.1771,-3.0303,9.067,0.6647,492800000,N/A,1403136000,55000000,0,156600000,66.157,3.5214,5.0405,-14.8503,
600243.SH,青海华鼎,2002-12-11,5.6656,5.6593,5.7415,5.6403,5.7289,304297,2734738,0.0632,1.1161,8.9871,0.5533,498300000,N/A,1418796000,55000000,0,156600000,66.8954,3.5607,5.0967,-15.0161,
600243.SH,青海华鼎,2002-12-12,5.7289,5.7542,5.8933,5.7289,5.7478,280692,2573740,0.019,0.3311,9.1693,0.5103,499950000,N/A,1423494000,55000000,0,156600000,67.1169,3.5725,5.1136,-15.0658,
600243.SH,青海华鼎,2002-12-13,5.7478,5.6277,5.9312,5.5708,5.8616,312626,2862165,0.1138,1.9802,9.1552,0.5684,509850000,N/A,1451682000,55000000,0,156600000,68.4459,3.6433,5.2149,-15.3641,
600243.SH,青海华鼎,2002-12-16,5.8616,5.8869,5.9944,5.8364,5.9438,472540,4426670,0.0822,1.4024,9.3678,0.8592,517000000,N/A,1472040000,55000000,0,156600000,69.4058,3.6944,5.288,-15.5796,
600243.SH,青海华鼎,2002-12-17,5.9438,5.9312,6.0577,5.8869,6.0071,484988,4592358,0.0632,1.0638,9.469,0.8818,522500000,N/A,1487700000,55000000,0,156600000,70.1442,3.7337,5.3442,-15.7453,
600243.SH,青海华鼎,2002-12-18,6.0071,6.0387,6.1209,5.9628,5.9881,704729,6731242,-0.019,-0.3158,9.5515,1.2813,520850000,N/A,1483002000,55000000,0,156600000,69.9227,3.7219,5.3274,-15.6956,
600243.SH,青海华鼎,2002-12-19,5.9881,6.0071,6.0387,5.9186,5.9944,276112,2607823,0.0063,0.1056,9.4448,0.502,521400000,N/A,1484568000,55000000,0,156600000,69.9965,3.7258,5.333,-15.7122,
600243.SH,青海华鼎,2002-12-20,5.9944,5.9755,6.1146,5.9565,6.0766,470457,4496573,0.0822,1.3713,9.5579,0.8554,528550000,N/A,1504926000,55000000,0,156600000,70.9564,3.7769,5.4061,-15.9277,
600243.SH,青海华鼎,2002-12-23,6.0766,6.1019,6.1209,6.0324,6.0513,531334,5117347,-0.0253,-0.4162,9.6311,0.9661,526350000,N/A,1498662000,55000000,0,156600000,70.661,3.7612,5.3836,-15.8614,
600243.SH,青海华鼎,2002-12-24,6.0513,6.0387,6.1019,5.9565,6.0956,289868,2767625,0.0443,0.7315,9.5479,0.527,530200000,N/A,1509624000,55000000,0,156600000,71.1779,3.7887,5.423,-15.9774,
600243.SH,青海华鼎,2002-12-25,6.0956,6.0703,6.1462,5.9818,5.9818,291148,2778432,-0.1138,-1.8672,9.543,0.5294,520300000,N/A,1481436000,55000000,0,156600000,69.8488,3.7179,5.3217,-15.6791,
600243.SH,青海华鼎,2002-12-26,5.9818,5.9312,5.9818,5.672,5.6909,514100,4719350,-0.2909,-4.8626,9.1798,0.9347,495000000,N/A,1409400000,55000000,0,156600000,66.4524,3.5372,5.063,-14.9166,
600243.SH,青海华鼎,2002-12-27,5.6909,5.6656,5.7858,5.6467,5.7099,439033,3955653,0.019,0.3333,9.0099,0.7982,496650000,N/A,1414098000,55000000,0,156600000,66.6739,3.5489,5.0798,-14.9664,
600243.SH,青海华鼎,2002-12-30,5.7099,5.6909,5.7099,5.5328,5.5708,289929,2567369,-0.1391,-2.4363,8.8552,0.5271,484550000,N/A,1379646000,55000000,0,156600000,65.0495,3.4625,4.9561,-14.6017,
600243.SH,青海华鼎,2002-12-31,5.5708,5.5897,5.6593,5.4443,5.457,363447,3185187,-0.1138,-2.0431,8.7638,0.6608,474650000,N/A,1351458000,55000000,0,156600000,63.7204,3.3917,4.8548,-14.3034,
600243.SH,青海华鼎,2003-01-02,5.457,5.4506,5.5139,5.1914,5.1977,636859,5372215,-0.2593,-4.7509,8.4355,1.1579,452100000,N/A,1287252000,55000000,0,156600000,96.9582,3.1978,3.7188,-74.9555,
600243.SH,青海华鼎,2003-01-03,5.1977,5.1282,5.2799,5.1282,5.2104,261820,2155430,0.0126,0.2433,8.2325,0.476,453200000,N/A,1290384000,55000000,0,156600000,97.1941,3.2056,3.7278,-75.1379,
600243.SH,青海华鼎,2003-01-06,5.2104,5.2167,5.3874,5.1851,5.3621,341675,2871837,0.1518,2.9126,8.4052,0.6212,466400000,N/A,1327968000,55000000,0,156600000,100.025,3.2989,3.8364,-77.3264,
600243.SH,青海华鼎,2003-01-07,5.3621,5.3431,5.4506,5.2736,5.2989,367406,3129476,-0.0632,-1.1792,8.5178,0.668,460900000,N/A,1312308000,55000000,0,156600000,98.8454,3.26,3.7911,-76.4145,
600243.SH,青海华鼎,2003-01-08,5.2989,5.3621,5.5961,5.3115,5.5834,768440,6676503,0.2845,5.3699,8.6884,1.3972,485650000,N/A,1382778000,55000000,0,156600000,104.1534,3.4351,3.9947,-80.5179,
600243.SH,青海华鼎,2003-01-09,5.5834,5.6403,5.7794,5.5139,5.6846,1035444,9217000,0.1012,1.812,8.9015,1.8826,494450000,N/A,1407834000,55000000,0,156600000,106.0406,3.4973,4.0671,-81.9769,
600243.SH,青海华鼎,2003-01-10,5.6846,5.6909,5.7858,5.6024,5.615,959638,8656624,-0.0696,-1.2236,9.0207,1.7448,488400000,N/A,1390608000,55000000,0,156600000,104.7431,3.4545,4.0173,-80.9739,
600243.SH,青海华鼎,2003-01-13,5.615,5.5645,5.6656,5.5518,5.6024,414899,3674999,-0.0126,-0.2252,8.8576,0.7544,487300000,N/A,1387476000,55000000,0,156600000,104.5072,3.4467,4.0083,-80.7915,
600243.SH,青海华鼎,2003-01-14,5.6024,5.6024,6.045,5.5518,5.9881,1329364,12349055,0.3857,6.8849,9.2894,2.417,520850000,N/A,1483002000,55000000,0,156600000,111.7024,3.6841,4.2843,-86.3539,
600243.SH,青海华鼎,2003-01-15,5.9881,5.9881,6.1019,5.849,5.9312,1286723,12156732,-0.0569,-0.9504,9.4478,2.3395,515900000,N/A,1468908000,55000000,0,156600000,110.6408,3.649,4.2435,-85.5332,
600243.SH,青海华鼎,2003-01-16,5.9312,5.9122,6.083,5.8806,6.083,1003693,9544275,0.1518,2.5586,9.5092,1.8249,529100000,N/A,1506492000,55000000,0,156600000,113.4717,3.7424,4.3521,-87.7217,
600243.SH,青海华鼎,2003-01-17,6.083,6.1209,6.1209,5.9438,5.9818,691648,6561318,-0.1012,-1.6632,9.4865,1.2575,520300000,N/A,1481436000,55000000,0,156600000,111.5845,3.6802,4.2797,-86.2627,
600243.SH,青海华鼎,2003-01-20,5.9818,5.9438,5.9565,5.8237,5.9502,582152,5424352,-0.0316,-0.5285,9.3178,1.0585,517550000,N/A,1473606000,55000000,0,156600000,110.9947,3.6607,4.2571,-85.8068,
600243.SH,青海华鼎,2003-01-21,5.9502,5.9438,6.0324,5.7921,5.7984,505167,4705692,-0.1518,-2.5505,9.3151,0.9185,504350000,N/A,1436022000,55000000,0,156600000,108.1638,3.5673,4.1485,-83.6183,
600243.SH,青海华鼎,2003-01-22,5.7984,5.7858,5.8237,5.7289,5.7984,454688,4151673,0,0,9.1308,0.8267,504350000,N/A,1436022000,55000000,0,156600000,108.1638,3.5673,4.1485,-83.6183,
600243.SH,青海华鼎,2003-01-23,5.7984,5.7984,5.9122,5.7542,5.8427,383853,3533207,0.0443,0.7634,9.2046,0.6979,508200000,N/A,1446984000,55000000,0,156600000,108.9895,3.5946,4.1802,-84.2566,
600243.SH,青海华鼎,2003-01-24,5.8427,5.8427,6.0071,5.8174,5.9881,677065,6363102,0.1454,2.4892,9.3981,1.231,520850000,N/A,1483002000,55000000,0,156600000,111.7024,3.6841,4.2843,-86.3539,
600243.SH,青海华鼎,2003-01-27,5.9881,6.0071,6.0703,5.9755,6.0324,610447,5827519,0.0443,0.7392,9.5463,1.1099,524700000,N/A,1493964000,55000000,0,156600000,112.5281,3.7113,4.3159,-86.9922,
600243.SH,青海华鼎,2003-01-28,6.0324,6.0261,6.2094,6.0071,6.2031,1244222,12037050,0.1707,2.8302,9.6744,2.2622,539550000,N/A,1536246000,55000000,0,156600000,115.7128,3.8163,4.4381,-89.4542,
600243.SH,青海华鼎,2003-01-29,6.2031,6.2157,6.2157,6.0766,6.0893,805812,7842410,-0.1138,-1.8349,9.7323,1.4651,529650000,N/A,1508058000,55000000,0,156600000,113.5897,3.7463,4.3566,-87.8129,
600243.SH,青海华鼎,2003-02-10,6.0893,6.0893,6.0956,5.9122,5.9375,351629,3316632,-0.1518,-2.4922,9.4322,0.6393,516450000,N/A,1470474000,55000000,0,156600000,110.7588,3.6529,4.2481,-85.6244,
600243.SH,青海华鼎,2003-02-11,5.9375,5.8806,6.045,5.8806,6.0324,231072,2187804,0.0948,1.5974,9.4681,0.4201,524700000,N/A,1493964000,55000000,0,156600000,112.5281,3.7113,4.3159,-86.9922,
600243.SH,青海华鼎,2003-02-12,6.0324,6.0071,6.1778,5.9565,6.1715,563387,5449043,0.1391,2.3061,9.6719,1.0243,536800000,N/A,1528416000,55000000,0,156600000,115.1231,3.7969,4.4155,-88.9983,
600243.SH,青海华鼎,2003-02-13,6.1715,6.1968,6.5762,6.1335,6.4813,2547580,25677520,0.3098,5.0205,10.0792,4.632,563750000,N/A,1605150000,55000000,0,156600000,120.9028,3.9875,4.6371,-93.4665,
600243.SH,青海华鼎,2003-02-14,6.4813,6.4434,6.5635,6.3865,6.4244,1652321,16885708,-0.0569,-0.878,10.2194,3.0042,558800000,N/A,1591056000,55000000,0,156600000,119.8412,3.9525,4.5964,-92.6458,
600243.SH,青海华鼎,2003-02-17,6.4244,6.4497,6.5129,6.279,6.3485,1187502,12007546,-0.0759,-1.1811,10.1116,2.1591,552200000,N/A,1572264000,55000000,0,156600000,118.4258,3.9058,4.5421,-91.5515,
600243.SH,青海华鼎,2003-02-18,6.3485,6.3485,6.4307,6.298,6.3928,664886,6692378,0.0443,0.6972,10.0655,1.2089,556050000,N/A,1583226000,55000000,0,156600000,119.2515,3.933,4.5738,-92.1898,
600243.SH,青海华鼎,2003-02-19,6.3928,6.3802,6.4371,6.3043,6.4307,391899,3948568,0.0379,0.5935,10.0755,0.7125,559350000,N/A,1592622000,55000000,0,156600000,119.9592,3.9564,4.6009,-92.737,
600243.SH,青海华鼎,2003-02-20,6.4307,6.4181,6.4307,6.3106,6.3232,653088,6560405,-0.1075,-1.6716,10.0452,1.1874,550000000,N/A,1566000000,55000000,0,156600000,117.954,3.8902,4.524,-91.1868,
600243.SH,青海华鼎,2003-02-21,6.3232,6.3106,6.3106,6.083,6.0893,933900,9121894,-0.234,-3.7,9.7675,1.698,529650000,N/A,1508058000,55000000,0,156600000,113.5897,3.7463,4.3566,-87.8129,
600243.SH,青海华鼎,2003-02-24,6.0893,6.0703,6.1462,6.0387,6.0703,403202,3894115,-0.019,-0.3115,9.658,0.7331,528000000,N/A,1503360000,55000000,0,156600000,113.2358,3.7346,4.3431,-87.5393,
600243.SH,青海华鼎,2003-02-25,6.0703,6.0766,6.2916,6.0703,6.2853,527808,5189479,0.215,3.5417,9.8321,0.9597,546700000,N/A,1556604000,55000000,0,156600000,117.2463,3.8669,4.4969,-90.6397,
600243.SH,青海华鼎,2003-02-26,6.2853,6.3169,6.3232,6.2284,6.2727,288303,2856930,-0.0126,-0.2012,9.9095,0.5242,545600000,N/A,1553472000,55000000,0,156600000,117.0103,3.8591,4.4878,-90.4573,
600243.SH,青海华鼎,2003-02-27,6.2727,6.26,6.3865,6.2284,6.26,426378,4246674,-0.0126,-0.2016,9.9599,0.7752,544500000,N/A,1550340000,55000000,0,156600000,116.7744,3.8513,4.4788,-90.2749,
600243.SH,青海华鼎,2003-02-28,6.26,6.2537,6.26,6.1525,6.2284,279990,2744366,-0.0316,-0.5051,9.8017,0.5091,541750000,N/A,1542510000,55000000,0,156600000,116.1847,3.8319,4.4562,-89.819,
600243.SH,青海华鼎,2003-03-03,6.2284,6.241,6.3549,6.2284,6.3485,387977,3863315,0.1201,1.9289,9.9576,0.7054,552200000,N/A,1572264000,55000000,0,156600000,118.4258,3.9058,4.5421,-91.5515,
600243.SH,青海华鼎,2003-03-04,6.3485,6.3675,6.3675,6.2727,6.2853,289785,2895406,-0.0632,-0.996,9.9916,0.5269,546700000,N/A,1556604000,55000000,0,156600000,117.2463,3.8669,4.4969,-90.6397,
600243.SH,青海华鼎,2003-03-05,6.2853,6.279,6.3549,6.1652,6.241,272450,2678190,-0.0443,-0.7042,9.83,0.4954,542850000,N/A,1545642000,55000000,0,156600000,116.4206,3.8397,4.4652,-90.0014,
600243.SH,青海华鼎,2003-03-06,6.241,6.1841,6.241,6.045,6.0956,464237,4496017,-0.1454,-2.3303,9.6847,0.8441,530200000,N/A,1509624000,55000000,0,156600000,113.7076,3.7502,4.3612,-87.9041,
600243.SH,青海华鼎,2003-03-07,6.0956,6.0703,6.1462,6.045,6.0577,325947,3131794,-0.0379,-0.6224,9.6083,0.5926,526900000,N/A,1500228000,55000000,0,156600000,112.9999,3.7268,4.334,-87.3569,
600243.SH,青海华鼎,2003-03-10,6.0577,6.0513,6.0956,5.8869,5.8933,467100,4397382,-0.1644,-2.714,9.4142,0.8493,512600000,N/A,1459512000,55000000,0,156600000,109.9331,3.6257,4.2164,-84.9861,
600243.SH,青海华鼎,2003-03-11,5.8933,5.8806,5.9944,5.8806,5.9312,217164,2030896,0.0379,0.6438,9.3519,0.3948,515900000,N/A,1468908000,55000000,0,156600000,110.6408,3.649,4.2435,-85.5332,
600243.SH,青海华鼎,2003-03-12,5.9312,5.9312,5.9565,5.8237,5.9438,180754,1685757,0.0126,0.2132,9.3263,0.3286,517000000,N/A,1472040000,55000000,0,156600000,110.8767,3.6568,4.2526,-85.7156,
600243.SH,青海华鼎,2003-03-13,5.9438,5.9438,5.9502,5.8174,5.83,278010,2582845,-0.1138,-1.9149,9.2905,0.5055,507100000,N/A,1443852000,55000000,0,156600000,108.7536,3.5868,4.1712,-84.0742,
600243.SH,青海华鼎,2003-03-14,5.83,5.849,5.8933,5.7984,5.8427,274230,2528964,0.0126,0.2169,9.2221,0.4986,508200000,N/A,1446984000,55000000,0,156600000,108.9895,3.5946,4.1802,-84.2566,
600243.SH,青海华鼎,2003-03-17,5.8427,5.8174,5.8174,5.6972,5.7668,318539,2894330,-0.0759,-1.2987,9.0863,0.5792,501600000,N/A,1428192000,55000000,0,156600000,107.574,3.5479,4.1259,-83.1623,
600243.SH,青海华鼎,2003-03-18,5.7668,5.849,5.849,5.6783,5.6783,246191,2244372,-0.0885,-1.5351,9.1164,0.4476,493900000,N/A,1406268000,55000000,0,156600000,105.9227,3.4934,4.0626,-81.8857,
600243.SH,青海华鼎,2003-03-19,5.6783,5.6846,5.7542,5.6277,5.6972,224131,2015593,0.019,0.3341,8.9929,0.4075,495550000,N/A,1410966000,55000000,0,156600000,106.2765,3.5051,4.0762,-82.1593,
600243.SH,青海华鼎,2003-03-20,5.6972,5.7036,5.7225,5.6277,5.6403,197197,1767466,-0.0569,-0.9989,8.9629,0.3585,490600000,N/A,1396872000,55000000,0,156600000,105.2149,3.4701,4.0354,-81.3386,
600243.SH,青海华鼎,2003-03-21,5.6403,5.5771,5.7225,5.5771,5.6909,212318,1903430,0.0506,0.8969,8.965,0.386,495000000,N/A,1409400000,55000000,0,156600000,106.1586,3.5012,4.0716,-82.0681,
600243.SH,青海华鼎,2003-03-24,5.6909,5.7099,5.7415,5.6783,5.7352,104550,943153,0.0443,0.7778,9.0211,0.1901,498850000,N/A,1420362000,55000000,0,156600000,106.9843,3.5284,4.1033,-82.7064,
600243.SH,青海华鼎,2003-03-25,5.7352,5.7415,5.7415,5.615,5.615,129000,1151686,-0.1201,-2.0948,8.9278,0.2345,488400000,N/A,1390608000,55000000,0,156600000,104.7431,3.4545,4.0173,-80.9739,
600243.SH,青海华鼎,2003-03-26,5.615,5.5645,5.6277,5.5139,5.5265,280121,2463404,-0.0885,-1.5766,8.7941,0.5093,480700000,N/A,1368684000,55000000,0,156600000,103.0918,3.4001,3.954,-79.6973,
600243.SH,青海华鼎,2003-03-27,5.5265,5.5645,5.7858,5.4759,5.7731,399329,3570683,0.2466,4.4622,8.9417,0.7261,502150000,N/A,1429758000,55000000,0,156600000,107.692,3.5518,4.1304,-83.2535,
600243.SH,青海华鼎,2003-03-28,5.7731,5.7605,5.8364,5.6972,5.7162,381912,3484209,-0.0569,-0.9858,9.1231,0.6944,497200000,N/A,1415664000,55000000,0,156600000,106.6304,3.5168,4.0897,-82.4329,
600243.SH,青海华鼎,2003-03-31,5.7162,5.7225,5.7542,5.6593,5.7542,250480,2259713,0.0379,0.6637,9.0215,0.4554,500500000,N/A,1425060000,55000000,0,156600000,107.3381,3.5401,4.1169,-82.98,
600243.SH,青海华鼎,2003-04-01,5.7542,5.7542,5.8427,5.7542,5.8111,273781,2512106,0.0569,0.989,9.1756,0.4978,505450000,N/A,1439154000,55000000,0,156600000,108.3997,3.5751,4.1576,-83.8007,
600243.SH,青海华鼎,2003-04-02,5.8111,5.7921,5.8616,5.7921,5.8111,191196,1760358,0,0,9.2071,0.3476,505450000,N/A,1439154000,55000000,0,156600000,108.3997,3.5751,4.1576,-83.8007,
600243.SH,青海华鼎,2003-04-03,5.8111,5.7858,5.8111,5.7162,5.7352,151121,1374785,-0.0759,-1.3058,9.0972,0.2748,498850000,N/A,1420362000,55000000,0,156600000,106.9843,3.5284,4.1033,-82.7064,
600243.SH,青海华鼎,2003-04-04,5.7352,5.7225,5.7731,5.7036,5.7731,210269,1911097,0.0379,0.6615,9.0888,0.3823,502150000,N/A,1429758000,55000000,0,156600000,107.692,3.5518,4.1304,-83.2535,
600243.SH,青海华鼎,2003-04-07,5.7731,5.7731,5.7984,5.7099,5.7668,412015,3737045,-0.0063,-0.1095,9.0702,0.7491,501600000,N/A,1428192000,55000000,0,156600000,107.574,3.5479,4.1259,-83.1623,
600243.SH,青海华鼎,2003-04-08,5.7668,5.7668,5.9375,5.7289,5.9122,799980,7408727,0.1454,2.5219,9.2611,1.4545,514250000,N/A,1464210000,55000000,0,156600000,110.287,3.6374,4.23,-85.2596,
600243.SH,青海华鼎,2003-04-09,5.9122,5.9438,6.0703,5.9122,6.0513,1969681,18694611,0.1391,2.3529,9.4912,3.5812,526350000,N/A,1498662000,55000000,0,156600000,112.882,3.723,4.3295,-87.2658,
600243.SH,青海华鼎,2003-04-10,6.0513,6.0513,6.0513,5.8996,5.9944,857915,8092424,-0.0569,-0.9404,9.4327,1.5598,521400000,N/A,1484568000,55000000,0,156600000,111.8204,3.6879,4.2888,-86.4451,
600243.SH,青海华鼎,2003-04-11,5.9944,5.9628,6.0261,5.9375,6.0071,742282,7012999,0.0126,0.211,9.4479,1.3496,522500000,N/A,1487700000,55000000,0,156600000,112.0563,3.6957,4.2978,-86.6274,
600243.SH,青海华鼎,2003-04-14,6.0071,5.9944,6.1841,5.9186,6.1588,1111733,10691652,0.1518,2.5263,9.6171,2.0213,535700000,N/A,1525284000,55000000,0,156600000,114.8872,3.7891,4.4064,-88.8159,
600243.SH,青海华鼎,2003-04-15,6.1588,6.1652,6.26,6.0703,6.1146,870559,8438889,-0.0443,-0.7187,9.6936,1.5828,531850000,N/A,1514322000,55000000,0,156600000,114.0615,3.7619,4.3747,-88.1776,
600243.SH,青海华鼎,2003-04-16,6.1146,6.1335,6.298,5.9312,5.9375,1015726,9852232,-0.1771,-2.8956,9.6997,1.8468,516450000,N/A,1470474000,55000000,0,156600000,110.7588,3.6529,4.2481,-85.6244,
600243.SH,青海华鼎,2003-04-17,5.9375,5.9438,5.9818,5.7478,5.8806,792878,7335384,-0.0569,-0.9585,9.2516,1.4416,511500000,N/A,1456380000,55000000,0,156600000,109.6972,3.6179,4.2074,-84.8037,
600243.SH,青海华鼎,2003-04-18,5.8806,5.8364,5.9438,5.7605,5.8174,539927,4964690,-0.0632,-1.0753,9.1951,0.9817,506000000,N/A,1440720000,55000000,0,156600000,108.5177,3.579,4.1621,-83.8918,
600243.SH,青海华鼎,2003-04-21,5.8174,5.8174,5.8174,5.6277,5.7225,528592,4775251,-0.0948,-1.6304,9.0339,0.9611,497750000,N/A,1417230000,55000000,0,156600000,106.7483,3.5207,4.0943,-82.524,
600243.SH,青海华鼎,2003-04-22,5.7225,5.7225,5.7984,5.6783,5.7036,216050,1959030,-0.019,-0.3315,9.0675,0.3928,496100000,N/A,1412532000,55000000,0,156600000,106.3945,3.509,4.0807,-82.2505,
600243.SH,青海华鼎,2003-04-23,5.7036,5.7036,5.7668,5.6656,5.6846,342900,3089059,-0.019,-0.3326,9.0086,0.6235,494450000,N/A,1407834000,55000000,0,156600000,106.0406,3.4973,4.0671,-81.9769,
600243.SH,青海华鼎,2003-04-24,5.6846,5.6909,5.7225,5.5012,5.5328,436201,3866392,-0.1518,-2.6696,8.8638,0.7931,481250000,N/A,1370250000,55000000,0,156600000,103.2097,3.404,3.9585,-79.7884,
600243.SH,青海华鼎,2003-04-25,5.5328,5.5645,5.615,5.4064,5.4317,304638,2646051,-0.1012,-1.8286,8.6859,0.5539,472450000,N/A,1345194000,55000000,0,156600000,101.3225,3.3417,3.8861,-78.3294,
600243.SH,青海华鼎,2003-04-28,5.4317,5.3811,5.4001,5.1092,5.3748,531183,4434921,-0.0569,-1.0477,8.3491,0.9658,467500000,N/A,1331100000,55000000,0,156600000,100.2609,3.3067,3.8454,-77.5088,
600243.SH,青海华鼎,2003-04-29,5.3748,5.3748,5.4317,5.1851,5.204,445877,3700162,-0.1707,-3.1765,8.2986,0.8107,452650000,N/A,1288818000,55000000,0,156600000,97.0761,3.2017,3.7233,-75.0467,
600243.SH,青海华鼎,2003-04-30,5.204,5.2926,5.2926,5.0459,5.0712,730050,5912608,-0.1328,-2.5516,8.0989,1.3274,441100000,N/A,1255932000,55000000,0,156600000,94.5991,3.12,3.6283,-73.1318,
600243.SH,青海华鼎,2003-05-12,5.0712,5.0586,5.0586,4.7488,4.7677,576842,4458756,-0.3035,-5.985,7.7296,1.0488,414700000,N/A,1180764000,55000000,0,156600000,88.9373,2.9332,3.4111,-68.7548,
600243.SH,青海华鼎,2003-05-13,4.7677,4.7424,4.7424,4.4832,4.6349,974050,7060153,-0.1328,-2.7851,7.2482,1.771,403150000,N/A,1147878000,55000000,0,156600000,86.4603,2.8515,3.3161,-66.8399,
600243.SH,青海华鼎,2003-05-14,4.6349,4.6855,4.8563,4.6539,4.8436,935168,7058355,0.2087,4.502,7.5477,1.7003,421300000,N/A,1199556000,55000000,0,156600000,90.3527,2.9799,3.4654,-69.8491,
600243.SH,青海华鼎,2003-05-15,4.8436,4.812,5.027,4.7804,4.9954,662116,5137066,0.1518,3.1332,7.7586,1.2038,434500000,N/A,1237140000,55000000,0,156600000,93.1836,3.0733,3.574,-72.0376,
600243.SH,青海华鼎,2003-05-16,4.9954,4.9827,4.9954,4.9005,4.9637,397635,3113522,-0.0316,-0.6329,7.8301,0.723,431750000,N/A,1229310000,55000000,0,156600000,92.5939,3.0538,3.5514,-71.5816,
600243.SH,青海华鼎,2003-05-19,4.9637,4.9448,5.1471,4.9321,5.0649,502662,4027432,0.1012,2.0382,8.0122,0.9139,440550000,N/A,1254366000,55000000,0,156600000,94.4811,3.1161,3.6238,-73.0406,
600243.SH,青海华鼎,2003-05-20,5.0649,5.0396,5.0396,4.9005,4.9132,322272,2513623,-0.1518,-2.9963,7.7997,0.5859,427350000,N/A,1216782000,55000000,0,156600000,91.6502,3.0227,3.5152,-70.8521,
600243.SH,青海华鼎,2003-05-21,4.9132,4.9195,4.989,4.9005,4.9448,233143,1818994,0.0316,0.6435,7.8021,0.4239,430100000,N/A,1224612000,55000000,0,156600000,92.24,3.0422,3.5378,-71.3081,
600243.SH,青海华鼎,2003-05-22,4.9448,4.9448,4.9448,4.8689,4.9448,169799,1320233,0,0,7.7753,0.3087,430100000,N/A,1224612000,55000000,0,156600000,92.24,3.0422,3.5378,-71.3081,
600243.SH,青海华鼎,2003-05-23,4.9448,4.9448,5.0712,4.9005,4.9827,365542,2889734,0.0379,0.7673,7.9053,0.6646,433400000,N/A,1234008000,55000000,0,156600000,92.9477,3.0655,3.5649,-71.8552,
600243.SH,青海华鼎,2003-05-26,4.9827,4.989,5.1155,4.9827,5.1092,426566,3408350,0.1265,2.5381,7.9902,0.7756,444400000,N/A,1265328000,55000000,0,156600000,95.3068,3.1433,3.6554,-73.6789,
600243.SH,青海华鼎,2003-05-27,5.1092,5.1218,5.2356,5.0839,5.1598,554626,4517548,0.0506,0.9901,8.1452,1.0084,448800000,N/A,1277856000,55000000,0,156600000,96.2504,3.1744,3.6916,-74.4084,
600243.SH,青海华鼎,2003-05-28,5.1598,5.1724,5.2104,5.1092,5.1345,385301,3138484,-0.0253,-0.4902,8.1455,0.7005,446600000,N/A,1271592000,55000000,0,156600000,95.7786,3.1589,3.6735,-74.0437,
600243.SH,青海华鼎,2003-05-29,5.1345,5.1218,5.1724,5.0396,5.1218,434841,3497886,-0.0126,-0.2463,8.0441,0.7906,445500000,N/A,1268460000,55000000,0,156600000,95.5427,3.1511,3.6645,-73.8613,
600243.SH,青海华鼎,2003-05-30,5.1218,5.1408,5.2356,5.1408,5.2356,603608,4957841,0.1138,2.2222,8.2137,1.0975,455400000,N/A,1296648000,55000000,0,156600000,97.6659,3.2211,3.7459,-75.5027,
600243.SH,青海华鼎,2003-06-02,5.2356,5.2546,5.2989,5.1661,5.1977,432911,3575815,-0.0379,-0.7246,8.2599,0.7871,452100000,N/A,1287252000,55000000,0,156600000,96.9582,3.1978,3.7188,-74.9555,
600243.SH,青海华鼎,2003-06-03,5.1977,5.1851,5.2167,5.0902,5.0965,270400,2194907,-0.1012,-1.9465,8.1173,0.4916,443300000,N/A,1262196000,55000000,0,156600000,95.0709,3.1355,3.6464,-73.4965,
600243.SH,青海华鼎,2003-06-04,5.0965,5.0712,5.0965,4.9574,5.0459,389510,3101050,-0.0506,-0.9926,7.9614,0.7082,438900000,N/A,1249668000,55000000,0,156600000,94.1273,3.1044,3.6102,-72.7671,
600243.SH,青海华鼎,2003-06-05,5.0459,5.0017,5.0207,4.9321,4.9574,330623,2607979,-0.0885,-1.7544,7.8881,0.6011,431200000,N/A,1227744000,55000000,0,156600000,92.4759,3.0499,3.5468,-71.4904,
600243.SH,青海华鼎,2003-06-06,4.9574,4.9385,5.0207,4.9068,4.9511,308357,2410854,-0.0063,-0.1276,7.8184,0.5606,430650000,N/A,1226178000,55000000,0,156600000,92.358,3.0461,3.5423,-71.3993,
600243.SH,青海华鼎,2003-06-09,4.9511,4.9511,4.9511,4.9511,4.9511,N/A,N/A,0,0,N/A,N/A,430650000,N/A,1226178000,55000000,0,156600000,92.358,3.0461,3.5423,-71.3993,
600243.SH,青海华鼎,2003-06-10,4.9511,4.8689,4.9637,4.8689,4.9385,189101,1473340,-0.0126,-0.2554,7.7913,0.3438,429550000,N/A,1223046000,55000000,0,156600000,92.1221,3.0383,3.5333,-71.2169,
600243.SH,青海华鼎,2003-06-11,4.9385,4.9448,5.0333,4.9385,5.027,211701,1674174,0.0885,1.7926,7.9082,0.3849,437250000,N/A,1244970000,55000000,0,156600000,93.7734,3.0927,3.5966,-72.4935,
600243.SH,青海华鼎,2003-06-12,5.027,5.008,5.0712,4.9954,5.0649,223648,1780010,0.0379,0.7547,7.959,0.4066,440550000,N/A,1254366000,55000000,0,156600000,94.4811,3.1161,3.6238,-73.0406,
600243.SH,青海华鼎,2003-06-13,5.0649,5.0712,5.2483,5.0586,5.1787,852294,6980375,0.1138,2.2472,8.1901,1.5496,450450000,N/A,1282554000,55000000,0,156600000,96.6043,3.1861,3.7052,-74.682,
600243.SH,青海华鼎,2003-06-16,5.1787,5.1851,5.2167,5.1218,5.2167,267800,2188686,0.0379,0.7326,8.1728,0.4869,453750000,N/A,1291950000,55000000,0,156600000,97.312,3.2094,3.7323,-75.2291,
600243.SH,青海华鼎,2003-06-17,5.2167,5.2167,5.2167,5.1155,5.1598,223400,1817832,-0.0569,-1.0909,8.1371,0.4062,448800000,N/A,1277856000,55000000,0,156600000,96.2504,3.1744,3.6916,-74.4084,
600243.SH,青海华鼎,2003-06-18,5.1598,5.1282,5.204,5.0902,5.1345,194100,1580166,-0.0253,-0.4902,8.141,0.3529,446600000,N/A,1271592000,55000000,0,156600000,95.7786,3.1589,3.6735,-74.0437,
600243.SH,青海华鼎,2003-06-19,5.1345,5.0776,5.1218,4.9764,5.0143,283384,2253518,-0.1201,-2.3399,7.9522,0.5152,436150000,N/A,1241838000,55000000,0,156600000,93.5375,3.085,3.5876,-72.3111,
600243.SH,青海华鼎,2003-06-20,5.0143,4.9954,5.027,4.9701,5.0017,157200,1242512,-0.0126,-0.2522,7.904,0.2858,435050000,N/A,1238706000,55000000,0,156600000,93.3016,3.0772,3.5785,-72.1287,
600243.SH,青海华鼎,2003-06-23,5.0017,4.9511,4.9764,4.8752,4.9132,234901,1826789,-0.0885,-1.7699,7.7768,0.4271,427350000,N/A,1216782000,55000000,0,156600000,91.6502,3.0227,3.5152,-70.8521,
600243.SH,青海华鼎,2003-06-24,4.9132,4.9321,4.9637,4.9005,4.9574,152021,1186692,0.0443,0.9009,7.8061,0.2764,431200000,N/A,1227744000,55000000,0,156600000,92.4759,3.0499,3.5468,-71.4904,
600243.SH,青海华鼎,2003-06-25,4.9574,4.9574,4.989,4.9195,4.9448,132100,1036009,-0.0126,-0.2551,7.8426,0.2402,430100000,N/A,1224612000,55000000,0,156600000,92.24,3.0422,3.5378,-71.3081,
600243.SH,青海华鼎,2003-06-26,4.9448,4.9005,4.9954,4.8373,4.9954,308750,2397086,0.0506,1.023,7.7638,0.5614,434500000,N/A,1237140000,55000000,0,156600000,93.1836,3.0733,3.574,-72.0376,
600243.SH,青海华鼎,2003-06-27,4.9954,4.9764,4.9764,4.8563,4.8752,157330,1223526,-0.1201,-2.4051,7.7768,0.2861,424050000,N/A,1207386000,55000000,0,156600000,90.9425,2.9994,3.488,-70.305,
600243.SH,青海华鼎,2003-06-30,4.8752,4.8373,4.8815,4.7488,4.7867,156900,1193470,-0.0885,-1.8158,7.6066,0.2853,416350000,N/A,1185462000,55000000,0,156600000,89.2912,2.9449,3.4247,-69.0284,
600243.SH,青海华鼎,2003-07-01,4.7867,4.8563,4.8815,4.774,4.8373,206020,1572894,0.0506,1.0568,7.6347,0.3746,420750000,N/A,1197990000,55000000,0,156600000,90.2348,2.976,3.4609,-69.7579,
600243.SH,青海华鼎,2003-07-02,4.8373,4.8499,4.989,4.7488,4.9764,396866,3087220,0.1391,2.8758,7.779,0.7216,432850000,N/A,1232442000,55000000,0,156600000,92.8298,3.0616,3.5604,-71.764,
600243.SH,青海华鼎,2003-07-03,4.9764,4.9764,5.0712,4.8942,5.0333,440355,3481111,0.0569,1.1436,7.9052,0.8006,437800000,N/A,1246536000,55000000,0,156600000,93.8914,3.0966,3.6011,-72.5847,
600243.SH,青海华鼎,2003-07-04,5.0333,5.0902,5.1851,5.0902,5.1282,1850788,15045123,0.0948,1.8844,8.129,3.3651,446050000,N/A,1270026000,55000000,0,156600000,95.6607,3.155,3.669,-73.9525,
600243.SH,青海华鼎,2003-07-07,5.1282,5.1029,5.1029,4.9827,5.0333,410301,3256444,-0.0948,-1.8496,7.9367,0.746,437800000,N/A,1246536000,55000000,0,156600000,93.8914,3.0966,3.6011,-72.5847,
600243.SH,青海华鼎,2003-07-08,5.0333,4.989,5.1218,4.9827,5.1092,266039,2110908,0.0759,1.5075,7.9346,0.4837,444400000,N/A,1265328000,55000000,0,156600000,95.3068,3.1433,3.6554,-73.6789,
600243.SH,青海华鼎,2003-07-09,5.1092,5.0649,5.1029,4.9637,5.008,265002,2103979,-0.1012,-1.9802,7.9395,0.4818,435600000,N/A,1240272000,55000000,0,156600000,93.4195,3.0811,3.583,-72.2199,
600243.SH,青海华鼎,2003-07-10,5.008,4.9826,5.0715,4.9636,5.0588,384476,3045299,0.0508,1.0139,7.9206,0.699,438350000,N/A,1248102000,55000000,0,156600000,94.0093,3.1005,3.6057,-72.6759,
600243.SH,青海华鼎,2003-07-11,5.0588,5.0778,5.1096,5.008,5.1032,248635,1977796,0.0444,0.8783,7.9546,0.4521,442200000,N/A,1259064000,55000000,0,156600000,94.835,3.1278,3.6373,-73.3142,
600243.SH,青海华鼎,2003-07-14,5.1032,5.0842,5.0969,4.9953,5.0397,130770,1036436,-0.0635,-1.2438,7.9256,0.2378,436700000,N/A,1243404000,55000000,0,156600000,93.6555,3.0888,3.5921,-72.4023,
600243.SH,青海华鼎,2003-07-15,5.0397,5.0397,5.0397,4.9001,4.9382,225095,1755484,-0.1016,-2.0151,7.7989,0.4093,427900000,N/A,1218348000,55000000,0,156600000,91.7682,3.0266,3.5197,-70.9433,
600243.SH,青海华鼎,2003-07-16,4.9382,4.9128,4.9509,4.8747,4.9065,221550,1711313,-0.0317,-0.6427,7.7243,0.4028,425150000,N/A,1210518000,55000000,0,156600000,91.1784,3.0072,3.4971,-70.4874,
600243.SH,青海华鼎,2003-07-17,4.9065,4.9065,4.9318,4.8747,4.9318,276049,2127426,0.0254,0.5175,7.7067,0.5019,427350000,N/A,1216782000,55000000,0,156600000,91.6502,3.0227,3.5152,-70.8521,
600243.SH,青海华鼎,2003-07-18,4.9318,4.9318,4.9318,4.7922,4.8493,504400,3846111,-0.0825,-1.6731,7.6251,0.9171,420200000,N/A,1196424000,55000000,0,156600000,90.1168,2.9721,3.4564,-69.6667,
600243.SH,青海华鼎,2003-07-21,4.8493,4.7795,4.8366,4.7097,4.7224,226700,1694451,-0.1269,-2.6178,7.4744,0.4122,409200000,N/A,1165104000,55000000,0,156600000,87.7578,2.8943,3.3659,-67.843,
600243.SH,青海华鼎,2003-07-22,4.7224,4.7732,4.8557,4.7097,4.8049,120204,900371,0.0825,1.7473,7.4904,0.2186,416350000,N/A,1185462000,55000000,0,156600000,89.2912,2.9449,3.4247,-69.0284,
600243.SH,青海华鼎,2003-07-23,4.8049,4.7605,4.8049,4.7414,4.7985,88790,668431,-0.0063,-0.1321,7.5282,0.1614,415800000,N/A,1183896000,55000000,0,156600000,89.1732,2.941,3.4202,-68.9372,
600243.SH,青海华鼎,2003-07-24,4.7985,4.7985,4.7985,4.716,4.7224,114100,854547,-0.0762,-1.5873,7.4895,0.2075,409200000,N/A,1165104000,55000000,0,156600000,87.7578,2.8943,3.3659,-67.843,
600243.SH,青海华鼎,2003-07-25,4.7224,4.6906,4.7922,4.6526,4.6716,150650,1113466,-0.0508,-1.0753,7.3911,0.2739,404800000,N/A,1152576000,55000000,0,156600000,86.8141,2.8632,3.3297,-67.1135,
600243.SH,青海华鼎,2003-07-28,4.6716,4.6716,4.6716,4.57,4.6081,207300,1504583,-0.0635,-1.3587,7.258,0.3769,399300000,N/A,1136916000,55000000,0,156600000,85.6346,2.8243,3.2844,-66.2016,
600243.SH,青海华鼎,2003-07-29,4.6081,4.6081,4.6653,4.5954,4.6208,126400,922284,0.0127,0.2755,7.2966,0.2298,400400000,N/A,1140048000,55000000,0,156600000,85.8705,2.8321,3.2935,-66.384,
600243.SH,青海华鼎,2003-07-30,4.6208,4.6208,4.6462,4.57,4.5827,83850,607442,-0.0381,-0.8242,7.2444,0.1525,397100000,N/A,1130652000,55000000,0,156600000,85.1628,2.8088,3.2664,-65.8369,
600243.SH,青海华鼎,2003-07-31,4.5827,4.6272,4.6272,4.5764,4.5954,61697,446337,0.0127,0.277,7.2343,0.1122,398200000,N/A,1133784000,55000000,0,156600000,85.3987,2.8165,3.2754,-66.0192,
600243.SH,青海华鼎,2003-08-01,4.5954,4.6589,4.6589,4.532,4.57,114600,823835,-0.0254,-0.5525,7.1888,0.2084,396000000,N/A,1127520000,55000000,0,156600000,84.9269,2.801,3.2573,-65.6545,
600243.SH,青海华鼎,2003-08-04,4.57,4.5447,4.6653,4.5447,4.6653,130587,951167,0.0952,2.0833,7.2838,0.2374,404250000,N/A,1151010000,55000000,0,156600000,86.6962,2.8593,3.3252,-67.0223,
600243.SH,青海华鼎,2003-08-05,4.6653,4.6653,4.7033,4.6399,4.6843,97100,715884,0.019,0.4082,7.3726,0.1765,405900000,N/A,1155708000,55000000,0,156600000,87.05,2.871,3.3387,-67.2958,
600243.SH,青海华鼎,2003-08-06,4.6843,4.6843,4.7351,4.57,4.7097,155844,1148053,0.0254,0.542,7.3667,0.2834,408100000,N/A,1161972000,55000000,0,156600000,87.5218,2.8866,3.3568,-67.6606,
600243.SH,青海华鼎,2003-08-07,4.7097,4.6653,4.7478,4.6653,4.697,78650,584336,-0.0127,-0.2695,7.4296,0.143,407000000,N/A,1158840000,55000000,0,156600000,87.2859,2.8788,3.3478,-67.4782,
600243.SH,青海华鼎,2003-08-08,4.697,4.6843,4.697,4.5827,4.5891,99350,725134,-0.1079,-2.2973,7.2988,0.1806,397650000,N/A,1132218000,55000000,0,156600000,85.2807,2.8126,3.2709,-65.928,
600243.SH,青海华鼎,2003-08-11,4.5891,4.57,4.6843,4.5447,4.6716,96265,696055,0.0825,1.7981,7.2306,0.175,404800000,N/A,1152576000,55000000,0,156600000,86.8141,2.8632,3.3297,-67.1135,
600243.SH,青海华鼎,2003-08-12,4.6716,4.6653,4.697,4.6018,4.678,81800,600564,0.0063,0.1359,7.3419,0.1487,405350000,N/A,1154142000,55000000,0,156600000,86.9321,2.8671,3.3342,-67.2047,
600243.SH,青海华鼎,2003-08-13,4.678,4.697,4.697,4.57,4.5891,93500,680950,-0.0889,-1.8996,7.2829,0.17,397650000,N/A,1132218000,55000000,0,156600000,85.2807,2.8126,3.2709,-65.928,
600243.SH,青海华鼎,2003-08-14,4.5891,4.6018,4.6653,4.57,4.5954,170500,1243173,0.0063,0.1383,7.2913,0.31,398200000,N/A,1133784000,55000000,0,156600000,85.3987,2.8165,3.2754,-66.0192,
600243.SH,青海华鼎,2003-08-15,4.5954,4.57,4.6208,4.5129,4.6081,162750,1171259,0.0127,0.2762,7.1967,0.2959,399300000,N/A,1136916000,55000000,0,156600000,85.6346,2.8243,3.2844,-66.2016,
600243.SH,青海华鼎,2003-08-18,4.6081,4.5891,4.6208,4.5447,4.57,77000,554882,-0.0381,-0.8264,7.2063,0.14,396000000,N/A,1127520000,55000000,0,156600000,84.9269,2.801,3.2573,-65.6545,
600243.SH,青海华鼎,2003-08-19,4.57,4.57,4.697,4.5447,4.6906,271159,1990671,0.1206,2.6389,7.3413,0.493,406450000,N/A,1157274000,55000000,0,156600000,87.168,2.8749,3.3433,-67.387,
600243.SH,青海华鼎,2003-08-20,4.6906,4.7097,4.7605,4.6208,4.6843,354538,2625480,-0.0063,-0.1353,7.4054,0.6446,405900000,N/A,1155708000,55000000,0,156600000,87.05,2.871,3.3387,-67.2958,
600243.SH,青海华鼎,2003-08-21,4.6843,4.6462,4.6906,4.5891,4.6589,123078,901204,-0.0254,-0.542,7.3222,0.2238,403700000,N/A,1149444000,55000000,0,156600000,86.5782,2.8554,3.3206,-66.9311,
600243.SH,青海华鼎,2003-08-22,4.6589,4.6526,4.6653,4.5891,4.6335,120900,878468,-0.0254,-0.545,7.2661,0.2198,401500000,N/A,1143180000,55000000,0,156600000,86.1064,2.8399,3.3025,-66.5664,
600243.SH,青海华鼎,2003-08-25,4.6335,4.5891,4.6018,4.5383,4.551,116480,837049,-0.0825,-1.7808,7.1862,0.2118,394350000,N/A,1122822000,55000000,0,156600000,84.573,2.7893,3.2437,-65.3809,
600243.SH,青海华鼎,2003-08-26,4.551,4.5637,4.5764,4.532,4.5574,97400,698463,0.0063,0.1395,7.1711,0.1771,394900000,N/A,1124388000,55000000,0,156600000,84.691,2.7932,3.2483,-65.4721,
600243.SH,青海华鼎,2003-08-27,4.5574,4.6399,4.6399,4.5447,4.5574,71733,515854,0,0,7.1913,0.1304,394900000,N/A,1124388000,55000000,0,156600000,84.691,2.7932,3.2483,-65.4721,
600243.SH,青海华鼎,2003-08-28,4.5574,4.5637,4.6208,4.532,4.5574,100139,723327,0,0,7.2232,0.1821,394900000,N/A,1124388000,55000000,0,156600000,84.691,2.7932,3.2483,-65.4721,
600243.SH,青海华鼎,2003-08-29,4.5574,4.4748,4.57,4.4748,4.5447,127190,904628,-0.0127,-0.2786,7.1124,0.2313,393800000,N/A,1121256000,55000000,0,156600000,84.455,2.7854,3.2392,-65.2897,
600243.SH,青海华鼎,2003-09-01,4.5447,4.5383,4.6653,4.4939,4.6589,179450,1298242,0.1143,2.514,7.2346,0.3263,403700000,N/A,1149444000,55000000,0,156600000,86.5782,2.8554,3.3206,-66.9311,
600243.SH,青海华鼎,2003-09-02,4.6589,4.6653,4.678,4.6018,4.6335,259820,1904937,-0.0254,-0.545,7.3318,0.4724,401500000,N/A,1143180000,55000000,0,156600000,86.1064,2.8399,3.3025,-66.5664,
600243.SH,青海华鼎,2003-09-03,4.6335,4.6399,4.7478,4.6208,4.7287,360707,2672188,0.0952,2.0548,7.4082,0.6558,409750000,N/A,1166670000,55000000,0,156600000,87.8757,2.8982,3.3704,-67.9342,
600243.SH,青海华鼎,2003-09-04,4.7287,4.7287,4.7287,4.6589,4.6716,175400,1295470,-0.0571,-1.2081,7.3858,0.3189,404800000,N/A,1152576000,55000000,0,156600000,86.8141,2.8632,3.3297,-67.1135,
600243.SH,青海华鼎,2003-09-05,4.6716,4.6399,4.6653,4.57,4.5891,123599,899865,-0.0825,-1.7663,7.2805,0.2247,397650000,N/A,1132218000,55000000,0,156600000,85.2807,2.8126,3.2709,-65.928,
600243.SH,青海华鼎,2003-09-08,4.5891,4.57,4.5827,4.532,4.5637,141550,1016451,-0.0254,-0.5533,7.1809,0.2574,395450000,N/A,1125954000,55000000,0,156600000,84.8089,2.7971,3.2528,-65.5633,
600243.SH,青海华鼎,2003-09-09,4.5637,4.5574,4.5954,4.5574,4.5764,118310,851439,0.0127,0.2782,7.1967,0.2151,396550000,N/A,1129086000,55000000,0,156600000,85.0448,2.8049,3.2618,-65.7457,
600243.SH,青海华鼎,2003-09-10,4.5764,4.57,4.6018,4.5574,4.5954,77980,562480,0.019,0.4161,7.2131,0.1418,398200000,N/A,1133784000,55000000,0,156600000,85.3987,2.8165,3.2754,-66.0192,
600243.SH,青海华鼎,2003-09-11,4.5954,4.5891,4.6208,4.57,4.5764,41000,296139,-0.019,-0.4144,7.2229,0.0745,396550000,N/A,1129086000,55000000,0,156600000,85.0448,2.8049,3.2618,-65.7457,
600243.SH,青海华鼎,2003-09-12,4.5764,4.551,4.5637,4.4177,4.4241,243900,1719525,-0.1523,-3.3287,7.0501,0.4435,383350000,N/A,1091502000,55000000,0,156600000,82.2139,2.7115,3.1533,-63.5572,
600243.SH,青海华鼎,2003-09-15,4.4241,4.4241,4.4431,4.259,4.2717,261963,1789950,-0.1523,-3.4433,6.8328,0.4763,370150000,N/A,1053918000,55000000,0,156600000,79.383,2.6181,3.0447,-61.3687,
600243.SH,青海华鼎,2003-09-16,4.2717,4.259,4.3733,4.259,4.3606,142901,970320,0.0889,2.0802,6.7902,0.2598,377850000,N/A,1075842000,55000000,0,156600000,81.0344,2.6726,3.108,-62.6453,
600243.SH,青海华鼎,2003-09-17,4.3606,4.3669,4.3669,4.2083,4.2463,68371,460232,-0.1143,-2.6201,6.7314,0.1243,367950000,N/A,1047654000,55000000,0,156600000,78.9112,2.6026,3.0266,-61.004,
600243.SH,青海华鼎,2003-09-18,4.2463,4.2463,4.405,4.2083,4.2781,101885,682443,0.0317,0.7474,6.6982,0.1852,370700000,N/A,1055484000,55000000,0,156600000,79.501,2.622,3.0492,-61.4599,
600243.SH,青海华鼎,2003-09-19,4.2781,4.2908,4.2908,4.2083,4.2717,65017,435066,-0.0063,-0.1484,6.6916,0.1182,370150000,N/A,1053918000,55000000,0,156600000,79.383,2.6181,3.0447,-61.3687,
600243.SH,青海华鼎,2003-09-22,4.2717,4.2717,4.3035,4.2209,4.2971,56449,377457,0.0254,0.5944,6.6867,0.1026,372350000,N/A,1060182000,55000000,0,156600000,79.8548,2.6337,3.0628,-61.7335,
600243.SH,青海华鼎,2003-09-23,4.2971,4.2527,4.3162,4.2209,4.3098,66047,444476,0.0127,0.2954,6.7297,0.1201,373450000,N/A,1063314000,55000000,0,156600000,80.0907,2.6415,3.0718,-61.9158,
600243.SH,青海华鼎,2003-09-24,4.3098,4.3035,4.3987,4.2717,4.386,119463,818466,0.0762,1.7673,6.8512,0.2172,380050000,N/A,1082106000,55000000,0,156600000,81.5062,2.6882,3.1261,-63.0101,
600243.SH,青海华鼎,2003-09-25,4.386,4.4114,4.4114,4.2463,4.2463,86525,584861,-0.1396,-3.1838,6.7594,0.1573,367950000,N/A,1047654000,55000000,0,156600000,78.9112,2.6026,3.0266,-61.004,
600243.SH,青海华鼎,2003-09-26,4.2463,4.3162,4.3162,4.24,4.2527,43300,291098,0.0063,0.1495,6.7228,0.0787,368500000,N/A,1049220000,55000000,0,156600000,79.0292,2.6065,3.0311,-61.0951,
600243.SH,青海华鼎,2003-09-29,4.2527,4.2527,4.2527,4.1575,4.1702,87090,573594,-0.0825,-1.9403,6.5862,0.1583,361350000,N/A,1028862000,55000000,0,156600000,77.4958,2.5559,2.9723,-59.9097,
600243.SH,青海华鼎,2003-09-30,4.1702,4.1702,4.24,4.1257,4.2019,126217,830761,0.0317,0.761,6.582,0.2295,364100000,N/A,1036692000,55000000,0,156600000,78.0855,2.5753,2.9949,-60.3657,
600243.SH,青海华鼎,2003-10-08,4.2019,4.1448,4.2019,4.1257,4.1892,72600,477322,-0.0127,-0.3021,6.5747,0.132,363000000,N/A,1033560000,55000000,0,156600000,77.8496,2.5676,2.9859,-60.1833,
600243.SH,青海华鼎,2003-10-09,4.1892,4.1956,4.2273,4.1575,4.1765,52500,346670,-0.0127,-0.303,6.6032,0.0955,361900000,N/A,1030428000,55000000,0,156600000,77.6137,2.5598,2.9768,-60.0009,
600243.SH,青海华鼎,2003-10-10,4.1765,4.2019,4.3289,4.1638,4.3035,149841,1007703,0.1269,3.0395,6.7251,0.2724,372900000,N/A,1061748000,55000000,0,156600000,79.9728,2.6376,3.0673,-61.8246,
600243.SH,青海华鼎,2003-10-13,4.3035,4.3035,4.3162,4.2209,4.259,109705,737104,-0.0444,-1.0324,6.719,0.1995,369050000,N/A,1050786000,55000000,0,156600000,79.1471,2.6103,3.0356,-61.1863,
600243.SH,青海华鼎,2003-10-14,4.259,4.2336,4.2717,4.1638,4.2019,101100,669317,-0.0571,-1.3413,6.6203,0.1838,364100000,N/A,1036692000,55000000,0,156600000,78.0855,2.5753,2.9949,-60.3657,
600243.SH,青海华鼎,2003-10-15,4.2019,4.1892,4.2971,4.1765,4.1765,101230,674297,-0.0254,-0.6042,6.661,0.1841,361900000,N/A,1030428000,55000000,0,156600000,77.6137,2.5598,2.9768,-60.0009,
600243.SH,青海华鼎,2003-10-16,4.1765,4.2844,4.2844,4.1257,4.1384,98930,648280,-0.0381,-0.9119,6.5529,0.1799,358600000,N/A,1021032000,55000000,0,156600000,76.906,2.5364,2.9497,-59.4538,
600243.SH,青海华鼎,2003-10-17,4.1384,4.1829,4.1829,4.0559,4.0877,123200,792945,-0.0508,-1.227,6.4362,0.224,354200000,N/A,1008504000,55000000,0,156600000,75.9624,2.5053,2.9135,-58.7243,
600243.SH,青海华鼎,2003-10-20,4.0877,3.9671,4.0305,3.9226,3.9417,205931,1286434,-0.146,-3.5714,6.2469,0.3744,341550000,N/A,972486000,55000000,0,156600000,73.2494,2.4158,2.8094,-56.627,
600243.SH,青海华鼎,2003-10-21,3.9417,4.0305,4.0305,3.8718,3.9671,69142,428203,0.0254,0.6441,6.1931,0.1257,343750000,N/A,978750000,55000000,0,156600000,73.7212,2.4314,2.8275,-56.9917,
600243.SH,青海华鼎,2003-10-22,3.9671,3.9353,4.0686,3.9099,4.0305,207591,1310095,0.0635,1.6,6.3109,0.3774,349250000,N/A,994410000,55000000,0,156600000,74.9008,2.4703,2.8728,-57.9036,
600243.SH,青海华鼎,2003-10-23,4.0305,4.0305,4.0877,3.9417,3.9607,122109,773102,-0.0698,-1.7323,6.3312,0.222,343200000,N/A,977184000,55000000,0,156600000,73.6033,2.4275,2.823,-56.9006,
600243.SH,青海华鼎,2003-10-24,3.9607,3.6878,3.948,3.6878,3.9099,149404,918429,-0.0508,-1.2821,6.1473,0.2716,338800000,N/A,964656000,55000000,0,156600000,72.6596,2.3964,2.7868,-56.1711,
600243.SH,青海华鼎,2003-10-27,3.9099,3.8909,3.929,3.7957,3.8465,152998,930554,-0.0635,-1.6234,6.0821,0.2782,333300000,N/A,948996000,55000000,0,156600000,71.4801,2.3575,2.7416,-55.2592,
600243.SH,青海华鼎,2003-10-28,3.8465,3.8465,3.8782,3.7766,3.7957,119700,719286,-0.0508,-1.3201,6.0091,0.2176,328900000,N/A,936468000,55000000,0,156600000,70.5365,2.3264,2.7054,-54.5297,
600243.SH,青海华鼎,2003-10-29,3.7957,3.7449,3.8084,3.5862,3.6306,246612,1419312,-0.165,-4.3478,5.7552,0.4484,314600000,N/A,895752000,55000000,0,156600000,67.4697,2.2252,2.5877,-52.1588,
600243.SH,青海华鼎,2003-10-30,3.6306,3.5926,3.6243,3.51,3.5608,182700,1024636,-0.0698,-1.9231,5.6083,0.3322,308550000,N/A,878526000,55000000,0,156600000,66.1722,2.1824,2.538,-51.1558,
600243.SH,青海华鼎,2003-10-31,3.5608,3.5545,3.7005,3.5545,3.618,162000,924109,0.0571,1.6043,5.7044,0.2945,313500000,N/A,892620000,55000000,0,156600000,67.2338,2.2174,2.5787,-51.9765,
600243.SH,青海华鼎,2003-11-03,3.618,3.6116,3.6624,3.5291,3.6306,107099,606902,0.0127,0.3509,5.6667,0.1947,314600000,N/A,895752000,55000000,0,156600000,67.4697,2.2252,2.5877,-52.1588,
600243.SH,青海华鼎,2003-11-04,3.6306,3.6751,3.7957,3.618,3.7259,371430,2173963,0.0952,2.6224,5.853,0.6753,322850000,N/A,919242000,55000000,0,156600000,69.239,2.2836,2.6556,-53.5266,
600243.SH,青海华鼎,2003-11-05,3.7259,3.7259,3.7259,3.4974,3.5545,401436,2281914,-0.1714,-4.5997,5.6844,0.7299,308000000,N/A,876960000,55000000,0,156600000,66.0542,2.1785,2.5335,-51.0646,
600243.SH,青海华鼎,2003-11-06,3.5545,3.5608,3.5862,3.3641,3.3704,385610,2086552,-0.1841,-5.1786,5.411,0.7011,292050000,N/A,831546000,55000000,0,156600000,62.6336,2.0657,2.4023,-48.4202,
600243.SH,青海华鼎,2003-11-07,3.3704,3.3641,3.4275,3.2244,3.3641,376150,1957538,-0.0063,-0.1883,5.2041,0.6839,291500000,N/A,829980000,55000000,0,156600000,62.5156,2.0618,2.3977,-48.329,
600243.SH,青海华鼎,2003-11-10,3.3641,3.3514,3.3831,3.2815,3.3323,164003,861546,-0.0317,-0.9434,5.2532,0.2982,288750000,N/A,822150000,55000000,0,156600000,61.9258,2.0424,2.3751,-47.8731,
600243.SH,青海华鼎,2003-11-11,3.3323,3.3323,3.3768,3.2815,3.3704,140652,739300,0.0381,1.1429,5.2562,0.2557,292050000,N/A,831546000,55000000,0,156600000,62.6336,2.0657,2.4023,-48.4202,
600243.SH,青海华鼎,2003-11-12,3.3704,3.3323,3.3641,3.2879,3.3006,135200,708533,-0.0698,-2.0716,5.2406,0.2458,286000000,N/A,814320000,55000000,0,156600000,61.3361,2.0229,2.3525,-47.4171,
600243.SH,青海华鼎,2003-11-13,3.3006,3.3069,3.3831,3.2752,3.3514,164272,865086,0.0508,1.5385,5.2662,0.2987,290400000,N/A,826848000,55000000,0,156600000,62.2797,2.054,2.3887,-48.1466,
600243.SH,青海华鼎,2003-11-14,3.3514,3.3514,3.6243,3.3323,3.4783,518887,2837242,0.1269,3.7879,5.4679,0.9434,301400000,N/A,858168000,55000000,0,156600000,64.6388,2.1318,2.4792,-49.9704,
600243.SH,青海华鼎,2003-11-17,3.4783,3.4021,3.4656,3.3958,3.4402,211687,1143077,-0.0381,-1.0949,5.3998,0.3849,298100000,N/A,848772000,55000000,0,156600000,63.9311,2.1085,2.452,-49.4232,
600243.SH,青海华鼎,2003-11-18,3.4402,3.4402,3.472,3.3958,3.4021,129830,700399,-0.0381,-1.107,5.3947,0.2361,294800000,N/A,839376000,55000000,0,156600000,63.2233,2.0852,2.4249,-48.8761,
600243.SH,青海华鼎,2003-11-19,3.4021,3.4148,3.5481,3.3895,3.5354,370834,2039725,0.1333,3.9179,5.5004,0.6742,306350000,N/A,872262000,55000000,0,156600000,65.7004,2.1669,2.5199,-50.791,
600243.SH,青海华鼎,2003-11-20,3.5354,3.51,3.7322,3.472,3.6941,734143,4197839,0.1587,4.4883,5.718,1.3348,320100000,N/A,911412000,55000000,0,156600000,68.6492,2.2641,2.633,-53.0707,
600243.SH,青海华鼎,2003-11-21,3.6941,3.6941,3.7449,3.5291,3.5799,720408,4155529,-0.1143,-3.0928,5.7683,1.3098,310200000,N/A,883224000,55000000,0,156600000,66.526,2.1941,2.5516,-51.4293,
600243.SH,青海华鼎,2003-11-24,3.5799,3.6243,3.8592,3.5608,3.8084,607322,3549226,0.2285,6.383,5.8441,1.1042,330000000,N/A,939600000,55000000,0,156600000,70.7724,2.3341,2.7144,-54.7121,
600243.SH,青海华鼎,2003-11-25,3.8084,3.8718,3.948,3.7957,3.8211,1115397,6783200,0.0127,0.3333,6.0814,2.028,331100000,N/A,942732000,55000000,0,156600000,71.0083,2.3419,2.7235,-54.8944,
600243.SH,青海华鼎,2003-11-26,3.8211,3.8401,3.8718,3.7132,3.7766,598012,3574443,-0.0444,-1.1628,5.9772,1.0873,327250000,N/A,931770000,55000000,0,156600000,70.1826,2.3147,2.6918,-54.2561,
600243.SH,青海华鼎,2003-11-27,3.7766,3.783,3.8084,3.6433,3.6624,410334,2394668,-0.1143,-3.0252,5.8359,0.7461,317350000,N/A,903582000,55000000,0,156600000,68.0594,2.2447,2.6104,-52.6148,
600243.SH,青海华鼎,2003-11-28,3.6624,3.6433,3.7386,3.6433,3.6814,313880,1827643,0.019,0.5199,5.8227,0.5707,319000000,N/A,908280000,55000000,0,156600000,68.4133,2.2563,2.6239,-52.8883,
600243.SH,青海华鼎,2003-12-01,3.6814,3.7259,3.8274,3.7005,3.8211,631181,3754325,0.1396,3.7931,5.9481,1.1476,331100000,N/A,942732000,55000000,0,156600000,71.0083,2.3419,2.7235,-54.8944,
600243.SH,青海华鼎,2003-12-02,3.8211,3.8401,3.8465,3.7703,3.7893,477120,2856981,-0.0317,-0.8306,5.988,0.8675,328350000,N/A,934902000,55000000,0,156600000,70.4185,2.3225,2.7008,-54.4385,
600243.SH,青海华鼎,2003-12-03,3.7893,3.7957,4.1702,3.7957,3.9797,2825146,17971195,0.1904,5.0251,6.3612,5.1366,344850000,N/A,981882000,55000000,0,156600000,73.9571,2.4392,2.8366,-57.1741,
600243.SH,青海华鼎,2003-12-04,3.9797,3.8845,4.113,3.8845,4.1067,1518309,9583611,0.1269,3.1898,6.312,2.7606,355850000,N/A,1013202000,55000000,0,156600000,76.3162,2.517,2.9271,-58.9978,
600243.SH,青海华鼎,2003-12-05,4.1067,4.0686,4.0877,3.9607,4.0178,764184,4842207,-0.0889,-2.1638,6.3364,1.3894,348150000,N/A,991278000,55000000,0,156600000,74.6649,2.4625,2.8637,-57.7212,
600243.SH,青海华鼎,2003-12-08,4.0178,4.0178,4.0432,3.8845,3.9163,462229,2861184,-0.1016,-2.5276,6.19,0.8404,339350000,N/A,966222000,55000000,0,156600000,72.7776,2.4003,2.7913,-56.2622,
600243.SH,青海华鼎,2003-12-09,3.9163,3.8909,3.9861,3.8909,3.9734,325392,2014995,0.0571,1.4587,6.1925,0.5916,344300000,N/A,980316000,55000000,0,156600000,73.8392,2.4353,2.832,-57.0829,
600243.SH,青海华鼎,2003-12-10,3.9734,3.9734,4.0623,3.9353,4.0369,591982,3753902,0.0635,1.5974,6.3412,1.0763,349800000,N/A,995976000,55000000,0,156600000,75.0187,2.4742,2.8773,-57.9948,
600243.SH,青海华鼎,2003-12-11,4.0369,4.0305,4.0623,3.9226,3.9924,563700,3529495,-0.0444,-1.1006,6.2613,1.0249,345950000,N/A,985014000,55000000,0,156600000,74.1931,2.447,2.8456,-57.3565,
600243.SH,青海华鼎,2003-12-12,3.9924,3.9924,4.0496,3.9544,4.0178,424224,2677661,0.0254,0.6359,6.3119,0.7713,348150000,N/A,991278000,55000000,0,156600000,74.6649,2.4625,2.8637,-57.7212,
600243.SH,青海华鼎,2003-12-15,4.0178,3.9988,4.0178,3.9099,3.9163,314356,1953805,-0.1016,-2.5276,6.2153,0.5716,339350000,N/A,966222000,55000000,0,156600000,72.7776,2.4003,2.7913,-56.2622,
600243.SH,青海华鼎,2003-12-16,3.9163,3.9226,3.9226,3.783,3.8909,404112,2449494,-0.0254,-0.6483,6.0614,0.7347,337150000,N/A,959958000,55000000,0,156600000,72.3058,2.3847,2.7732,-55.8975,
600243.SH,青海华鼎,2003-12-17,3.8909,3.8401,3.9163,3.7957,3.8274,391306,2365366,-0.0635,-1.6313,6.0448,0.7115,331650000,N/A,944298000,55000000,0,156600000,71.1262,2.3458,2.728,-54.9856,
600243.SH,青海华鼎,2003-12-18,3.8274,3.7957,3.8718,3.6814,3.7259,267973,1599629,-0.1016,-2.6534,5.9694,0.4872,322850000,N/A,919242000,55000000,0,156600000,69.239,2.2836,2.6556,-53.5266,
600243.SH,青海华鼎,2003-12-19,3.7259,3.7259,3.7259,3.4148,3.4529,714984,3942388,-0.2729,-7.3254,5.514,1.3,299200000,N/A,851904000,55000000,0,156600000,64.167,2.1163,2.4611,-49.6056,
600243.SH,青海华鼎,2003-12-22,3.4529,3.3958,3.5862,3.3323,3.5799,448226,2429399,0.1269,3.6765,5.42,0.815,310200000,N/A,883224000,55000000,0,156600000,66.526,2.1941,2.5516,-51.4293,
600243.SH,青海华鼎,2003-12-23,3.5799,3.5799,3.5862,3.491,3.5227,449189,2498276,-0.0571,-1.5957,5.5617,0.8167,305250000,N/A,869130000,55000000,0,156600000,65.4645,2.1591,2.5108,-50.6087,
600243.SH,青海华鼎,2003-12-24,3.5227,3.5354,3.618,3.51,3.6116,350308,1961465,0.0889,2.5225,5.5993,0.6369,312950000,N/A,891054000,55000000,0,156600000,67.1158,2.2135,2.5742,-51.8853,
600243.SH,青海华鼎,2003-12-25,3.6116,3.6243,3.6243,3.5227,3.5608,266810,1493156,-0.0508,-1.406,5.5963,0.4851,308550000,N/A,878526000,55000000,0,156600000,66.1722,2.1824,2.538,-51.1558,
600243.SH,青海华鼎,2003-12-26,3.5608,3.618,3.6814,3.5418,3.5989,186298,1050127,0.0381,1.0695,5.6368,0.3387,311850000,N/A,887922000,55000000,0,156600000,66.8799,2.2058,2.5651,-51.7029,
600243.SH,青海华鼎,2003-12-29,3.5989,3.5418,3.5989,3.4974,3.51,251000,1394123,-0.0889,-2.4691,5.5543,0.4564,304150000,N/A,865998000,55000000,0,156600000,65.2285,2.1513,2.5018,-50.4263,
600243.SH,青海华鼎,2003-12-30,3.51,3.5037,3.5418,3.4402,3.472,280100,1534943,-0.0381,-1.085,5.48,0.5093,300850000,N/A,856602000,55000000,0,156600000,64.5208,2.128,2.4746,-49.8792,
600243.SH,青海华鼎,2003-12-31,3.472,3.4656,3.5291,3.4275,3.472,154002,838447,0,0,5.4444,0.28,300850000,N/A,856602000,55000000,0,156600000,64.5208,2.128,2.4746,-49.8792,
600243.SH,青海华鼎,2004-01-02,3.472,3.491,3.637,3.4339,3.618,371299,2072807,0.146,4.2048,5.5826,0.6751,313500000,N/A,892620000,55000000,0,156600000,82.8659,2.1565,2.2363,-276.5681,
600243.SH,青海华鼎,2004-01-05,3.618,3.5862,3.618,3.4847,3.5354,371474,2068590,-0.0825,-2.2807,5.5686,0.6754,306350000,N/A,872262000,55000000,0,156600000,80.9759,2.1073,2.1853,-270.2604,
600243.SH,青海华鼎,2004-01-06,3.5354,3.5164,3.5354,3.4212,3.4466,484027,2650336,-0.0889,-2.5135,5.4756,0.88,298650000,N/A,850338000,55000000,0,156600000,78.9406,2.0543,2.1303,-263.4675,
600243.SH,青海华鼎,2004-01-07,3.4466,3.4593,3.5862,3.4593,3.5227,521283,2883983,0.0762,2.2099,5.5325,0.9478,305250000,N/A,869130000,55000000,0,156600000,80.6852,2.0997,2.1774,-269.29,
600243.SH,青海华鼎,2004-01-08,3.5227,3.5227,3.6497,3.4783,3.6243,928815,5243775,0.1016,2.8829,5.6457,1.6888,314050000,N/A,894186000,55000000,0,156600000,83.0112,2.1603,2.2402,-277.0533,
600243.SH,青海华鼎,2004-01-09,3.6243,3.6243,3.6941,3.5672,3.5799,669850,3819913,-0.0444,-1.2259,5.7026,1.2179,310200000,N/A,883224000,55000000,0,156600000,81.9936,2.1338,2.2127,-273.6569,
600243.SH,青海华鼎,2004-01-12,3.5799,3.618,3.618,3.5037,3.5735,551407,3085534,-0.0063,-0.1773,5.5957,1.0026,309650000,N/A,881658000,55000000,0,156600000,81.8482,2.13,2.2088,-273.1717,
600243.SH,青海华鼎,2004-01-13,3.5735,3.5799,3.6941,3.5735,3.6814,895383,5140522,0.1079,3.0195,5.7411,1.628,319000000,N/A,908280000,55000000,0,156600000,84.3196,2.1943,2.2755,-281.4202,
600243.SH,青海华鼎,2004-01-14,3.6814,3.6814,3.7512,3.637,3.7449,635027,3698168,0.0635,1.7241,5.8236,1.1546,324500000,N/A,923940000,55000000,0,156600000,85.7734,2.2321,2.3147,-286.2723,
600243.SH,青海华鼎,2004-01-15,3.7449,3.7449,3.8147,3.6814,3.8084,998383,5926010,0.0635,1.6949,5.9356,1.8152,330000000,N/A,939600000,55000000,0,156600000,87.2272,2.27,2.354,-291.1244,
600243.SH,青海华鼎,2004-01-16,3.8084,3.8592,3.9353,3.7766,3.8274,2367643,14376620,0.019,0.5,6.0721,4.3048,331650000,N/A,944298000,55000000,0,156600000,87.6634,2.2813,2.3657,-292.58,
600243.SH,青海华鼎,2004-01-29,3.8274,3.8274,3.9226,3.783,3.9163,1027571,6272081,0.0889,2.3217,6.1038,1.8683,339350000,N/A,966222000,55000000,0,156600000,89.6987,2.3343,2.4207,-299.3729,
600243.SH,青海华鼎,2004-01-30,3.9163,3.9163,3.9671,3.8718,3.8782,964347,5949268,-0.0381,-0.9724,6.1692,1.7534,336050000,N/A,956826000,55000000,0,156600000,88.8264,2.3116,2.3971,-296.4616,
600243.SH,青海华鼎,2004-02-02,3.8782,3.9099,4.0432,3.8528,4.0369,1090810,6804218,0.1587,4.0917,6.2378,1.9833,349800000,N/A,995976000,55000000,0,156600000,92.4608,2.4062,2.4952,-308.5918,
600243.SH,青海华鼎,2004-02-03,4.0369,4.0432,4.1003,3.9544,4.094,972219,6192850,0.0571,1.4151,6.3698,1.7677,354750000,N/A,1010070000,55000000,0,156600000,93.7693,2.4402,2.5305,-312.9587,
600243.SH,青海华鼎,2004-02-04,4.094,4.1575,4.3098,4.1575,4.2463,2387583,15910435,0.1523,3.7209,6.6638,4.3411,367950000,N/A,1047654000,55000000,0,156600000,97.2583,2.531,2.6247,-324.6037,
600243.SH,青海华鼎,2004-02-05,4.2463,4.2527,4.2844,4.1575,4.2844,1387414,9207760,0.0381,0.8969,6.6366,2.5226,371250000,N/A,1057050000,55000000,0,156600000,98.1306,2.5537,2.6482,-327.5149,
600243.SH,青海华鼎,2004-02-06,4.2844,4.2781,4.2781,4.1892,4.1956,1115719,7431984,-0.0889,-2.0741,6.6612,2.0286,363550000,N/A,1035126000,55000000,0,156600000,96.0953,2.5008,2.5933,-320.722,
600243.SH,青海华鼎,2004-02-09,4.1956,4.1892,4.3162,4.1702,4.3162,1048149,7033500,0.1206,2.8744,6.7104,1.9057,374000000,N/A,1064880000,55000000,0,156600000,98.8575,2.5726,2.6678,-329.9409,
600243.SH,青海华鼎,2004-02-10,4.3162,4.3225,4.4304,4.2844,4.2908,897000,6145467,-0.0254,-0.5882,6.8511,1.6309,371800000,N/A,1058616000,55000000,0,156600000,98.276,2.5575,2.6521,-328.0001,
600243.SH,青海华鼎,2004-02-11,4.2908,4.2908,4.3162,4.1892,4.2463,851474,5680877,-0.0444,-1.0355,6.6718,1.5481,367950000,N/A,1047654000,55000000,0,156600000,97.2583,2.531,2.6247,-324.6037,
600243.SH,青海华鼎,2004-02-12,4.2463,4.2527,4.5066,4.2527,4.4368,1879039,13059898,0.1904,4.4843,6.9503,3.4164,384450000,N/A,1094634000,55000000,0,156600000,101.6197,2.6445,2.7424,-339.1599,
600243.SH,青海华鼎,2004-02-13,4.4368,4.4177,4.4304,4.2908,4.2908,745139,5099070,-0.146,-3.2904,6.8431,1.3548,371800000,N/A,1058616000,55000000,0,156600000,98.276,2.5575,2.6521,-328.0001,
600243.SH,青海华鼎,2004-02-16,4.2908,4.2908,4.4177,4.2908,4.4177,655037,4497003,0.1269,2.9586,6.8653,1.191,382800000,N/A,1089936000,55000000,0,156600000,101.1836,2.6332,2.7306,-337.7043,
600243.SH,青海华鼎,2004-02-17,4.4177,4.386,4.5066,4.386,4.4812,980217,6882781,0.0635,1.4368,7.0217,1.7822,388300000,N/A,1105596000,55000000,0,156600000,102.6374,2.671,2.7698,-342.5563,
600243.SH,青海华鼎,2004-02-18,4.4812,4.4812,4.4812,4.3987,4.4685,737414,5152051,-0.0127,-0.2833,6.9866,1.3408,387200000,N/A,1102464000,55000000,0,156600000,102.3466,2.6634,2.762,-341.5859,
600243.SH,青海华鼎,2004-02-19,4.4685,4.4685,4.5574,4.4431,4.4875,804534,5687986,0.019,0.4261,7.0699,1.4628,388850000,N/A,1107162000,55000000,0,156600000,102.7827,2.6748,2.7738,-343.0415,
600243.SH,青海华鼎,2004-02-20,4.4875,4.4939,4.551,4.4177,4.5447,773268,5453620,0.0571,1.273,7.0527,1.4059,393800000,N/A,1121256000,55000000,0,156600000,104.0911,2.7088,2.8091,-347.4084,
600243.SH,青海华鼎,2004-02-23,4.5447,4.5383,4.5447,4.3542,4.3796,976300,6892396,-0.165,-3.6313,7.0597,1.7751,379500000,N/A,1080540000,55000000,0,156600000,100.3113,2.6105,2.7071,-334.793,
600243.SH,青海华鼎,2004-02-24,4.3796,4.3479,4.3479,4.1829,4.2336,1013248,6771570,-0.146,-3.3333,6.683,1.8423,366850000,N/A,1044522000,55000000,0,156600000,96.9676,2.5235,2.6168,-323.6332,
600243.SH,青海华鼎,2004-02-25,4.2336,4.2209,4.3352,4.113,4.113,832149,5521989,-0.1206,-2.8486,6.6358,1.513,356400000,N/A,1014768000,55000000,0,156600000,94.2054,2.4516,2.5423,-314.4143,
600243.SH,青海华鼎,2004-02-26,4.113,4.113,4.1765,4.0496,4.0877,511710,3300978,-0.0254,-0.6173,6.4509,0.9304,354200000,N/A,1008504000,55000000,0,156600000,93.6239,2.4364,2.5266,-312.4735,
600243.SH,青海华鼎,2004-02-27,4.0877,4.0877,4.1575,4.0686,4.1511,480285,3117685,0.0635,1.5528,6.4913,0.8732,359700000,N/A,1024164000,55000000,0,156600000,95.0777,2.4743,2.5658,-317.3256,
600243.SH,青海华鼎,2004-03-01,4.1511,4.1384,4.2083,4.094,4.1956,451150,2958547,0.0444,1.0703,6.5578,0.8203,363550000,N/A,1035126000,55000000,0,156600000,96.0953,2.5008,2.5933,-320.722,
600243.SH,青海华鼎,2004-03-02,4.1956,4.2019,4.24,4.1448,4.1956,449567,2973469,0,0,6.6141,0.8174,363550000,N/A,1035126000,55000000,0,156600000,96.0953,2.5008,2.5933,-320.722,
600243.SH,青海华鼎,2004-03-03,4.1956,4.1892,4.2209,4.0559,4.0686,455600,2955578,-0.1269,-3.0257,6.4872,0.8284,352550000,N/A,1003806000,55000000,0,156600000,93.1877,2.4251,2.5148,-311.0179,
600243.SH,青海华鼎,2004-03-04,4.0686,4.0623,4.1765,4.0242,4.1638,544593,3513289,0.0952,2.3401,6.4512,0.9902,360800000,N/A,1027296000,55000000,0,156600000,95.3684,2.4818,2.5737,-318.296,
600243.SH,青海华鼎,2004-03-05,4.1638,4.2019,4.3352,4.1702,4.2527,1402957,9445706,0.0889,2.1341,6.7327,2.5508,368500000,N/A,1049220000,55000000,0,156600000,97.4037,2.5348,2.6286,-325.0889,
600243.SH,青海华鼎,2004-03-08,4.2527,4.2463,4.2463,4.075,4.0877,416638,2727411,-0.165,-3.8806,6.5462,0.7575,354200000,N/A,1008504000,55000000,0,156600000,93.6239,2.4364,2.5266,-312.4735,
600243.SH,青海华鼎,2004-03-09,4.0877,4.0686,4.1257,4.0178,4.0242,319800,2056668,-0.0635,-1.5528,6.4311,0.5815,348700000,N/A,992844000,55000000,0,156600000,92.1701,2.3986,2.4874,-307.6214,
600243.SH,青海华鼎,2004-03-10,4.0242,4.0242,4.1702,4.0242,4.1702,303159,1946563,0.146,3.6278,6.4209,0.5512,361350000,N/A,1028862000,55000000,0,156600000,95.5138,2.4856,2.5776,-318.7812,
600243.SH,青海华鼎,2004-03-11,4.1702,4.1765,4.3162,4.1511,4.3162,1035451,6940237,0.146,3.5008,6.7026,1.8826,374000000,N/A,1064880000,55000000,0,156600000,98.8575,2.5726,2.6678,-329.9409,
600243.SH,青海华鼎,2004-03-12,4.3162,4.3796,4.4748,4.3162,4.3225,2354517,16275599,0.0063,0.1471,6.9125,4.2809,374550000,N/A,1066446000,55000000,0,156600000,99.0029,2.5764,2.6718,-330.4261,
600243.SH,青海华鼎,2004-03-15,4.3225,4.3098,4.386,4.2209,4.3606,825482,5603543,0.0381,0.8811,6.7882,1.5009,377850000,N/A,1075842000,55000000,0,156600000,99.8752,2.5991,2.6953,-333.3374,
600243.SH,青海华鼎,2004-03-16,4.3606,4.3669,4.3923,4.2654,4.3352,505054,3443214,-0.0254,-0.5822,6.8175,0.9183,375650000,N/A,1069578000,55000000,0,156600000,99.2936,2.584,2.6796,-331.3965,
600243.SH,青海华鼎,2004-03-17,4.3352,4.2971,4.3733,4.259,4.2908,356262,2414195,-0.0444,-1.0249,6.7765,0.6477,371800000,N/A,1058616000,55000000,0,156600000,98.276,2.5575,2.6521,-328.0001,
600243.SH,青海华鼎,2004-03-18,4.2908,4.3162,4.3415,4.2527,4.2654,419282,2836559,-0.0254,-0.5917,6.7653,0.7623,369600000,N/A,1052352000,55000000,0,156600000,97.6945,2.5424,2.6364,-326.0593,
600243.SH,青海华鼎,2004-03-19,4.2654,4.2527,4.3162,4.2463,4.3162,381377,2574259,0.0508,1.1905,6.7499,0.6934,374000000,N/A,1064880000,55000000,0,156600000,98.8575,2.5726,2.6678,-329.9409,
600243.SH,青海华鼎,2004-03-22,4.3162,4.3415,4.3796,4.2971,4.3796,403433,2755982,0.0635,1.4706,6.8313,0.7335,379500000,N/A,1080540000,55000000,0,156600000,100.3113,2.6105,2.7071,-334.793,
600243.SH,青海华鼎,2004-03-23,4.3796,4.3796,4.3796,4.2844,4.3289,341200,2330141,-0.0508,-1.1594,6.8293,0.6204,375100000,N/A,1068012000,55000000,0,156600000,99.1483,2.5802,2.6757,-330.9113,
600243.SH,青海华鼎,2004-03-24,4.3289,4.3479,4.3796,4.2908,4.3162,382210,2611946,-0.0127,-0.2933,6.8338,0.6949,374000000,N/A,1064880000,55000000,0,156600000,98.8575,2.5726,2.6678,-329.9409,
600243.SH,青海华鼎,2004-03-25,4.3162,4.3162,4.3606,4.2527,4.2781,321900,2176934,-0.0381,-0.8824,6.7628,0.5853,370700000,N/A,1055484000,55000000,0,156600000,97.9852,2.5499,2.6443,-327.0297,
600243.SH,青海华鼎,2004-03-26,4.2781,4.2781,4.3289,4.259,4.2908,253362,1713775,0.0127,0.2967,6.7641,0.4607,371800000,N/A,1058616000,55000000,0,156600000,98.276,2.5575,2.6521,-328.0001,
600243.SH,青海华鼎,2004-03-29,4.2908,4.2908,4.3289,4.1765,4.1956,402000,2696816,-0.0952,-2.2189,6.7085,0.7309,363550000,N/A,1035126000,55000000,0,156600000,96.0953,2.5008,2.5933,-320.722,
600243.SH,青海华鼎,2004-03-30,4.1956,4.1892,4.2527,4.1892,4.2146,494311,3276841,0.019,0.4539,6.6291,0.8987,365200000,N/A,1039824000,55000000,0,156600000,96.5315,2.5121,2.6051,-322.1776,
600243.SH,青海华鼎,2004-03-31,4.2146,4.259,4.3289,4.24,4.3162,418450,2828097,0.1016,2.4096,6.7585,0.7608,374000000,N/A,1064880000,55000000,0,156600000,98.8575,2.5726,2.6678,-329.9409,
600243.SH,青海华鼎,2004-04-01,4.3162,4.3415,4.3923,4.2908,4.3796,684271,4673958,0.0635,1.4706,6.8306,1.2441,379500000,N/A,1080540000,55000000,0,156600000,100.3113,2.6105,2.7071,-334.793,
600243.SH,青海华鼎,2004-04-02,4.3796,4.3796,4.3987,4.3162,4.3923,668088,4602259,0.0127,0.2899,6.8887,1.2147,380600000,N/A,1083672000,55000000,0,156600000,100.6021,2.618,2.7149,-335.7634,
600243.SH,青海华鼎,2004-04-05,4.3923,4.4114,4.5002,4.3542,4.4939,1125516,7863662,0.1016,2.3121,6.9867,2.0464,389400000,N/A,1108728000,55000000,0,156600000,102.9281,2.6786,2.7777,-343.5267,
600243.SH,青海华鼎,2004-04-06,4.4939,4.4939,4.5256,4.4431,4.5193,863296,6113457,0.0254,0.565,7.0815,1.5696,391600000,N/A,1114992000,55000000,0,156600000,103.5096,2.6937,2.7934,-345.4676,
600243.SH,青海华鼎,2004-04-07,4.5193,4.4939,4.532,4.4114,4.4177,754900,5293936,-0.1016,-2.2472,7.0128,1.3725,382800000,N/A,1089936000,55000000,0,156600000,101.1836,2.6332,2.7306,-337.7043,
600243.SH,青海华鼎,2004-04-08,4.4177,4.3923,4.4431,4.386,4.3923,501533,3489640,-0.0254,-0.5747,6.9579,0.9119,380600000,N/A,1083672000,55000000,0,156600000,100.6021,2.618,2.7149,-335.7634,
600243.SH,青海华鼎,2004-04-09,4.3923,4.3923,4.4114,4.2336,4.2463,791669,5370833,-0.146,-3.3237,6.7842,1.4394,367950000,N/A,1047654000,55000000,0,156600000,97.2583,2.531,2.6247,-324.6037,
600243.SH,青海华鼎,2004-04-12,4.2463,4.1892,4.3289,4.1892,4.2844,374757,2518118,0.0381,0.8969,6.7193,0.6814,371250000,N/A,1057050000,55000000,0,156600000,98.1306,2.5537,2.6482,-327.5149,
600243.SH,青海华鼎,2004-04-13,4.2844,4.2908,4.3352,4.2527,4.2654,395662,2675848,-0.019,-0.4444,6.763,0.7194,369600000,N/A,1052352000,55000000,0,156600000,97.6945,2.5424,2.6364,-326.0593,
600243.SH,青海华鼎,2004-04-14,4.2654,4.2844,4.2844,4.1257,4.1892,638962,4225875,-0.0762,-1.7857,6.6137,1.1617,363000000,N/A,1033560000,55000000,0,156600000,95.9499,2.497,2.5894,-320.2368,
600243.SH,青海华鼎,2004-04-15,4.1892,4.2209,4.2908,4.1257,4.1638,374228,2478924,-0.0254,-0.6061,6.6241,0.6804,360800000,N/A,1027296000,55000000,0,156600000,95.3684,2.4818,2.5737,-318.296,
600243.SH,青海华鼎,2004-04-16,4.1638,4.1448,4.2083,4.0686,4.1702,423335,2742544,0.0063,0.1524,6.4784,0.7697,361350000,N/A,1028862000,55000000,0,156600000,95.5138,2.4856,2.5776,-318.7812,
600243.SH,青海华鼎,2004-04-19,4.1702,4.1321,4.2844,4.1321,4.2273,416066,2772795,0.0571,1.3699,6.6643,0.7565,366300000,N/A,1042956000,55000000,0,156600000,96.8222,2.5197,2.6129,-323.148,
600243.SH,青海华鼎,2004-04-20,4.2273,4.1956,4.2971,4.1956,4.259,347479,2332253,0.0317,0.7508,6.7119,0.6318,369050000,N/A,1050786000,55000000,0,156600000,97.5491,2.5386,2.6325,-325.5741,
600243.SH,青海华鼎,2004-04-21,4.259,4.2654,4.2654,4.1575,4.1765,178700,1189169,-0.0825,-1.9374,6.6546,0.3249,361900000,N/A,1030428000,55000000,0,156600000,95.6592,2.4894,2.5815,-319.2664,
600243.SH,青海华鼎,2004-04-22,4.1765,4.24,4.259,4.1575,4.2209,193688,1279828,0.0444,1.0638,6.6077,0.3522,365750000,N/A,1041390000,55000000,0,156600000,96.6768,2.5159,2.609,-322.6628,
600243.SH,青海华鼎,2004-04-23,4.2209,4.2209,4.2209,4.113,4.113,282000,1843796,-0.1079,-2.5564,6.5383,0.5127,356400000,N/A,1014768000,55000000,0,156600000,94.2054,2.4516,2.5423,-314.4143,
600243.SH,青海华鼎,2004-04-26,4.113,4.094,4.1194,4.0051,4.0496,257800,1651229,-0.0635,-1.5432,6.4051,0.4687,350900000,N/A,999108000,55000000,0,156600000,92.7516,2.4137,2.5031,-309.5622,
600243.SH,青海华鼎,2004-04-27,4.0496,4.0496,4.0623,3.8718,3.8782,396610,2468164,-0.1714,-4.232,6.2232,0.7211,336050000,N/A,956826000,55000000,0,156600000,88.8264,2.3116,2.3971,-296.4616,
600243.SH,青海华鼎,2004-04-28,3.8782,3.8782,3.9861,3.8147,3.9099,195537,1205364,0.0317,0.8183,6.1644,0.3555,338800000,N/A,964656000,55000000,0,156600000,89.5533,2.3305,2.4167,-298.8877,
600243.SH,青海华鼎,2004-04-29,3.9099,3.9099,3.9417,3.8972,3.9099,230329,1419685,0,0,6.1637,0.4188,338800000,N/A,964656000,55000000,0,156600000,89.5533,2.3305,2.4167,-298.8877,
600243.SH,青海华鼎,2004-04-30,3.9099,3.9099,4.0115,3.9099,3.9924,296192,1855727,0.0825,2.1104,6.2653,0.5385,345950000,N/A,985014000,55000000,0,156600000,91.4432,2.3797,2.4677,-305.1954,
600243.SH,青海华鼎,2004-05-10,3.9924,4.0305,4.3923,4.0305,4.1257,3282678,22084999,0.1333,3.3386,6.7277,5.9685,357500000,N/A,1017900000,55000000,0,156600000,94.4961,2.4591,2.5501,-315.3847,
600243.SH,青海华鼎,2004-05-11,4.1257,4.0178,4.0178,3.7132,3.7195,1872499,11194649,-0.4062,-9.8462,5.9785,3.4045,322300000,N/A,917676000,55000000,0,156600000,85.1919,2.217,2.299,-284.3315,
600243.SH,青海华鼎,2004-05-12,3.7195,3.6814,3.8401,3.656,3.8338,756965,4501456,0.1143,3.0717,5.9467,1.3763,332200000,N/A,945864000,55000000,0,156600000,87.8087,2.2851,2.3697,-293.0652,
600243.SH,青海华鼎,2004-05-13,3.8338,3.8401,3.8655,3.7449,3.8274,320649,1919891,-0.0063,-0.1656,5.9875,0.583,331650000,N/A,944298000,55000000,0,156600000,87.6634,2.2813,2.3657,-292.58,
600243.SH,青海华鼎,2004-05-14,3.8274,3.8338,3.8592,3.7005,3.7703,217750,1289795,-0.0571,-1.4925,5.9233,0.3959,326700000,N/A,930204000,55000000,0,156600000,86.3549,2.2473,2.3304,-288.2131,
600243.SH,青海华鼎,2004-05-17,3.7703,3.7259,3.8084,3.7259,3.783,169100,1007240,0.0127,0.3367,5.9565,0.3075,327800000,N/A,933336000,55000000,0,156600000,86.6457,2.2548,2.3383,-289.1835,
600243.SH,青海华鼎,2004-05-18,3.783,3.8084,3.8782,3.7386,3.8782,318103,1897907,0.0952,2.5168,5.9663,0.5784,336050000,N/A,956826000,55000000,0,156600000,88.8264,2.3116,2.3971,-296.4616,
600243.SH,青海华鼎,2004-05-19,3.8782,3.8655,3.9226,3.8465,3.8528,431548,2640038,-0.0254,-0.6547,6.1176,0.7846,333850000,N/A,950562000,55000000,0,156600000,88.2449,2.2965,2.3814,-294.5208,
600243.SH,青海华鼎,2004-05-20,3.8528,3.8972,4.2336,3.8972,4.0559,3238037,21021184,0.2031,5.2718,6.492,5.8873,351450000,N/A,1000674000,55000000,0,156600000,92.897,2.4175,2.507,-310.0475,
600243.SH,青海华鼎,2004-05-21,4.0559,4.0559,4.0559,4.0559,4.0559,N/A,N/A,0,0,N/A,N/A,351450000,N/A,1000674000,55000000,0,156600000,92.897,2.4175,2.507,-310.0475,
600243.SH,青海华鼎,2004-05-24,4.0559,4.0559,4.0559,4.0559,4.0559,N/A,N/A,0,0,N/A,N/A,351450000,N/A,1000674000,55000000,0,156600000,92.897,2.4175,2.507,-310.0475,
600243.SH,青海华鼎,2004-05-25,4.0559,3.9988,4.0623,3.9417,4.0623,923799,5822271,0.0063,0.1565,6.3025,1.6796,352000000,N/A,1002240000,55000000,0,156600000,93.0424,2.4213,2.5109,-310.5327,
600243.SH,青海华鼎,2004-05-26,4.0623,4.0559,4.2209,4.0369,4.1384,2656002,17435271,0.0762,1.875,6.5645,4.8291,358600000,N/A,1021032000,55000000,0,156600000,94.7869,2.4667,2.558,-316.3551,
600243.SH,青海华鼎,2004-05-27,4.1384,4.1257,4.405,4.075,4.3415,2316318,15607275,0.2031,4.908,6.738,4.2115,376200000,N/A,1071144000,55000000,0,156600000,99.439,2.5878,2.6835,-331.8818,
600243.SH,青海华鼎,2004-05-28,4.3415,4.3415,4.3796,4.24,4.2781,1614486,10941450,-0.0635,-1.462,6.777,2.9354,370700000,N/A,1055484000,55000000,0,156600000,97.9852,2.5499,2.6443,-327.0297,
600243.SH,青海华鼎,2004-05-31,4.2781,4.3035,4.3352,4.2273,4.3352,899837,6083675,0.0571,1.3353,6.7609,1.6361,375650000,N/A,1069578000,55000000,0,156600000,99.2936,2.584,2.6796,-331.3965,
600243.SH,青海华鼎,2004-06-01,4.3352,4.3225,4.3733,4.2654,4.3415,1467588,10005365,0.0063,0.1464,6.8176,2.6683,376200000,N/A,1071144000,55000000,0,156600000,99.439,2.5878,2.6835,-331.8818,
600243.SH,青海华鼎,2004-06-02,4.3415,4.3479,4.4621,4.2844,4.4368,1870563,12952897,0.0952,2.193,6.9246,3.401,384450000,N/A,1094634000,55000000,0,156600000,101.6197,2.6445,2.7424,-339.1599,
600243.SH,青海华鼎,2004-06-03,4.4368,4.4177,4.4431,4.2336,4.2971,1159686,7859245,-0.1396,-3.1474,6.777,2.1085,372350000,N/A,1060182000,55000000,0,156600000,98.4214,2.5613,2.6561,-328.4853,
600243.SH,青海华鼎,2004-06-04,4.2971,4.2654,4.3669,4.2209,4.2844,876062,5933108,-0.0127,-0.2954,6.7725,1.5928,371250000,N/A,1057050000,55000000,0,156600000,98.1306,2.5537,2.6482,-327.5149,
600243.SH,青海华鼎,2004-06-07,4.2844,4.2654,4.2781,4.113,4.1575,708668,4646009,-0.1269,-2.963,6.556,1.2885,360250000,N/A,1025730000,55000000,0,156600000,95.223,2.4781,2.5698,-317.8108,
600243.SH,青海华鼎,2004-06-08,4.1575,4.1511,4.2083,4.094,4.2019,528820,3447048,0.0444,1.0687,6.5184,0.9615,364100000,N/A,1036692000,55000000,0,156600000,96.2407,2.5045,2.5972,-321.2072,
600243.SH,青海华鼎,2004-06-09,4.2019,4.1956,4.2336,3.8909,3.9353,823003,5291706,-0.2666,-6.3444,6.4298,1.4964,341000000,N/A,970920000,55000000,0,156600000,90.1348,2.3456,2.4324,-300.8285,
600243.SH,青海华鼎,2004-06-10,3.9353,3.8782,3.9797,3.8338,3.8592,524490,3217639,-0.0762,-1.9355,6.1348,0.9536,334400000,N/A,952128000,55000000,0,156600000,88.3902,2.3002,2.3854,-295.006,
600243.SH,青海华鼎,2004-06-11,3.8592,3.8782,4.0178,3.8592,3.8592,584700,3630382,0,0,6.209,1.0631,334400000,N/A,952128000,55000000,0,156600000,88.3902,2.3002,2.3854,-295.006,
600243.SH,青海华鼎,2004-06-14,3.8592,3.8718,3.9671,3.7195,3.7449,411310,2464384,-0.1143,-2.9605,5.9915,0.7478,324500000,N/A,923940000,55000000,0,156600000,85.7734,2.2321,2.3147,-286.2723,
600243.SH,青海华鼎,2004-06-15,3.7449,3.7449,3.8718,3.6814,3.8655,337409,2014505,0.1206,3.2203,5.9705,0.6135,334950000,N/A,953694000,55000000,0,156600000,88.5356,2.304,2.3893,-295.4912,
600243.SH,青海华鼎,2004-06-16,3.8655,3.8655,3.9353,3.7639,3.8465,311650,1893446,-0.019,-0.4926,6.0756,0.5666,333300000,N/A,948996000,55000000,0,156600000,88.0995,2.2927,2.3775,-294.0356,
600243.SH,青海华鼎,2004-06-17,3.8465,3.8465,3.8465,3.7576,3.7639,273489,1638032,-0.0825,-2.1452,5.9894,0.4973,326150000,N/A,928638000,55000000,0,156600000,86.2096,2.2435,2.3265,-287.7279,
600243.SH,青海华鼎,2004-06-18,3.7639,3.7639,3.783,3.5608,3.6306,548835,3166049,-0.1333,-3.5413,5.7687,0.9979,314600000,N/A,895752000,55000000,0,156600000,83.1566,2.1641,2.2441,-277.5385,
600243.SH,青海华鼎,2004-06-21,3.6306,3.618,3.6878,3.5862,3.6878,222937,1282356,0.0571,1.5734,5.7521,0.4053,319550000,N/A,909846000,55000000,0,156600000,84.465,2.1981,2.2794,-281.9054,
600243.SH,青海华鼎,2004-06-22,3.6878,3.7386,3.7703,3.656,3.7703,517598,3032382,0.0825,2.2375,5.8586,0.9411,326700000,N/A,930204000,55000000,0,156600000,86.3549,2.2473,2.3304,-288.2131,
600243.SH,青海华鼎,2004-06-23,3.7703,3.7703,3.7703,3.618,3.6751,288652,1669712,-0.0952,-2.5253,5.7845,0.5248,318450000,N/A,906714000,55000000,0,156600000,84.1743,2.1905,2.2716,-280.935,
600243.SH,青海华鼎,2004-06-24,3.6751,3.637,3.7512,3.637,3.6687,269199,1570400,-0.0063,-0.1727,5.8336,0.4895,317900000,N/A,905148000,55000000,0,156600000,84.0289,2.1867,2.2677,-280.4498,
600243.SH,青海华鼎,2004-06-25,3.6687,3.6814,3.7195,3.5862,3.5862,252349,1444751,-0.0825,-2.2491,5.7252,0.4588,310750000,N/A,884790000,55000000,0,156600000,82.139,2.1376,2.2167,-274.1421,
600243.SH,青海华鼎,2004-06-28,3.5862,3.5545,3.5545,3.3958,3.3958,303500,1648954,-0.1904,-5.3097,5.4331,0.5518,294250000,N/A,837810000,55000000,0,156600000,77.7776,2.0241,2.099,-259.5859,
600243.SH,青海华鼎,2004-06-29,3.3958,3.3641,3.4847,3.3641,3.4783,227169,1226248,0.0825,2.4299,5.398,0.413,301400000,N/A,858168000,55000000,0,156600000,79.6675,2.0733,2.15,-265.8936,
600243.SH,青海华鼎,2004-06-30,3.4783,3.4783,3.491,3.3641,3.3641,215106,1158606,-0.1143,-3.2847,5.3862,0.3911,291500000,N/A,829980000,55000000,0,156600000,77.0507,2.0052,2.0793,-257.1599,
600243.SH,青海华鼎,2004-07-01,3.3641,3.3641,3.5227,3.345,3.491,272051,1486187,0.1269,3.7736,5.4629,0.4946,302500000,N/A,861300000,55000000,0,156600000,79.9583,2.0808,2.1578,-266.864,
600243.SH,青海华鼎,2004-07-02,3.491,3.5227,3.5291,3.4593,3.4847,153550,842812,-0.0063,-0.1818,5.4888,0.2792,301950000,N/A,859734000,55000000,0,156600000,79.8129,2.077,2.1539,-266.3788,
600243.SH,青海华鼎,2004-07-05,3.4847,3.4974,3.4974,3.4085,3.4974,138409,755208,0.0127,0.3643,5.4564,0.2517,303050000,N/A,862866000,55000000,0,156600000,80.1037,2.0846,2.1617,-267.3492,
600243.SH,青海华鼎,2004-07-06,3.4974,3.5164,3.5735,3.4974,3.5354,184590,1028020,0.0381,1.0889,5.5692,0.3356,306350000,N/A,872262000,55000000,0,156600000,80.9759,2.1073,2.1853,-270.2604,
600243.SH,青海华鼎,2004-07-07,3.5354,3.5354,3.5418,3.4466,3.4656,156600,860085,-0.0698,-1.9749,5.4922,0.2847,300300000,N/A,855036000,55000000,0,156600000,79.3768,2.0657,2.1421,-264.9232,
600243.SH,青海华鼎,2004-07-08,3.4656,3.4339,3.5037,3.4339,3.4847,79010,430992,0.019,0.5495,5.4549,0.1437,301950000,N/A,859734000,55000000,0,156600000,79.8129,2.077,2.1539,-266.3788,
600243.SH,青海华鼎,2004-07-09,3.4847,3.5418,3.5418,3.4275,3.4402,118500,649952,-0.0444,-1.275,5.4848,0.2155,298100000,N/A,848772000,55000000,0,156600000,78.7953,2.0506,2.1264,-262.9823,
600243.SH,青海华鼎,2004-07-12,3.4402,3.4148,3.4148,3.2942,3.2942,182100,960581,-0.146,-4.2435,5.275,0.3311,285450000,N/A,812754000,55000000,0,156600000,75.4515,1.9635,2.0362,-251.8226,
600243.SH,青海华鼎,2004-07-13,3.2942,3.2942,3.3069,3.2562,3.3006,130599,677200,0.0063,0.1927,5.1853,0.2375,286000000,N/A,814320000,55000000,0,156600000,75.5969,1.9673,2.0401,-252.3078,
600243.SH,青海华鼎,2004-07-14,3.3006,3.3514,3.3514,3.1102,3.1736,269900,1358200,-0.1269,-3.8462,5.0322,0.4907,275000000,N/A,783000000,55000000,0,156600000,72.6893,1.8917,1.9616,-242.6036,
600243.SH,青海华鼎,2004-07-15,3.1736,3.2117,3.2498,3.1609,3.2308,183791,928128,0.0571,1.8,5.0499,0.3342,279950000,N/A,797094000,55000000,0,156600000,73.9978,1.9257,1.997,-246.9705,
600243.SH,青海华鼎,2004-07-16,3.2308,3.2435,3.345,3.2308,3.3387,230492,1202600,0.1079,3.3399,5.2175,0.4191,289300000,N/A,823716000,55000000,0,156600000,76.4692,1.99,2.0636,-255.219,
600243.SH,青海华鼎,2004-07-19,3.3387,3.3387,3.3577,3.2879,3.326,189000,989793,-0.0127,-0.3802,5.237,0.3436,288200000,N/A,820584000,55000000,0,156600000,76.1784,1.9825,2.0558,-254.2486,
600243.SH,青海华鼎,2004-07-20,3.326,3.326,3.326,3.2498,3.326,196808,1017711,0,0,5.1711,0.3578,288200000,N/A,820584000,55000000,0,156600000,76.1784,1.9825,2.0558,-254.2486,
600243.SH,青海华鼎,2004-07-21,3.326,3.2815,3.326,3.2815,3.3133,130900,683000,-0.0127,-0.3817,5.2177,0.238,287100000,N/A,817452000,55000000,0,156600000,75.8877,1.9749,2.048,-253.2782,
600243.SH,青海华鼎,2004-07-22,3.3133,3.2879,3.2942,3.2117,3.2117,149020,763903,-0.1016,-3.0651,5.1262,0.2709,278300000,N/A,792396000,55000000,0,156600000,73.5616,1.9144,1.9852,-245.5149,
600243.SH,青海华鼎,2004-07-23,3.2117,3.2054,3.2054,3.1483,3.1927,160200,801174,-0.019,-0.5929,5.0011,0.2913,276650000,N/A,787698000,55000000,0,156600000,73.1255,1.903,1.9734,-244.0592,
600243.SH,青海华鼎,2004-07-26,3.1927,3.1863,3.1863,3.1102,3.1292,127500,629049,-0.0635,-1.9881,4.9337,0.2318,271150000,N/A,772038000,55000000,0,156600000,71.6717,1.8652,1.9342,-239.2072,
600243.SH,青海华鼎,2004-07-27,3.1292,3.1229,3.1483,3.0784,3.0975,180700,886670,-0.0317,-1.0142,4.9069,0.3285,268400000,N/A,764208000,55000000,0,156600000,70.9448,1.8463,1.9146,-236.7811,
600243.SH,青海华鼎,2004-07-28,3.0975,3.0784,3.1483,3.0784,3.1356,120609,589655,0.0381,1.2295,4.889,0.2193,271700000,N/A,773604000,55000000,0,156600000,71.8171,1.869,1.9381,-239.6924,
600243.SH,青海华鼎,2004-07-29,3.1356,3.1736,3.2054,3.1102,3.199,129550,644787,0.0635,2.0243,4.9771,0.2355,277200000,N/A,789264000,55000000,0,156600000,73.2709,1.9068,1.9773,-244.5445,
600243.SH,青海华鼎,2004-07-30,3.199,3.199,3.199,3.1483,3.1673,107750,537323,-0.0317,-0.9921,4.9868,0.1959,274450000,N/A,781434000,55000000,0,156600000,72.544,1.8879,1.9577,-242.1184,
600243.SH,青海华鼎,2004-08-02,3.1673,3.1609,3.1609,3.0848,3.0975,90220,442321,-0.0698,-2.2044,4.9027,0.164,268400000,N/A,764208000,55000000,0,156600000,70.9448,1.8463,1.9146,-236.7811,
600243.SH,青海华鼎,2004-08-03,3.0975,3.1229,3.1292,3.0848,3.1102,49660,243655,0.0127,0.4098,4.9065,0.0903,269500000,N/A,767340000,55000000,0,156600000,71.2356,1.8538,1.9224,-237.7516,
600243.SH,青海华鼎,2004-08-04,3.1102,3.1483,3.2879,3.1102,3.2435,411750,2089418,0.1333,4.2857,5.0745,0.7486,281050000,N/A,800226000,55000000,0,156600000,74.2885,1.9333,2.0048,-247.9409,
600243.SH,青海华鼎,2004-08-05,3.2435,3.2435,3.2689,3.2054,3.2054,131311,666510,-0.0381,-1.1742,5.0758,0.2387,277750000,N/A,790830000,55000000,0,156600000,73.4162,1.9106,1.9813,-245.0297,
600243.SH,青海华鼎,2004-08-06,3.2054,3.2117,3.2689,3.1863,3.2625,176330,898042,0.0571,1.7822,5.093,0.3206,282700000,N/A,804924000,55000000,0,156600000,74.7246,1.9446,2.0166,-249.3965,
600243.SH,青海华鼎,2004-08-09,3.2625,3.2752,3.2752,3.199,3.2181,181029,917816,-0.0444,-1.3619,5.07,0.3291,278850000,N/A,793962000,55000000,0,156600000,73.707,1.9181,1.9891,-246.0001,
600243.SH,青海华鼎,2004-08-10,3.2181,3.2244,3.2371,3.1863,3.2244,129200,652056,0.0063,0.1972,5.0469,0.2349,279400000,N/A,795528000,55000000,0,156600000,73.8524,1.9219,1.993,-246.4853,
600243.SH,青海华鼎,2004-08-11,3.2244,3.2371,3.2371,3.1483,3.2054,89934,452010,-0.019,-0.5906,5.026,0.1635,277750000,N/A,790830000,55000000,0,156600000,73.4162,1.9106,1.9813,-245.0297,
600243.SH,青海华鼎,2004-08-12,3.2054,3.1673,3.1673,3.1038,3.1102,127440,626818,-0.0952,-2.9703,4.9185,0.2317,269500000,N/A,767340000,55000000,0,156600000,71.2356,1.8538,1.9224,-237.7516,
600243.SH,青海华鼎,2004-08-13,3.1102,3.1483,3.1609,3.1165,3.1292,37700,185805,0.019,0.6122,4.9285,0.0685,271150000,N/A,772038000,55000000,0,156600000,71.6717,1.8652,1.9342,-239.2072,
600243.SH,青海华鼎,2004-08-16,3.1292,3.0911,3.1102,2.9959,3.034,101200,486193,-0.0952,-3.0426,4.8043,0.184,262900000,N/A,748548000,55000000,0,156600000,69.491,1.8084,1.8753,-231.9291,
600243.SH,青海华鼎,2004-08-17,3.034,3.034,3.0657,2.9832,3.0277,50698,241748,-0.0063,-0.2092,4.7684,0.0922,262350000,N/A,746982000,55000000,0,156600000,69.3456,1.8046,1.8714,-231.4439,
600243.SH,青海华鼎,2004-08-18,3.0277,3.0277,3.0721,3.0213,3.034,59008,283016,0.0063,0.2096,4.7962,0.1073,262900000,N/A,748548000,55000000,0,156600000,69.491,1.8084,1.8753,-231.9291,
600243.SH,青海华鼎,2004-08-19,3.034,2.9578,2.9896,2.9515,2.9578,103509,483990,-0.0762,-2.5105,4.6758,0.1882,256300000,N/A,729756000,55000000,0,156600000,67.7465,1.763,1.8283,-226.1066,
600243.SH,青海华鼎,2004-08-20,2.9578,2.9261,3.015,2.8563,2.9769,138707,637715,0.019,0.6438,4.5976,0.2522,257950000,N/A,734454000,55000000,0,156600000,68.1826,1.7744,1.84,-227.5622,
600243.SH,青海华鼎,2004-08-23,2.9769,2.9705,2.9705,2.9071,2.9515,85541,395678,-0.0254,-0.8529,4.6256,0.1555,255750000,N/A,728190000,55000000,0,156600000,67.6011,1.7592,1.8243,-225.6214,
600243.SH,青海华鼎,2004-08-24,2.9515,2.9198,3.1038,2.9198,3.0277,92100,439064,0.0762,2.5806,4.7673,0.1675,262350000,N/A,746982000,55000000,0,156600000,69.3456,1.8046,1.8714,-231.4439,
600243.SH,青海华鼎,2004-08-25,3.0277,3.0277,3.0784,2.9198,3.0023,78100,369644,-0.0254,-0.8386,4.733,0.142,260150000,N/A,740718000,55000000,0,156600000,68.7641,1.7895,1.8557,-229.503,
600243.SH,青海华鼎,2004-08-26,3.0023,2.9515,3.034,2.9451,2.9832,66950,317603,-0.019,-0.6342,4.7439,0.1217,258500000,N/A,736020000,55000000,0,156600000,68.328,1.7782,1.8439,-228.0474,
600243.SH,青海华鼎,2004-08-27,2.9832,2.9832,2.9832,2.9515,2.9705,45350,212150,-0.0127,-0.4255,4.6781,0.0825,257400000,N/A,732888000,55000000,0,156600000,68.0372,1.7706,1.8361,-227.077,
600243.SH,青海华鼎,2004-08-30,2.9705,2.9515,3.0023,2.8753,2.9896,50549,234490,0.019,0.641,4.6389,0.0919,259050000,N/A,737586000,55000000,0,156600000,68.4734,1.7819,1.8479,-228.5326,
600243.SH,青海华鼎,2004-08-31,2.9896,3.0467,3.1419,3.0277,3.053,260541,1257595,0.0635,2.1231,4.8269,0.4737,264550000,N/A,753246000,55000000,0,156600000,69.9272,1.8198,1.8871,-233.3847,
600243.SH,青海华鼎,2004-09-01,3.053,3.0594,3.0594,2.9896,2.9959,51650,245420,-0.0571,-1.8711,4.7516,0.0939,259600000,N/A,739152000,55000000,0,156600000,68.6187,1.7857,1.8518,-229.0178,
600243.SH,青海华鼎,2004-09-02,2.9959,2.9896,3.1038,2.9578,3.053,89749,428774,0.0571,1.9068,4.7775,0.1632,264550000,N/A,753246000,55000000,0,156600000,69.9272,1.8198,1.8871,-233.3847,
600243.SH,青海华鼎,2004-09-03,3.053,3.0467,3.1356,3.0277,3.1102,152340,743508,0.0571,1.8711,4.8806,0.277,269500000,N/A,767340000,55000000,0,156600000,71.2356,1.8538,1.9224,-237.7516,
600243.SH,青海华鼎,2004-09-06,3.1102,3.1102,3.1165,3.0784,3.1165,54205,264162,0.0063,0.2041,4.8734,0.0986,270050000,N/A,768906000,55000000,0,156600000,71.3809,1.8576,1.9263,-238.2368,
600243.SH,青海华鼎,2004-09-07,3.1165,3.1102,3.1102,3.0467,3.0784,88358,426831,-0.0381,-1.222,4.8307,0.1607,266750000,N/A,759510000,55000000,0,156600000,70.5087,1.8349,1.9028,-235.3255,
600243.SH,青海华鼎,2004-09-08,3.0784,3.0594,3.1038,3.0213,3.0467,47250,227495,-0.0317,-1.0309,4.8147,0.0859,264000000,N/A,751680000,55000000,0,156600000,69.7818,1.816,1.8832,-232.8995,
600243.SH,青海华鼎,2004-09-09,3.0467,3.0467,3.0721,2.9705,2.9832,88011,418327,-0.0635,-2.0833,4.7531,0.16,258500000,N/A,736020000,55000000,0,156600000,68.328,1.7782,1.8439,-228.0474,
600243.SH,青海华鼎,2004-09-10,2.9832,2.9198,3.015,2.9198,2.9959,72130,337229,0.0127,0.4255,4.6753,0.1311,259600000,N/A,739152000,55000000,0,156600000,68.6187,1.7857,1.8518,-229.0178,
600243.SH,青海华鼎,2004-09-13,2.9959,3.015,3.015,2.9388,2.9896,47700,222724,-0.0063,-0.2119,4.6693,0.0867,259050000,N/A,737586000,55000000,0,156600000,68.4734,1.7819,1.8479,-228.5326,
600243.SH,青海华鼎,2004-09-14,2.9896,2.9705,3.1419,2.9705,3.0848,188300,910979,0.0952,3.1847,4.8379,0.3424,267300000,N/A,761076000,55000000,0,156600000,70.654,1.8387,1.9067,-235.8107,
600243.SH,青海华鼎,2004-09-15,3.0848,3.0848,3.2942,3.0848,3.2371,629588,3196317,0.1523,4.9383,5.0768,1.1447,280500000,N/A,798660000,55000000,0,156600000,74.1431,1.9295,2.0009,-247.4557,
600243.SH,青海华鼎,2004-09-16,3.2371,3.2498,3.2752,3.1927,3.2625,429183,2188642,0.0254,0.7843,5.0996,0.7803,282700000,N/A,804924000,55000000,0,156600000,74.7246,1.9446,2.0166,-249.3965,
600243.SH,青海华鼎,2004-09-17,3.2625,3.2625,3.3768,3.2308,3.3704,604211,3142298,0.1079,3.3074,5.2007,1.0986,292050000,N/A,831546000,55000000,0,156600000,77.1961,2.0089,2.0833,-257.6451,
600243.SH,青海华鼎,2004-09-20,3.3704,3.3704,3.491,3.3196,3.4847,834826,4467430,0.1143,3.3898,5.3513,1.5179,301950000,N/A,859734000,55000000,0,156600000,79.8129,2.077,2.1539,-266.3788,
600243.SH,青海华鼎,2004-09-21,3.4847,3.4529,3.4783,3.3514,3.4148,744905,3991562,-0.0698,-2.0036,5.3585,1.3544,295900000,N/A,842508000,55000000,0,156600000,78.2137,2.0354,2.1107,-261.0415,
600243.SH,青海华鼎,2004-09-22,3.4148,3.4021,3.4021,3.2752,3.3006,565041,2959794,-0.1143,-3.3457,5.2382,1.0273,286000000,N/A,814320000,55000000,0,156600000,75.5969,1.9673,2.0401,-252.3078,
600243.SH,青海华鼎,2004-09-23,3.3006,3.2689,3.3958,3.2689,3.3958,299050,1566722,0.0952,2.8846,5.239,0.5437,294250000,N/A,837810000,55000000,0,156600000,77.7776,2.0241,2.099,-259.5859,
600243.SH,青海华鼎,2004-09-24,3.3958,3.3958,3.4275,3.2689,3.2815,627800,3324382,-0.1143,-3.3645,5.2953,1.1415,284350000,N/A,809622000,55000000,0,156600000,75.1608,1.956,2.0283,-250.8522,
600243.SH,青海华鼎,2004-09-27,3.2815,3.2815,3.3133,3.1736,3.1927,363153,1849142,-0.0889,-2.7079,5.0919,0.6603,276650000,N/A,787698000,55000000,0,156600000,73.1255,1.903,1.9734,-244.0592,
600243.SH,青海华鼎,2004-09-28,3.1927,3.2117,3.2435,3.1736,3.2308,190370,963705,0.0381,1.1928,5.0623,0.3461,279950000,N/A,797094000,55000000,0,156600000,73.9978,1.9257,1.997,-246.9705,
600243.SH,青海华鼎,2004-09-29,3.2308,3.1927,3.2244,3.1609,3.1863,235423,1184213,-0.0444,-1.3752,5.0301,0.428,276100000,N/A,786132000,55000000,0,156600000,72.9801,1.8992,1.9695,-243.5741,
600243.SH,青海华鼎,2004-09-30,3.1863,3.1863,3.2054,3.1102,3.1292,274630,1368687,-0.0571,-1.7928,4.9837,0.4993,271150000,N/A,772038000,55000000,0,156600000,71.6717,1.8652,1.9342,-239.2072,
600243.SH,青海华鼎,2004-10-08,3.1292,3.1229,3.2308,3.1102,3.2181,180717,902715,0.0889,2.8398,4.9952,0.3286,278850000,N/A,793962000,55000000,0,156600000,73.707,1.9181,1.9891,-246.0001,
600243.SH,青海华鼎,2004-10-11,3.2181,3.2054,3.2815,3.1863,3.2054,223599,1139967,-0.0127,-0.3945,5.0983,0.4065,277750000,N/A,790830000,55000000,0,156600000,73.4162,1.9106,1.9813,-245.0297,
600243.SH,青海华鼎,2004-10-12,3.2054,3.18,3.199,3.1419,3.1419,162101,811369,-0.0635,-1.9802,5.0053,0.2947,272250000,N/A,775170000,55000000,0,156600000,71.9625,1.8727,1.942,-240.1776,
600243.SH,青海华鼎,2004-10-13,3.1419,3.1483,3.199,3.1102,3.1863,134250,666116,0.0444,1.4141,4.9618,0.2441,276100000,N/A,786132000,55000000,0,156600000,72.9801,1.8992,1.9695,-243.5741,
600243.SH,青海华鼎,2004-10-14,3.1863,3.1483,3.2117,2.9959,3.0023,256700,1254920,-0.1841,-5.7769,4.8887,0.4667,260150000,N/A,740718000,55000000,0,156600000,68.7641,1.7895,1.8557,-229.503,
600243.SH,青海华鼎,2004-10-15,3.0023,2.9832,3.0086,2.8563,2.9198,289029,1341660,-0.0825,-2.7484,4.642,0.5255,253000000,N/A,720360000,55000000,0,156600000,66.8742,1.7403,1.8047,-223.1953,
600243.SH,青海华鼎,2004-10-18,2.9198,2.9261,2.9832,2.8753,2.9578,135557,623618,0.0381,1.3043,4.6004,0.2465,256300000,N/A,729756000,55000000,0,156600000,67.7465,1.763,1.8283,-226.1066,
600243.SH,青海华鼎,2004-10-19,2.9578,3.0467,3.0467,2.9515,2.9515,108862,511609,-0.0063,-0.2146,4.6996,0.1979,255750000,N/A,728190000,55000000,0,156600000,67.6011,1.7592,1.8243,-225.6214,
600243.SH,青海华鼎,2004-10-20,2.9515,2.9324,2.9959,2.8372,2.8563,159499,722022,-0.0952,-3.2258,4.5268,0.29,247500000,N/A,704700000,55000000,0,156600000,65.4204,1.7025,1.7655,-218.3433,
600243.SH,青海华鼎,2004-10-21,2.8563,2.8563,2.9388,2.6722,2.7103,335362,1476385,-0.146,-5.1111,4.4024,0.6097,234850000,N/A,668682000,55000000,0,156600000,62.0767,1.6155,1.6752,-207.1835,
600243.SH,青海华鼎,2004-10-22,2.7103,2.6976,2.6976,2.4754,2.6532,393185,1621336,-0.0571,-2.1077,4.1236,0.7149,229900000,N/A,654588000,55000000,0,156600000,60.7683,1.5814,1.6399,-202.8166,
600243.SH,青海华鼎,2004-10-25,2.6532,2.6532,2.7293,2.6214,2.6659,277200,1164365,0.0127,0.4785,4.2005,0.504,231000000,N/A,657720000,55000000,0,156600000,61.0591,1.589,1.6478,-203.787,
600243.SH,青海华鼎,2004-10-26,2.6659,2.6595,2.7039,2.5833,2.6976,157397,656911,0.0317,1.1905,4.1736,0.2862,233750000,N/A,665550000,55000000,0,156600000,61.7859,1.6079,1.6674,-206.2131,
600243.SH,青海华鼎,2004-10-27,2.6976,2.6976,2.8118,2.6532,2.7928,368869,1591950,0.0952,3.5294,4.3158,0.6707,242000000,N/A,689040000,55000000,0,156600000,63.9666,1.6647,1.7262,-213.4912,
600243.SH,青海华鼎,2004-10-28,2.7928,2.8245,2.8499,2.7738,2.8499,416078,1842240,0.0571,2.0455,4.4276,0.7565,246950000,N/A,703134000,55000000,0,156600000,65.275,1.6987,1.7616,-217.8581,
600243.SH,青海华鼎,2004-10-29,2.8499,2.7928,2.8182,2.7039,2.7801,262500,1148683,-0.0698,-2.4499,4.3759,0.4773,240900000,N/A,685908000,55000000,0,156600000,63.6759,1.6571,1.7184,-212.5208,
600243.SH,青海华鼎,2004-11-01,2.7801,2.7992,2.869,2.7865,2.7928,330400,1467028,0.0127,0.4566,4.4402,0.6007,242000000,N/A,689040000,55000000,0,156600000,63.9666,1.6647,1.7262,-213.4912,
600243.SH,青海华鼎,2004-11-02,2.7928,2.8118,2.8245,2.7166,2.723,190690,825211,-0.0698,-2.5,4.3275,0.3467,235950000,N/A,671814000,55000000,0,156600000,62.3675,1.623,1.6831,-208.1539,
600243.SH,青海华鼎,2004-11-03,2.723,2.7293,2.8372,2.7166,2.8055,266151,1166633,0.0825,3.0303,4.3834,0.4839,243100000,N/A,692172000,55000000,0,156600000,64.2574,1.6722,1.7341,-214.4616,
600243.SH,青海华鼎,2004-11-04,2.8055,2.8309,2.8944,2.7928,2.888,820407,3683681,0.0825,2.9412,4.4901,1.4916,250250000,N/A,712530000,55000000,0,156600000,66.1473,1.7214,1.7851,-220.7693,
600243.SH,青海华鼎,2004-11-05,2.888,2.8563,2.8626,2.8055,2.8372,287984,1282465,-0.0508,-1.7582,4.4533,0.5236,245850000,N/A,700002000,55000000,0,156600000,64.9843,1.6911,1.7537,-216.8876,
600243.SH,青海华鼎,2004-11-08,2.8372,3.0784,3.0784,2.8626,2.888,1895259,8706176,0.0508,1.7897,4.5937,3.4459,250250000,N/A,712530000,55000000,0,156600000,66.1473,1.7214,1.7851,-220.7693,
600243.SH,青海华鼎,2004-11-09,2.888,2.8563,2.8626,2.7801,2.8182,393377,1746247,-0.0698,-2.4176,4.4391,0.7152,244200000,N/A,695304000,55000000,0,156600000,64.5481,1.6798,1.7419,-215.432,
600243.SH,青海华鼎,2004-11-10,2.8182,2.8245,2.9515,2.7928,2.9198,630225,2858159,0.1016,3.6036,4.5351,1.1459,253000000,N/A,720360000,55000000,0,156600000,66.8742,1.7403,1.8047,-223.1953,
600243.SH,青海华鼎,2004-11-11,2.9198,2.9451,2.9959,2.888,2.9324,768610,3572125,0.0127,0.4348,4.6475,1.3975,254100000,N/A,723492000,55000000,0,156600000,67.165,1.7479,1.8126,-224.1658,
600243.SH,青海华鼎,2004-11-12,2.9324,2.9324,3.0086,2.869,2.9198,337850,1549994,-0.0127,-0.4329,4.5878,0.6143,253000000,N/A,720360000,55000000,0,156600000,66.8742,1.7403,1.8047,-223.1953,
600243.SH,青海华鼎,2004-11-15,2.9198,2.9134,2.9769,2.8753,2.9324,314608,1440615,0.0127,0.4348,4.5791,0.572,254100000,N/A,723492000,55000000,0,156600000,67.165,1.7479,1.8126,-224.1658,
600243.SH,青海华鼎,2004-11-16,2.9324,2.9324,2.9388,2.8753,2.8944,182600,833887,-0.0381,-1.2987,4.5667,0.332,250800000,N/A,714096000,55000000,0,156600000,66.2927,1.7252,1.789,-221.2545,
600243.SH,青海华鼎,2004-11-17,2.8944,2.9198,2.9198,2.8309,2.8626,178400,803527,-0.0317,-1.0965,4.5041,0.3244,248050000,N/A,706266000,55000000,0,156600000,65.5658,1.7063,1.7694,-218.8285,
600243.SH,青海华鼎,2004-11-18,2.8626,2.888,2.9578,2.8563,2.9261,169900,776605,0.0635,2.2173,4.571,0.3089,253550000,N/A,721926000,55000000,0,156600000,67.0196,1.7441,1.8086,-223.6805,
600243.SH,青海华鼎,2004-11-19,2.9261,2.9198,2.9769,2.8944,2.9642,338855,1566181,0.0381,1.3015,4.622,0.6161,256850000,N/A,731322000,55000000,0,156600000,67.8918,1.7668,1.8322,-226.5918,
600243.SH,青海华鼎,2004-11-22,2.9642,2.9642,3.015,2.9451,2.9896,436012,2050822,0.0254,0.8565,4.7036,0.7927,259050000,N/A,737586000,55000000,0,156600000,68.4734,1.7819,1.8479,-228.5326,
600243.SH,青海华鼎,2004-11-23,2.9896,2.9959,3.015,2.9578,2.9769,353090,1656006,-0.0127,-0.4246,4.69,0.642,257950000,N/A,734454000,55000000,0,156600000,68.1826,1.7744,1.84,-227.5622,
600243.SH,青海华鼎,2004-11-24,2.9769,2.9388,2.9959,2.9198,2.9388,241800,1126507,-0.0381,-1.2793,4.6588,0.4396,254650000,N/A,725058000,55000000,0,156600000,67.3103,1.7517,1.8165,-224.651,
600243.SH,青海华鼎,2004-11-25,2.9388,2.9071,2.9769,2.8753,2.9007,174001,794528,-0.0381,-1.2959,4.5662,0.3164,251350000,N/A,715662000,55000000,0,156600000,66.4381,1.729,1.7929,-221.7397,
600243.SH,青海华鼎,2004-11-26,2.9007,2.888,3.0023,2.888,2.9959,495425,2322202,0.0952,3.2823,4.6873,0.9008,259600000,N/A,739152000,55000000,0,156600000,68.6187,1.7857,1.8518,-229.0178,
600243.SH,青海华鼎,2004-11-29,2.9959,3.0213,3.0404,2.9261,2.9324,546601,2568277,-0.0635,-2.1186,4.6986,0.9938,254100000,N/A,723492000,55000000,0,156600000,67.165,1.7479,1.8126,-224.1658,
600243.SH,青海华鼎,2004-11-30,2.9324,2.9324,2.9515,2.9007,2.9388,141561,651014,0.0063,0.2165,4.5988,0.2574,254650000,N/A,725058000,55000000,0,156600000,67.3103,1.7517,1.8165,-224.651,
600243.SH,青海华鼎,2004-12-01,2.9388,2.9198,2.9451,2.8944,2.9324,193800,888765,-0.0063,-0.216,4.586,0.3524,254100000,N/A,723492000,55000000,0,156600000,67.165,1.7479,1.8126,-224.1658,
600243.SH,青海华鼎,2004-12-02,2.9324,2.9198,3.0086,2.8944,3.0086,404967,1899285,0.0762,2.5974,4.69,0.7363,260700000,N/A,742284000,55000000,0,156600000,68.9095,1.7933,1.8596,-229.9882,
600243.SH,青海华鼎,2004-12-03,3.0086,3.0086,3.0404,2.9832,3.015,351632,1668067,0.0063,0.211,4.7438,0.6393,261250000,N/A,743850000,55000000,0,156600000,69.0549,1.7971,1.8636,-230.4734,
600243.SH,青海华鼎,2004-12-06,3.015,3.015,3.0277,2.9578,2.9959,189652,893497,-0.019,-0.6316,4.7112,0.3448,259600000,N/A,739152000,55000000,0,156600000,68.6187,1.7857,1.8518,-229.0178,
600243.SH,青海华鼎,2004-12-07,2.9959,3.0023,3.0023,2.9071,2.9071,191200,887577,-0.0889,-2.9661,4.6421,0.3476,251900000,N/A,717228000,55000000,0,156600000,66.5834,1.7328,1.7969,-222.2249,
600243.SH,青海华鼎,2004-12-08,2.9071,2.9388,2.9769,2.9071,2.9324,175192,808118,0.0254,0.8734,4.6128,0.3185,254100000,N/A,723492000,55000000,0,156600000,67.165,1.7479,1.8126,-224.1658,
600243.SH,青海华鼎,2004-12-09,2.9324,2.9578,2.9578,2.9007,2.9388,129900,600998,0.0063,0.2165,4.6266,0.2362,254650000,N/A,725058000,55000000,0,156600000,67.3103,1.7517,1.8165,-224.651,
600243.SH,青海华鼎,2004-12-10,2.9388,2.9198,2.9388,2.8182,2.8245,267830,1207013,-0.1143,-3.8877,4.5066,0.487,244750000,N/A,696870000,55000000,0,156600000,64.6935,1.6836,1.7459,-215.9172,
600243.SH,青海华鼎,2004-12-13,2.8245,2.7611,2.7992,2.742,2.7547,173954,758849,-0.0698,-2.4719,4.3624,0.3163,238700000,N/A,679644000,55000000,0,156600000,63.0944,1.642,1.7027,-210.58,
600243.SH,青海华鼎,2004-12-14,2.7547,2.7357,2.7865,2.7166,2.723,65300,282703,-0.0317,-1.1521,4.3293,0.1187,235950000,N/A,671814000,55000000,0,156600000,62.3675,1.623,1.6831,-208.1539,
600243.SH,青海华鼎,2004-12-15,2.723,2.7293,2.7674,2.7039,2.742,126221,543749,0.019,0.6993,4.3079,0.2295,237600000,N/A,676512000,55000000,0,156600000,62.8036,1.6344,1.6949,-209.6095,
600243.SH,青海华鼎,2004-12-16,2.742,2.7738,2.7738,2.7293,2.7484,94830,409946,0.0063,0.2315,4.323,0.1724,238150000,N/A,678078000,55000000,0,156600000,62.949,1.6382,1.6988,-210.0947,
600243.SH,青海华鼎,2004-12-17,2.7484,2.742,2.7547,2.6849,2.7103,129000,550359,-0.0381,-1.3857,4.2663,0.2345,234850000,N/A,668682000,55000000,0,156600000,62.0767,1.6155,1.6752,-207.1835,
600243.SH,青海华鼎,2004-12-20,2.7103,2.7103,2.7103,2.7103,2.7103,N/A,N/A,0,0,N/A,N/A,234850000,N/A,668682000,55000000,0,156600000,62.0767,1.6155,1.6752,-207.1835,
600243.SH,青海华鼎,2004-12-21,2.7103,2.7166,2.723,2.6341,2.6912,178500,756107,-0.019,-0.7026,4.2359,0.3245,233200000,N/A,663984000,55000000,0,156600000,61.6406,1.6041,1.6635,-205.7279,
600243.SH,青海华鼎,2004-12-22,2.6912,2.6912,2.8118,2.6912,2.8118,194915,847968,0.1206,4.4811,4.3505,0.3544,243650000,N/A,693738000,55000000,0,156600000,64.4028,1.676,1.738,-214.9468,
600243.SH,青海华鼎,2004-12-23,2.8118,2.8245,2.8436,2.7103,2.7611,131900,571950,-0.0508,-1.8059,4.3362,0.2398,239250000,N/A,681210000,55000000,0,156600000,63.2397,1.6457,1.7066,-211.0652,
600243.SH,青海华鼎,2004-12-24,2.7611,2.7484,2.7674,2.7103,2.723,79815,343842,-0.0381,-1.3793,4.308,0.1451,235950000,N/A,671814000,55000000,0,156600000,62.3675,1.623,1.6831,-208.1539,
600243.SH,青海华鼎,2004-12-27,2.723,2.6849,2.7293,2.6722,2.7166,54110,229034,-0.0063,-0.2331,4.2327,0.0984,235400000,N/A,670248000,55000000,0,156600000,62.2221,1.6193,1.6792,-207.6687,
600243.SH,青海华鼎,2004-12-28,2.7166,2.6976,2.6976,2.6659,2.6786,125800,529407,-0.0381,-1.4019,4.2083,0.2287,232100000,N/A,660852000,55000000,0,156600000,61.3498,1.5966,1.6556,-204.7575,
600243.SH,青海华鼎,2004-12-29,2.6786,2.6595,2.7039,2.6468,2.6659,114500,480887,-0.0127,-0.4739,4.1999,0.2082,231000000,N/A,657720000,55000000,0,156600000,61.0591,1.589,1.6478,-203.787,
600243.SH,青海华鼎,2004-12-30,2.6659,2.6024,2.6468,2.596,2.6278,223499,918649,-0.0381,-1.4286,4.1103,0.4064,227700000,N/A,648324000,55000000,0,156600000,60.1868,1.5663,1.6242,-200.8758,
600243.SH,青海华鼎,2004-12-31,2.6278,2.6278,2.6405,2.558,2.5707,107140,437137,-0.0571,-2.1739,4.0801,0.1948,222750000,N/A,634230000,55000000,0,156600000,58.8784,1.5322,1.5889,-196.5089,
600243.SH,青海华鼎,2005-01-04,2.5707,2.5516,2.5897,2.5135,2.5389,98699,394771,-0.0317,-1.2346,3.9997,0.1795,220000000,N/A,626400000,55000000,0,156600000,61.1566,1.4763,1.4298,-68.0153,
600243.SH,青海华鼎,2005-01-05,2.5389,2.5453,2.6151,2.5453,2.596,131607,534915,0.0571,2.25,4.0645,0.2393,224950000,N/A,640494000,55000000,0,156600000,62.5326,1.5096,1.462,-69.5456,
600243.SH,青海华鼎,2005-01-06,2.596,2.5707,2.596,2.5516,2.5897,117400,474917,-0.0063,-0.2445,4.0453,0.2135,224400000,N/A,638928000,55000000,0,156600000,62.3797,1.5059,1.4584,-69.3756,
600243.SH,青海华鼎,2005-01-07,2.5897,2.5897,2.6214,2.5389,2.6151,260838,1060067,0.0254,0.9804,4.0641,0.4743,226600000,N/A,645192000,55000000,0,156600000,62.9913,1.5206,1.4727,-70.0557,
600243.SH,青海华鼎,2005-01-10,2.6151,2.577,2.6468,2.5707,2.6468,141500,585432,0.0317,1.2136,4.1373,0.2573,229350000,N/A,653022000,55000000,0,156600000,63.7558,1.5391,1.4905,-70.9059,
600243.SH,青海华鼎,2005-01-11,2.6468,2.6278,2.6468,2.6151,2.6468,100514,416456,0,0,4.1433,0.1828,229350000,N/A,653022000,55000000,0,156600000,63.7558,1.5391,1.4905,-70.9059,
600243.SH,青海华鼎,2005-01-12,2.6468,2.6341,2.6468,2.6024,2.6405,76650,317484,-0.0063,-0.2398,4.142,0.1394,228800000,N/A,651456000,55000000,0,156600000,63.6029,1.5354,1.487,-70.7359,
600243.SH,青海华鼎,2005-01-13,2.6405,2.5643,2.6468,2.5643,2.6341,87299,361021,-0.0063,-0.2404,4.1355,0.1587,228250000,N/A,649890000,55000000,0,156600000,63.45,1.5317,1.4834,-70.5658,
600243.SH,青海华鼎,2005-01-14,2.6341,2.6214,2.6532,2.6087,2.6278,82940,343494,-0.0063,-0.241,4.1415,0.1508,227700000,N/A,648324000,55000000,0,156600000,63.2971,1.528,1.4798,-70.3958,
600243.SH,青海华鼎,2005-01-17,2.6278,2.5897,2.6214,2.5199,2.5326,131900,529980,-0.0952,-3.6232,4.018,0.2398,219450000,N/A,624834000,55000000,0,156600000,61.0037,1.4727,1.4262,-67.8452,
600243.SH,青海华鼎,2005-01-18,2.5326,2.558,2.596,2.5199,2.5897,104100,419673,0.0571,2.2556,4.0314,0.1893,224400000,N/A,638928000,55000000,0,156600000,62.3797,1.5059,1.4584,-69.3756,
600243.SH,青海华鼎,2005-01-19,2.5897,2.6214,2.6405,2.5643,2.6278,171000,705098,0.0381,1.4706,4.1234,0.3109,227700000,N/A,648324000,55000000,0,156600000,63.2971,1.528,1.4798,-70.3958,
600243.SH,青海华鼎,2005-01-20,2.6278,2.6405,2.6405,2.5516,2.577,123600,502741,-0.0508,-1.9324,4.0675,0.2247,223300000,N/A,635796000,55000000,0,156600000,62.074,1.4985,1.4512,-69.0355,
600243.SH,青海华鼎,2005-01-21,2.577,2.5453,2.6532,2.5389,2.6468,195150,795987,0.0698,2.7094,4.0788,0.3548,229350000,N/A,653022000,55000000,0,156600000,63.7558,1.5391,1.4905,-70.9059,
600243.SH,青海华鼎,2005-01-24,2.6468,2.6976,2.7293,2.6468,2.7103,330963,1401706,0.0635,2.3981,4.2352,0.6018,234850000,N/A,668682000,55000000,0,156600000,65.2847,1.576,1.5263,-72.6063,
600243.SH,青海华鼎,2005-01-25,2.7103,2.6722,2.6976,2.6405,2.6532,200046,839491,-0.0571,-2.1077,4.1965,0.3637,229900000,N/A,654588000,55000000,0,156600000,63.9087,1.5428,1.4941,-71.076,
600243.SH,青海华鼎,2005-01-26,2.6532,2.6976,2.6976,2.6087,2.6405,138379,577791,-0.0127,-0.4785,4.1754,0.2516,228800000,N/A,651456000,55000000,0,156600000,63.6029,1.5354,1.487,-70.7359,
600243.SH,青海华鼎,2005-01-27,2.6405,2.6214,2.6214,2.5707,2.577,101768,414553,-0.0635,-2.4038,4.0735,0.185,223300000,N/A,635796000,55000000,0,156600000,62.074,1.4985,1.4512,-69.0355,
600243.SH,青海华鼎,2005-01-28,2.577,2.5516,2.5833,2.5072,2.5199,123483,492828,-0.0571,-2.2167,3.9911,0.2245,218350000,N/A,621702000,55000000,0,156600000,60.6979,1.4653,1.4191,-67.5051,
600243.SH,青海华鼎,2005-01-31,2.5199,2.5135,2.5135,2.3802,2.4056,200702,767712,-0.1143,-4.534,3.8251,0.3649,208450000,N/A,593514000,55000000,0,156600000,57.9459,1.3988,1.3547,-64.4445,
600243.SH,青海华鼎,2005-02-01,2.4056,2.412,2.4437,2.285,2.3485,168150,628648,-0.0571,-2.3747,3.7386,0.3057,203500000,N/A,579420000,55000000,0,156600000,56.5699,1.3656,1.3225,-62.9141,
600243.SH,青海华鼎,2005-02-02,2.3485,2.3358,2.4881,2.3168,2.4691,239784,912322,0.1206,5.1351,3.8048,0.436,213950000,N/A,609174000,55000000,0,156600000,59.4748,1.4357,1.3905,-66.1448,
600243.SH,青海华鼎,2005-02-03,2.4691,2.4627,2.4754,2.4056,2.412,218402,835529,-0.0571,-2.3136,3.8256,0.3971,209000000,N/A,595080000,55000000,0,156600000,58.0988,1.4025,1.3583,-64.6145,
600243.SH,青海华鼎,2005-02-04,2.412,2.412,2.4754,2.3802,2.4437,264550,1012461,0.0317,1.3158,3.8271,0.481,211750000,N/A,602910000,55000000,0,156600000,58.8632,1.421,1.3762,-65.4647,
600243.SH,青海华鼎,2005-02-16,2.4437,2.4437,2.5072,2.4437,2.4881,125700,492094,0.0444,1.8182,3.9148,0.2285,215600000,N/A,613872000,55000000,0,156600000,59.9335,1.4468,1.4012,-66.655,
600243.SH,青海华鼎,2005-02-17,2.4881,2.4627,2.5008,2.4627,2.4881,84311,330338,0,0,3.9181,0.1533,215600000,N/A,613872000,55000000,0,156600000,59.9335,1.4468,1.4012,-66.655,
600243.SH,青海华鼎,2005-02-18,2.4881,2.4881,2.5135,2.4754,2.4818,135000,529865,-0.0063,-0.2551,3.9249,0.2455,215050000,N/A,612306000,55000000,0,156600000,59.7806,1.4431,1.3976,-66.4849,
600243.SH,青海华鼎,2005-02-21,2.4818,2.4627,2.5389,2.4627,2.5326,113410,449920,0.0508,2.046,3.9672,0.2062,219450000,N/A,624834000,55000000,0,156600000,61.0037,1.4727,1.4262,-67.8452,
600243.SH,青海华鼎,2005-02-22,2.5326,2.5389,2.6024,2.5199,2.596,297102,1203901,0.0635,2.5063,4.0521,0.5402,224950000,N/A,640494000,55000000,0,156600000,62.5326,1.5096,1.462,-69.5456,
600243.SH,青海华鼎,2005-02-23,2.596,2.596,2.6278,2.558,2.596,322165,1319045,0,0,4.0943,0.5858,224950000,N/A,640494000,55000000,0,156600000,62.5326,1.5096,1.462,-69.5456,
600243.SH,青海华鼎,2005-02-24,2.596,2.5833,2.6595,2.577,2.6278,323108,1337576,0.0317,1.2225,4.1397,0.5875,227700000,N/A,648324000,55000000,0,156600000,63.2971,1.528,1.4798,-70.3958,
600243.SH,青海华鼎,2005-02-25,2.6278,2.6278,2.6722,2.6151,2.6468,465511,1938083,0.019,0.7246,4.1633,0.8464,229350000,N/A,653022000,55000000,0,156600000,63.7558,1.5391,1.4905,-70.9059,
600243.SH,青海华鼎,2005-02-28,2.6468,2.6278,2.6849,2.6024,2.6087,287150,1196261,-0.0381,-1.4388,4.166,0.5221,226050000,N/A,643626000,55000000,0,156600000,62.8384,1.5169,1.4691,-69.8857,
600243.SH,青海华鼎,2005-03-01,2.6087,2.6087,2.6532,2.577,2.6468,207300,851208,0.0381,1.4599,4.1062,0.3769,229350000,N/A,653022000,55000000,0,156600000,63.7558,1.5391,1.4905,-70.9059,
600243.SH,青海华鼎,2005-03-02,2.6468,2.7103,2.7103,2.5707,2.577,187000,777938,-0.0698,-2.6379,4.1601,0.34,223300000,N/A,635796000,55000000,0,156600000,62.074,1.4985,1.4512,-69.0355,
600243.SH,青海华鼎,2005-03-03,2.577,2.577,2.8372,2.577,2.8372,4038535,17916204,0.2602,10.0985,4.4363,7.3428,245850000,N/A,700002000,55000000,0,156600000,68.3425,1.6498,1.5978,-76.0071,
600243.SH,青海华鼎,2005-03-04,2.8372,2.8372,2.8436,2.7103,2.742,2626245,11434106,-0.0952,-3.3557,4.3538,4.775,237600000,N/A,676512000,55000000,0,156600000,66.0491,1.5945,1.5442,-73.4565,
600243.SH,青海华鼎,2005-03-07,2.742,2.742,2.7611,2.6659,2.7039,967798,4119672,-0.0381,-1.3889,4.2567,1.7596,234300000,N/A,667116000,55000000,0,156600000,65.1318,1.5723,1.5227,-72.4363,
600243.SH,青海华鼎,2005-03-08,2.7039,2.7039,2.7992,2.6849,2.7801,1254372,5442587,0.0762,2.8169,4.3389,2.2807,240900000,N/A,685908000,55000000,0,156600000,66.9665,1.6166,1.5656,-74.4767,
600243.SH,青海华鼎,2005-03-09,2.7801,2.8055,2.8055,2.7103,2.742,1014725,4391404,-0.0381,-1.3699,4.3277,1.845,237600000,N/A,676512000,55000000,0,156600000,66.0491,1.5945,1.5442,-73.4565,
600243.SH,青海华鼎,2005-03-10,2.742,2.7293,2.7801,2.6405,2.6532,585959,2509173,-0.0889,-3.2407,4.2822,1.0654,229900000,N/A,654588000,55000000,0,156600000,63.9087,1.5428,1.4941,-71.076,
600243.SH,青海华鼎,2005-03-11,2.6532,2.6532,2.6912,2.6341,2.6786,673900,2827760,0.0254,0.9569,4.1961,1.2253,232100000,N/A,660852000,55000000,0,156600000,64.5202,1.5575,1.5084,-71.7561,
600243.SH,青海华鼎,2005-03-14,2.6786,2.6532,2.6659,2.577,2.6214,446350,1837692,-0.0571,-2.1327,4.1172,0.8115,227150000,N/A,646758000,55000000,0,156600000,63.1442,1.5243,1.4762,-70.2258,
600243.SH,青海华鼎,2005-03-15,2.6214,2.6087,2.6532,2.4754,2.5389,462799,1887743,-0.0825,-3.1477,4.079,0.8415,220000000,N/A,626400000,55000000,0,156600000,61.1566,1.4763,1.4298,-68.0153,
600243.SH,青海华鼎,2005-03-16,2.5389,2.5199,2.558,2.4945,2.5199,270500,1073936,-0.019,-0.75,3.9702,0.4918,218350000,N/A,621702000,55000000,0,156600000,60.6979,1.4653,1.4191,-67.5051,
600243.SH,青海华鼎,2005-03-17,2.5199,2.5389,2.577,2.5072,2.5135,306767,1230107,-0.0063,-0.2519,4.0099,0.5578,217800000,N/A,620136000,55000000,0,156600000,60.545,1.4616,1.4155,-67.3351,
600243.SH,青海华鼎,2005-03-18,2.5135,2.5199,2.5326,2.412,2.431,283500,1095826,-0.0825,-3.2828,3.8653,0.5155,210650000,N/A,599778000,55000000,0,156600000,58.5574,1.4136,1.369,-65.1246,
600243.SH,青海华鼎,2005-03-21,2.431,2.4183,2.4754,2.4183,2.4374,160043,617199,0.0063,0.2611,3.8565,0.291,211200000,N/A,601344000,55000000,0,156600000,58.7103,1.4173,1.3726,-65.2947,
600243.SH,青海华鼎,2005-03-22,2.4374,2.431,2.4691,2.3421,2.3739,261662,981430,-0.0635,-2.6042,3.7508,0.4757,205700000,N/A,585684000,55000000,0,156600000,57.1814,1.3804,1.3368,-63.5943,
600243.SH,青海华鼎,2005-03-23,2.3739,2.4056,2.431,2.2977,2.3802,256010,957179,0.0063,0.2674,3.7388,0.4655,206250000,N/A,587250000,55000000,0,156600000,57.3343,1.3841,1.3404,-63.7643,
600243.SH,青海华鼎,2005-03-24,2.3802,2.3675,2.3993,2.3485,2.3993,208699,779099,0.019,0.8,3.7331,0.3795,207900000,N/A,591948000,55000000,0,156600000,57.793,1.3951,1.3511,-64.2744,
600243.SH,青海华鼎,2005-03-25,2.3993,2.4183,2.4437,2.4056,2.431,241703,922434,0.0317,1.3228,3.8164,0.4395,210650000,N/A,599778000,55000000,0,156600000,58.5574,1.4136,1.369,-65.1246,
600243.SH,青海华鼎,2005-03-28,2.431,2.3675,2.4437,2.3548,2.431,143499,543881,0,0,3.7901,0.2609,210650000,N/A,599778000,55000000,0,156600000,58.5574,1.4136,1.369,-65.1246,
600243.SH,青海华鼎,2005-03-29,2.431,2.4564,2.4564,2.3739,2.3993,127900,484476,-0.0317,-1.3055,3.7879,0.2325,207900000,N/A,591948000,55000000,0,156600000,57.793,1.3951,1.3511,-64.2744,
600243.SH,青海华鼎,2005-03-30,2.3993,2.3675,2.3739,2.2914,2.3041,271209,996482,-0.0952,-3.9683,3.6742,0.4931,199650000,N/A,568458000,55000000,0,156600000,55.4996,1.3398,1.2975,-61.7239,
600243.SH,青海华鼎,2005-03-31,2.3041,2.2723,2.3231,2.2342,2.3231,163380,584749,0.019,0.8264,3.5791,0.2971,201300000,N/A,573156000,55000000,0,156600000,55.9583,1.3509,1.3082,-62.234,
600243.SH,青海华鼎,2005-04-01,2.3231,2.3485,2.4437,2.285,2.4056,269299,996231,0.0825,3.5519,3.6993,0.4896,208450000,N/A,593514000,55000000,0,156600000,57.9459,1.3988,1.3547,-64.4445,
600243.SH,青海华鼎,2005-04-04,2.4056,2.3802,2.3802,2.3358,2.3421,153167,568526,-0.0635,-2.6385,3.7118,0.2785,202950000,N/A,577854000,55000000,0,156600000,56.417,1.3619,1.319,-62.7441,
600243.SH,青海华鼎,2005-04-05,2.3421,2.3612,2.4247,2.3168,2.3485,191189,713540,0.0063,0.271,3.7321,0.3476,203500000,N/A,579420000,55000000,0,156600000,56.5699,1.3656,1.3225,-62.9141,
600243.SH,青海华鼎,2005-04-06,2.3485,2.3104,2.3802,2.2596,2.3168,218839,801529,-0.0317,-1.3514,3.6626,0.3979,200750000,N/A,571590000,55000000,0,156600000,55.8054,1.3472,1.3047,-62.0639,
600243.SH,青海华鼎,2005-04-07,2.3168,2.3295,2.4183,2.3231,2.3802,300780,1133016,0.0635,2.7397,3.7669,0.5469,206250000,N/A,587250000,55000000,0,156600000,57.3343,1.3841,1.3404,-63.7643,
600243.SH,青海华鼎,2005-04-08,2.3802,2.3802,2.4374,2.3675,2.431,201845,767330,0.0508,2.1333,3.8016,0.367,210650000,N/A,599778000,55000000,0,156600000,58.5574,1.4136,1.369,-65.1246,
600243.SH,青海华鼎,2005-04-11,2.431,2.4437,2.4627,2.3929,2.412,155899,594035,-0.019,-0.7833,3.8104,0.2835,209000000,N/A,595080000,55000000,0,156600000,58.0988,1.4025,1.3583,-64.6145,
600243.SH,青海华鼎,2005-04-12,2.412,2.431,2.431,2.3548,2.3612,146679,552458,-0.0508,-2.1053,3.7664,0.2667,204600000,N/A,582552000,55000000,0,156600000,56.8756,1.373,1.3297,-63.2542,
600243.SH,青海华鼎,2005-04-13,2.3612,2.4754,2.4754,2.3993,2.4374,434899,1656547,0.0762,3.2258,3.809,0.7907,211200000,N/A,601344000,55000000,0,156600000,58.7103,1.4173,1.3726,-65.2947,
600243.SH,青海华鼎,2005-04-14,2.4374,2.4374,2.4945,2.4247,2.4754,764718,2979391,0.0381,1.5625,3.8961,1.3904,214500000,N/A,610740000,55000000,0,156600000,59.6277,1.4394,1.394,-66.3149,
600243.SH,青海华鼎,2005-04-15,2.4754,2.4564,2.4691,2.3675,2.4627,520789,1972232,-0.0127,-0.5128,3.787,0.9469,213400000,N/A,607608000,55000000,0,156600000,59.3219,1.4321,1.3869,-65.9748,
600243.SH,青海华鼎,2005-04-18,2.4627,2.4056,2.4627,2.3929,2.4056,307371,1170217,-0.0571,-2.3196,3.8072,0.5589,208450000,N/A,593514000,55000000,0,156600000,57.9459,1.3988,1.3547,-64.4445,
600243.SH,青海华鼎,2005-04-19,2.4056,2.4374,2.4437,2.2469,2.285,875967,3191077,-0.1206,-5.0132,3.6429,1.5927,198000000,N/A,563760000,55000000,0,156600000,55.0409,1.3287,1.2868,-61.2137,
600243.SH,青海华鼎,2005-04-20,2.285,2.2787,2.3104,2.2406,2.3041,324570,1163826,0.019,0.8333,3.5857,0.5901,199650000,N/A,568458000,55000000,0,156600000,55.4996,1.3398,1.2975,-61.7239,
600243.SH,青海华鼎,2005-04-21,2.3041,2.3295,2.3485,2.1581,2.1644,1131467,4097369,-0.1396,-6.0606,3.6213,2.0572,187550000,N/A,534006000,55000000,0,156600000,52.136,1.2586,1.2189,-57.983,
600243.SH,青海华鼎,2005-04-22,2.1644,2.1517,2.1517,1.9804,2.0629,746256,2402876,-0.1016,-4.6921,3.2199,1.3568,178750000,N/A,508950000,55000000,0,156600000,49.6897,1.1995,1.1617,-55.2624,
600243.SH,青海华鼎,2005-04-25,2.0629,2.0311,2.0565,1.9994,2.0565,206501,660198,-0.0063,-0.3077,3.1971,0.3755,178200000,N/A,507384000,55000000,0,156600000,49.5368,1.1958,1.1581,-55.0924,
600243.SH,青海华鼎,2005-04-26,2.0565,2.0565,2.12,2.0438,2.1136,212023,695512,0.0571,2.7778,3.2804,0.3855,183150000,N/A,521478000,55000000,0,156600000,50.9129,1.2291,1.1903,-56.6227,
600243.SH,青海华鼎,2005-04-27,2.1136,2.0819,2.0819,2.0184,2.0248,305600,990032,-0.0889,-4.2042,3.2396,0.5556,175450000,N/A,499554000,55000000,0,156600000,48.7724,1.1774,1.1403,-54.2422,
600243.SH,青海华鼎,2005-04-28,2.0248,2.0057,2.12,1.9994,2.0946,285959,934876,0.0698,3.4483,3.2693,0.5199,181500000,N/A,516780000,55000000,0,156600000,50.4542,1.218,1.1796,-56.1126,
600243.SH,青海华鼎,2005-04-29,2.0946,2.0692,2.101,2.0629,2.0819,236200,774851,-0.0127,-0.6061,3.2805,0.4295,180400000,N/A,513648000,55000000,0,156600000,50.1484,1.2106,1.1724,-55.7725,
600243.SH,青海华鼎,2005-05-09,2.0819,2.0946,2.101,1.9042,1.9359,218032,674027,-0.146,-7.0122,3.0914,0.3964,167750000,N/A,477630000,55000000,0,156600000,46.6319,1.1257,1.0902,-51.8616,
600243.SH,青海华鼎,2005-05-10,1.9359,1.9423,1.9804,1.8788,1.9613,208979,634393,0.0254,1.3115,3.0357,0.38,169950000,N/A,483894000,55000000,0,156600000,47.2435,1.1405,1.1045,-52.5418,
600243.SH,青海华鼎,2005-05-11,1.9613,1.9423,1.9804,1.9423,1.9677,176256,544270,0.0063,0.3236,3.088,0.3205,170500000,N/A,485460000,55000000,0,156600000,47.3964,1.1442,1.1081,-52.7118,
600243.SH,青海华鼎,2005-05-12,1.9677,1.9423,1.9804,1.9296,1.9613,155300,478139,-0.0063,-0.3226,3.0788,0.2824,169950000,N/A,483894000,55000000,0,156600000,47.2435,1.1405,1.1045,-52.5418,
600243.SH,青海华鼎,2005-05-13,1.9613,1.974,2.0121,1.955,1.9867,187800,588703,0.0254,1.2945,3.1347,0.3415,172150000,N/A,490158000,55000000,0,156600000,47.855,1.1552,1.1188,-53.2219,
600243.SH,青海华鼎,2005-05-16,1.9867,1.9867,2.0565,1.9486,2.0311,309591,979388,0.0444,2.2364,3.1635,0.5629,176000000,N/A,501120000,55000000,0,156600000,48.9253,1.1811,1.1438,-54.4122,
600243.SH,青海华鼎,2005-05-17,2.0311,2.0121,2.0946,2.0057,2.0629,327557,1063363,0.0317,1.5625,3.2463,0.5956,178750000,N/A,508950000,55000000,0,156600000,49.6897,1.1995,1.1617,-55.2624,
600243.SH,青海华鼎,2005-05-18,2.0629,2.0375,2.0756,2.0057,2.0692,220619,708652,0.0063,0.3077,3.2121,0.4011,179300000,N/A,510516000,55000000,0,156600000,49.8426,1.2032,1.1653,-55.4324,
600243.SH,青海华鼎,2005-05-19,2.0692,2.0375,2.0819,2.0121,2.0629,203707,655481,-0.0063,-0.3067,3.2178,0.3704,178750000,N/A,508950000,55000000,0,156600000,49.6897,1.1995,1.1617,-55.2624,
600243.SH,青海华鼎,2005-05-20,2.0629,2.0629,2.0629,2.0629,2.0629,N/A,N/A,0,0,N/A,N/A,178750000,N/A,508950000,55000000,0,156600000,49.6897,1.1995,1.1617,-55.2624,
600243.SH,青海华鼎,2005-05-23,2.0629,1.8788,2.0629,1.8788,1.974,299701,950372,-0.0889,-4.3077,3.1711,0.5449,171050000,N/A,487026000,55000000,0,156600000,47.5493,1.1479,1.1117,-52.8819,
600243.SH,青海华鼎,2005-05-24,1.974,1.9042,2.0502,1.9042,2.0375,387980,1224189,0.0635,3.2154,3.1553,0.7054,176550000,N/A,502686000,55000000,0,156600000,49.0782,1.1848,1.1474,-54.5823,
600243.SH,青海华鼎,2005-05-25,2.0375,2.0438,2.0946,1.993,2.0438,267880,868075,0.0063,0.3115,3.2405,0.4871,177100000,N/A,504252000,55000000,0,156600000,49.2311,1.1885,1.151,-54.7523,
600243.SH,青海华鼎,2005-05-26,2.0438,2.0184,2.0819,2.0184,2.0565,342219,1107011,0.0127,0.6211,3.2348,0.6222,178200000,N/A,507384000,55000000,0,156600000,49.5368,1.1958,1.1581,-55.0924,
600243.SH,青海华鼎,2005-05-27,2.0565,2.0502,2.1073,2.0311,2.0692,333963,1092037,0.0127,0.6173,3.2699,0.6072,179300000,N/A,510516000,55000000,0,156600000,49.8426,1.2032,1.1653,-55.4324,
600243.SH,青海华鼎,2005-05-30,2.0692,2.0819,2.1771,2.0819,2.1454,980298,3296997,0.0762,3.681,3.3633,1.7824,185900000,N/A,529308000,55000000,0,156600000,51.6773,1.2475,1.2082,-57.4729,
600243.SH,青海华鼎,2005-05-31,2.1454,2.1136,2.1581,2.0692,2.0946,372127,1242362,-0.0508,-2.3669,3.3385,0.6766,181500000,N/A,516780000,55000000,0,156600000,50.4542,1.218,1.1796,-56.1126,
600243.SH,青海华鼎,2005-06-01,2.0946,2.0946,2.0946,2.0057,2.0502,241344,773978,-0.0444,-2.1212,3.2069,0.4388,177650000,N/A,505818000,55000000,0,156600000,49.384,1.1922,1.1545,-54.9223,
600243.SH,青海华鼎,2005-06-02,2.0502,2.0438,2.0819,2.0311,2.0692,278072,902090,0.019,0.9288,3.2441,0.5056,179300000,N/A,510516000,55000000,0,156600000,49.8426,1.2032,1.1653,-55.4324,
600243.SH,青海华鼎,2005-06-03,2.0692,2.0629,2.1073,2.0565,2.0692,242692,795425,0,0,3.2775,0.4413,179300000,N/A,510516000,55000000,0,156600000,49.8426,1.2032,1.1653,-55.4324,
600243.SH,青海华鼎,2005-06-06,2.0692,2.0565,2.1073,2.0184,2.0819,198092,643813,0.0127,0.6135,3.2501,0.3602,180400000,N/A,513648000,55000000,0,156600000,50.1484,1.2106,1.1724,-55.7725,
600243.SH,青海华鼎,2005-06-07,2.0819,2.0946,2.1327,2.0756,2.1263,438652,1455993,0.0444,2.1341,3.3192,0.7975,184250000,N/A,524610000,55000000,0,156600000,51.2187,1.2364,1.1974,-56.9628,
600243.SH,青海华鼎,2005-06-08,2.1263,2.1136,2.2787,2.1136,2.2469,1237023,4314929,0.1206,5.6716,3.4882,2.2491,194700000,N/A,554364000,55000000,0,156600000,54.1236,1.3066,1.2654,-60.1935,
600243.SH,青海华鼎,2005-06-09,2.2469,2.2787,2.2787,2.1898,2.2342,828404,2912186,-0.0127,-0.565,3.5154,1.5062,193600000,N/A,551232000,55000000,0,156600000,53.8178,1.2992,1.2582,-59.8534,
600243.SH,青海华鼎,2005-06-10,2.2342,2.2342,2.2342,2.1644,2.1644,406234,1403575,-0.0698,-3.125,3.4551,0.7386,187550000,N/A,534006000,55000000,0,156600000,52.136,1.2586,1.2189,-57.983,
600243.SH,青海华鼎,2005-06-13,2.1644,2.1454,2.1962,2.1327,2.1708,225700,772318,0.0063,0.2933,3.4219,0.4104,188100000,N/A,535572000,55000000,0,156600000,52.2889,1.2623,1.2225,-58.1531,
600243.SH,青海华鼎,2005-06-14,2.1708,2.1898,2.2089,2.101,2.1073,398100,1355573,-0.0635,-2.924,3.4051,0.7238,182600000,N/A,519912000,55000000,0,156600000,50.76,1.2254,1.1867,-56.4527,
600243.SH,青海华鼎,2005-06-15,2.1073,2.101,2.139,2.0565,2.0692,284400,941497,-0.0381,-1.8072,3.3105,0.5171,179300000,N/A,510516000,55000000,0,156600000,49.8426,1.2032,1.1653,-55.4324,
600243.SH,青海华鼎,2005-06-16,2.0692,2.0692,2.0946,2.0184,2.0756,228299,736596,0.0063,0.3067,3.2265,0.4151,179850000,N/A,512082000,55000000,0,156600000,49.9955,1.2069,1.1688,-55.6025,
600243.SH,青海华鼎,2005-06-17,2.0756,2.0819,2.0946,2.0311,2.0375,200315,646856,-0.0381,-1.8349,3.2292,0.3642,176550000,N/A,502686000,55000000,0,156600000,49.0782,1.1848,1.1474,-54.5823,
600243.SH,青海华鼎,2005-06-20,2.0375,2.0311,2.0946,1.9994,2.0946,330000,1060434,0.0571,2.8037,3.2134,0.6,181500000,N/A,516780000,55000000,0,156600000,50.4542,1.218,1.1796,-56.1126,
600243.SH,青海华鼎,2005-06-21,2.0946,2.0692,2.101,2.0502,2.0756,241259,787829,-0.019,-0.9091,3.2655,0.4387,179850000,N/A,512082000,55000000,0,156600000,49.9955,1.2069,1.1688,-55.6025,
600243.SH,青海华鼎,2005-06-22,2.0756,2.0502,2.1263,2.0311,2.1263,223281,736887,0.0508,2.4465,3.3003,0.406,184250000,N/A,524610000,55000000,0,156600000,51.2187,1.2364,1.1974,-56.9628,
600243.SH,青海华鼎,2005-06-23,2.1263,2.1263,2.1454,2.0756,2.0819,303962,1013026,-0.0444,-2.0896,3.3327,0.5527,180400000,N/A,513648000,55000000,0,156600000,50.1484,1.2106,1.1724,-55.7725,
600243.SH,青海华鼎,2005-06-24,2.0819,2.0629,2.0883,2.0057,2.0819,246800,800767,0,0,3.2446,0.4487,180400000,N/A,513648000,55000000,0,156600000,50.1484,1.2106,1.1724,-55.7725,
600243.SH,青海华鼎,2005-06-27,2.0819,2.101,2.1771,2.101,2.1454,558900,1889398,0.0635,3.0488,3.3806,1.0162,185900000,N/A,529308000,55000000,0,156600000,51.6773,1.2475,1.2082,-57.4729,
600243.SH,青海华鼎,2005-06-28,2.1454,2.1327,2.1327,2.0883,2.0946,178000,591192,-0.0508,-2.3669,3.3213,0.3236,181500000,N/A,516780000,55000000,0,156600000,50.4542,1.218,1.1796,-56.1126,
600243.SH,青海华鼎,2005-06-29,2.0946,2.0883,2.1136,2.0502,2.0819,150010,492893,-0.0127,-0.6061,3.2857,0.2727,180400000,N/A,513648000,55000000,0,156600000,50.1484,1.2106,1.1724,-55.7725,
600243.SH,青海华鼎,2005-06-30,2.0819,2.0629,2.0946,1.993,1.9994,216800,694072,-0.0825,-3.9634,3.2014,0.3942,173250000,N/A,493290000,55000000,0,156600000,48.1608,1.1626,1.126,-53.562,
600243.SH,青海华鼎,2005-07-01,1.9994,2.0121,2.0184,1.8851,1.8915,336600,1037868,-0.1079,-5.3968,3.0834,0.612,163900000,N/A,466668000,55000000,0,156600000,45.5617,1.0999,1.0652,-50.6714,
600243.SH,青海华鼎,2005-07-04,1.8915,1.8851,1.8851,1.809,1.8534,194051,559695,-0.0381,-2.0134,2.8843,0.3528,160600000,N/A,457272000,55000000,0,156600000,44.6443,1.0777,1.0437,-49.6511,
600243.SH,青海华鼎,2005-07-05,1.8534,1.8153,1.8598,1.7392,1.828,164100,475039,-0.0254,-1.3699,2.8948,0.2984,158400000,N/A,451008000,55000000,0,156600000,44.0328,1.063,1.0294,-48.971,
600243.SH,青海华鼎,2005-07-06,1.828,1.8217,1.8407,1.8026,1.8344,71700,206043,0.0063,0.3472,2.8737,0.1304,158950000,N/A,452574000,55000000,0,156600000,44.1856,1.0667,1.033,-49.141,
600243.SH,青海华鼎,2005-07-07,1.8344,1.9359,2.0121,1.9042,1.9042,2074965,6359433,0.0698,3.8062,3.0648,3.7727,165000000,N/A,469800000,55000000,0,156600000,45.8675,1.1073,1.0723,-51.0114,
600243.SH,青海华鼎,2005-07-08,1.9042,1.9042,1.9105,1.809,1.809,435300,1267161,-0.0952,-5,2.911,0.7915,156750000,N/A,446310000,55000000,0,156600000,43.5741,1.0519,1.0187,-48.4609,
600243.SH,青海华鼎,2005-07-11,1.809,1.8407,1.8851,1.7645,1.7709,331229,957895,-0.0381,-2.1053,2.8919,0.6022,153450000,N/A,436914000,55000000,0,156600000,42.6567,1.0298,0.9973,-47.4406,
600243.SH,青海华鼎,2005-07-12,1.7709,1.7709,1.8661,1.7645,1.8534,477065,1364115,0.0825,4.6595,2.8594,0.8674,160600000,N/A,457272000,55000000,0,156600000,44.6443,1.0777,1.0437,-49.6511,
600243.SH,青海华鼎,2005-07-13,1.8534,1.8407,1.8407,1.7899,1.8217,166800,478937,-0.0317,-1.7123,2.8713,0.3033,157850000,N/A,449442000,55000000,0,156600000,43.8799,1.0593,1.0259,-48.801,
600243.SH,青海华鼎,2005-07-14,1.8217,1.7963,1.828,1.7963,1.8217,212600,608494,0,0,2.8622,0.3865,157850000,N/A,449442000,55000000,0,156600000,43.8799,1.0593,1.0259,-48.801,
600243.SH,青海华鼎,2005-07-15,1.8217,1.828,1.828,1.7519,1.7772,155358,435601,-0.0444,-2.439,2.8039,0.2825,154000000,N/A,438480000,55000000,0,156600000,42.8096,1.0334,1.0008,-47.6107,
600243.SH,青海华鼎,2005-07-18,1.7772,1.7519,1.7519,1.6186,1.6313,303000,801798,-0.146,-8.2143,2.6462,0.5509,141350000,N/A,402462000,55000000,0,156600000,39.2931,0.9486,0.9186,-43.6998,
600243.SH,青海华鼎,2005-07-19,1.6313,1.6313,1.7138,1.6059,1.6693,155890,406465,0.0381,2.3346,2.6074,0.2834,144650000,N/A,411858000,55000000,0,156600000,40.2105,0.9707,0.9401,-44.72,
600243.SH,青海华鼎,2005-07-20,1.6693,1.6503,1.7455,1.6503,1.7328,357850,965673,0.0635,3.8023,2.6985,0.6506,150150000,N/A,427518000,55000000,0,156600000,41.7394,1.0076,0.9758,-46.4204,
600243.SH,青海华鼎,2005-07-21,1.7328,1.7265,1.7392,1.6947,1.7392,316220,855387,0.0063,0.3663,2.705,0.5749,150700000,N/A,429084000,55000000,0,156600000,41.8923,1.0113,0.9794,-46.5905,
600243.SH,青海华鼎,2005-07-22,1.7392,1.7392,1.8724,1.6947,1.8217,1101858,3152263,0.0825,4.7445,2.8609,2.0034,157850000,N/A,449442000,55000000,0,156600000,43.8799,1.0593,1.0259,-48.801,
600243.SH,青海华鼎,2005-07-25,1.8217,1.809,1.8407,1.7772,1.809,287680,816636,-0.0127,-0.6969,2.8387,0.5231,156750000,N/A,446310000,55000000,0,156600000,43.5741,1.0519,1.0187,-48.4609,
600243.SH,青海华鼎,2005-07-26,1.809,1.828,1.8661,1.8153,1.8344,556336,1611823,0.0254,1.4035,2.8972,1.0115,158950000,N/A,452574000,55000000,0,156600000,44.1856,1.0667,1.033,-49.141,
600243.SH,青海华鼎,2005-07-27,1.8344,1.8344,1.8788,1.7899,1.8724,506390,1469808,0.0381,2.0761,2.9025,0.9207,162250000,N/A,461970000,55000000,0,156600000,45.103,1.0888,1.0545,-50.1613,
600243.SH,青海华鼎,2005-07-28,1.8724,1.8724,1.8724,1.8217,1.8407,299700,871069,-0.0317,-1.6949,2.9065,0.5449,159500000,N/A,454140000,55000000,0,156600000,44.3385,1.0704,1.0366,-49.3111,
600243.SH,青海华鼎,2005-07-29,1.8407,1.8534,1.8598,1.7963,1.828,246040,707027,-0.0127,-0.6897,2.8736,0.4473,158400000,N/A,451008000,55000000,0,156600000,44.0328,1.063,1.0294,-48.971,
600243.SH,青海华鼎,2005-08-01,1.828,1.8217,1.8534,1.809,1.8344,248861,715394,0.0063,0.3472,2.8747,0.4525,158950000,N/A,452574000,55000000,0,156600000,44.1856,1.0667,1.033,-49.141,
600243.SH,青海华鼎,2005-08-02,1.8344,1.8407,1.8978,1.809,1.8851,496790,1457244,0.0508,2.7682,2.9333,0.9033,163350000,N/A,465102000,55000000,0,156600000,45.4088,1.0962,1.0616,-50.5013,
600243.SH,青海华鼎,2005-08-03,1.8851,1.9042,1.9486,1.8978,1.9105,1033390,3121692,0.0254,1.3468,3.0208,1.8789,165550000,N/A,471366000,55000000,0,156600000,46.0203,1.111,1.0759,-51.1815,
600243.SH,青海华鼎,2005-08-04,1.9105,1.9105,1.9105,1.8598,1.8724,369900,1095695,-0.0381,-1.9934,2.9621,0.6725,162250000,N/A,461970000,55000000,0,156600000,45.103,1.0888,1.0545,-50.1613,
600243.SH,青海华鼎,2005-08-05,1.8724,1.8724,1.9359,1.8598,1.9359,602519,1814175,0.0635,3.3898,3.011,1.0955,167750000,N/A,477630000,55000000,0,156600000,46.6319,1.1257,1.0902,-51.8616,
600243.SH,青海华鼎,2005-08-08,1.9359,1.9359,1.9613,1.9232,1.955,626034,1920282,0.019,0.9836,3.0674,1.1382,169400000,N/A,482328000,55000000,0,156600000,47.0906,1.1368,1.1009,-52.3718,
600243.SH,青海华鼎,2005-08-09,1.955,1.9359,1.9804,1.9169,1.974,446002,1366041,0.019,0.974,3.0629,0.8109,171050000,N/A,487026000,55000000,0,156600000,47.5493,1.1479,1.1117,-52.8819,
600243.SH,青海华鼎,2005-08-10,1.974,1.9677,1.9994,1.9169,1.993,647842,2003618,0.019,0.9646,3.0928,1.1779,172700000,N/A,491724000,55000000,0,156600000,48.0079,1.1589,1.1224,-53.392,
600243.SH,青海华鼎,2005-08-11,1.993,1.9994,2.0248,1.9613,2.0184,710082,2229163,0.0254,1.2739,3.1393,1.2911,174900000,N/A,497988000,55000000,0,156600000,48.6195,1.1737,1.1367,-54.0721,
600243.SH,青海华鼎,2005-08-12,2.0184,2.0184,2.0502,1.9423,1.9486,609041,1924062,-0.0698,-3.4591,3.1592,1.1073,168850000,N/A,480762000,55000000,0,156600000,46.9377,1.1331,1.0974,-52.2017,
600243.SH,青海华鼎,2005-08-15,1.9486,1.9486,2.0248,1.9486,2.0184,422751,1324900,0.0698,3.5831,3.134,0.7686,174900000,N/A,497988000,55000000,0,156600000,48.6195,1.1737,1.1367,-54.0721,
600243.SH,青海华鼎,2005-08-16,2.0184,2.0629,2.0756,1.974,2.0692,780485,2483500,0.0508,2.5157,3.182,1.4191,179300000,N/A,510516000,55000000,0,156600000,49.8426,1.2032,1.1653,-55.4324,
600243.SH,青海华鼎,2005-08-17,2.0692,2.0438,2.2279,1.9994,2.1581,1691130,5687532,0.0889,4.2945,3.3632,3.0748,187000000,N/A,532440000,55000000,0,156600000,51.9831,1.2549,1.2153,-57.813,
600243.SH,青海华鼎,2005-08-18,2.1581,2.1581,2.2216,1.9994,1.9994,1445017,4877945,-0.1587,-7.3529,3.3757,2.6273,173250000,N/A,493290000,55000000,0,156600000,48.1608,1.1626,1.126,-53.562,
600243.SH,青海华鼎,2005-08-19,1.9994,1.9994,2.0184,1.9232,1.9867,842743,2620805,-0.0127,-0.6349,3.1099,1.5323,172150000,N/A,490158000,55000000,0,156600000,47.855,1.1552,1.1188,-53.2219,
600243.SH,青海华鼎,2005-08-22,1.9867,1.9867,2.0311,1.9677,2.0248,401810,1265845,0.0381,1.9169,3.1504,0.7306,175450000,N/A,499554000,55000000,0,156600000,48.7724,1.1774,1.1403,-54.2422,
600243.SH,青海华鼎,2005-08-23,2.0248,2.0248,2.0248,1.955,1.9867,473532,1475452,-0.0381,-1.8809,3.1158,0.861,172150000,N/A,490158000,55000000,0,156600000,47.855,1.1552,1.1188,-53.2219,
600243.SH,青海华鼎,2005-08-24,1.9867,1.9867,2.0121,1.974,2.0057,313623,985630,0.019,0.9585,3.1427,0.5702,173800000,N/A,494856000,55000000,0,156600000,48.3137,1.1663,1.1295,-53.7321,
600243.SH,青海华鼎,2005-08-25,2.0057,1.974,2.0565,1.974,2.0565,465101,1482299,0.0508,2.5316,3.187,0.8456,178200000,N/A,507384000,55000000,0,156600000,49.5368,1.1958,1.1581,-55.0924,
600243.SH,青海华鼎,2005-08-26,2.0565,2.0565,2.1136,2.0438,2.0756,645312,2115011,0.019,0.9259,3.2775,1.1733,179850000,N/A,512082000,55000000,0,156600000,49.9955,1.2069,1.1688,-55.6025,
600243.SH,青海华鼎,2005-08-29,2.0756,2.0819,2.0946,2.0311,2.0819,482925,1570956,0.0063,0.3058,3.253,0.878,180400000,N/A,513648000,55000000,0,156600000,50.1484,1.2106,1.1724,-55.7725,
600243.SH,青海华鼎,2005-08-30,2.0819,2.0311,2.0756,2.0311,2.0438,177700,573962,-0.0381,-1.8293,3.2299,0.3231,177100000,N/A,504252000,55000000,0,156600000,49.2311,1.1885,1.151,-54.7523,
600243.SH,青海华鼎,2005-08-31,2.0438,2.0311,2.101,2.0248,2.0946,611114,1994347,0.0508,2.4845,3.2635,1.1111,181500000,N/A,516780000,55000000,0,156600000,50.4542,1.218,1.1796,-56.1126,
600243.SH,青海华鼎,2005-09-01,2.0946,2.1136,2.1835,2.0946,2.1644,1229974,4178794,0.0698,3.3333,3.3975,2.2363,187550000,N/A,534006000,55000000,0,156600000,52.136,1.2586,1.2189,-57.983,
600243.SH,青海华鼎,2005-09-02,2.1644,2.1517,2.1771,2.1263,2.1644,694918,2361043,0,0,3.3976,1.2635,187550000,N/A,534006000,55000000,0,156600000,52.136,1.2586,1.2189,-57.983,
600243.SH,青海华鼎,2005-09-05,2.1644,2.1644,2.2216,2.1581,2.1962,769990,2664142,0.0317,1.4663,3.46,1.4,190300000,N/A,541836000,55000000,0,156600000,52.9005,1.277,1.2368,-58.8332,
600243.SH,青海华鼎,2005-09-06,2.1962,2.1835,2.2089,2.0946,2.12,1003698,3414857,-0.0762,-3.4682,3.4023,1.8249,183700000,N/A,523044000,55000000,0,156600000,51.0658,1.2328,1.1939,-56.7927,
600243.SH,青海华鼎,2005-09-07,2.12,2.1263,2.2279,2.0946,2.2216,1203491,4100096,0.1016,4.7904,3.4068,2.1882,192500000,N/A,548100000,55000000,0,156600000,53.512,1.2918,1.2511,-59.5134,
600243.SH,青海华鼎,2005-09-08,2.2216,2.2406,2.2533,2.1581,2.1962,981715,3395063,-0.0254,-1.1429,3.4583,1.7849,190300000,N/A,541836000,55000000,0,156600000,52.9005,1.277,1.2368,-58.8332,
600243.SH,青海华鼎,2005-09-09,2.1962,2.1708,2.1962,2.1263,2.139,501300,1703235,-0.0571,-2.6012,3.3976,0.9115,185350000,N/A,527742000,55000000,0,156600000,51.5244,1.2438,1.2046,-57.3029,
600243.SH,青海华鼎,2005-09-12,2.139,2.1454,2.2025,2.139,2.2025,480165,1644397,0.0635,2.9674,3.4246,0.873,190850000,N/A,543402000,55000000,0,156600000,53.0534,1.2807,1.2403,-59.0032,
600243.SH,青海华鼎,2005-09-13,2.2025,2.2216,2.2596,2.1898,2.2596,901445,3168446,0.0571,2.5937,3.5149,1.639,195800000,N/A,557496000,55000000,0,156600000,54.4294,1.3139,1.2725,-60.5336,
600243.SH,青海华鼎,2005-09-14,2.2596,2.2596,2.3104,2.2342,2.2723,1088985,3895995,0.0127,0.5618,3.5776,1.98,196900000,N/A,560628000,55000000,0,156600000,54.7352,1.3213,1.2797,-60.8737,
600243.SH,青海华鼎,2005-09-15,2.2723,2.2914,2.3358,2.266,2.3104,911975,3299424,0.0381,1.676,3.6179,1.6581,200200000,N/A,570024000,55000000,0,156600000,55.6525,1.3435,1.3011,-61.8939,
600243.SH,青海华鼎,2005-09-16,2.3104,2.2977,2.3295,2.266,2.2914,537002,1933670,-0.019,-0.8242,3.6009,0.9764,198550000,N/A,565326000,55000000,0,156600000,55.1938,1.3324,1.2904,-61.3838,
600243.SH,青海华鼎,2005-09-19,2.2914,2.2914,2.3612,2.285,2.3421,733980,2685661,0.0508,2.2161,3.659,1.3345,202950000,N/A,577854000,55000000,0,156600000,56.417,1.3619,1.319,-62.7441,
600243.SH,青海华鼎,2005-09-20,2.3421,2.3485,2.3612,2.2596,2.3041,806019,2917231,-0.0381,-1.626,3.6193,1.4655,199650000,N/A,568458000,55000000,0,156600000,55.4996,1.3398,1.2975,-61.7239,
600243.SH,青海华鼎,2005-09-21,2.3041,2.3041,2.3295,2.2406,2.2533,851467,3060290,-0.0508,-2.2039,3.5941,1.5481,195250000,N/A,555930000,55000000,0,156600000,54.2765,1.3103,1.2689,-60.3635,
600243.SH,青海华鼎,2005-09-22,2.2533,2.2279,2.2533,2.12,2.1581,858295,2954945,-0.0952,-4.2254,3.4428,1.5605,187000000,N/A,532440000,55000000,0,156600000,51.9831,1.2549,1.2153,-57.813,
600243.SH,青海华鼎,2005-09-23,2.1581,2.1581,2.1644,2.0692,2.0692,671528,2242263,-0.0889,-4.1176,3.339,1.221,179300000,N/A,510516000,55000000,0,156600000,49.8426,1.2032,1.1653,-55.4324,
600243.SH,青海华鼎,2005-09-26,2.0692,2.101,2.139,2.101,2.1263,568500,1898171,0.0571,2.7607,3.3389,1.0336,184250000,N/A,524610000,55000000,0,156600000,51.2187,1.2364,1.1974,-56.9628,
600243.SH,青海华鼎,2005-09-27,2.1263,2.1136,2.12,2.0438,2.0565,436180,1428713,-0.0698,-3.2836,3.2755,0.7931,178200000,N/A,507384000,55000000,0,156600000,49.5368,1.1958,1.1581,-55.0924,
600243.SH,青海华鼎,2005-09-28,2.0565,2.0692,2.0946,2.0375,2.0502,325866,1060053,-0.0063,-0.3086,3.253,0.5925,177650000,N/A,505818000,55000000,0,156600000,49.384,1.1922,1.1545,-54.9223,
600243.SH,青海华鼎,2005-09-29,2.0502,2.0629,2.1263,2.0629,2.12,491400,1625373,0.0698,3.4056,3.3076,0.8935,183700000,N/A,523044000,55000000,0,156600000,51.0658,1.2328,1.1939,-56.7927,
600243.SH,青海华鼎,2005-09-30,2.12,2.1136,2.1263,2.0819,2.0883,567283,1873673,-0.0317,-1.497,3.3029,1.0314,180950000,N/A,515214000,55000000,0,156600000,50.3013,1.2143,1.176,-55.9426,
600243.SH,青海华鼎,2005-10-10,2.0883,2.0819,2.1771,2.0692,2.1327,659400,2219738,0.0444,2.1277,3.3663,1.1989,184800000,N/A,526176000,55000000,0,156600000,51.3715,1.2401,1.201,-57.1328,
600243.SH,青海华鼎,2005-10-11,2.1327,2.1136,2.1708,2.101,2.1708,408208,1379073,0.0381,1.7857,3.3784,0.7422,188100000,N/A,535572000,55000000,0,156600000,52.2889,1.2623,1.2225,-58.1531,
600243.SH,青海华鼎,2005-10-12,2.1708,2.1517,2.2025,2.1263,2.1708,476450,1626045,0,0,3.4128,0.8663,188100000,N/A,535572000,55000000,0,156600000,52.2889,1.2623,1.2225,-58.1531,
600243.SH,青海华鼎,2005-10-13,2.1708,2.1581,2.1771,2.1263,2.1263,416850,1409200,-0.0444,-2.0468,3.3806,0.7579,184250000,N/A,524610000,55000000,0,156600000,51.2187,1.2364,1.1974,-56.9628,
600243.SH,青海华鼎,2005-10-14,2.1263,2.1263,2.139,2.101,2.1136,288600,964449,-0.0127,-0.597,3.3418,0.5247,183150000,N/A,521478000,55000000,0,156600000,50.9129,1.2291,1.1903,-56.6227,
600243.SH,青海华鼎,2005-10-17,2.1136,2.1073,2.139,2.0883,2.1263,350960,1169134,0.0127,0.6006,3.3312,0.6381,184250000,N/A,524610000,55000000,0,156600000,51.2187,1.2364,1.1974,-56.9628,
600243.SH,青海华鼎,2005-10-18,2.1263,2.1136,2.2342,2.1136,2.2342,1161209,4026132,0.1079,5.0746,3.4672,2.1113,193600000,N/A,551232000,55000000,0,156600000,53.8178,1.2992,1.2582,-59.8534,
600243.SH,青海华鼎,2005-10-19,2.2342,2.2342,2.2596,2.2025,2.2216,971539,3417828,-0.0127,-0.5682,3.518,1.7664,192500000,N/A,548100000,55000000,0,156600000,53.512,1.2918,1.2511,-59.5134,
600243.SH,青海华鼎,2005-10-20,2.2216,2.2216,2.2533,2.1454,2.2216,710911,2455146,0,0,3.4535,1.2926,192500000,N/A,548100000,55000000,0,156600000,53.512,1.2918,1.2511,-59.5134,
600243.SH,青海华鼎,2005-10-21,2.2216,2.2089,2.2596,2.2025,2.2342,703180,2478911,0.0127,0.5714,3.5253,1.2785,193600000,N/A,551232000,55000000,0,156600000,53.8178,1.2992,1.2582,-59.8534,
600243.SH,青海华鼎,2005-10-24,2.2342,2.2342,2.2596,2.2025,2.2279,528324,1856342,-0.0063,-0.2841,3.5136,0.9606,193050000,N/A,549666000,55000000,0,156600000,53.6649,1.2955,1.2546,-59.6834,
600243.SH,青海华鼎,2005-10-25,2.2279,2.2279,2.2279,2.0946,2.1136,740538,2507413,-0.1143,-5.1282,3.3859,1.3464,183150000,N/A,521478000,55000000,0,156600000,50.9129,1.2291,1.1903,-56.6227,
600243.SH,青海华鼎,2005-10-26,2.1136,2.1136,2.1454,2.0629,2.0692,410500,1358793,-0.0444,-2.1021,3.3101,0.7464,179300000,N/A,510516000,55000000,0,156600000,49.8426,1.2032,1.1653,-55.4324,
600243.SH,青海华鼎,2005-10-27,2.0692,2.0565,2.0819,2.0248,2.0438,489989,1577002,-0.0254,-1.227,3.2184,0.8909,177100000,N/A,504252000,55000000,0,156600000,49.2311,1.1885,1.151,-54.7523,
600243.SH,青海华鼎,2005-10-28,2.0438,2.0375,2.0565,1.8915,1.9359,497900,1533665,-0.1079,-5.2795,3.0803,0.9053,167750000,N/A,477630000,55000000,0,156600000,46.6319,1.1257,1.0902,-51.8616,
600243.SH,青海华鼎,2005-10-31,1.9359,1.9359,1.9677,1.9169,1.955,287377,880950,0.019,0.9836,3.0655,0.5225,169400000,N/A,482328000,55000000,0,156600000,47.0906,1.1368,1.1009,-52.3718,
600243.SH,青海华鼎,2005-11-01,1.955,1.955,1.955,1.8724,1.9042,256400,771436,-0.0508,-2.5974,3.0087,0.4662,165000000,N/A,469800000,55000000,0,156600000,45.8675,1.1073,1.0723,-51.0114,
600243.SH,青海华鼎,2005-11-02,1.9042,1.9169,1.9867,1.9169,1.9804,397988,1226902,0.0762,4,3.0828,0.7236,171600000,N/A,488592000,55000000,0,156600000,47.7022,1.1516,1.1152,-53.0519,
600243.SH,青海华鼎,2005-11-03,1.9804,1.9613,2.0184,1.9423,1.9423,327110,1020603,-0.0381,-1.9231,3.1201,0.5947,168300000,N/A,479196000,55000000,0,156600000,46.7848,1.1294,1.0938,-52.0317,
600243.SH,青海华鼎,2005-11-04,1.9423,1.955,1.9804,1.9296,1.9804,194794,602344,0.0381,1.9608,3.0922,0.3542,171600000,N/A,488592000,55000000,0,156600000,47.7022,1.1516,1.1152,-53.0519,
600243.SH,青海华鼎,2005-11-07,1.9804,1.9804,2.0184,1.9613,2.0121,292200,919982,0.0317,1.6026,3.1485,0.5313,174350000,N/A,496422000,55000000,0,156600000,48.4666,1.17,1.1331,-53.9021,
600243.SH,青海华鼎,2005-11-08,2.0121,2.0184,2.0375,1.9994,2.0311,371825,1183629,0.019,0.9464,3.1833,0.676,176000000,N/A,501120000,55000000,0,156600000,48.9253,1.1811,1.1438,-54.4122,
600243.SH,青海华鼎,2005-11-09,2.0311,2.0184,2.0629,1.9994,2.0311,350520,1123753,0,0,3.206,0.6373,176000000,N/A,501120000,55000000,0,156600000,48.9253,1.1811,1.1438,-54.4122,
600243.SH,青海华鼎,2005-11-10,2.0311,2.0057,2.0121,1.9232,1.9423,477118,1474317,-0.0889,-4.375,3.09,0.8675,168300000,N/A,479196000,55000000,0,156600000,46.7848,1.1294,1.0938,-52.0317,
600243.SH,青海华鼎,2005-11-11,1.9423,1.9169,1.974,1.9042,1.955,223500,686455,0.0127,0.6536,3.0714,0.4064,169400000,N/A,482328000,55000000,0,156600000,47.0906,1.1368,1.1009,-52.3718,
600243.SH,青海华鼎,2005-11-14,1.955,2.0311,2.1263,2.0121,2.0502,1480152,4799542,0.0952,4.8701,3.2426,2.6912,177650000,N/A,505818000,55000000,0,156600000,49.384,1.1922,1.1545,-54.9223,
600243.SH,青海华鼎,2005-11-15,2.0502,2.0311,2.0629,1.9804,2.0184,513719,1638299,-0.0317,-1.548,3.1891,0.934,174900000,N/A,497988000,55000000,0,156600000,48.6195,1.1737,1.1367,-54.0721,
600243.SH,青海华鼎,2005-11-16,2.0184,1.9867,2.0375,1.9677,2.0375,386163,1214534,0.019,0.9434,3.1451,0.7021,176550000,N/A,502686000,55000000,0,156600000,49.0782,1.1848,1.1474,-54.5823,
600243.SH,青海华鼎,2005-11-17,2.0375,2.0375,2.0502,1.9994,2.0438,294000,939270,0.0063,0.3115,3.1948,0.5345,177100000,N/A,504252000,55000000,0,156600000,49.2311,1.1885,1.151,-54.7523,
600243.SH,青海华鼎,2005-11-18,2.0438,2.0692,2.101,2.0248,2.0946,755978,2469417,0.0508,2.4845,3.2665,1.3745,181500000,N/A,516780000,55000000,0,156600000,50.4542,1.218,1.1796,-56.1126,
600243.SH,青海华鼎,2005-11-21,2.0946,2.0692,2.1073,2.0629,2.1073,538999,1776045,0.0127,0.6061,3.2951,0.98,182600000,N/A,519912000,55000000,0,156600000,50.76,1.2254,1.1867,-56.4527,
600243.SH,青海华鼎,2005-11-22,2.1073,2.0883,2.0883,2.0311,2.0375,393500,1281051,-0.0698,-3.3133,3.2555,0.7155,176550000,N/A,502686000,55000000,0,156600000,49.0782,1.1848,1.1474,-54.5823,
600243.SH,青海华鼎,2005-11-23,2.0375,2.0184,2.0756,2.0184,2.0629,291765,946834,0.0254,1.2461,3.2452,0.5305,178750000,N/A,508950000,55000000,0,156600000,49.6897,1.1995,1.1617,-55.2624,
600243.SH,青海华鼎,2005-11-24,2.0629,2.1898,2.2596,2.12,2.1327,3669386,12649016,0.0698,3.3846,3.4472,6.6716,184800000,N/A,526176000,55000000,0,156600000,51.3715,1.2401,1.201,-57.1328,
600243.SH,青海华鼎,2005-11-25,2.1327,2.0946,2.2089,2.0819,2.139,1374370,4646717,0.0063,0.2976,3.381,2.4989,185350000,N/A,527742000,55000000,0,156600000,51.5244,1.2438,1.2046,-57.3029,
600243.SH,青海华鼎,2005-11-28,2.139,2.139,2.1517,2.0311,2.0819,967994,3187405,-0.0571,-2.6706,3.2928,1.76,180400000,N/A,513648000,55000000,0,156600000,50.1484,1.2106,1.1724,-55.7725,
600243.SH,青海华鼎,2005-11-29,2.0819,2.0629,2.0819,2.0565,2.0756,350932,1142965,-0.0063,-0.3049,3.2569,0.6381,179850000,N/A,512082000,55000000,0,156600000,49.9955,1.2069,1.1688,-55.6025,
600243.SH,青海华鼎,2005-11-30,2.0756,2.0629,2.1454,2.0502,2.0819,572900,1906948,0.0063,0.3058,3.3286,1.0416,180400000,N/A,513648000,55000000,0,156600000,50.1484,1.2106,1.1724,-55.7725,
600243.SH,青海华鼎,2005-12-01,2.0819,2.0756,2.0883,2.0311,2.0629,328100,1064226,-0.019,-0.9146,3.2436,0.5965,178750000,N/A,508950000,55000000,0,156600000,49.6897,1.1995,1.1617,-55.2624,
600243.SH,青海华鼎,2005-12-02,2.0629,2.0375,2.1263,2.0375,2.0629,680127,2229882,0,0,3.2786,1.2366,178750000,N/A,508950000,55000000,0,156600000,49.6897,1.1995,1.1617,-55.2624,
600243.SH,青海华鼎,2005-12-05,2.0629,1.9994,2.0502,1.9486,1.9613,490000,1533828,-0.1016,-4.9231,3.1303,0.8909,169950000,N/A,483894000,55000000,0,156600000,47.2435,1.1405,1.1045,-52.5418,
600243.SH,青海华鼎,2005-12-06,1.9613,1.9359,2.0057,1.9359,1.9677,334630,1040953,0.0063,0.3236,3.1108,0.6084,170500000,N/A,485460000,55000000,0,156600000,47.3964,1.1442,1.1081,-52.7118,
600243.SH,青海华鼎,2005-12-07,1.9677,1.974,1.993,1.9677,1.993,196200,612144,0.0254,1.2903,3.12,0.3567,172700000,N/A,491724000,55000000,0,156600000,48.0079,1.1589,1.1224,-53.392,
600243.SH,青海华鼎,2005-12-08,1.993,1.9867,2.0184,1.955,1.9677,259270,809101,-0.0254,-1.2739,3.1207,0.4714,170500000,N/A,485460000,55000000,0,156600000,47.3964,1.1442,1.1081,-52.7118,
600243.SH,青海华鼎,2005-12-09,1.9677,1.9677,2.0057,1.9359,2.0057,430535,1335924,0.0381,1.9355,3.1029,0.7828,173800000,N/A,494856000,55000000,0,156600000,48.3137,1.1663,1.1295,-53.7321,
600243.SH,青海华鼎,2005-12-12,2.0057,2.0057,2.0311,1.9994,2.0311,314011,998791,0.0254,1.2658,3.1808,0.5709,176000000,N/A,501120000,55000000,0,156600000,48.9253,1.1811,1.1438,-54.4122,
600243.SH,青海华鼎,2005-12-13,2.0311,2.0184,2.0248,1.9804,2.0057,356029,1120703,-0.0254,-1.25,3.1478,0.6473,173800000,N/A,494856000,55000000,0,156600000,48.3137,1.1663,1.1295,-53.7321,
600243.SH,青海华鼎,2005-12-14,2.0057,1.9994,2.0502,1.9994,2.0438,427737,1363300,0.0381,1.8987,3.1872,0.7777,177100000,N/A,504252000,55000000,0,156600000,49.2311,1.1885,1.151,-54.7523,
600243.SH,青海华鼎,2005-12-15,2.0438,2.0438,2.0629,2.0121,2.0184,324786,1038867,-0.0254,-1.2422,3.1986,0.5905,174900000,N/A,497988000,55000000,0,156600000,48.6195,1.1737,1.1367,-54.0721,
600243.SH,青海华鼎,2005-12-16,2.0184,2.0121,2.0438,2.0057,2.0311,234274,747454,0.0127,0.6289,3.1905,0.426,176000000,N/A,501120000,55000000,0,156600000,48.9253,1.1811,1.1438,-54.4122,
600243.SH,青海华鼎,2005-12-19,2.0311,2.0311,2.0375,2.0121,2.0311,200323,640082,0,0,3.1952,0.3642,176000000,N/A,501120000,55000000,0,156600000,48.9253,1.1811,1.1438,-54.4122,
600243.SH,青海华鼎,2005-12-20,2.0311,2.0184,2.0311,1.9994,2.0248,222015,705211,-0.0063,-0.3125,3.1764,0.4037,175450000,N/A,499554000,55000000,0,156600000,48.7724,1.1774,1.1403,-54.2422,
600243.SH,青海华鼎,2005-12-21,2.0248,2.0248,2.0438,1.993,1.9994,240700,763724,-0.0254,-1.2539,3.1729,0.4376,173250000,N/A,493290000,55000000,0,156600000,48.1608,1.1626,1.126,-53.562,
600243.SH,青海华鼎,2005-12-22,1.9994,1.993,2.0248,1.993,2.0121,151066,478110,0.0127,0.6349,3.1649,0.2747,174350000,N/A,496422000,55000000,0,156600000,48.4666,1.17,1.1331,-53.9021,
600243.SH,青海华鼎,2005-12-23,2.0121,2.0121,2.0375,2.0121,2.0375,271498,866890,0.0254,1.2618,3.193,0.4936,176550000,N/A,502686000,55000000,0,156600000,49.0782,1.1848,1.1474,-54.5823,
600243.SH,青海华鼎,2005-12-26,2.0375,2.0375,2.0629,2.0375,2.0502,362173,1169670,0.0127,0.6231,3.2296,0.6585,177650000,N/A,505818000,55000000,0,156600000,49.384,1.1922,1.1545,-54.9223,
600243.SH,青海华鼎,2005-12-27,2.0502,2.0502,2.0565,2.0248,2.0502,229900,739296,0,0,3.2157,0.418,177650000,N/A,505818000,55000000,0,156600000,49.384,1.1922,1.1545,-54.9223,
600243.SH,青海华鼎,2005-12-28,2.0502,2.0438,2.0565,2.0248,2.0565,208115,668606,0.0063,0.3096,3.2127,0.3784,178200000,N/A,507384000,55000000,0,156600000,49.5368,1.1958,1.1581,-55.0924,
600243.SH,青海华鼎,2005-12-29,2.0565,2.0565,2.0819,2.0565,2.0756,477283,1554453,0.019,0.9259,3.2569,0.8678,179850000,N/A,512082000,55000000,0,156600000,49.9955,1.2069,1.1688,-55.6025,
600243.SH,青海华鼎,2005-12-30,2.0756,2.0756,2.0756,2.0311,2.0375,263773,853011,-0.0381,-1.8349,3.2339,0.4796,176550000,N/A,502686000,55000000,0,156600000,49.0782,1.1848,1.1474,-54.5823,
600243.SH,青海华鼎,2006-01-04,2.0375,2.0375,2.0819,2.0311,2.0756,314018,1021645,0.0381,1.8692,3.2535,0.5709,179850000,N/A,512082000,55000000,0,156600000,52.8836,1.165,0.9722,18.6244,
600243.SH,青海华鼎,2006-01-05,2.0756,2.0756,2.1073,2.0629,2.101,588136,1933730,0.0254,1.2232,3.2879,1.0693,182050000,N/A,518346000,55000000,0,156600000,53.5305,1.1793,0.9841,18.8522,
600243.SH,青海华鼎,2006-01-06,2.101,2.0946,2.1263,2.0819,2.1136,746258,2477144,0.0127,0.6042,3.3194,1.3568,183150000,N/A,521478000,55000000,0,156600000,53.8539,1.1864,0.99,18.9661,
600243.SH,青海华鼎,2006-01-09,2.1136,2.0946,2.139,2.0946,2.139,464870,1555955,0.0254,1.2012,3.3471,0.8452,185350000,N/A,527742000,55000000,0,156600000,54.5008,1.2007,1.0019,19.1939,
600243.SH,青海华鼎,2006-01-10,2.139,2.1771,2.2469,2.1327,2.1517,1027370,3510990,0.0127,0.5935,3.4175,1.8679,186450000,N/A,530874000,55000000,0,156600000,54.8243,1.2078,1.0079,19.3078,
600243.SH,青海华鼎,2006-01-11,2.1517,2.1517,2.1581,2.1073,2.1263,612201,2052372,-0.0254,-1.1799,3.3524,1.1131,184250000,N/A,524610000,55000000,0,156600000,54.1774,1.1935,0.996,19.08,
600243.SH,青海华鼎,2006-01-12,2.1263,2.1136,2.1581,2.1136,2.1581,428437,1444898,0.0317,1.4925,3.3725,0.779,187000000,N/A,532440000,55000000,0,156600000,54.986,1.2114,1.0109,19.3648,
600243.SH,青海华鼎,2006-01-13,2.1581,2.1581,2.1898,2.1517,2.1708,769551,2630594,0.0127,0.5882,3.4183,1.3992,188100000,N/A,535572000,55000000,0,156600000,55.3095,1.2185,1.0168,19.4787,
600243.SH,青海华鼎,2006-01-16,2.1708,2.1898,2.1898,2.1327,2.139,437500,1492196,-0.0317,-1.462,3.4107,0.7955,185350000,N/A,527742000,55000000,0,156600000,54.5008,1.2007,1.0019,19.1939,
600243.SH,青海华鼎,2006-01-17,2.139,2.1327,2.1454,2.12,2.12,312501,1049762,-0.019,-0.8902,3.3592,0.5682,183700000,N/A,523044000,55000000,0,156600000,54.0157,1.19,0.993,19.023,
600243.SH,青海华鼎,2006-01-18,2.12,2.12,2.1835,2.1136,2.1644,424640,1440610,0.0444,2.0958,3.3925,0.7721,187550000,N/A,534006000,55000000,0,156600000,55.1477,1.2149,1.0138,19.4217,
600243.SH,青海华鼎,2006-01-19,2.1644,2.1835,2.2152,2.1708,2.2025,966679,3346886,0.0381,1.7595,3.4623,1.7576,190850000,N/A,543402000,55000000,0,156600000,56.1181,1.2363,1.0317,19.7635,
600243.SH,青海华鼎,2006-01-20,2.2025,2.2152,2.2533,2.1962,2.2469,1209901,4251406,0.0444,2.0173,3.5138,2.1998,194700000,N/A,554364000,55000000,0,156600000,57.2501,1.2612,1.0525,20.1621,
600243.SH,青海华鼎,2006-01-23,2.2469,2.2216,2.2469,2.2089,2.2342,768050,2687901,-0.0127,-0.565,3.4996,1.3965,193600000,N/A,551232000,55000000,0,156600000,56.9267,1.2541,1.0465,20.0482,
600243.SH,青海华鼎,2006-01-24,2.2342,2.2406,2.2914,2.2089,2.2596,777866,2768368,0.0254,1.1364,3.5589,1.4143,195800000,N/A,557496000,55000000,0,156600000,57.5736,1.2684,1.0584,20.2761,
600243.SH,青海华鼎,2006-01-25,2.2596,2.2279,2.3168,2.2279,2.3168,1258296,4503935,0.0571,2.5281,3.5794,2.2878,200750000,N/A,571590000,55000000,0,156600000,59.0291,1.3004,1.0852,20.7887,
600243.SH,青海华鼎,2006-02-06,2.3168,2.3421,2.4437,2.3421,2.4247,3781438,14353389,0.1079,4.6575,3.7957,6.8753,210100000,N/A,598212000,55000000,0,156600000,61.7784,1.361,1.1357,21.7569,
600243.SH,青海华鼎,2006-02-07,2.4247,2.431,2.6151,2.412,2.558,4487799,17656129,0.1333,5.4974,3.9343,8.1596,221650000,N/A,631098000,55000000,0,156600000,65.1746,1.4358,1.1982,22.953,
600243.SH,青海华鼎,2006-02-08,2.558,2.558,2.6214,2.5008,2.5643,3250598,13135286,0.0063,0.2481,4.0409,5.9102,222200000,N/A,632664000,55000000,0,156600000,65.3363,1.4394,1.2011,23.0099,
600243.SH,青海华鼎,2006-02-09,2.5643,2.5707,2.6405,2.5389,2.5707,2245694,9128959,0.0063,0.2475,4.0651,4.0831,222750000,N/A,634230000,55000000,0,156600000,65.498,1.4429,1.2041,23.0669,
600243.SH,青海华鼎,2006-02-10,2.5707,2.5897,2.6024,2.5389,2.596,1308068,5289602,0.0254,0.9877,4.0438,2.3783,224950000,N/A,640494000,55000000,0,156600000,66.1449,1.4572,1.216,23.2947,
600243.SH,青海华鼎,2006-02-13,2.596,2.6024,2.6976,2.5262,2.5833,2957247,12242679,-0.0127,-0.489,4.1399,5.3768,223850000,N/A,637362000,55000000,0,156600000,65.8215,1.4501,1.2101,23.1808,
600243.SH,青海华鼎,2006-02-14,2.5833,2.5833,2.5833,2.4818,2.5453,1506547,5982103,-0.0381,-1.4742,3.9707,2.7392,220550000,N/A,627966000,55000000,0,156600000,64.8512,1.4287,1.1922,22.839,
600243.SH,青海华鼎,2006-02-15,2.5453,2.5453,2.5643,2.5072,2.5643,1332679,5332643,0.019,0.7481,4.0014,2.4231,222200000,N/A,632664000,55000000,0,156600000,65.3363,1.4394,1.2011,23.0099,
600243.SH,青海华鼎,2006-02-16,2.5643,2.5643,2.5643,2.412,2.412,1170400,4525735,-0.1523,-5.9406,3.8668,2.128,209000000,N/A,595080000,55000000,0,156600000,61.455,1.3539,1.1298,21.643,
600243.SH,青海华鼎,2006-02-17,2.412,2.3802,2.4183,2.3548,2.3675,1105500,4156183,-0.0444,-1.8421,3.7596,2.01,205150000,N/A,584118000,55000000,0,156600000,60.3229,1.3289,1.109,21.2443,
600243.SH,青海华鼎,2006-02-20,2.3675,2.3675,2.3866,2.3041,2.3104,929600,3424491,-0.0571,-2.4129,3.6838,1.6902,200200000,N/A,570024000,55000000,0,156600000,58.8674,1.2969,1.0822,20.7317,
600243.SH,青海华鼎,2006-02-21,2.3104,2.3104,2.431,2.3041,2.4247,957200,3569638,0.1143,4.9451,3.7292,1.7404,210100000,N/A,598212000,55000000,0,156600000,61.7784,1.361,1.1357,21.7569,
600243.SH,青海华鼎,2006-02-22,2.4247,2.4247,2.5135,2.3993,2.4564,1618087,6229769,0.0317,1.3089,3.8501,2.942,212850000,N/A,606042000,55000000,0,156600000,62.587,1.3788,1.1506,22.0417,
600243.SH,青海华鼎,2006-02-23,2.4564,2.4564,2.4564,2.4056,2.4374,510599,1948501,-0.019,-0.7752,3.8161,0.9284,211200000,N/A,601344000,55000000,0,156600000,62.1019,1.3681,1.1417,21.8708,
600243.SH,青海华鼎,2006-02-24,2.4374,2.4374,2.4437,2.3675,2.4374,634100,2406326,0,0,3.7949,1.1529,211200000,N/A,601344000,55000000,0,156600000,62.1019,1.3681,1.1417,21.8708,
600243.SH,青海华鼎,2006-02-27,2.4374,2.4374,2.4564,2.3993,2.4501,685784,2623352,0.0127,0.5208,3.8253,1.2469,212300000,N/A,604476000,55000000,0,156600000,62.4253,1.3752,1.1476,21.9847,
600243.SH,青海华鼎,2006-02-28,2.4501,2.4501,2.5008,2.4374,2.4691,1457981,5682523,0.019,0.7772,3.8975,2.6509,213950000,N/A,609174000,55000000,0,156600000,62.9105,1.3859,1.1565,22.1556,
600243.SH,青海华鼎,2006-03-01,2.4691,2.4881,2.4881,2.4247,2.431,861257,3317239,-0.0381,-1.5424,3.8516,1.5659,210650000,N/A,599778000,55000000,0,156600000,61.9401,1.3646,1.1387,21.8139,
600243.SH,青海华鼎,2006-03-02,2.431,2.4374,2.5199,2.431,2.4501,1077216,4193646,0.019,0.7833,3.893,1.9586,212300000,N/A,604476000,55000000,0,156600000,62.4253,1.3752,1.1476,21.9847,
600243.SH,青海华鼎,2006-03-03,2.4501,2.4183,2.4881,2.3739,2.4754,898688,3441469,0.0254,1.0363,3.8294,1.634,214500000,N/A,610740000,55000000,0,156600000,63.0722,1.3895,1.1595,22.2125,
600243.SH,青海华鼎,2006-03-06,2.4754,2.4881,2.5262,2.4691,2.4691,1249621,4919610,-0.0063,-0.2564,3.9369,2.272,213950000,N/A,609174000,55000000,0,156600000,62.9105,1.3859,1.1565,22.1556,
600243.SH,青海华鼎,2006-03-07,2.4691,2.4754,2.5008,2.2787,2.3104,1357800,5025408,-0.1587,-6.4267,3.7011,2.4687,200200000,N/A,570024000,55000000,0,156600000,58.8674,1.2969,1.0822,20.7317,
600243.SH,青海华鼎,2006-03-08,2.3104,2.3104,2.3295,2.2216,2.2723,860700,3077738,-0.0381,-1.6484,3.5759,1.5649,196900000,N/A,560628000,55000000,0,156600000,57.897,1.2755,1.0644,20.39,
600243.SH,青海华鼎,2006-03-09,2.2723,2.2723,2.3168,2.2533,2.2723,402400,1441182,0,0,3.5815,0.7316,196900000,N/A,560628000,55000000,0,156600000,57.897,1.2755,1.0644,20.39,
600243.SH,青海华鼎,2006-03-10,2.2723,2.266,2.285,2.2533,2.2596,233448,833856,-0.0127,-0.5587,3.5719,0.4245,195800000,N/A,557496000,55000000,0,156600000,57.5736,1.2684,1.0584,20.2761,
600243.SH,青海华鼎,2006-03-13,2.2596,2.2469,2.2977,2.2216,2.2914,370786,1326067,0.0317,1.4045,3.5764,0.6742,198550000,N/A,565326000,55000000,0,156600000,58.3822,1.2862,1.0733,20.5608,
600243.SH,青海华鼎,2006-03-14,2.2914,2.285,2.2977,2.2406,2.2787,263124,936344,-0.0127,-0.554,3.5586,0.4784,197450000,N/A,562194000,55000000,0,156600000,58.0588,1.279,1.0673,20.4469,
600243.SH,青海华鼎,2006-03-15,2.2787,2.2533,2.3104,2.2533,2.3041,348832,1257613,0.0254,1.1142,3.6052,0.6342,199650000,N/A,568458000,55000000,0,156600000,58.7057,1.2933,1.0792,20.6747,
600243.SH,青海华鼎,2006-03-16,2.3041,2.3041,2.3231,2.2723,2.2977,316890,1142057,-0.0063,-0.2755,3.604,0.5762,199100000,N/A,566892000,55000000,0,156600000,58.5439,1.2897,1.0763,20.6178,
600243.SH,青海华鼎,2006-03-17,2.2977,2.285,2.3104,2.2469,2.3104,381855,1369335,0.0127,0.5525,3.586,0.6943,200200000,N/A,570024000,55000000,0,156600000,58.8674,1.2969,1.0822,20.7317,
600243.SH,青海华鼎,2006-03-20,2.3104,2.3485,2.3548,2.3104,2.3548,960445,3536679,0.0444,1.9231,3.6823,1.7463,204050000,N/A,580986000,55000000,0,156600000,59.9994,1.3218,1.103,21.1304,
600243.SH,青海华鼎,2006-03-21,2.3548,2.3675,2.3866,2.3358,2.3485,631348,2343888,-0.0063,-0.2695,3.7125,1.1479,203500000,N/A,579420000,55000000,0,156600000,59.8377,1.3182,1.1001,21.0734,
600243.SH,青海华鼎,2006-03-22,2.3485,2.3485,2.3866,2.3231,2.3866,397737,1486056,0.0381,1.6216,3.7363,0.7232,206800000,N/A,588816000,55000000,0,156600000,60.8081,1.3396,1.1179,21.4152,
600243.SH,青海华鼎,2006-03-23,2.3866,2.3866,2.431,2.3675,2.4183,576288,2185595,0.0317,1.3298,3.7925,1.0478,209550000,N/A,596646000,55000000,0,156600000,61.6167,1.3574,1.1328,21.6999,
600243.SH,青海华鼎,2006-03-24,2.4183,2.4183,2.4374,2.3739,2.3802,586900,2223336,-0.0381,-1.5748,3.7883,1.0671,206250000,N/A,587250000,55000000,0,156600000,60.6463,1.336,1.1149,21.3582,
600243.SH,青海华鼎,2006-03-27,2.3802,2.3739,2.3929,2.3548,2.3929,290500,1086569,0.0127,0.5333,3.7403,0.5282,207350000,N/A,590382000,55000000,0,156600000,60.9698,1.3432,1.1209,21.4721,
600243.SH,青海华鼎,2006-03-28,2.3929,2.431,2.5897,2.431,2.5072,1971577,7832189,0.1143,4.7745,3.9726,3.5847,217250000,N/A,618570000,55000000,0,156600000,63.8808,1.4073,1.1744,22.4973,
600243.SH,青海华鼎,2006-03-29,2.5072,2.4945,2.5262,2.4437,2.4501,912700,3553932,-0.0571,-2.2785,3.8939,1.6595,212300000,N/A,604476000,55000000,0,156600000,62.4253,1.3752,1.1476,21.9847,
600243.SH,青海华鼎,2006-03-30,2.4501,2.4437,2.4627,2.3802,2.3866,593300,2255120,-0.0635,-2.5907,3.801,1.0787,206800000,N/A,588816000,55000000,0,156600000,60.8081,1.3396,1.1179,21.4152,
600243.SH,青海华鼎,2006-03-31,2.3866,2.3802,2.412,2.3612,2.4056,338996,1274821,0.019,0.7979,3.7606,0.6164,208450000,N/A,593514000,55000000,0,156600000,61.2932,1.3503,1.1268,21.586,
600243.SH,青海华鼎,2006-04-03,2.4056,2.4056,2.4691,2.3866,2.4691,632187,2437506,0.0635,2.6385,3.8557,1.1494,213950000,N/A,609174000,55000000,0,156600000,62.9105,1.3859,1.1565,22.1556,
600243.SH,青海华鼎,2006-04-04,2.4691,2.4754,2.4818,2.4183,2.4691,692350,2667732,0,0,3.8532,1.2588,213950000,N/A,609174000,55000000,0,156600000,62.9105,1.3859,1.1565,22.1556,
600243.SH,青海华鼎,2006-04-05,2.4691,2.4691,2.4945,2.4374,2.4754,605430,2355429,0.0063,0.2571,3.8905,1.1008,214500000,N/A,610740000,55000000,0,156600000,63.0722,1.3895,1.1595,22.2125,
600243.SH,青海华鼎,2006-04-06,2.4754,2.4754,2.5262,2.4627,2.5135,1220552,4811071,0.0381,1.5385,3.9417,2.2192,217800000,N/A,620136000,55000000,0,156600000,64.0425,1.4109,1.1774,22.5543,
600243.SH,青海华鼎,2006-04-07,2.5135,2.5072,2.5326,2.4818,2.5135,1001527,3958336,0,0,3.9523,1.821,217800000,N/A,620136000,55000000,0,156600000,64.0425,1.4109,1.1774,22.5543,
600243.SH,青海华鼎,2006-04-10,2.5135,2.5199,2.6151,2.5199,2.6151,1781722,7261025,0.1016,4.0404,4.0753,3.2395,226600000,N/A,645192000,55000000,0,156600000,66.6301,1.4679,1.2249,23.4656,
600243.SH,青海华鼎,2006-04-11,2.6151,2.6341,2.6532,2.5199,2.596,1296639,5252999,-0.019,-0.7282,4.0512,2.3575,224950000,N/A,640494000,55000000,0,156600000,66.1449,1.4572,1.216,23.2947,
600243.SH,青海华鼎,2006-04-12,2.596,2.5897,2.6087,2.5389,2.5833,843700,3420093,-0.0127,-0.489,4.0537,1.534,223850000,N/A,637362000,55000000,0,156600000,65.8215,1.4501,1.2101,23.1808,
600243.SH,青海华鼎,2006-04-13,2.5833,2.577,2.596,2.4437,2.4754,1187255,4722779,-0.1079,-4.1769,3.9779,2.1586,214500000,N/A,610740000,55000000,0,156600000,63.0722,1.3895,1.1595,22.2125,
600243.SH,青海华鼎,2006-04-14,2.4754,2.4437,2.5262,2.4374,2.5199,921134,3605580,0.0444,1.7949,3.9143,1.6748,218350000,N/A,621702000,55000000,0,156600000,64.2043,1.4144,1.1803,22.6112,
600243.SH,青海华鼎,2006-04-17,2.5199,2.5199,2.5516,2.4754,2.5389,959295,3797168,0.019,0.7557,3.9583,1.7442,220000000,N/A,626400000,55000000,0,156600000,64.6894,1.4251,1.1892,22.7821,
600243.SH,青海华鼎,2006-04-18,2.5389,2.5516,2.5516,2.4691,2.4754,825600,3253823,-0.0635,-2.5,3.9412,1.5011,214500000,N/A,610740000,55000000,0,156600000,63.0722,1.3895,1.1595,22.2125,
600243.SH,青海华鼎,2006-04-19,2.4754,2.4627,2.4945,2.4056,2.4374,796592,3057548,-0.0381,-1.5385,3.8383,1.4483,211200000,N/A,601344000,55000000,0,156600000,62.1019,1.3681,1.1417,21.8708,
600243.SH,青海华鼎,2006-04-20,2.4374,2.431,2.4374,2.3612,2.3739,731075,2757715,-0.0635,-2.6042,3.7721,1.3292,205700000,N/A,585684000,55000000,0,156600000,60.4846,1.3325,1.1119,21.3013,
600243.SH,青海华鼎,2006-04-21,2.3739,2.3739,2.4247,2.3485,2.412,622566,2341288,0.0381,1.6043,3.7607,1.1319,209000000,N/A,595080000,55000000,0,156600000,61.455,1.3539,1.1298,21.643,
600243.SH,青海华鼎,2006-04-24,2.412,2.3993,2.412,2.285,2.3041,1050001,3859833,-0.1079,-4.4737,3.676,1.9091,199650000,N/A,568458000,55000000,0,156600000,58.7057,1.2933,1.0792,20.6747,
600243.SH,青海华鼎,2006-04-25,2.3041,2.2596,2.3358,2.2596,2.3295,658073,2379482,0.0254,1.1019,3.6158,1.1965,201850000,N/A,574722000,55000000,0,156600000,59.3526,1.3075,1.0911,20.9026,
600243.SH,青海华鼎,2006-04-26,2.3295,2.3231,2.3739,2.2977,2.3612,820040,3009933,0.0317,1.3624,3.6705,1.491,204600000,N/A,582552000,55000000,0,156600000,60.1612,1.3254,1.106,21.1873,
600243.SH,青海华鼎,2006-04-27,2.3612,2.3675,2.4627,2.3295,2.4183,959651,3633002,0.0571,2.4194,3.7858,1.7448,209550000,N/A,596646000,55000000,0,156600000,61.6167,1.3574,1.1328,21.6999,
600243.SH,青海华鼎,2006-04-28,2.4183,2.412,2.4691,2.3612,2.4627,862238,3310195,0.0444,1.8373,3.8391,1.5677,213400000,N/A,607608000,55000000,0,156600000,62.7487,1.3824,1.1536,22.0986,
600243.SH,青海华鼎,2006-05-08,2.4627,2.4881,2.5707,2.4564,2.5453,1286447,5106776,0.0825,3.3505,3.9697,2.339,220550000,N/A,627966000,55000000,0,156600000,64.8512,1.4287,1.1922,22.839,
600243.SH,青海华鼎,2006-05-09,2.5453,2.5453,2.6659,2.5008,2.6595,2391839,9723674,0.1143,4.4888,4.0654,4.3488,230450000,N/A,656154000,55000000,0,156600000,67.7622,1.4928,1.2457,23.8642,
600243.SH,青海华鼎,2006-05-10,2.6595,2.7293,2.7611,2.6214,2.6405,2794080,11857646,-0.019,-0.716,4.2438,5.0801,228800000,N/A,651456000,55000000,0,156600000,67.277,1.4821,1.2368,23.6934,
600243.SH,青海华鼎,2006-05-11,2.6405,2.6341,2.9071,2.6087,2.8055,5157525,23062446,0.165,6.25,4.4716,9.3773,243100000,N/A,692172000,55000000,0,156600000,71.4818,1.5748,1.3141,25.1742,
600243.SH,青海华鼎,2006-05-12,2.8055,2.7801,3.0848,2.7674,3.0848,3828676,18033714,0.2793,9.9548,4.7102,6.9612,267300000,N/A,761076000,55000000,0,156600000,78.5977,1.7315,1.4449,27.6802,
600243.SH,青海华鼎,2006-05-15,3.0848,3.1483,3.2689,3.0213,3.1546,2939041,14480474,0.0698,2.2634,4.9269,5.3437,273350000,N/A,778302000,55000000,0,156600000,80.3766,1.7707,1.4776,28.3067,
600243.SH,青海华鼎,2006-05-16,3.1546,3.1546,3.1546,2.8372,2.8499,2912623,13679698,-0.3047,-9.6579,4.6967,5.2957,246950000,N/A,703134000,55000000,0,156600000,72.6139,1.5997,1.3349,25.5729,
600243.SH,青海华鼎,2006-05-17,2.8499,2.8499,2.9578,2.7738,2.9198,1934424,8786629,0.0698,2.4499,4.5422,3.5171,253000000,N/A,720360000,55000000,0,156600000,74.3928,1.6389,1.3676,26.1994,
600243.SH,青海华鼎,2006-05-18,2.9198,2.8563,3.0594,2.8436,3.053,1711142,7997037,0.1333,4.5652,4.6735,3.1112,264550000,N/A,753246000,55000000,0,156600000,77.789,1.7137,1.4301,27.3955,
600243.SH,青海华鼎,2006-05-19,3.053,3.053,3.2435,3.0086,3.1736,2222924,11039733,0.1206,3.9501,4.9663,4.0417,275000000,N/A,783000000,55000000,0,156600000,80.8618,1.7814,1.4866,28.4776,
600243.SH,青海华鼎,2006-05-22,3.1736,3.1546,3.491,3.1483,3.4085,2613714,13967177,0.2348,7.4,5.3438,4.7522,295350000,N/A,840942000,55000000,0,156600000,86.8456,1.9132,1.5966,30.585,
600243.SH,青海华鼎,2006-05-23,3.4085,3.3768,3.3768,3.1102,3.1292,2432317,12376266,-0.2793,-8.1937,5.0883,4.4224,271150000,N/A,772038000,55000000,0,156600000,79.7297,1.7565,1.4657,28.0789,
600243.SH,青海华鼎,2006-05-24,3.1292,3.1419,3.2054,2.8944,3.0086,1915183,9159873,-0.1206,-3.854,4.7828,3.4822,260700000,N/A,742284000,55000000,0,156600000,76.657,1.6888,1.4093,26.9968,
600243.SH,青海华鼎,2006-05-25,3.0086,2.9896,3.1673,2.9705,3.1609,1289240,6234147,0.1523,5.0633,4.8355,2.3441,273900000,N/A,779868000,55000000,0,156600000,80.5383,1.7743,1.4806,28.3637,
600243.SH,青海华鼎,2006-05-26,3.1609,3.1609,3.3196,3.1229,3.2815,2097763,10672228,0.1206,3.8153,5.0874,3.8141,284350000,N/A,809622000,55000000,0,156600000,83.6111,1.842,1.5371,29.4459,
600243.SH,青海华鼎,2006-05-29,3.2815,3.3133,3.4275,3.2308,3.3704,2600192,13622711,0.0889,2.7079,5.2391,4.7276,292050000,N/A,831546000,55000000,0,156600000,85.8752,1.8918,1.5787,30.2432,
600243.SH,青海华鼎,2006-05-30,3.3704,3.3704,3.3958,3.2498,3.345,1964361,10291499,-0.0254,-0.7533,5.2391,3.5716,289850000,N/A,825282000,55000000,0,156600000,85.2283,1.8776,1.5668,30.0154,
600243.SH,青海华鼎,2006-05-31,3.345,3.3006,3.5227,3.3006,3.3768,2203251,11871805,0.0317,0.9488,5.3883,4.0059,292600000,N/A,833112000,55000000,0,156600000,86.0369,1.8954,1.5817,30.3002,
600243.SH,青海华鼎,2006-06-01,3.3768,3.3641,3.7068,3.345,3.618,3206461,18024320,0.2412,7.1429,5.6213,5.8299,313500000,N/A,892620000,55000000,0,156600000,92.1824,2.0308,1.6947,32.4645,
600243.SH,青海华鼎,2006-06-02,3.618,3.6497,3.9226,3.5608,3.7195,3067215,18167388,0.1016,2.807,5.9231,5.5768,322300000,N/A,917676000,55000000,0,156600000,94.77,2.0878,1.7422,33.3758,
600243.SH,青海华鼎,2006-06-05,3.7195,3.7259,3.9861,3.7195,3.929,2366844,14415562,0.2095,5.6314,6.0906,4.3034,340450000,N/A,969354000,55000000,0,156600000,100.1069,2.2054,1.8404,35.2553,
600243.SH,青海华鼎,2006-06-06,3.929,3.9226,3.929,3.7703,3.8401,2037085,12334466,-0.0889,-2.2617,6.055,3.7038,332750000,N/A,947430000,55000000,0,156600000,97.8428,2.1555,1.7987,34.4579,
600243.SH,青海华鼎,2006-06-07,3.8401,3.8338,3.8338,3.4593,3.4593,2819501,15993401,-0.3808,-9.9174,5.6724,5.1264,299750000,N/A,853470000,55000000,0,156600000,88.1393,1.9417,1.6203,31.0406,
600243.SH,青海华鼎,2006-06-08,3.4593,3.3958,3.4593,3.1165,3.3323,3216242,16581391,-0.1269,-3.6697,5.1555,5.8477,288750000,N/A,822150000,55000000,0,156600000,84.9049,1.8705,1.5609,29.9015,
600243.SH,青海华鼎,2006-06-09,3.3323,3.3006,3.4212,3.1673,3.18,1854856,9579157,-0.1523,-4.5714,5.1644,3.3725,275550000,N/A,784566000,55000000,0,156600000,81.0235,1.785,1.4895,28.5346,
600243.SH,青海华鼎,2006-06-12,3.18,3.18,3.18,3.18,3.18,N/A,N/A,0,0,N/A,N/A,275550000,N/A,784566000,55000000,0,156600000,81.0235,1.785,1.4895,28.5346,
600243.SH,青海华鼎,2006-06-13,3.18,3.2689,3.2689,3.0911,3.1609,1165253,5817333,-0.019,-0.5988,4.9923,2.1186,273900000,N/A,779868000,55000000,0,156600000,80.5383,1.7743,1.4806,28.3637,
600243.SH,青海华鼎,2006-06-14,3.1609,3.1609,3.18,3.0594,3.1736,855384,4196262,0.0127,0.4016,4.9057,1.5552,275000000,N/A,783000000,55000000,0,156600000,80.8618,1.7814,1.4866,28.4776,
600243.SH,青海华鼎,2006-06-15,3.1736,3.2054,3.2562,3.1419,3.1927,669432,3365614,0.019,0.6,5.0276,1.2171,276650000,N/A,787698000,55000000,0,156600000,81.347,1.7921,1.4955,28.6485,
600243.SH,青海华鼎,2006-06-16,3.1927,3.3196,3.3514,3.1927,3.2815,1258811,6482377,0.0889,2.7833,5.1496,2.2887,284350000,N/A,809622000,55000000,0,156600000,83.6111,1.842,1.5371,29.4459,
600243.SH,青海华鼎,2006-06-19,3.2815,3.2689,3.3831,3.2181,3.3704,1536226,8042736,0.0889,2.7079,5.2354,2.7931,292050000,N/A,831546000,55000000,0,156600000,85.8752,1.8918,1.5787,30.2432,
600243.SH,青海华鼎,2006-06-20,3.3704,3.3323,3.4402,3.3323,3.4339,1526500,8147293,0.0635,1.8832,5.3372,2.7755,297550000,N/A,847206000,55000000,0,156600000,87.4925,1.9275,1.6085,30.8128,
600243.SH,青海华鼎,2006-06-21,3.4339,3.4275,3.4847,3.3387,3.3704,1245451,6663447,-0.0635,-1.8484,5.3502,2.2645,292050000,N/A,831546000,55000000,0,156600000,85.8752,1.8918,1.5787,30.2432,
600243.SH,青海华鼎,2006-06-22,3.3704,3.3704,3.5926,3.3069,3.5862,2923919,16115587,0.2158,6.403,5.5116,5.3162,310750000,N/A,884790000,55000000,0,156600000,91.3738,2.013,1.6798,32.1797,
600243.SH,青海华鼎,2006-06-23,3.5862,3.5608,3.6941,3.4656,3.6624,3991225,22768769,0.0762,2.1239,5.7047,7.2568,317350000,N/A,903582000,55000000,0,156600000,93.3145,2.0557,1.7155,32.8632,
600243.SH,青海华鼎,2006-06-26,3.6624,3.6814,3.7386,3.6243,3.6751,1601736,9301047,0.0127,0.3466,5.8069,2.9122,318450000,N/A,906714000,55000000,0,156600000,93.6379,2.0629,1.7214,32.9771,
600243.SH,青海华鼎,2006-06-27,3.6751,3.6687,3.7132,3.5545,3.6053,1272550,7244928,-0.0698,-1.8998,5.6932,2.3137,312400000,N/A,889488000,55000000,0,156600000,91.859,2.0237,1.6887,32.3506,
600243.SH,青海华鼎,2006-06-28,3.6053,3.5989,3.6306,3.5545,3.5799,850300,4808050,-0.0254,-0.7042,5.6545,1.546,310200000,N/A,883224000,55000000,0,156600000,91.2121,2.0094,1.6768,32.1227,
600243.SH,青海华鼎,2006-06-29,3.5799,3.5799,3.7766,3.5672,3.7512,2400512,14084695,0.1714,4.7872,5.8674,4.3646,325050000,N/A,925506000,55000000,0,156600000,95.5786,2.1056,1.7571,33.6605,
600243.SH,青海华鼎,2006-06-30,3.7512,3.8274,3.8528,3.5989,3.6878,2565522,14972788,-0.0635,-1.692,5.8362,4.6646,319550000,N/A,909846000,55000000,0,156600000,93.9614,2.07,1.7274,33.091,
600243.SH,青海华鼎,2006-07-03,3.6878,3.7132,3.8592,3.6306,3.8211,2419373,14372777,0.1333,3.6145,5.9407,4.3989,331100000,N/A,942732000,55000000,0,156600000,97.3576,2.1448,1.7898,34.287,
600243.SH,青海华鼎,2006-07-04,3.8211,3.8084,3.8909,3.7132,3.7322,2236405,13390687,-0.0889,-2.3256,5.9876,4.0662,323400000,N/A,920808000,55000000,0,156600000,95.0935,2.0949,1.7482,33.4897,
600243.SH,青海华鼎,2006-07-05,3.7322,3.7386,3.7576,3.6306,3.6751,1318511,7647573,-0.0571,-1.5306,5.8002,2.3973,318450000,N/A,906714000,55000000,0,156600000,93.6379,2.0629,1.7214,32.9771,
600243.SH,青海华鼎,2006-07-06,3.6751,3.6687,3.8401,3.618,3.7703,1746492,10381385,0.0952,2.5907,5.9441,3.1754,326700000,N/A,930204000,55000000,0,156600000,96.0638,2.1163,1.766,33.8314,
600243.SH,青海华鼎,2006-07-07,3.7703,3.802,3.8147,3.6878,3.7068,1379296,8099354,-0.0635,-1.6835,5.8721,2.5078,321200000,N/A,914544000,55000000,0,156600000,94.4466,2.0807,1.7363,33.2619,
600243.SH,青海华鼎,2006-07-10,3.7068,3.7068,3.7322,3.6497,3.6941,949567,5510870,-0.0127,-0.3425,5.8036,1.7265,320100000,N/A,911412000,55000000,0,156600000,94.1231,2.0735,1.7304,33.1479,
600243.SH,青海华鼎,2006-07-11,3.6941,3.6941,3.8211,3.6624,3.7639,1375062,8143960,0.0698,1.89,5.9226,2.5001,326150000,N/A,928638000,55000000,0,156600000,95.9021,2.1127,1.7631,33.7744,
600243.SH,青海华鼎,2006-07-12,3.7639,3.7576,3.8909,3.7322,3.8401,2005791,12121355,0.0762,2.0236,6.0432,3.6469,332750000,N/A,947430000,55000000,0,156600000,97.8428,2.1555,1.7987,34.4579,
600243.SH,青海华鼎,2006-07-13,3.8401,3.8401,3.9036,3.491,3.5164,2662852,15555886,-0.3237,-8.4298,5.8418,4.8415,304700000,N/A,867564000,55000000,0,156600000,89.5949,1.9738,1.6471,31.5532,
600243.SH,青海华鼎,2006-07-14,3.5164,3.4783,3.6497,3.3069,3.5672,1395108,7759747,0.0508,1.444,5.5621,2.5366,309100000,N/A,880092000,55000000,0,156600000,90.8886,2.0023,1.6709,32.0088,
600243.SH,青海华鼎,2006-07-17,3.5672,3.5227,3.6687,3.4974,3.6687,841285,4778214,0.1016,2.847,5.6797,1.5296,317900000,N/A,905148000,55000000,0,156600000,93.4762,2.0593,1.7185,32.9201,
600243.SH,青海华鼎,2006-07-18,3.6687,3.6814,3.6814,3.5608,3.6687,636664,3640367,0,0,5.7179,1.1576,317900000,N/A,905148000,55000000,0,156600000,93.4762,2.0593,1.7185,32.9201,
600243.SH,青海华鼎,2006-07-19,3.6687,3.6814,3.6814,3.4974,3.5354,780766,4384549,-0.1333,-3.6332,5.6157,1.4196,306350000,N/A,872262000,55000000,0,156600000,90.08,1.9845,1.656,31.7241,
600243.SH,青海华鼎,2006-07-20,3.5354,3.5227,3.5926,3.5227,3.5799,577370,3238577,0.0444,1.2567,5.6092,1.0498,310200000,N/A,883224000,55000000,0,156600000,91.2121,2.0094,1.6768,32.1227,
600243.SH,青海华鼎,2006-07-21,3.5799,3.5799,3.656,3.5545,3.5926,597408,3394630,0.0127,0.3546,5.6823,1.0862,311300000,N/A,886356000,55000000,0,156600000,91.5355,2.0165,1.6828,32.2367,
600243.SH,青海华鼎,2006-07-24,3.5926,3.5418,3.5799,3.4783,3.5545,668364,3705280,-0.0381,-1.0601,5.5438,1.2152,308000000,N/A,876960000,55000000,0,156600000,90.5652,1.9952,1.6649,31.8949,
600243.SH,青海华鼎,2006-07-25,3.5545,3.5481,3.6306,3.5481,3.5989,607450,3442810,0.0444,1.25,5.6676,1.1045,311850000,N/A,887922000,55000000,0,156600000,91.6973,2.0201,1.6858,32.2936,
600243.SH,青海华鼎,2006-07-26,3.5989,3.5989,3.7449,3.5926,3.6878,1135306,6588056,0.0889,2.4691,5.8029,2.0642,319550000,N/A,909846000,55000000,0,156600000,93.9614,2.07,1.7274,33.091,
600243.SH,青海华鼎,2006-07-27,3.6878,3.7005,3.7005,3.5735,3.5926,779845,4467791,-0.0952,-2.5818,5.7291,1.4179,311300000,N/A,886356000,55000000,0,156600000,91.5355,2.0165,1.6828,32.2367,
600243.SH,青海华鼎,2006-07-28,3.5926,3.6053,3.6814,3.5545,3.6497,747819,4266753,0.0571,1.5901,5.7056,1.3597,316250000,N/A,900450000,55000000,0,156600000,92.9911,2.0486,1.7095,32.7493,
600243.SH,青海华鼎,2006-07-31,3.6497,3.6116,3.6814,3.4783,3.4783,592850,3307838,-0.1714,-4.6957,5.5796,1.0779,301400000,N/A,858168000,55000000,0,156600000,88.6245,1.9524,1.6293,31.2115,
600243.SH,青海华鼎,2006-08-01,3.4783,3.4783,3.5418,3.3768,3.3831,461280,2512964,-0.0952,-2.7372,5.4478,0.8387,293150000,N/A,834678000,55000000,0,156600000,86.1987,1.899,1.5847,30.3571,
600243.SH,青海华鼎,2006-08-02,3.3831,3.3768,3.4148,3.1736,3.2879,780423,4022719,-0.0952,-2.8143,5.1545,1.419,284900000,N/A,811188000,55000000,0,156600000,83.7728,1.8455,1.5401,29.5028,
600243.SH,青海华鼎,2006-08-03,3.2879,3.2689,3.3133,3.1863,3.2371,416100,2133414,-0.0508,-1.5444,5.1272,0.7565,280500000,N/A,798660000,55000000,0,156600000,82.479,1.817,1.5163,29.0472,
600243.SH,青海华鼎,2006-08-04,3.2371,3.2371,3.3006,3.1165,3.1292,562951,2835471,-0.1079,-3.3333,5.0368,1.0235,271150000,N/A,772038000,55000000,0,156600000,79.7297,1.7565,1.4657,28.0789,
600243.SH,青海华鼎,2006-08-07,3.1292,3.0975,3.1419,2.9832,3.015,435155,2103864,-0.1143,-3.6511,4.8347,0.7912,261250000,N/A,743850000,55000000,0,156600000,76.8187,1.6923,1.4122,27.0537,
600243.SH,青海华鼎,2006-08-08,3.015,3.015,3.1356,3.015,3.1292,425800,2064871,0.1143,3.7895,4.8494,0.7742,271150000,N/A,772038000,55000000,0,156600000,79.7297,1.7565,1.4657,28.0789,
600243.SH,青海华鼎,2006-08-09,3.1292,3.1419,3.2435,3.1102,3.1102,330000,1632239,-0.019,-0.6085,4.9462,0.6,269500000,N/A,767340000,55000000,0,156600000,79.2446,1.7458,1.4568,27.9081,
600243.SH,青海华鼎,2006-08-10,3.1102,3.1736,3.18,3.1165,3.1609,340880,1690921,0.0508,1.6327,4.9605,0.6198,273900000,N/A,779868000,55000000,0,156600000,80.5383,1.7743,1.4806,28.3637,
600243.SH,青海华鼎,2006-08-11,3.1609,3.1419,3.199,3.1419,3.18,299913,1495278,0.019,0.6024,4.9857,0.5453,275550000,N/A,784566000,55000000,0,156600000,81.0235,1.785,1.4895,28.5346,
600243.SH,青海华鼎,2006-08-14,3.18,3.2054,3.2054,3.034,3.0404,454000,2207797,-0.1396,-4.3912,4.863,0.8255,263450000,N/A,750114000,55000000,0,156600000,77.4656,1.7066,1.4241,27.2816,
600243.SH,青海华鼎,2006-08-15,3.0404,3.0023,3.0911,2.9896,3.0911,197470,953364,0.0508,1.6701,4.8279,0.359,267850000,N/A,762642000,55000000,0,156600000,78.7594,1.7351,1.4479,27.7372,
600243.SH,青海华鼎,2006-08-16,3.0911,3.0594,3.1736,3.0594,3.1736,237220,1168828,0.0825,2.6694,4.9272,0.4313,275000000,N/A,783000000,55000000,0,156600000,80.8618,1.7814,1.4866,28.4776,
600243.SH,青海华鼎,2006-08-17,3.1736,3.1546,3.1546,3.0911,3.1356,372541,1829939,-0.0381,-1.2,4.912,0.6773,271700000,N/A,773604000,55000000,0,156600000,79.8914,1.76,1.4687,28.1359,
600243.SH,青海华鼎,2006-08-18,3.1356,3.1356,3.1546,3.1165,3.1292,278380,1374419,-0.0063,-0.2024,4.9372,0.5061,271150000,N/A,772038000,55000000,0,156600000,79.7297,1.7565,1.4657,28.0789,
600243.SH,青海华鼎,2006-08-21,3.1292,3.053,3.1102,2.9896,3.1038,294180,1415015,-0.0254,-0.8114,4.81,0.5349,268950000,N/A,765774000,55000000,0,156600000,79.0828,1.7422,1.4539,27.8511,
600243.SH,青海华鼎,2006-08-22,3.1038,3.0721,3.1673,3.0594,3.1292,297180,1466308,0.0254,0.818,4.9341,0.5403,271150000,N/A,772038000,55000000,0,156600000,79.7297,1.7565,1.4657,28.0789,
600243.SH,青海华鼎,2006-08-23,3.1292,3.1419,3.2054,3.1102,3.1927,480498,2394715,0.0635,2.0284,4.9838,0.8736,276650000,N/A,787698000,55000000,0,156600000,81.347,1.7921,1.4955,28.6485,
600243.SH,青海华鼎,2006-08-24,3.1927,3.1736,3.2117,3.1356,3.1863,260666,1301406,-0.0063,-0.1988,4.9926,0.4739,276100000,N/A,786132000,55000000,0,156600000,81.1852,1.7885,1.4925,28.5915,
600243.SH,青海华鼎,2006-08-25,3.1863,3.1736,3.199,3.1419,3.1609,331051,1653641,-0.0254,-0.7968,4.9951,0.6019,273900000,N/A,779868000,55000000,0,156600000,80.5383,1.7743,1.4806,28.3637,
600243.SH,青海华鼎,2006-08-28,3.1609,3.1736,3.2562,3.1673,3.2435,391214,1982768,0.0825,2.6104,5.0682,0.7113,281050000,N/A,800226000,55000000,0,156600000,82.6407,1.8206,1.5193,29.1041,
600243.SH,青海华鼎,2006-08-29,3.2435,3.2625,3.4085,3.2498,3.3006,1039501,5449426,0.0571,1.7613,5.2423,1.89,286000000,N/A,814320000,55000000,0,156600000,84.0963,1.8527,1.546,29.6167,
600243.SH,青海华鼎,2006-08-30,3.3006,3.2879,3.3514,3.2371,3.345,378786,1968003,0.0444,1.3462,5.1956,0.6887,289850000,N/A,825282000,55000000,0,156600000,85.2283,1.8776,1.5668,30.0154,
600243.SH,青海华鼎,2006-08-31,3.345,3.326,3.3641,3.2371,3.3006,442409,2309488,-0.0444,-1.3283,5.2203,0.8044,286000000,N/A,814320000,55000000,0,156600000,84.0963,1.8527,1.546,29.6167,
600243.SH,青海华鼎,2006-09-01,3.3006,3.3006,3.3069,3.1927,3.2054,512667,2613873,-0.0952,-2.8846,5.0986,0.9321,277750000,N/A,790830000,55000000,0,156600000,81.6704,1.7992,1.5014,28.7624,
600243.SH,青海华鼎,2006-09-04,3.2054,3.2054,3.2879,3.2054,3.2879,408365,2086076,0.0825,2.5743,5.1084,0.7425,284900000,N/A,811188000,55000000,0,156600000,83.7728,1.8455,1.5401,29.5028,
600243.SH,青海华鼎,2006-09-05,3.2879,3.3323,3.4085,3.2879,3.3514,528832,2776969,0.0635,1.9305,5.2511,0.9615,290400000,N/A,826848000,55000000,0,156600000,85.39,1.8812,1.5698,30.0724,
600243.SH,青海华鼎,2006-09-06,3.3514,3.3577,3.3641,3.3006,3.3514,305883,1603893,0,0,5.2435,0.5562,290400000,N/A,826848000,55000000,0,156600000,85.39,1.8812,1.5698,30.0724,
600243.SH,青海华鼎,2006-09-07,3.3514,3.3641,3.3641,3.2498,3.2815,284865,1472188,-0.0698,-2.0833,5.168,0.5179,284350000,N/A,809622000,55000000,0,156600000,83.6111,1.842,1.5371,29.4459,
600243.SH,青海华鼎,2006-09-08,3.2815,3.2689,3.345,3.2562,3.2879,273350,1415296,0.0063,0.1934,5.1776,0.497,284900000,N/A,811188000,55000000,0,156600000,83.7728,1.8455,1.5401,29.5028,
600243.SH,青海华鼎,2006-09-11,3.2879,3.2689,3.3133,3.2308,3.3006,348950,1792622,0.0127,0.3861,5.1372,0.6345,286000000,N/A,814320000,55000000,0,156600000,84.0963,1.8527,1.546,29.6167,
600243.SH,青海华鼎,2006-09-12,3.3006,3.2562,3.326,3.2562,3.3133,482400,2506718,0.0127,0.3846,5.1963,0.8771,287100000,N/A,817452000,55000000,0,156600000,84.4197,1.8598,1.552,29.7306,
600243.SH,青海华鼎,2006-09-13,3.3133,3.3069,3.3387,3.2689,3.2752,354401,1841373,-0.0381,-1.1494,5.1957,0.6444,283800000,N/A,808056000,55000000,0,156600000,83.4494,1.8384,1.5341,29.3889,
600243.SH,青海华鼎,2006-09-14,3.2752,3.2689,3.3006,3.2562,3.3006,382200,1968570,0.0254,0.7752,5.1506,0.6949,286000000,N/A,814320000,55000000,0,156600000,84.0963,1.8527,1.546,29.6167,
600243.SH,青海华鼎,2006-09-15,3.3006,3.3133,3.3704,3.2815,3.3577,641485,3371411,0.0571,1.7308,5.2556,1.1663,290950000,N/A,828414000,55000000,0,156600000,85.5518,1.8847,1.5728,30.1293,
600243.SH,青海华鼎,2006-09-18,3.3577,3.3831,3.4021,3.3387,3.3958,547435,2910737,0.0381,1.1342,5.317,0.9953,294250000,N/A,837810000,55000000,0,156600000,86.5221,1.9061,1.5906,30.471,
600243.SH,青海华鼎,2006-09-19,3.3958,3.4085,3.4402,3.3768,3.4212,715914,3852730,0.0254,0.7477,5.3816,1.3017,296450000,N/A,844074000,55000000,0,156600000,87.169,1.9203,1.6025,30.6989,
600243.SH,青海华鼎,2006-09-20,3.4212,3.4212,3.4339,3.3831,3.3958,467366,2508914,-0.0254,-0.7421,5.3682,0.8498,294250000,N/A,837810000,55000000,0,156600000,86.5221,1.9061,1.5906,30.471,
600243.SH,青海华鼎,2006-09-21,3.3958,3.3958,3.4466,3.3641,3.4402,723849,3901440,0.0444,1.3084,5.3899,1.3161,298100000,N/A,848772000,55000000,0,156600000,87.6542,1.931,1.6114,30.8697,
600243.SH,青海华鼎,2006-09-22,3.4402,3.491,3.6116,3.4466,3.4974,2553694,14263941,0.0571,1.6605,5.5856,4.6431,303050000,N/A,862866000,55000000,0,156600000,89.1097,1.9631,1.6382,31.3823,
600243.SH,青海华鼎,2006-09-25,3.4974,3.491,3.6243,3.4656,3.6053,1724882,9723422,0.1079,3.0853,5.6372,3.1361,312400000,N/A,889488000,55000000,0,156600000,91.859,2.0237,1.6887,32.3506,
600243.SH,青海华鼎,2006-09-26,3.6053,3.637,3.6941,3.5481,3.6814,1367159,7821006,0.0762,2.1127,5.7206,2.4857,319000000,N/A,908280000,55000000,0,156600000,93.7997,2.0664,1.7244,33.034,
600243.SH,青海华鼎,2006-09-27,3.6814,3.6687,3.7132,3.637,3.6814,853363,4929809,0,0,5.7769,1.5516,319000000,N/A,908280000,55000000,0,156600000,93.7997,2.0664,1.7244,33.034,
600243.SH,青海华鼎,2006-09-28,3.6814,3.6687,3.8718,3.6497,3.8338,2818133,16951953,0.1523,4.1379,6.0153,5.1239,332200000,N/A,945864000,55000000,0,156600000,97.681,2.1519,1.7958,34.401,
600243.SH,青海华鼎,2006-09-29,3.8338,3.7766,3.8211,3.6814,3.7766,3170551,18758406,-0.0571,-1.4901,5.9164,5.7646,327250000,N/A,931770000,55000000,0,156600000,96.2255,2.1199,1.769,33.8884,
600243.SH,青海华鼎,2006-10-09,3.7766,3.8084,3.8528,3.7005,3.8401,2161907,12873260,0.0635,1.6807,5.9546,3.9307,332750000,N/A,947430000,55000000,0,156600000,97.8428,2.1555,1.7987,34.4579,
600243.SH,青海华鼎,2006-10-10,3.8401,3.8845,3.929,3.8084,3.8147,1803641,10978253,-0.0254,-0.6612,6.0867,3.2793,330550000,N/A,941166000,55000000,0,156600000,97.1959,2.1412,1.7868,34.2301,
600243.SH,青海华鼎,2006-10-11,3.8147,3.6878,3.8147,3.6878,3.7449,1432877,8471134,-0.0698,-1.8303,5.912,2.6052,324500000,N/A,923940000,55000000,0,156600000,95.4169,2.1021,1.7541,33.6036,
600243.SH,青海华鼎,2006-10-12,3.7449,3.7449,3.8401,3.7386,3.802,884915,5289168,0.0571,1.5254,5.977,1.6089,329450000,N/A,938034000,55000000,0,156600000,96.8724,2.1341,1.7809,34.1162,
600243.SH,青海华鼎,2006-10-13,3.802,3.802,3.9036,3.783,3.8655,1366185,8290105,0.0635,1.6694,6.0681,2.484,334950000,N/A,953694000,55000000,0,156600000,98.4897,2.1697,1.8106,34.6857,
600243.SH,青海华鼎,2006-10-16,3.8655,3.8655,4.1257,3.8655,4.0559,2503005,15693526,0.1904,4.9261,6.2699,4.5509,351450000,N/A,1000674000,55000000,0,156600000,103.3414,2.2766,1.8998,36.3944,
600243.SH,青海华鼎,2006-10-17,4.0559,4.0496,4.1575,3.9924,4.0686,1659737,10694616,0.0127,0.313,6.4436,3.0177,352550000,N/A,1003806000,55000000,0,156600000,103.6648,2.2838,1.9058,36.5083,
600243.SH,青海华鼎,2006-10-18,4.0686,4.0623,4.1003,4.0051,4.0432,762800,4863235,-0.0254,-0.624,6.3755,1.3869,350350000,N/A,997542000,55000000,0,156600000,103.0179,2.2695,1.8939,36.2805,
600243.SH,青海华鼎,2006-10-19,4.0432,4.0496,4.094,3.9099,3.9734,889307,5578689,-0.0698,-1.7268,6.2731,1.6169,344300000,N/A,980316000,55000000,0,156600000,101.239,2.2303,1.8612,35.654,
600243.SH,青海华鼎,2006-10-20,3.9734,3.9734,4.0178,3.9099,3.929,735977,4596423,-0.0444,-1.1182,6.2453,1.3381,340450000,N/A,969354000,55000000,0,156600000,100.1069,2.2054,1.8404,35.2553,
600243.SH,青海华鼎,2006-10-23,3.929,3.8845,3.929,3.6751,3.7195,1434647,8488705,-0.2095,-5.3312,5.9169,2.6084,322300000,N/A,917676000,55000000,0,156600000,94.77,2.0878,1.7422,33.3758,
600243.SH,青海华鼎,2006-10-24,3.7195,3.7386,3.8592,3.7068,3.8465,776328,4650906,0.1269,3.413,5.9909,1.4115,333300000,N/A,948996000,55000000,0,156600000,98.0045,2.1591,1.8017,34.5149,
600243.SH,青海华鼎,2006-10-25,3.8465,3.8782,3.9671,3.8147,3.9544,1457590,8986356,0.1079,2.8053,6.1652,2.6502,342650000,N/A,975618000,55000000,0,156600000,100.7538,2.2196,1.8523,35.4831,
600243.SH,青海华鼎,2006-10-26,3.9544,3.9353,3.9861,3.8655,3.8655,526300,3247435,-0.0889,-2.2472,6.1703,0.9569,334950000,N/A,953694000,55000000,0,156600000,98.4897,2.1697,1.8106,34.6857,
600243.SH,青海华鼎,2006-10-27,3.8655,3.8845,3.8845,3.7195,3.7766,836439,4968328,-0.0889,-2.2989,5.9399,1.5208,327250000,N/A,931770000,55000000,0,156600000,96.2255,2.1199,1.769,33.8884,
600243.SH,青海华鼎,2006-10-30,3.7766,3.7766,3.8528,3.6814,3.8401,460891,2712973,0.0635,1.6807,5.8864,0.838,332750000,N/A,947430000,55000000,0,156600000,97.8428,2.1555,1.7987,34.4579,
600243.SH,青海华鼎,2006-10-31,3.8401,3.8401,4.1448,3.8147,4.0559,1670098,10575506,0.2158,5.6198,6.3323,3.0365,351450000,N/A,1000674000,55000000,0,156600000,103.3414,2.2766,1.8998,36.3944,
600243.SH,青海华鼎,2006-11-01,4.0559,4.0559,4.0686,3.9924,4.0369,624293,3951734,-0.019,-0.4695,6.3299,1.1351,349800000,N/A,995976000,55000000,0,156600000,102.8562,2.2659,1.8909,36.2235,
600243.SH,青海华鼎,2006-11-02,4.0369,4.0369,4.1575,3.8084,3.8211,4013455,25357895,-0.2158,-5.3459,6.3182,7.2972,331100000,N/A,942732000,55000000,0,156600000,97.3576,2.1448,1.7898,34.287,
600243.SH,青海华鼎,2006-11-03,3.8211,3.8084,3.8718,3.7132,3.7322,1087158,6453731,-0.0889,-2.3256,5.9363,1.9767,323400000,N/A,920808000,55000000,0,156600000,95.0935,2.0949,1.7482,33.4897,
600243.SH,青海华鼎,2006-11-06,3.7322,3.6878,3.7639,3.6306,3.637,837689,4883626,-0.0952,-2.551,5.8299,1.5231,315150000,N/A,897318000,55000000,0,156600000,92.6676,2.0415,1.7036,32.6353,
600243.SH,青海华鼎,2006-11-07,3.637,3.6433,3.6814,3.5418,3.637,741535,4188420,0,0,5.6483,1.3482,315150000,N/A,897318000,55000000,0,156600000,92.6676,2.0415,1.7036,32.6353,
600243.SH,青海华鼎,2006-11-08,3.637,3.5862,3.6941,3.5862,3.6306,378177,2176354,-0.0063,-0.1745,5.7549,0.6876,314600000,N/A,895752000,55000000,0,156600000,92.5059,2.0379,1.7006,32.5784,
600243.SH,青海华鼎,2006-11-09,3.6306,3.637,3.802,3.637,3.7512,641504,3796345,0.1206,3.3217,5.9179,1.1664,325050000,N/A,925506000,55000000,0,156600000,95.5786,2.1056,1.7571,33.6605,
600243.SH,青海华鼎,2006-11-10,3.7512,3.7322,3.783,3.656,3.6878,522401,3062106,-0.0635,-1.692,5.8616,0.9498,319550000,N/A,909846000,55000000,0,156600000,93.9614,2.07,1.7274,33.091,
600243.SH,青海华鼎,2006-11-13,3.6878,3.6687,3.7386,3.5418,3.5608,308661,1764417,-0.1269,-3.4423,5.7164,0.5612,308550000,N/A,878526000,55000000,0,156600000,90.7269,1.9987,1.6679,31.9519,
600243.SH,青海华鼎,2006-11-14,3.5608,3.5735,3.656,3.5227,3.6497,199210,1120577,0.0889,2.4955,5.6251,0.3622,316250000,N/A,900450000,55000000,0,156600000,92.9911,2.0486,1.7095,32.7493,
600243.SH,青海华鼎,2006-11-15,3.6497,3.618,3.7005,3.6053,3.6687,562100,3254385,0.019,0.5217,5.7897,1.022,317900000,N/A,905148000,55000000,0,156600000,93.4762,2.0593,1.7185,32.9201,
600243.SH,青海华鼎,2006-11-16,3.6687,3.6687,3.6687,3.5481,3.5545,275300,1566674,-0.1143,-3.1142,5.6908,0.5005,308000000,N/A,876960000,55000000,0,156600000,90.5652,1.9952,1.6649,31.8949,
600243.SH,青海华鼎,2006-11-17,3.5545,3.5545,3.656,3.5291,3.5672,397126,2225771,0.0127,0.3571,5.6047,0.722,309100000,N/A,880092000,55000000,0,156600000,90.8886,2.0023,1.6709,32.0088,
600243.SH,青海华鼎,2006-11-20,3.5672,3.5672,3.5672,3.5672,3.5672,N/A,N/A,0,0,N/A,N/A,309100000,N/A,880092000,55000000,0,156600000,90.8886,2.0023,1.6709,32.0088,
600243.SH,青海华鼎,2006-11-21,3.5672,3.5672,3.5672,3.5672,3.5672,N/A,N/A,0,0,N/A,N/A,309100000,N/A,880092000,55000000,0,156600000,90.8886,2.0023,1.6709,32.0088,
600243.SH,青海华鼎,2006-11-22,3.5672,3.5672,3.5672,3.5672,3.5672,N/A,N/A,0,0,N/A,N/A,309100000,N/A,880092000,55000000,0,156600000,90.8886,2.0023,1.6709,32.0088,
600243.SH,青海华鼎,2006-11-23,3.5672,3.5672,3.5672,3.5672,3.5672,N/A,N/A,0,0,N/A,N/A,309100000,N/A,880092000,55000000,0,156600000,90.8886,2.0023,1.6709,32.0088,
600243.SH,青海华鼎,2006-11-24,3.5672,3.5672,3.5672,3.5672,3.5672,N/A,N/A,0,0,N/A,N/A,309100000,N/A,880092000,55000000,0,156600000,90.8886,2.0023,1.6709,32.0088,
600243.SH,青海华鼎,2006-11-27,3.5672,3.5672,3.5672,3.5672,3.5672,N/A,N/A,0,0,N/A,N/A,309100000,N/A,880092000,55000000,0,156600000,90.8886,2.0023,1.6709,32.0088,
600243.SH,青海华鼎,2006-11-28,3.5672,3.5672,3.5672,3.5672,3.5672,N/A,N/A,0,0,N/A,N/A,309100000,N/A,880092000,55000000,0,156600000,90.8886,2.0023,1.6709,32.0088,
600243.SH,青海华鼎,2006-11-29,3.5672,3.5672,3.5672,3.5672,3.5672,N/A,N/A,0,0,N/A,N/A,309100000,N/A,880092000,55000000,0,156600000,90.8886,2.0023,1.6709,32.0088,
600243.SH,青海华鼎,2006-11-30,3.5672,3.8274,3.9226,3.8084,3.9226,1966486,12129594,0.3554,9.9644,6.1682,3.5754,339900000,N/A,967788000,55000000,0,156600000,99.9452,2.2018,1.8374,35.1983,
600243.SH,青海华鼎,2006-12-01,3.9226,4.0369,4.0496,3.8718,3.929,3304901,20493954,0.0063,0.1618,6.2011,6.0089,340450000,N/A,969354000,55000000,0,156600000,100.1069,2.2054,1.8404,35.2553,
600243.SH,青海华鼎,2006-12-04,3.929,3.9226,3.929,3.7449,3.783,3643777,21861318,-0.146,-3.7157,5.9996,6.625,327800000,N/A,933336000,55000000,0,156600000,96.3872,2.1234,1.772,33.9453,
600243.SH,青海华鼎,2006-12-05,3.783,3.783,3.783,3.783,3.783,N/A,N/A,0,0,N/A,N/A,327800000,N/A,933336000,55000000,0,156600000,96.3872,2.1234,1.772,33.9453,
600243.SH,青海华鼎,2006-12-06,3.783,3.783,3.783,3.783,3.783,N/A,N/A,0,0,N/A,N/A,327800000,N/A,933336000,55000000,0,156600000,96.3872,2.1234,1.772,33.9453,
600243.SH,青海华鼎,2006-12-07,3.783,3.783,3.783,3.783,3.783,N/A,N/A,0,0,N/A,N/A,327800000,N/A,933336000,55000000,0,156600000,96.3872,2.1234,1.772,33.9453,
600243.SH,青海华鼎,2006-12-08,3.783,3.783,3.783,3.783,3.783,N/A,N/A,0,0,N/A,N/A,327800000,N/A,933336000,55000000,0,156600000,96.3872,2.1234,1.772,33.9453,
600243.SH,青海华鼎,2006-12-11,3.783,3.783,3.783,3.783,3.783,N/A,N/A,0,0,N/A,N/A,327800000,N/A,933336000,55000000,0,156600000,96.3872,2.1234,1.772,33.9453,
600243.SH,青海华鼎,2006-12-12,3.783,3.783,3.783,3.783,3.783,N/A,N/A,0,0,N/A,N/A,327800000,N/A,933336000,55000000,0,156600000,96.3872,2.1234,1.772,33.9453,
600243.SH,青海华鼎,2006-12-13,3.783,3.783,3.783,3.783,3.783,N/A,N/A,0,0,N/A,N/A,327800000,N/A,933336000,55000000,0,156600000,96.3872,2.1234,1.772,33.9453,
600243.SH,青海华鼎,2006-12-14,3.783,3.783,3.783,3.783,3.783,N/A,N/A,0,0,N/A,N/A,327800000,N/A,933336000,55000000,0,156600000,96.3872,2.1234,1.772,33.9453,
600243.SH,青海华鼎,2006-12-15,3.783,3.783,3.783,3.783,3.783,N/A,N/A,0,0,N/A,N/A,327800000,N/A,933336000,55000000,0,156600000,96.3872,2.1234,1.772,33.9453,
600243.SH,青海华鼎,2006-12-18,3.783,3.783,3.783,3.783,3.783,N/A,N/A,0,0,N/A,N/A,327800000,N/A,933336000,55000000,0,156600000,96.3872,2.1234,1.772,33.9453,
600243.SH,青海华鼎,2006-12-19,3.783,3.783,3.783,3.783,3.783,N/A,N/A,0,0,N/A,N/A,327800000,N/A,933336000,55000000,0,156600000,96.3872,2.1234,1.772,33.9453,
600243.SH,青海华鼎,2006-12-20,3.783,3.783,3.783,3.783,3.783,N/A,N/A,0,0,N/A,N/A,327800000,N/A,933336000,55000000,0,156600000,96.3872,2.1234,1.772,33.9453,
600243.SH,青海华鼎,2006-12-21,3.783,3.783,3.783,3.783,3.783,N/A,N/A,0,0,N/A,N/A,327800000,N/A,933336000,55000000,0,156600000,96.3872,2.1234,1.772,33.9453,
600243.SH,青海华鼎,2006-12-22,3.783,3.783,3.783,3.783,3.783,N/A,N/A,0,0,N/A,N/A,425397500,N/A,932381500,85250000,0,186850000,96.2887,2.1213,1.7702,33.9106,
600243.SH,青海华鼎,2006-12-25,3.783,4.2108,4.3879,4.0534,4.1714,10004320,42506368,0.3885,10.2685,4.2488,11.7353,361460000,N/A,792244000,85250000,0,186850000,81.8164,1.8024,1.5041,28.8138,
600243.SH,青海华鼎,2006-12-26,4.1714,4.1714,4.1911,3.9353,3.9845,5542232,22720398,-0.1869,-4.4811,4.0995,6.5012,345262500,N/A,756742500,85250000,0,186850000,78.1501,1.7217,1.4367,27.5226,
600243.SH,青海华鼎,2006-12-27,3.9845,3.9452,4.0632,3.8763,4.0239,2639253,10630653,0.0394,0.9877,4.0279,3.0959,348672500,N/A,764216500,85250000,0,186850000,78.922,1.7387,1.4509,27.7945,
600243.SH,青海华鼎,2006-12-28,4.0239,4.014,4.0337,3.8173,3.896,2581106,10289493,-0.1279,-3.1785,3.9865,3.0277,337590000,N/A,739926000,85250000,0,186850000,76.4135,1.6834,1.4048,26.911,
600243.SH,青海华鼎,2006-12-29,3.896,3.9156,3.9648,3.8566,3.8861,2049031,8126634,-0.0098,-0.2525,3.9661,2.4036,336737500,N/A,738057500,85250000,0,186850000,76.2205,1.6792,1.4012,26.8431,
600243.SH,青海华鼎,2007-01-04,3.8861,3.8861,3.9845,3.8861,3.9156,2028957,8075632,0.0295,0.7595,3.9802,2.38,339295000,N/A,743663000,85250000,0,186850000,44.1679,1.6489,1.0784,24.8644,
600243.SH,青海华鼎,2007-01-05,3.9156,3.9353,3.9845,3.8664,3.9747,2009213,8026059,0.059,1.5075,3.9946,2.3568,344410000,N/A,754874000,85250000,0,186850000,44.8338,1.6737,1.0946,25.2393,
600243.SH,青海华鼎,2007-01-08,3.9747,3.9452,4.1321,3.9452,4.1321,3528406,14564857,0.1574,3.9604,4.1279,4.1389,358050000,N/A,784770000,85250000,0,186850000,46.6094,1.74,1.138,26.2389,
600243.SH,青海华鼎,2007-01-09,4.1321,4.1321,4.2993,4.0927,4.2895,5160319,22159377,0.1574,3.8095,4.2942,6.0532,371690000,N/A,814666000,85250000,0,186850000,48.385,1.8063,1.1813,27.2384,
600243.SH,青海华鼎,2007-01-10,4.2895,4.3092,4.5158,4.3092,4.3879,6074523,27081631,0.0984,2.2936,4.4582,7.1255,380215000,N/A,833351000,85250000,0,186850000,49.4947,1.8477,1.2084,27.8632,
600243.SH,青海华鼎,2007-01-11,4.3879,4.3879,4.6732,4.2895,4.6437,8737889,39830926,0.2558,5.8296,4.5584,10.2497,402380000,N/A,881932000,85250000,0,186850000,52.3801,1.9554,1.2789,29.4875,
600243.SH,青海华鼎,2007-01-12,4.6437,4.6338,4.7421,4.2993,4.4272,8320329,38605895,-0.2164,-4.661,4.6399,9.7599,383625000,N/A,840825000,85250000,0,186850000,49.9386,1.8643,1.2192,28.1131,
600243.SH,青海华鼎,2007-01-15,4.4272,4.4076,4.6043,4.3387,4.6043,5952334,27125118,0.1771,4,4.5571,6.9822,398970000,N/A,874458000,85250000,0,186850000,51.9362,1.9389,1.268,29.2376,
600243.SH,青海华鼎,2007-01-16,4.6043,4.6535,4.6732,4.5059,4.5945,6570494,30635943,-0.0098,-0.2137,4.6627,7.7073,398117500,N/A,872589500,85250000,0,186850000,51.8252,1.9347,1.2653,29.1751,
600243.SH,青海华鼎,2007-01-17,4.5945,4.6142,4.6535,4.3288,4.4567,5378910,24816237,-0.1377,-2.9979,4.6136,6.3096,386182500,N/A,846430500,85250000,0,186850000,50.2715,1.8767,1.2274,28.3005,
600243.SH,青海华鼎,2007-01-18,4.4567,4.3387,4.5355,4.3288,4.5158,3102161,13942363,0.059,1.3245,4.4944,3.6389,391297500,N/A,857641500,85250000,0,186850000,50.9374,1.9016,1.2436,28.6753,
600243.SH,青海华鼎,2007-01-19,4.5158,4.4961,4.7125,4.4863,4.7027,5458468,25632325,0.1869,4.1394,4.6959,6.4029,407495000,N/A,893143000,85250000,0,186850000,53.0459,1.9803,1.2951,29.8623,
600243.SH,青海华鼎,2007-01-22,4.7027,4.7519,5.0766,4.7224,5.0569,7549582,37323363,0.3542,7.5314,4.9438,8.8558,438185000,N/A,960409000,85250000,0,186850000,57.041,2.1294,1.3926,32.1114,
600243.SH,青海华鼎,2007-01-23,5.0569,5.0569,5.0569,4.8011,5.0274,5989695,30047430,-0.0295,-0.5837,5.0165,7.026,435627500,N/A,954803500,85250000,0,186850000,56.7081,2.117,1.3845,31.9239,
600243.SH,青海华鼎,2007-01-24,5.0274,5.0667,5.2143,5.047,5.0864,6592922,34325264,0.059,1.1742,5.2064,7.7336,440742500,N/A,966014500,85250000,0,186850000,57.3739,2.1419,1.4008,32.2988,
600243.SH,青海华鼎,2007-01-25,5.0864,5.0569,5.0569,4.7519,4.7716,4318385,21402018,-0.3148,-6.1896,4.956,5.0656,413462500,N/A,906222500,85250000,0,186850000,53.8227,2.0093,1.3141,30.2996,
600243.SH,青海华鼎,2007-01-26,4.7716,4.7224,4.7617,4.4174,4.6338,3198033,14910487,-0.1377,-2.8866,4.6624,3.7514,401527500,N/A,880063500,85250000,0,186850000,52.2691,1.9513,1.2761,29.425,
600243.SH,青海华鼎,2007-01-29,4.6338,4.6535,4.87,4.6437,4.8306,2857456,13901329,0.1968,4.2463,4.8649,3.3519,418577500,N/A,917433500,85250000,0,186850000,54.4886,2.0341,1.3303,30.6745,
600243.SH,青海华鼎,2007-01-30,4.8306,4.8404,5.0175,4.8404,4.929,4479563,22452063,0.0984,2.0367,5.0121,5.2546,427102500,N/A,936118500,85250000,0,186850000,55.5983,2.0756,1.3574,31.2992,
600243.SH,青海华鼎,2007-01-31,4.929,4.9388,4.9979,4.5945,4.6437,3169346,15474933,-0.2853,-5.7884,4.8827,3.7177,402380000,N/A,881932000,85250000,0,186850000,52.3801,1.9554,1.2789,29.4875,
600243.SH,青海华鼎,2007-02-01,4.6437,4.624,5.0175,4.5158,4.9585,5017644,24435891,0.3148,6.7797,4.87,5.8858,429660000,N/A,941724000,85250000,0,186850000,55.9312,2.088,1.3656,31.4866,
600243.SH,青海华鼎,2007-02-02,4.9585,4.929,5.1651,4.8896,5.1258,8234210,42442602,0.1673,3.373,5.1544,9.6589,444152500,N/A,973488500,85250000,0,186850000,57.8178,2.1584,1.4116,32.5487,
600243.SH,青海华鼎,2007-02-05,5.1258,5.1454,5.4307,5.0569,5.3225,12792960,67750482,0.1968,3.8388,5.2959,15.0064,461202500,N/A,1010858500,85250000,0,186850000,60.0373,2.2413,1.4658,33.7981,
600243.SH,青海华鼎,2007-02-06,5.3225,4.9683,5.3225,4.9683,5.2733,4640864,24466256,-0.0492,-0.9242,5.2719,5.4438,456940000,N/A,1001516000,85250000,0,186850000,59.4824,2.2206,1.4523,33.4858,
600243.SH,青海华鼎,2007-02-07,5.2733,5.2241,5.4111,5.1159,5.3028,4862092,25922337,0.0295,0.5597,5.3315,5.7033,459497500,N/A,1007121500,85250000,0,186850000,59.8154,2.233,1.4604,33.6732,
600243.SH,青海华鼎,2007-02-08,5.3028,5.293,5.4996,5.2733,5.4111,5513978,30313765,0.1082,2.0408,5.4976,6.468,468875000,N/A,1027675000,85250000,0,186850000,61.0361,2.2786,1.4902,34.3604,
600243.SH,青海华鼎,2007-02-09,5.4111,5.3815,5.4406,5.1946,5.3028,3972946,21340315,-0.1082,-2,5.3714,4.6603,459497500,N/A,1007121500,85250000,0,186850000,59.8154,2.233,1.4604,33.6732,
600243.SH,青海华鼎,2007-02-12,5.3028,5.3028,5.4307,5.2635,5.3717,3691098,20166779,0.0689,1.2987,5.4636,4.3297,465465000,N/A,1020201000,85250000,0,186850000,60.5922,2.262,1.4793,34.1105,
600243.SH,青海华鼎,2007-02-13,5.3717,5.3914,5.6669,5.3815,5.5193,3956657,22259000,0.1476,2.7473,5.6257,4.6412,478252500,N/A,1048228500,85250000,0,186850000,62.2568,2.3241,1.52,35.0476,
600243.SH,青海华鼎,2007-02-14,5.5193,5.5193,5.6177,5.4209,5.5685,3925652,22047302,0.0492,0.8913,5.6162,4.6049,482515000,N/A,1057571000,85250000,0,186850000,62.8117,2.3449,1.5335,35.36,
600243.SH,青海华鼎,2007-02-15,5.5685,5.6865,5.6964,5.5586,5.657,4899984,28018754,0.0885,1.5901,5.7181,5.7478,490187500,N/A,1074387500,85250000,0,186850000,63.8105,2.3821,1.5579,35.9222,
600243.SH,青海华鼎,2007-02-16,5.657,5.657,5.8931,5.6472,5.7062,4449835,26027565,0.0492,0.8696,5.8491,5.2197,494450000,N/A,1083730000,85250000,0,186850000,64.3653,2.4029,1.5715,36.2346,
600243.SH,青海华鼎,2007-02-26,5.7062,5.6865,6.0112,5.657,5.9522,5205713,30853158,0.246,4.3103,5.9268,6.1064,515762500,N/A,1130442500,85250000,0,186850000,67.1397,2.5064,1.6392,37.7965,
600243.SH,青海华鼎,2007-02-27,5.9522,5.9522,6.0407,5.3619,5.3619,5411623,31453099,-0.5903,-9.9174,5.8121,6.3479,464612500,N/A,1018332500,85250000,0,186850000,60.4812,2.2579,1.4766,34.048,
600243.SH,青海华鼎,2007-02-28,5.3619,5.2635,5.6078,5.2438,5.5586,4132018,22787333,0.1968,3.6697,5.5148,4.8469,481662500,N/A,1055702500,85250000,0,186850000,62.7007,2.3407,1.5308,35.2975,
600243.SH,青海华鼎,2007-03-01,5.5586,5.5488,5.5586,5.2143,5.2733,3903423,21333500,-0.2853,-5.1327,5.4653,4.5788,456940000,N/A,1001516000,85250000,0,186850000,59.4824,2.2206,1.4523,33.4858,
600243.SH,青海华鼎,2007-03-02,5.2733,5.3127,5.7357,5.3127,5.6177,5139582,29145124,0.3443,6.5299,5.6707,6.0288,486777500,N/A,1066913500,85250000,0,186850000,63.3666,2.3656,1.5471,35.6724,
600243.SH,青海华鼎,2007-03-05,5.6177,5.7062,5.7652,5.3815,5.7554,5290216,30162360,0.1377,2.4518,5.7015,6.2055,498712500,N/A,1093072500,85250000,0,186850000,64.9202,2.4236,1.585,36.547,
600243.SH,青海华鼎,2007-03-06,5.7554,5.716,5.9227,5.6078,5.8735,6599987,39109178,0.1181,2.0513,5.9256,7.7419,508942500,N/A,1115494500,85250000,0,186850000,66.2519,2.4733,1.6175,37.2967,
600243.SH,青海华鼎,2007-03-07,5.8735,5.8538,5.9522,5.8046,5.8735,5215961,31062444,0,0,5.9553,6.1184,508942500,N/A,1115494500,85250000,0,186850000,66.2519,2.4733,1.6175,37.2967,
600243.SH,青海华鼎,2007-03-08,5.8735,5.8833,6.0014,5.8046,5.9718,4886602,29384662,0.0984,1.675,6.0133,5.7321,517467500,N/A,1134179500,85250000,0,186850000,67.3616,2.5147,1.6446,37.9214,
600243.SH,青海华鼎,2007-03-09,5.9718,5.9522,6.0014,5.7554,5.8046,4095958,24433199,-0.1673,-2.8007,5.9652,4.8046,502975000,N/A,1102415000,85250000,0,186850000,65.4751,2.4443,1.5986,36.8593,
600243.SH,青海华鼎,2007-03-12,5.8046,5.8046,6.0506,5.7849,6.021,5138953,31004349,0.2164,3.7288,6.0332,6.0281,521730000,N/A,1143522000,85250000,0,186850000,67.9165,2.5354,1.6582,38.2338,
600243.SH,青海华鼎,2007-03-13,6.021,6.0506,6.4638,6.0309,6.3162,7892464,49934504,0.2951,4.902,6.3269,9.258,547305000,N/A,1199577000,85250000,0,186850000,71.2458,2.6597,1.7395,40.108,
600243.SH,青海华鼎,2007-03-14,6.3162,6.1981,6.2375,5.903,6.0801,6493528,40280664,-0.2361,-3.7383,6.2032,7.617,526845000,N/A,1154733000,85250000,0,186850000,68.5824,2.5603,1.6744,38.6086,
600243.SH,青海华鼎,2007-03-15,6.0801,6.0604,6.3162,6.0604,6.1391,4013919,25191787,0.059,0.9709,6.2761,4.7084,531960000,N/A,1165944000,85250000,0,186850000,69.2482,2.5851,1.6907,38.9834,
600243.SH,青海华鼎,2007-03-16,6.1391,6.1391,6.2178,5.8833,5.9423,4172625,25657291,-0.1968,-3.2051,6.149,4.8946,514910000,N/A,1128574000,85250000,0,186850000,67.0287,2.5023,1.6365,37.734,
600243.SH,青海华鼎,2007-03-19,5.9423,5.7357,6.0309,5.6472,5.9718,3440574,20646907,0.0295,0.4967,6.001,4.0359,517467500,N/A,1134179500,85250000,0,186850000,67.3616,2.5147,1.6446,37.9214,
600243.SH,青海华鼎,2007-03-20,5.9718,5.9817,6.2276,5.9522,6.1588,3898739,24343571,0.1869,3.1301,6.244,4.5733,533665000,N/A,1169681000,85250000,0,186850000,69.4702,2.5934,1.6961,39.1084,
600243.SH,青海华鼎,2007-03-21,6.1588,6.1489,6.3555,6.1489,6.2867,4188752,26626829,0.1279,2.0767,6.3567,4.9135,544747500,N/A,1193971500,85250000,0,186850000,70.9128,2.6473,1.7313,39.9205,
600243.SH,青海华鼎,2007-03-22,6.2867,6.2965,6.4736,6.1981,6.2965,5467634,35229328,0.0098,0.1565,6.4432,6.4136,545600000,N/A,1195840000,85250000,0,186850000,71.0238,2.6514,1.734,39.983,
600243.SH,青海华鼎,2007-03-23,6.2965,6.3063,6.6704,6.2965,6.5621,5472785,36233573,0.2656,4.2187,6.6207,6.4197,568617500,N/A,1246289500,85250000,0,186850000,74.0201,2.7633,1.8072,41.6698,
600243.SH,青海华鼎,2007-03-26,6.5621,6.6113,6.9163,6.6113,6.8179,5200538,35965347,0.2558,3.8981,6.9157,6.1003,590782500,N/A,1294870500,85250000,0,186850000,76.9055,2.871,1.8776,43.2941,
600243.SH,青海华鼎,2007-03-27,6.8179,6.8671,7.359,6.8671,7.1721,6141752,44622296,0.3542,5.1948,7.2654,7.2044,621472500,N/A,1362136500,85250000,0,186850000,80.9006,3.0201,1.9752,45.5432,
600243.SH,青海华鼎,2007-03-28,7.1721,7.241,7.2508,6.69,7.241,8398356,60062999,0.0689,0.9602,7.1518,9.8514,627440000,N/A,1375216000,85250000,0,186850000,81.6774,3.0491,1.9941,45.9805,
600243.SH,青海华鼎,2007-03-29,7.241,7.2508,7.8214,7.241,7.3394,9247424,70864838,0.0984,1.3587,7.6632,10.8474,635965000,N/A,1393901000,85250000,0,186850000,82.7871,3.0906,2.0212,46.6052,
600243.SH,青海华鼎,2007-03-30,7.3394,7.1328,7.6739,6.8868,7.4869,6496513,47823879,0.1476,2.0107,7.3615,7.6205,648752500,N/A,1421928500,85250000,0,186850000,84.4517,3.1527,2.0619,47.5423,
600243.SH,青海华鼎,2007-04-02,7.4869,7.5066,8.2347,7.3886,8.2347,9413031,75344202,0.7477,9.9869,8.0042,11.0417,713542500,N/A,1563934500,85250000,0,186850000,92.8858,3.4676,2.2678,52.2903,
600243.SH,青海华鼎,2007-04-03,8.2347,8.2642,9.0611,7.969,9.0611,13114267,115946491,0.8264,10.0358,8.8412,15.3833,785152500,N/A,1720888500,85250000,0,186850000,102.2077,3.8156,2.4954,57.5381,
600243.SH,青海华鼎,2007-04-04,9.0611,9.0611,9.9564,8.8643,9.0316,16325212,155218534,-0.0295,-0.3257,9.5079,19.1498,782595000,N/A,1715283000,85250000,0,186850000,101.8748,3.8031,2.4873,57.3506,
600243.SH,青海华鼎,2007-04-05,9.0316,8.8545,9.3267,8.7364,8.9824,8354085,76477843,-0.0492,-0.5447,9.1545,9.7995,778332500,N/A,1705940500,85250000,0,186850000,101.3199,3.7824,2.4737,57.0383,
600243.SH,青海华鼎,2007-04-06,8.9824,8.9824,9.2775,8.6085,9.0807,8914004,80105922,0.0984,1.0953,8.9865,10.4563,786857500,N/A,1724625500,85250000,0,186850000,102.4296,3.8239,2.5008,57.663,
600243.SH,青海华鼎,2007-04-09,9.0807,9.0217,9.1496,8.8545,8.9528,6152170,56023046,-0.1279,-1.4085,9.1062,7.2166,775775000,N/A,1700335000,85250000,0,186850000,100.987,3.77,2.4656,56.8509,
600243.SH,青海华鼎,2007-04-10,8.9528,9.002,9.7301,8.943,9.4251,9963685,94179396,0.4722,5.2747,9.4523,11.6876,816695000,N/A,1790023000,85250000,0,186850000,106.3138,3.9689,2.5956,59.8496,
600243.SH,青海华鼎,2007-04-11,9.4251,9.248,9.3464,8.8545,9.1398,6605963,61139764,-0.2853,-3.0271,9.2552,7.7489,791972500,N/A,1735836500,85250000,0,186850000,103.0955,3.8487,2.5171,58.0379,
600243.SH,青海华鼎,2007-04-12,9.1398,9.1496,9.3562,8.9332,9.1791,5346240,49918525,0.0394,0.4306,9.3371,6.2712,795382500,N/A,1743310500,85250000,0,186850000,103.5394,3.8653,2.5279,58.2878,
600243.SH,青海华鼎,2007-04-13,9.1791,9.1496,9.6415,9.002,9.1299,7111998,67195989,-0.0492,-0.5359,9.4483,8.3425,791120000,N/A,1733968000,85250000,0,186850000,102.9845,3.8446,2.5144,57.9754,
600243.SH,青海华鼎,2007-04-16,9.1299,9.0316,9.494,9.0316,9.4251,6599347,62143755,0.2951,3.2328,9.4167,7.7412,816695000,N/A,1790023000,85250000,0,186850000,106.3138,3.9689,2.5956,59.8496,
600243.SH,青海华鼎,2007-04-17,9.4251,9.5235,10.1826,9.3464,9.9367,10075369,99006437,0.5116,5.428,9.8266,11.8186,861025000,N/A,1887185000,85250000,0,186850000,112.0844,4.1843,2.7365,63.0982,
600243.SH,青海华鼎,2007-04-18,9.9367,9.9367,9.9367,9.9367,9.9367,N/A,N/A,0,0,N/A,N/A,861025000,N/A,1887185000,85250000,0,186850000,112.0844,4.1843,2.7365,63.0982,
600243.SH,青海华鼎,2007-04-19,9.9367,9.9957,10.0351,8.943,8.9824,8184791,78055475,-0.9543,-9.604,9.5366,9.6009,778332500,N/A,1705940500,85250000,0,186850000,101.3199,3.7824,2.4737,57.0383,
600243.SH,青海华鼎,2007-04-20,8.9824,8.9922,9.4152,8.9922,9.1791,5431166,50923402,0.1968,2.1906,9.3761,6.3709,795382500,N/A,1743310500,85250000,0,186850000,103.5394,3.8653,2.5279,58.2878,
600243.SH,青海华鼎,2007-04-23,9.1791,9.1496,9.8088,9.1496,9.7301,8284809,80913086,0.5509,6.0021,9.7664,9.7183,843122500,N/A,1847946500,85250000,0,186850000,109.754,4.0973,2.6796,61.7863,
600243.SH,青海华鼎,2007-04-24,9.7301,9.7497,10.7041,9.4644,10.7041,11772948,124301102,0.974,10.0101,10.5582,13.8099,927520000,N/A,2032928000,85250000,0,186850000,120.7405,4.5074,2.9479,67.9711,
600243.SH,青海华鼎,2007-04-25,10.7041,10.8221,11.314,10.3302,10.9894,14744740,163412140,0.2853,2.6654,11.0827,17.2959,952242500,N/A,2087114500,85250000,0,186850000,123.9587,4.6276,3.0264,69.7829,
600243.SH,青海华鼎,2007-04-26,10.9894,11.1468,11.3042,10.8221,10.9008,8633503,96733942,-0.0885,-0.8057,11.2045,10.1273,944570000,N/A,2070298000,85250000,0,186850000,122.96,4.5903,3.0021,69.2206,
600243.SH,青海华鼎,2007-04-27,10.9008,10.832,11.0582,10.4778,10.7434,6166696,67116127,-0.1574,-1.444,10.8836,7.2337,930930000,N/A,2040402000,85250000,0,186850000,121.1844,4.524,2.9587,68.221,
600243.SH,青海华鼎,2007-04-30,10.7434,10.586,10.9697,10.3892,10.7434,7366428,79222849,0,0,10.7546,8.641,930930000,N/A,2040402000,85250000,0,186850000,121.1844,4.524,2.9587,68.221,
600243.SH,青海华鼎,2007-05-08,10.7434,10.8713,11.0091,10.527,10.7336,6496259,70859857,-0.0098,-0.0916,10.9078,7.6202,930077500,N/A,2038533500,85250000,0,186850000,121.0734,4.5199,2.956,68.1586,
600243.SH,青海华鼎,2007-05-09,10.7336,10.6254,11.196,10.4778,11.0779,9139776,101609139,0.3443,3.2081,11.1172,10.7211,959915000,N/A,2103931000,85250000,0,186850000,124.9575,4.6649,3.0508,70.3451,
600243.SH,青海华鼎,2007-05-10,11.0779,10.9697,11.2944,10.8024,11.0779,7162972,80567013,0,0,11.2477,8.4023,959915000,N/A,2103931000,85250000,0,186850000,124.9575,4.6649,3.0508,70.3451,
600243.SH,青海华鼎,2007-05-11,11.0779,10.8221,10.9894,10.5762,10.7139,5766676,63039951,-0.364,-3.286,10.9318,6.7644,928372500,N/A,2034796500,85250000,0,186850000,120.8514,4.5116,2.9506,68.0336,
600243.SH,青海华鼎,2007-05-14,10.7139,10.527,10.7139,10.2318,10.527,4240628,45482280,-0.1869,-1.7447,10.7254,4.9743,912175000,N/A,1999295000,85250000,0,186850000,118.7429,4.4329,2.8991,66.8466,
600243.SH,青海华鼎,2007-05-15,10.527,10.5368,11.2452,10.527,10.6647,7623154,84424461,0.1377,1.3084,11.0747,8.9421,924110000,N/A,2025454000,85250000,0,186850000,120.2966,4.4909,2.937,67.7212,
600243.SH,青海华鼎,2007-05-16,10.6647,10.6745,10.9107,10.281,10.7729,4177904,44932876,0.1082,1.0148,10.7549,4.9008,933487500,N/A,2046007500,85250000,0,186850000,121.5173,4.5364,2.9668,68.4085,
600243.SH,青海华鼎,2007-05-17,10.7729,10.8024,11.6289,10.8024,11.5993,11154580,126755330,0.8264,7.6712,11.3635,13.0846,1005097500,N/A,2202961500,85250000,0,186850000,130.8392,4.8844,3.1944,73.6562,
600243.SH,青海华鼎,2007-05-18,11.5993,11.3829,11.5698,11.0484,11.0878,6643160,75766499,-0.5116,-4.4105,11.4052,7.7926,960767500,N/A,2105799500,85250000,0,186850000,125.0685,4.669,3.0535,70.4076,
600243.SH,青海华鼎,2007-05-21,11.0878,10.5073,11.2353,10.5073,10.9992,5511705,61339742,-0.0885,-0.7986,11.129,6.4653,953095000,N/A,2088983000,85250000,0,186850000,124.0697,4.6317,3.0291,69.8453,
600243.SH,青海华鼎,2007-05-22,10.9992,11.0287,11.4124,11.0189,11.4026,8221186,94004130,0.4034,3.6673,11.4344,9.6436,988047500,N/A,2165591500,85250000,0,186850000,128.6197,4.8016,3.1402,72.4068,
600243.SH,青海华鼎,2007-05-23,11.4026,11.3337,11.9535,11.3239,11.7174,8724238,103736227,0.3148,2.761,11.8906,10.2337,1015327500,N/A,2225383500,85250000,0,186850000,132.1709,4.9341,3.2269,74.4059,
600243.SH,青海华鼎,2007-05-24,11.7174,11.7568,11.8945,11.0287,11.2944,8131155,93797458,-0.423,-3.6104,11.5356,9.538,978670000,N/A,2145038000,85250000,0,186850000,127.399,4.756,3.1104,71.7195,
600243.SH,青海华鼎,2007-05-25,11.2944,11.196,11.5895,11.1271,11.3337,6284488,72814628,0.0394,0.3484,11.5864,7.3718,982080000,N/A,2152512000,85250000,0,186850000,127.8429,4.7726,3.1213,71.9694,
600243.SH,青海华鼎,2007-05-28,11.3337,11.4616,12.1208,11.4616,11.8847,11442471,137747176,0.5509,4.8611,12.0382,13.4223,1029820000,N/A,2257148000,85250000,0,186850000,134.0574,5.0046,3.273,75.468,
600243.SH,青海华鼎,2007-05-29,11.8847,11.9437,12.4061,11.806,12.288,10380659,127868880,0.4034,3.394,12.318,12.1767,1064772500,N/A,2333756500,85250000,0,186850000,138.6074,5.1744,3.3841,78.0294,
600243.SH,青海华鼎,2007-05-30,12.288,11.3042,11.9043,11.0582,11.0582,7422802,86342471,-1.2298,-10.008,11.6321,8.7071,958210000,N/A,2100194000,85250000,0,186850000,124.7356,4.6566,3.0454,70.2202,
600243.SH,青海华鼎,2007-05-31,11.0582,10.4286,10.8221,9.9564,9.9564,7384133,75213521,-1.1019,-9.9644,10.1858,8.6617,862730000,N/A,1890922000,85250000,0,186850000,112.3064,4.1926,2.7419,63.2232,
600243.SH,青海华鼎,2007-06-01,9.9564,9.9268,10.0941,8.9627,8.9627,5784580,54273527,-0.9937,-9.9802,9.3824,6.7854,776627500,N/A,1702203500,85250000,0,186850000,101.098,3.7741,2.4683,56.9133,
600243.SH,青海华鼎,2007-06-04,8.9627,8.4117,8.8348,8.0674,8.0674,2533175,21077078,-0.8953,-9.989,8.3204,2.9715,699050000,N/A,1532170000,85250000,0,186850000,90.9993,3.3971,2.2217,51.2282,
600243.SH,青海华鼎,2007-06-05,8.0674,7.2607,7.7821,7.2607,7.7624,8109224,60736129,-0.305,-3.7805,7.4898,9.5123,672622500,N/A,1474246500,85250000,0,186850000,87.559,3.2687,2.1377,49.2916,
600243.SH,青海华鼎,2007-06-06,7.7624,7.7723,8.3232,7.3787,8.0477,7263468,58947497,0.2853,3.6755,8.1156,8.5202,697345000,N/A,1528433000,85250000,0,186850000,90.7773,3.3889,2.2163,51.1033,
600243.SH,青海华鼎,2007-06-07,8.0477,8.1363,8.4413,7.8706,8.3429,7739443,64053300,0.2951,3.6675,8.2762,9.0785,722920000,N/A,1584488000,85250000,0,186850000,94.1065,3.5131,2.2976,52.9775,
600243.SH,青海华鼎,2007-06-08,8.3429,8.3626,8.5101,8.1658,8.1855,6198458,52275194,-0.1574,-1.8868,8.4336,7.2709,709280000,N/A,1554592000,85250000,0,186850000,92.331,3.4469,2.2542,51.9779,
600243.SH,青海华鼎,2007-06-11,8.1855,8.1855,8.1855,8.1855,8.1855,N/A,N/A,0,0,N/A,N/A,709280000,N/A,1554592000,85250000,0,186850000,92.331,3.4469,2.2542,51.9779,
600243.SH,青海华鼎,2007-06-12,8.1855,8.4117,8.6577,7.8313,8.4019,7577136,63574942,0.2164,2.6442,8.3904,8.8881,728035000,N/A,1595699000,85250000,0,186850000,94.7724,3.538,2.3139,53.3523,
600243.SH,青海华鼎,2007-06-13,8.4019,8.4609,8.9725,8.3134,8.943,8301927,73411769,0.5411,6.4403,8.8427,9.7383,774922500,N/A,1698466500,85250000,0,186850000,100.876,3.7659,2.4629,56.7884,
600243.SH,青海华鼎,2007-06-14,8.943,8.9922,9.1693,8.7167,8.7561,7357285,66671867,-0.1869,-2.0902,9.062,8.6302,758725000,N/A,1662965000,85250000,0,186850000,98.7675,3.6871,2.4114,55.6014,
600243.SH,青海华鼎,2007-06-15,8.7561,8.6085,8.7954,8.1855,8.3822,4940841,42553496,-0.3739,-4.2697,8.6126,5.7957,726330000,N/A,1591962000,85250000,0,186850000,94.5504,3.5297,2.3084,53.2274,
600243.SH,青海华鼎,2007-06-18,8.3822,8.4806,9.002,8.4609,8.7856,5138937,45597064,0.4034,4.8122,8.8729,6.0281,761282500,N/A,1668570500,85250000,0,186850000,99.1004,3.6996,2.4195,55.7888,
600243.SH,青海华鼎,2007-06-19,8.7856,8.7364,8.8446,8.5003,8.8348,4097153,36226521,0.0492,0.5599,8.8419,4.806,765545000,N/A,1677913000,85250000,0,186850000,99.6553,3.7203,2.4331,56.1012,
600243.SH,青海华鼎,2007-06-20,8.8348,8.8545,9.4152,8.8348,8.884,9103099,84900181,0.0492,0.5568,9.3265,10.6781,769807500,N/A,1687255500,85250000,0,186850000,100.2102,3.741,2.4466,56.4135,
600243.SH,青海华鼎,2007-06-21,8.884,8.9135,9.3267,8.6577,9.2283,7151620,65624459,0.3443,3.876,9.1762,8.389,799645000,N/A,1752653000,85250000,0,186850000,104.0943,3.886,2.5414,58.6001,
600243.SH,青海华鼎,2007-06-22,9.2283,9.2086,9.6415,8.8643,9.1201,10260186,96869827,-0.1082,-1.1727,9.4413,12.0354,790267500,N/A,1732099500,85250000,0,186850000,102.8735,3.8404,2.5116,57.9129,
600243.SH,青海华鼎,2007-06-25,9.1201,9.1595,9.4251,8.2051,8.2051,9449692,82100394,-0.915,-10.0324,8.6882,11.0847,710985000,N/A,1558329000,85250000,0,186850000,92.5529,3.4551,2.2597,52.1029,
600243.SH,青海华鼎,2007-06-26,8.2051,8.3822,8.7954,8.2445,8.6577,8304580,71868625,0.4526,5.5156,8.6541,9.7414,750200000,N/A,1644280000,85250000,0,186850000,97.6577,3.6457,2.3843,54.9767,
600243.SH,青海华鼎,2007-06-27,8.6577,8.579,9.0217,8.4314,8.8446,5799195,51496428,0.1869,2.1591,8.8799,6.8026,766397500,N/A,1679781500,85250000,0,186850000,99.7663,3.7244,2.4358,56.1637,
600243.SH,青海华鼎,2007-06-28,8.8446,8.8545,8.9824,7.9592,7.9887,4550475,39647295,-0.8559,-9.6774,8.7128,5.3378,692230000,N/A,1517222000,85250000,0,186850000,90.1115,3.364,2.2001,50.7285,
600243.SH,青海华鼎,2007-06-29,7.9887,7.7526,7.9198,7.1918,7.1918,4718375,35713383,-0.7969,-9.9754,7.569,5.5348,623177500,N/A,1365873500,85250000,0,186850000,81.1225,3.0284,1.9806,45.6681,
600243.SH,青海华鼎,2007-07-02,7.1918,7.2803,7.5558,7.1032,7.5361,2345164,17432182,0.3443,4.788,7.4332,2.7509,653015000,N/A,1431271000,85250000,0,186850000,85.0066,3.1734,2.0754,47.8547,
600243.SH,青海华鼎,2007-07-03,7.5361,7.5755,7.6739,7.2311,7.664,2119303,16222531,0.1279,1.6971,7.6547,2.486,664097500,N/A,1455561500,85250000,0,186850000,86.4493,3.2273,2.1106,48.6668,
600243.SH,青海华鼎,2007-07-04,7.664,7.7427,8.1461,7.546,7.9198,4525371,36538471,0.2558,3.3376,8.0741,5.3084,686262500,N/A,1504142500,85250000,0,186850000,89.3346,3.335,2.1811,50.2911,
600243.SH,青海华鼎,2007-07-05,7.9198,7.7526,7.8706,7.2311,7.241,3308567,25533310,-0.6788,-8.5714,7.7173,3.881,627440000,N/A,1375216000,85250000,0,186850000,81.6774,3.0491,1.9941,45.9805,
600243.SH,青海华鼎,2007-07-06,7.241,7.3295,7.969,7.1328,7.969,5050849,39362750,0.728,10.0543,7.7933,5.9247,690525000,N/A,1513485000,85250000,0,186850000,89.8895,3.3557,2.1946,50.6035,
600243.SH,青海华鼎,2007-07-09,7.969,7.9395,8.215,7.7919,8.1068,3879439,31770659,0.1377,1.7284,8.1895,4.5507,702460000,N/A,1539644000,85250000,0,186850000,91.4432,3.4137,2.2326,51.4781,
600243.SH,青海华鼎,2007-07-10,8.1068,8.0477,8.0477,7.7723,7.8608,2493401,20002401,-0.246,-3.034,8.0221,2.9248,681147500,N/A,1492931500,85250000,0,186850000,88.6688,3.3101,2.1648,49.9163,
600243.SH,青海华鼎,2007-07-11,7.8608,7.9493,8.1953,7.7723,8.0674,2185748,17968544,0.2066,2.6283,8.2208,2.5639,699050000,N/A,1532170000,85250000,0,186850000,90.9993,3.3971,2.2217,51.2282,
600243.SH,青海华鼎,2007-07-12,8.0674,8.1166,8.3035,7.969,8.1953,2142646,17767554,0.1279,1.5854,8.2923,2.5134,710132500,N/A,1556460500,85250000,0,186850000,92.4419,3.451,2.257,52.0404,
600243.SH,青海华鼎,2007-07-13,8.1953,8.1658,8.5101,7.8903,8.4904,2977395,25111892,0.2951,3.6014,8.4342,3.4925,735707500,N/A,1612515500,85250000,0,186850000,95.7712,3.5753,2.3382,53.9146,
600243.SH,青海华鼎,2007-07-16,8.4904,8.4904,9.1201,8.4904,8.6577,5761905,51709383,0.1673,1.9699,8.9744,6.7588,750200000,N/A,1644280000,85250000,0,186850000,97.6577,3.6457,2.3843,54.9767,
600243.SH,青海华鼎,2007-07-17,8.6577,8.638,9.4349,8.638,9.2775,7249899,67797337,0.6198,7.1591,9.3515,8.5043,803907500,N/A,1761995500,85250000,0,186850000,104.6491,3.9067,2.555,58.9125,
600243.SH,青海华鼎,2007-07-18,9.2775,9.2086,9.3464,8.9922,9.1693,4591641,42615538,-0.1082,-1.1665,9.2811,5.3861,794530000,N/A,1741442000,85250000,0,186850000,103.4284,3.8611,2.5252,58.2253,
600243.SH,青海华鼎,2007-07-19,9.1693,9.0512,9.7989,8.9528,9.5628,5438163,52904137,0.3935,4.2918,9.7283,6.3791,828630000,N/A,1816182000,85250000,0,186850000,107.8674,4.0269,2.6336,60.7242,
600243.SH,青海华鼎,2007-07-20,9.5628,9.5923,10.1728,9.494,9.9367,5486583,55314822,0.3739,3.9095,10.0818,6.4359,861025000,N/A,1887185000,85250000,0,186850000,112.0844,4.1843,2.7365,63.0982,
600243.SH,青海华鼎,2007-07-23,9.9367,9.858,10.7041,9.858,10.5958,6667478,68793569,0.6592,6.6337,10.3178,7.8211,918142500,N/A,2012374500,85250000,0,186850000,119.5198,4.4619,2.9181,67.2839,
600243.SH,青海华鼎,2007-07-24,10.5958,10.4286,10.891,10.2121,10.3892,6249917,66577750,-0.2066,-1.9499,10.6526,7.3313,900240000,N/A,1973136000,85250000,0,186850000,117.1893,4.3749,2.8612,65.972,
600243.SH,青海华鼎,2007-07-25,10.3892,10.3302,10.6647,10.2613,10.5663,4013096,42779015,0.1771,1.7045,10.6599,4.7074,915585000,N/A,2006769000,85250000,0,186850000,119.1868,4.4494,2.9099,67.0965,
600243.SH,青海华鼎,2007-07-26,10.5663,10.5663,10.8812,10.3302,10.6647,4997231,53719050,0.0984,0.9311,10.7498,5.8619,924110000,N/A,2025454000,85250000,0,186850000,120.2966,4.4909,2.937,67.7212,
600243.SH,青海华鼎,2007-07-27,10.6647,10.6745,11.0386,10.4286,10.6844,5295418,57888512,0.0197,0.1845,10.9318,6.2116,925815000,N/A,2029191000,85250000,0,186850000,120.5185,4.4991,2.9424,67.8462,
600243.SH,青海华鼎,2007-07-30,10.6844,10.7237,11.3927,10.4876,11.2944,7814396,87799445,0.61,5.709,11.2356,9.1664,978670000,N/A,2145038000,85250000,0,186850000,127.399,4.756,3.1104,71.7195,
600243.SH,青海华鼎,2007-07-31,11.2944,11.2944,11.5108,10.9697,11.3927,4819413,55276626,0.0984,0.8711,11.4696,5.6533,987195000,N/A,2163723000,85250000,0,186850000,128.5087,4.7974,3.1375,72.3443,
600243.SH,青海华鼎,2007-08-01,11.3927,11.3927,11.983,10.586,10.7139,7740068,89136523,-0.6788,-5.9585,11.5162,9.0793,928372500,N/A,2034796500,85250000,0,186850000,120.8514,4.5116,2.9506,68.0336,
600243.SH,青海华鼎,2007-08-02,10.7139,10.6745,11.3337,10.6057,11.1173,3607722,40270844,0.4034,3.7649,11.1624,4.2319,963325000,N/A,2111405000,85250000,0,186850000,125.4014,4.6814,3.0617,70.595,
600243.SH,青海华鼎,2007-08-03,11.1173,11.1173,11.5305,11.0287,11.3829,3990603,45719897,0.2656,2.3894,11.4569,4.6811,986342500,N/A,2161854500,85250000,0,186850000,128.3977,4.7933,3.1348,72.2818,
600243.SH,青海华鼎,2007-08-06,11.3829,11.4419,12.2979,11.4419,12.0716,5377995,65838315,0.6887,6.0501,12.2422,6.3085,1046017500,N/A,2292649500,85250000,0,186850000,136.166,5.0833,3.3245,76.655,
600243.SH,青海华鼎,2007-08-07,12.0716,12.0814,13.2817,11.8355,13.2719,9027243,118150301,1.2003,9.943,13.0882,10.5891,1150022500,N/A,2520606500,85250000,0,186850000,149.7049,5.5887,3.655,84.2767,
600243.SH,青海华鼎,2007-08-08,13.2719,13.0554,14.4131,12.7308,13.7933,10790001,150060940,0.5214,3.9288,13.9074,12.6569,1195205000,N/A,2619637000,85250000,0,186850000,155.5865,5.8083,3.7986,87.5878,
600243.SH,青海华鼎,2007-08-09,13.7933,13.5867,13.9605,13.3014,13.5572,4942319,68265136,-0.2361,-1.7118,13.8124,5.7974,1174745000,N/A,2574793000,85250000,0,186850000,152.9231,5.7089,3.7336,86.0884,
600243.SH,青海华鼎,2007-08-10,13.5572,13.7539,14.0983,13.2817,14.0786,4501464,62950733,0.5214,3.8462,13.9845,5.2803,1219927500,N/A,2673823500,85250000,0,186850000,158.8048,5.9284,3.8772,89.3995,
600243.SH,青海华鼎,2007-08-13,14.0786,14.1967,14.2754,12.6717,12.6717,5598265,75539269,-1.4069,-9.993,13.4933,6.5669,1098020000,N/A,2406628000,85250000,0,186850000,142.9354,5.336,3.4897,80.4658,
600243.SH,青海华鼎,2007-08-14,12.6717,12.1109,13.9409,12.1011,13.5178,5494374,73422617,0.8461,6.677,13.3632,6.445,1171335000,N/A,2567319000,85250000,0,186850000,152.4792,5.6923,3.7228,85.8385,
600243.SH,青海华鼎,2007-08-15,13.5178,13.5768,13.7539,12.6816,13.1636,4173566,56061330,-0.3542,-2.6201,13.4325,4.8957,1140645000,N/A,2500053000,85250000,0,186850000,148.4841,5.5432,3.6252,83.5895,
600243.SH,青海华鼎,2007-08-16,13.1636,13.0653,13.9212,12.8095,13.6949,5572747,77095081,0.5313,4.0359,13.8343,6.5369,1186680000,N/A,2600952000,85250000,0,186850000,154.4768,5.7669,3.7715,86.9631,
600243.SH,青海华鼎,2007-08-17,13.6949,13.7047,14.9345,13.4686,14.482,6458644,93914584,0.7871,5.7471,14.5409,7.5761,1254880000,N/A,2750432000,85250000,0,186850000,163.3548,6.0983,3.9883,91.961,
600243.SH,青海华鼎,2007-08-20,14.482,14.7771,15.7413,14.7771,15.5642,5708747,89203959,1.0822,7.4728,15.6258,6.6965,1348655000,N/A,2955967000,85250000,0,186850000,175.562,6.554,4.2863,98.833,
600243.SH,青海华鼎,2007-08-21,15.5642,15.7609,15.9184,14.9542,15.6232,4048471,63040864,0.059,0.3793,15.5715,4.7489,1353770000,N/A,2967178000,85250000,0,186850000,176.2278,6.5789,4.3026,99.2079,
600243.SH,青海华鼎,2007-08-22,15.6232,15.3281,16.0364,15.1313,15.7609,4868497,77230058,0.1377,0.8816,15.8632,5.7108,1365705000,N/A,2993337000,85250000,0,186850000,177.7815,6.6369,4.3405,100.0825,
600243.SH,青海华鼎,2007-08-23,15.7609,15.6921,15.9774,15.3477,15.4363,2900807,45977768,-0.3247,-2.0599,15.85,3.4027,1337572500,N/A,2931676500,85250000,0,186850000,174.1193,6.5002,4.2511,98.0209,
600243.SH,青海华鼎,2007-08-24,15.4363,15.5445,15.6429,14.9542,15.0329,3703556,57540025,-0.4034,-2.6131,15.5364,4.3443,1302620000,N/A,2855068000,85250000,0,186850000,169.5693,6.3303,4.14,95.4595,
600243.SH,青海华鼎,2007-08-27,15.0329,15.1018,15.4756,14.7673,15.1018,2777929,42717999,0.0689,0.4581,15.3776,3.2586,1308587500,N/A,2868147500,85250000,0,186850000,170.3462,6.3593,4.159,95.8968,
600243.SH,青海华鼎,2007-08-28,15.1018,14.9444,15.1805,14.4131,14.4721,3735376,55266742,-0.6297,-4.1694,14.7955,4.3817,1254027500,N/A,2748563500,85250000,0,186850000,163.2438,6.0942,3.9856,91.8985,
600243.SH,青海华鼎,2007-08-29,14.4721,14.4131,15.0526,13.8622,14.7181,3684150,53491756,0.246,1.6995,14.5194,4.3216,1275340000,N/A,2795276000,85250000,0,186850000,166.0182,6.1977,4.0533,93.4603,
600243.SH,青海华鼎,2007-08-30,14.7181,14.5804,15.8397,14.541,15.82,3381301,52717785,1.1019,7.4866,15.591,3.9663,1370820000,N/A,3004548000,85250000,0,186850000,178.4473,6.6617,4.3568,100.4573,
600243.SH,青海华鼎,2007-08-31,15.82,15.8397,16.7251,14.7574,15.6527,3996002,65426149,-0.1673,-1.0572,16.3729,4.6874,1356327500,N/A,2972783500,85250000,0,186850000,176.5607,6.5913,4.3107,99.3953,
600243.SH,青海华鼎,2007-09-03,15.6527,15.7413,16.1348,15.1313,15.456,3693197,58071037,-0.1968,-1.2571,15.7238,4.3322,1339277500,N/A,2935413500,85250000,0,186850000,174.3413,6.5084,4.2565,98.1458,
600243.SH,青海华鼎,2007-09-04,15.456,15.5445,15.938,15.2985,15.4264,2270093,35784243,-0.0295,-0.191,15.7633,2.6629,1336720000,N/A,2929808000,85250000,0,186850000,174.0083,6.496,4.2484,97.9584,
600243.SH,青海华鼎,2007-09-05,15.4264,15.5445,15.6527,14.7673,15.3477,2788934,42848199,-0.0787,-0.5102,15.3636,3.2715,1329900000,N/A,2914860000,85250000,0,186850000,173.1205,6.4629,4.2267,97.4586,
600243.SH,青海华鼎,2007-09-06,15.3477,15.3281,15.6921,15.1215,15.3871,3519210,54646854,0.0394,0.2564,15.5282,4.1281,1333310000,N/A,2922334000,85250000,0,186850000,173.5644,6.4794,4.2376,97.7085,
600243.SH,青海华鼎,2007-09-07,15.3871,15.3674,15.3969,14.3639,14.4328,5926184,89265641,-0.9543,-6.202,15.0629,6.9515,1250617500,N/A,2741089500,85250000,0,186850000,162.7999,6.0776,3.9747,91.6486,
600243.SH,青海华鼎,2007-09-10,14.4328,14.6591,14.6591,13.9113,14.2655,2989912,43212987,-0.1673,-1.1588,14.4529,3.5072,1236125000,N/A,2709325000,85250000,0,186850000,160.9133,6.0072,3.9287,90.5865,
600243.SH,青海华鼎,2007-09-11,14.2655,14.1278,15.1903,14.118,14.3147,4683636,69467318,0.0492,0.3448,14.8319,5.494,1240387500,N/A,2718667500,85250000,0,186850000,161.4682,6.0279,3.9422,90.8989,
600243.SH,青海华鼎,2007-09-12,14.3147,14.4033,14.6099,13.2817,14.0688,2397722,34056926,-0.246,-1.7182,14.2039,2.8126,1219075000,N/A,2671955000,85250000,0,186850000,158.6938,5.9243,3.8745,89.3371,
600243.SH,青海华鼎,2007-09-13,14.0688,14.118,14.2655,13.626,13.9113,2304399,32476464,-0.1574,-1.1189,14.0932,2.7031,1205435000,N/A,2642059000,85250000,0,186850000,156.9182,5.858,3.8311,88.3375,
600243.SH,青海华鼎,2007-09-14,13.9113,14.0491,14.8558,13.7736,14.7574,3537363,52284636,0.8461,6.082,14.7807,4.1494,1278750000,N/A,2802750000,85250000,0,186850000,166.4621,6.2143,4.0641,93.7102,
600243.SH,青海华鼎,2007-09-17,14.7574,15.0526,15.5052,14.9542,15.3379,3548470,54976130,0.5805,3.9333,15.4929,4.1624,1329047500,N/A,2912991500,85250000,0,186850000,173.0096,6.4587,4.224,97.3961,
600243.SH,青海华鼎,2007-09-18,15.3379,15.3281,15.574,14.7574,15.3379,2659273,40849028,0,0,15.361,3.1194,1329047500,N/A,2912991500,85250000,0,186850000,173.0096,6.4587,4.224,97.3961,
600243.SH,青海华鼎,2007-09-19,15.3379,15.0526,16.2233,15.0526,15.4264,4188866,67008126,0.0885,0.5773,15.9967,4.9136,1336720000,N/A,2929808000,85250000,0,186850000,174.0083,6.496,4.2484,97.9584,
600243.SH,青海华鼎,2007-09-20,15.4264,15.82,15.82,14.9542,15.574,2899204,45411412,0.1476,0.9566,15.6634,3.4008,1349507500,N/A,2957835500,85250000,0,186850000,175.673,6.5582,4.289,98.8955,
600243.SH,青海华鼎,2007-09-21,15.574,15.5937,15.6429,14.8755,15.6035,3389400,52390565,0.0295,0.1895,15.4572,3.9758,1352065000,N/A,2963441000,85250000,0,186850000,176.0059,6.5706,4.2972,99.0829,
600243.SH,青海华鼎,2007-09-24,15.6035,15.7314,16.2135,15.0723,16.0463,4848379,78496823,0.4427,2.8373,16.1903,5.6872,1390427500,N/A,3047523500,85250000,0,186850000,180.9997,6.757,4.4191,101.8942,
600243.SH,青海华鼎,2007-09-25,16.0463,16.2037,16.43,15.4756,15.5543,2952930,47843387,-0.4919,-3.0656,16.202,3.4638,1347802500,N/A,2954098500,85250000,0,186850000,175.451,6.5499,4.2836,98.7706,
600243.SH,青海华鼎,2007-09-26,15.5543,15.5543,15.7216,14.7771,14.905,2049433,31497305,-0.6493,-4.1746,15.3688,2.404,1291537500,N/A,2830777500,85250000,0,186850000,168.1267,6.2764,4.1048,94.6473,
600243.SH,青海华鼎,2007-09-27,14.905,14.905,15.2002,14.2459,14.6394,2319531,34168892,-0.2656,-1.7822,14.7309,2.7209,1268520000,N/A,2780328000,85250000,0,186850000,165.1304,6.1646,4.0316,92.9605,
600243.SH,青海华鼎,2007-09-28,14.6394,14.6689,15.0132,14.4623,14.9149,2315329,34685981,0.2755,1.8817,14.981,2.7159,1292390000,N/A,2832646000,85250000,0,186850000,168.2376,6.2806,4.1075,94.7098,
600243.SH,青海华鼎,2007-10-08,14.9149,15.3379,15.3379,14.1671,14.3442,2319502,34241704,-0.5706,-3.8259,14.7625,2.7208,1242945000,N/A,2724273000,85250000,0,186850000,161.8011,6.0403,3.9504,91.0863,
600243.SH,青海华鼎,2007-10-09,14.3442,14.3442,14.5607,14.1475,14.4033,1592332,23151552,0.059,0.4115,14.5394,1.8678,1248060000,N/A,2735484000,85250000,0,186850000,162.467,6.0652,3.9666,91.4612,
600243.SH,青海华鼎,2007-10-10,14.4033,14.4033,14.6099,14.2459,14.4033,1326852,19413969,0,0,14.6316,1.5564,1248060000,N/A,2735484000,85250000,0,186850000,162.467,6.0652,3.9666,91.4612,
600243.SH,青海华鼎,2007-10-11,14.4033,14.4525,14.4623,13.8818,14.0589,1747556,25294372,-0.3443,-2.3907,14.4741,2.0499,1218222500,N/A,2670086500,85250000,0,186850000,158.5828,5.9202,3.8718,89.2746,
600243.SH,青海华鼎,2007-10-12,14.0589,13.9704,14.1475,12.652,13.4981,3988447,53077639,-0.5608,-3.9888,13.3078,4.6785,1169630000,N/A,2563582000,85250000,0,186850000,152.2573,5.684,3.7173,85.7136,
600243.SH,青海华鼎,2007-10-15,13.4981,13.3801,13.5768,12.3077,12.9177,2182754,28673974,-0.5805,-4.3003,13.1366,2.5604,1119332500,N/A,2453340500,85250000,0,186850000,145.7098,5.4396,3.5575,82.0277,
600243.SH,青海华鼎,2007-10-16,12.9177,12.9177,13.2719,12.6422,13.0357,1251662,16470344,0.1181,0.9139,13.1588,1.4682,1129562500,N/A,2475762500,85250000,0,186850000,147.0415,5.4893,3.59,82.7774,
600243.SH,青海华鼎,2007-10-17,13.0357,12.9865,13.626,12.7012,13.5277,1657230,22430810,0.4919,3.7736,13.5351,1.944,1172187500,N/A,2569187500,85250000,0,186850000,152.5902,5.6964,3.7255,85.901,
600243.SH,青海华鼎,2007-10-18,13.5277,13.4293,13.4293,12.7898,12.957,1083273,14475762,-0.5706,-4.2182,13.363,1.2707,1122742500,N/A,2460814500,85250000,0,186850000,146.1537,5.4561,3.5683,82.2776,
600243.SH,青海华鼎,2007-10-19,12.957,12.9374,13.203,12.6914,12.7308,824121,10792514,-0.2263,-1.7464,13.0958,0.9667,1103135000,N/A,2417839000,85250000,0,186850000,143.6013,5.3609,3.506,80.8407,
600243.SH,青海华鼎,2007-10-22,12.7308,12.9865,13.0751,12.5537,12.5733,847634,11021948,-0.1574,-1.2365,13.0032,0.9943,1089495000,N/A,2387943000,85250000,0,186850000,141.8257,5.2946,3.4627,79.8411,
600243.SH,青海华鼎,2007-10-23,12.5733,12.7898,12.9669,11.7666,11.8453,1674780,20408545,-0.728,-5.7903,12.1858,1.9646,1026410000,N/A,2249674000,85250000,0,186850000,133.6135,4.988,3.2622,75.2181,
600243.SH,青海华鼎,2007-10-24,11.8453,11.7371,12.1011,11.7272,12.0814,1653445,19968274,0.2361,1.9934,12.0768,1.9395,1046870000,N/A,2294518000,85250000,0,186850000,136.2769,5.0874,3.3272,76.7174,
600243.SH,青海华鼎,2007-10-25,12.0814,11.983,11.983,10.8713,10.8713,2496992,27994558,-1.2101,-10.0163,11.2113,2.929,942012500,N/A,2064692500,85250000,0,186850000,122.627,4.5779,2.9939,69.0332,
600243.SH,青海华鼎,2007-10-26,10.8713,10.4483,10.8221,9.7891,10.0055,2709916,27707417,-0.8658,-7.9638,10.2245,3.1788,866992500,N/A,1900264500,85250000,0,186850000,112.8613,4.2133,2.7555,63.5355,
600243.SH,青海华鼎,2007-10-29,10.0055,10.4286,10.5073,9.9367,10.3597,1690975,17530185,0.3542,3.5398,10.3669,1.9835,897682500,N/A,1967530500,85250000,0,186850000,116.8564,4.3624,2.853,65.7846,
600243.SH,青海华鼎,2007-10-30,10.3597,10.4188,11.0189,10.3302,10.9992,1413856,15384547,0.6395,6.1728,10.8813,1.6585,953095000,N/A,2088983000,85250000,0,186850000,124.0697,4.6317,3.0291,69.8453,
600243.SH,青海华鼎,2007-10-31,10.9992,10.9894,11.9732,10.9795,11.9043,2165495,25382635,0.9051,8.229,11.7214,2.5402,1031525000,N/A,2260885000,85250000,0,186850000,134.2794,5.0129,3.2784,75.5929,
600243.SH,青海华鼎,2007-11-01,11.9043,11.9437,11.9437,11.1173,11.1468,1610490,18703152,-0.7575,-6.3636,11.6133,1.8891,965882500,N/A,2117010500,85250000,0,186850000,125.7343,4.6939,3.0698,70.7824,
600243.SH,青海华鼎,2007-11-02,11.1468,10.6745,11.5895,10.6745,11.4518,1317230,15159309,0.305,2.7361,11.5085,1.5451,992310000,N/A,2174934000,85250000,0,186850000,129.1746,4.8223,3.1538,72.7191,
600243.SH,青海华鼎,2007-11-05,11.4518,11.4616,11.7961,10.7237,11.5993,1084518,12652232,0.1476,1.2887,11.6662,1.2722,1005097500,N/A,2202961500,85250000,0,186850000,130.8392,4.8844,3.1944,73.6562,
600243.SH,青海华鼎,2007-11-06,11.5993,11.5993,11.7666,11.2157,11.314,859617,10065210,-0.2853,-2.4597,11.7089,1.0083,980375000,N/A,2148775000,85250000,0,186850000,127.6209,4.7643,3.1158,71.8445,
600243.SH,青海华鼎,2007-11-07,11.314,11.5206,11.5206,10.7729,11.2648,819295,9217988,-0.0492,-0.4348,11.2511,0.961,976112500,N/A,2139432500,85250000,0,186850000,127.066,4.7436,3.1023,71.5321,
600243.SH,青海华鼎,2007-11-08,11.2648,11.2157,11.2157,10.4581,10.4876,1212170,13308172,-0.7772,-6.8996,10.9788,1.4219,908765000,N/A,1991821000,85250000,0,186850000,118.299,4.4163,2.8883,66.5967,
600243.SH,青海华鼎,2007-11-09,10.4876,10.4778,10.8221,10.3302,10.4089,712375,7666103,-0.0787,-0.7505,10.7613,0.8356,901945000,N/A,1976873000,85250000,0,186850000,117.4112,4.3831,2.8666,66.0969,
600243.SH,青海华鼎,2007-11-12,10.4089,10.4089,10.7041,10.0351,10.3204,801709,8393422,-0.0885,-0.8507,10.4694,0.9404,894272500,N/A,1960056500,85250000,0,186850000,116.4125,4.3459,2.8422,65.5347,
600243.SH,青海华鼎,2007-11-13,10.3204,10.6254,10.6647,10.3204,10.586,753576,8016013,0.2656,2.5739,10.6373,0.884,917290000,N/A,2010506000,85250000,0,186850000,119.4088,4.4577,2.9153,67.2215,
600243.SH,青海华鼎,2007-11-14,10.586,10.586,11.0189,10.3302,10.9402,1397343,15317922,0.3542,3.3457,10.9622,1.6391,947980000,N/A,2077772000,85250000,0,186850000,123.4039,4.6069,3.0129,69.4705,
600243.SH,青海华鼎,2007-11-15,10.9402,10.9303,10.9303,10.4975,10.527,796669,8642884,-0.4132,-3.777,10.8488,0.9345,912175000,N/A,1999295000,85250000,0,186850000,118.7429,4.4329,2.8991,66.8466,
600243.SH,青海华鼎,2007-11-16,10.527,10.4089,10.645,10.2318,10.6254,733186,7749816,0.0984,0.9346,10.5701,0.86,920700000,N/A,2017980000,85250000,0,186850000,119.8527,4.4743,2.9262,67.4714,
600243.SH,青海华鼎,2007-11-19,10.6254,10.7237,10.9697,10.34,10.8713,1104855,12053853,0.246,2.3148,10.9099,1.296,942012500,N/A,2064692500,85250000,0,186850000,122.627,4.5779,2.9939,69.0332,
600243.SH,青海华鼎,2007-11-20,10.8713,10.8812,11.2353,10.8713,11.0779,1390055,15669063,0.2066,1.9005,11.2723,1.6306,959915000,N/A,2103931000,85250000,0,186850000,124.9575,4.6649,3.0508,70.3451,
600243.SH,青海华鼎,2007-11-21,11.0779,11.1173,11.2058,10.7336,10.7631,1052976,11765561,-0.3148,-2.8419,11.1736,1.2352,932635000,N/A,2044139000,85250000,0,186850000,121.4063,4.5323,2.9641,68.346,
600243.SH,青海华鼎,2007-11-22,10.7631,10.7237,10.7237,9.8481,10.0646,690432,7327374,-0.6985,-6.4899,10.6127,0.8099,872107500,N/A,1911475500,85250000,0,186850000,113.5271,4.2381,2.7717,63.9104,
600243.SH,青海华鼎,2007-11-23,10.0646,9.917,10.6254,9.917,10.3302,522258,5429952,0.2656,2.6393,10.3971,0.6126,895125000,N/A,1961925000,85250000,0,186850000,116.5234,4.35,2.8449,65.5971,
600243.SH,青海华鼎,2007-11-26,10.3302,10.6155,10.6254,10.0351,10.1334,542559,5740769,-0.1968,-1.9048,10.5809,0.6364,878075000,N/A,1924555000,85250000,0,186850000,114.3039,4.2671,2.7907,64.3477,
600243.SH,青海华鼎,2007-11-27,10.1334,10.34,10.4975,10.0351,10.3204,347484,3650622,0.1869,1.8447,10.5059,0.4076,894272500,N/A,1960056500,85250000,0,186850000,116.4125,4.3459,2.8422,65.5347,
600243.SH,青海华鼎,2007-11-28,10.3204,10.3794,10.4286,10.0547,10.2417,494485,5150658,-0.0787,-0.7626,10.4162,0.58,887452500,N/A,1945108500,85250000,0,186850000,115.5247,4.3127,2.8205,65.0349,
600243.SH,青海华鼎,2007-11-29,10.2417,10.4876,11.0878,10.2613,10.9205,1061808,11540644,0.6788,6.6282,10.8689,1.2455,946275000,N/A,2074035000,85250000,0,186850000,123.1819,4.5986,3.0075,69.3456,
600243.SH,青海华鼎,2007-11-30,10.9205,10.8418,11.2747,10.7533,10.9402,1763936,19805154,0.0197,0.1802,11.2278,2.0691,947980000,N/A,2077772000,85250000,0,186850000,123.4039,4.6069,3.0129,69.4705,
600243.SH,青海华鼎,2007-12-03,10.9402,11.0681,11.314,10.9205,11.2452,1141587,12986525,0.305,2.7878,11.3759,1.3391,974407500,N/A,2135695500,85250000,0,186850000,126.8441,4.7353,3.0969,71.4072,
600243.SH,青海华鼎,2007-12-04,11.2452,11.2452,11.314,10.9697,11.0189,747605,8416770,-0.2263,-2.0122,11.2583,0.877,954800000,N/A,2092720000,85250000,0,186850000,124.2917,4.64,3.0346,69.9703,
600243.SH,青海华鼎,2007-12-05,11.0189,10.9992,11.2157,10.8123,11.1271,840867,9402575,0.1082,0.9821,11.182,0.9864,964177500,N/A,2113273500,85250000,0,186850000,125.5124,4.6856,3.0644,70.6575,
600243.SH,青海华鼎,2007-12-06,11.1271,11.1468,11.2157,10.9205,11.0976,688398,7725595,-0.0295,-0.2653,11.2226,0.8075,961620000,N/A,2107668000,85250000,0,186850000,125.1795,4.6731,3.0562,70.4701,
600243.SH,青海华鼎,2007-12-07,11.0976,11.0386,11.4026,11.0386,11.2845,868859,9936136,0.1869,1.6844,11.4358,1.0192,977817500,N/A,2143169500,85250000,0,186850000,127.288,4.7519,3.1077,71.6571,
600243.SH,青海华鼎,2007-12-10,11.2845,11.2648,11.7961,10.9402,11.5698,1793773,21138816,0.2853,2.5283,11.7846,2.1041,1002540000,N/A,2197356000,85250000,0,186850000,130.5062,4.872,3.1863,73.4688,
600243.SH,青海华鼎,2007-12-11,11.5698,11.619,12.288,11.4911,12.0913,1996553,24005011,0.5214,4.5068,12.0232,2.342,1047722500,N/A,2296386500,85250000,0,186850000,136.3879,5.0916,3.3299,76.7799,
600243.SH,青海华鼎,2007-12-12,12.0913,12.0519,12.2388,11.8256,12.0716,1427177,17500137,-0.0197,-0.1627,12.2621,1.6741,1046017500,N/A,2292649500,85250000,0,186850000,136.166,5.0833,3.3245,76.655,
600243.SH,青海华鼎,2007-12-13,12.0716,12.0027,12.1503,11.3239,11.3927,1390990,16737939,-0.6788,-5.6235,12.0331,1.6317,987195000,N/A,2163723000,85250000,0,186850000,128.5087,4.7974,3.1375,72.3443,
600243.SH,青海华鼎,2007-12-14,11.3927,11.2845,11.806,11.2255,11.7174,836634,9825017,0.3247,2.8497,11.7435,0.9814,1015327500,N/A,2225383500,85250000,0,186850000,132.1709,4.9341,3.2269,74.4059,
600243.SH,青海华鼎,2007-12-17,11.7174,11.5698,12.1503,11.314,11.9142,1926196,23484155,0.1968,1.6793,12.192,2.2595,1032377500,N/A,2262753500,85250000,0,186850000,134.3904,5.017,3.2811,75.6554,
600243.SH,青海华鼎,2007-12-18,11.9142,11.7371,12.4258,11.7371,12.2979,1430672,17797758,0.3837,3.2205,12.4401,1.6782,1065625000,N/A,2335625000,85250000,0,186850000,138.7184,5.1786,3.3868,78.0918,
600243.SH,青海华鼎,2007-12-19,12.2979,12.4946,12.593,11.806,12.2979,1335685,16676207,0,0,12.4851,1.5668,1065625000,N/A,2335625000,85250000,0,186850000,138.7184,5.1786,3.3868,78.0918,
600243.SH,青海华鼎,2007-12-20,12.2979,12.2979,12.3471,12.0814,12.1995,1536266,19051877,-0.0984,-0.8,12.4014,1.8021,1057100000,N/A,2316940000,85250000,0,186850000,137.6086,5.1371,3.3597,77.4671,
600243.SH,青海华鼎,2007-12-21,12.1995,12.2093,12.5635,12.1011,12.5438,1414979,17861923,0.3443,2.8226,12.6235,1.6598,1086937500,N/A,2382337500,85250000,0,186850000,141.4927,5.2821,3.4545,79.6537,
600243.SH,青海华鼎,2007-12-24,12.5438,12.5733,12.8882,12.3963,12.6127,2039167,26191209,0.0689,0.549,12.8441,2.392,1092905000,N/A,2395417000,85250000,0,186850000,142.2696,5.3111,3.4735,80.091,
600243.SH,青海华鼎,2007-12-25,12.6127,12.6422,13.2325,12.593,12.898,2779068,36640968,0.2853,2.2621,13.1846,2.8807,1264754475,N/A,2449603500,96472500,0,186850000,145.4878,5.4313,3.5521,81.9027,
600243.SH,青海华鼎,2007-12-26,12.898,12.9078,13.0653,12.6717,12.9472,2105657,27423304,0.0492,0.3814,13.0236,2.1826,1269578100,N/A,2458946000,96472500,0,186850000,146.0427,5.452,3.5656,82.2151,
600243.SH,青海华鼎,2007-12-27,12.9472,13.1144,13.1144,12.8882,12.957,1943002,25642702,0.0098,0.076,13.1975,2.014,1270542825,N/A,2460814500,96472500,0,186850000,146.1537,5.4561,3.5683,82.2776,
600243.SH,青海华鼎,2007-12-28,12.957,12.957,12.9767,12.4553,12.5832,2769068,35547008,-0.3739,-2.8853,12.8372,2.8703,1233883275,N/A,2389811500,96472500,0,186850000,141.9366,5.2987,3.4654,79.9036,
600243.SH,青海华鼎,2008-01-02,12.5832,12.5438,13.1144,12.4553,13.0259,1527773,20008210,0.4427,3.5184,13.0963,1.5836,1277295900,N/A,2473894000,96472500,0,186850000,75.1685,5.1157,2.8786,60.2976,
600243.SH,青海华鼎,2008-01-03,13.0259,12.9865,13.508,12.7898,13.4489,2603728,35044486,0.423,3.2477,13.4593,2.6989,1318779075,N/A,2554239500,96472500,0,186850000,77.6098,5.2819,2.9721,62.2559,
600243.SH,青海华鼎,2008-01-04,13.4489,13.4785,13.4785,13.0653,13.2719,2098405,28129507,-0.1771,-1.3168,13.4052,2.1751,1301414025,N/A,2520606500,96472500,0,186850000,76.5878,5.2123,2.9329,61.4362,
600243.SH,青海华鼎,2008-01-07,13.2719,13.2719,14.0491,13.1144,13.8031,3217538,44289366,0.5313,4.003,13.765,3.3352,1353509175,N/A,2621505500,96472500,0,186850000,79.6536,5.4209,3.0504,63.8955,
600243.SH,青海华鼎,2008-01-08,13.8031,13.7539,14.2163,13.3407,13.5867,4366109,61818981,-0.2164,-1.5681,14.1588,4.5258,1332285225,N/A,2580398500,96472500,0,186850000,78.4046,5.3359,3.0025,62.8935,
600243.SH,青海华鼎,2008-01-09,13.5867,13.4785,13.9999,13.3801,13.9015,2024103,28146346,0.3148,2.3172,13.9056,2.0981,1363156425,N/A,2640190500,96472500,0,186850000,80.2214,5.4596,3.0721,64.3509,
600243.SH,青海华鼎,2008-01-10,13.9015,13.9507,14.1868,13.6654,13.7835,2673474,37936863,-0.1181,-0.8493,14.1901,2.7712,1351579725,N/A,2617768500,96472500,0,186850000,79.5401,5.4132,3.046,63.8044,
600243.SH,青海华鼎,2008-01-11,13.7835,13.5277,14.4131,13.2915,14.3344,3692303,52134079,0.5509,3.9971,14.1197,3.8273,1405604325,N/A,2722404500,96472500,0,186850000,82.7194,5.6296,3.1678,66.3547,
600243.SH,青海华鼎,2008-01-14,14.3344,14.5607,14.6295,14.2655,14.3836,5541048,81215921,0.0492,0.3432,14.6571,5.7437,1410427950,N/A,2731747000,96472500,0,186850000,83.0033,5.6489,3.1786,66.5824,
600243.SH,青海华鼎,2008-01-15,14.3836,14.3737,14.541,14.1671,14.3344,2682727,39180418,-0.0492,-0.342,14.6047,2.7808,1405604325,N/A,2722404500,96472500,0,186850000,82.7194,5.6296,3.1678,66.3547,
600243.SH,青海华鼎,2008-01-16,14.3344,14.3344,14.6295,14.1475,14.3639,3500573,51173341,0.0295,0.2059,14.6186,3.6286,1408498500,N/A,2728010000,96472500,0,186850000,82.8897,5.6412,3.1743,66.4914,
600243.SH,青海华鼎,2008-01-17,14.3639,14.3147,14.5902,12.9374,13.3801,3829204,53723164,-0.9838,-6.8493,14.0299,3.9692,1312026000,N/A,2541160000,96472500,0,186850000,77.2124,5.2548,2.9569,61.9372,
600243.SH,青海华鼎,2008-01-18,13.3801,13.2719,13.6654,12.9374,13.0653,3142019,42220212,-0.3148,-2.3529,13.4373,3.2569,1281154800,N/A,2481368000,96472500,0,186850000,75.3956,5.1312,2.8873,60.4798,
600243.SH,青海华鼎,2008-01-21,13.0653,13.1833,13.3309,11.8847,12.2979,3145564,40382653,-0.7674,-5.8735,12.838,3.2606,1205906250,N/A,2335625000,96472500,0,186850000,70.9672,4.8298,2.7177,56.9275,
600243.SH,青海华鼎,2008-01-22,12.2979,11.8551,12.2782,11.0681,11.0681,2270802,26436429,-1.2298,-10,11.6419,2.3538,1085315625,N/A,2102062500,96472500,0,186850000,63.8705,4.3468,2.4459,51.2348,
600243.SH,青海华鼎,2008-01-23,11.0681,10.9992,11.6092,10.5467,11.3436,2148298,24582321,0.2755,2.4889,11.4427,2.2269,1112327925,N/A,2154380500,96472500,0,186850000,65.4602,4.455,2.5068,52.51,
600243.SH,青海华鼎,2008-01-24,11.3436,11.3829,11.7863,11.2944,11.5993,3498293,40745956,0.2558,2.255,11.6474,3.6262,1137410775,N/A,2202961500,96472500,0,186850000,66.9363,4.5555,2.5633,53.694,
600243.SH,青海华鼎,2008-01-25,11.5993,11.56,11.7568,11.314,11.4518,1783366,20905476,-0.1476,-1.2723,11.7225,1.8486,1122939900,N/A,2174934000,96472500,0,186850000,66.0847,4.4975,2.5307,53.0109,
600243.SH,青海华鼎,2008-01-28,11.4518,11.4616,11.5108,10.3105,10.3204,1760459,19138346,-1.1314,-9.8797,10.8712,1.8248,1011996525,N/A,1960056500,96472500,0,186850000,59.5557,4.0532,2.2807,47.7736,
600243.SH,青海华鼎,2008-01-29,10.3204,11.0189,11.3239,10.5368,10.9303,1313715,14533552,0.61,5.9104,11.0629,1.3618,1071809475,N/A,2075903500,96472500,0,186850000,63.0757,4.2927,2.4155,50.5972,
600243.SH,青海华鼎,2008-01-30,10.9303,10.9205,11.4223,10.832,11.2845,1187940,13532081,0.3542,3.2403,11.3912,1.2314,1106539575,N/A,2143169500,96472500,0,186850000,65.1195,4.4318,2.4938,52.2367,
600243.SH,青海华鼎,2008-01-31,11.2845,11.2944,11.2944,10.9107,10.9894,641946,7207113,-0.2951,-2.6155,11.227,0.6654,1077597825,N/A,2087114500,96472500,0,186850000,63.4163,4.3159,2.4285,50.8704,
600243.SH,青海华鼎,2008-02-01,10.9894,10.7729,11.1173,9.9367,10.3696,1062626,11297840,-0.6198,-5.6401,10.632,1.1015,1016820150,N/A,1969399000,96472500,0,186850000,59.8396,4.0725,2.2916,48.0013,
600243.SH,青海华鼎,2008-02-04,10.3696,10.6057,11.3534,10.6057,11.3042,977071,11014640,0.9346,9.0133,11.2731,1.0128,1108469025,N/A,2146906500,96472500,0,186850000,65.2331,4.4395,2.4981,52.3278,
600243.SH,青海华鼎,2008-02-05,11.3042,11.314,11.6289,10.9697,11.5206,1520253,17635744,0.2164,1.9147,11.6005,1.5758,1129692975,N/A,2188013500,96472500,0,186850000,66.4821,4.5245,2.5459,53.3297,
600243.SH,青海华鼎,2008-02-13,11.5206,11.501,11.501,11.1173,11.3239,677650,7809966,-0.1968,-1.7079,11.5251,0.7024,1110398475,N/A,2150643500,96472500,0,186850000,65.3466,4.4473,2.5025,52.4189,
600243.SH,青海华鼎,2008-02-14,11.3239,11.3436,11.5403,11.3436,11.4911,601155,6999180,0.1673,1.477,11.6429,0.6231,1126798800,N/A,2182408000,96472500,0,186850000,66.3118,4.5129,2.5394,53.1931,
600243.SH,青海华鼎,2008-02-15,11.4911,11.4124,11.4813,11.0976,11.2353,662054,7549678,-0.2558,-2.226,11.4034,0.6863,1101715950,N/A,2133827000,96472500,0,186850000,64.8357,4.4125,2.4829,52.009,
600243.SH,青海华鼎,2008-02-18,11.2353,11.4124,11.7174,11.3829,11.6387,1118866,13202960,0.4034,3.5902,11.8003,1.1598,1141269675,N/A,2210435500,96472500,0,186850000,67.1634,4.5709,2.572,53.8762,
600243.SH,青海华鼎,2008-02-19,11.6387,11.6289,12.0814,11.5305,12.0716,1468699,17725553,0.4329,3.7194,12.0689,1.5224,1183717575,N/A,2292649500,96472500,0,186850000,69.6614,4.7409,2.6677,55.8801,
600243.SH,青海华鼎,2008-02-20,12.0716,12.0716,12.1503,11.6879,11.7568,1243375,14992582,-0.3148,-2.608,12.058,1.2888,1152846375,N/A,2232857500,96472500,0,186850000,67.8447,4.6173,2.5981,54.4227,
600243.SH,青海华鼎,2008-02-21,11.7568,11.6092,12.1995,11.4223,12.1601,2459369,29699349,0.4034,3.431,12.076,2.5493,1192400100,N/A,2309466000,96472500,0,186850000,70.1724,4.7757,2.6873,56.2899,
600243.SH,青海华鼎,2008-02-22,12.1601,12.1798,12.4454,11.6092,11.8551,2867012,35235281,-0.305,-2.5081,12.2899,2.9718,1162493625,N/A,2251542500,96472500,0,186850000,68.4124,4.6559,2.6199,54.8781,
600243.SH,青海华鼎,2008-02-25,11.8551,11.8551,11.9043,10.9992,11.0779,2300066,26631168,-0.7772,-6.556,11.5784,2.3842,1086280350,N/A,2103931000,96472500,0,186850000,63.9273,4.3507,2.4481,51.2803,
600243.SH,青海华鼎,2008-02-26,11.0779,11.2157,11.7961,11.0287,11.314,1536358,17661971,0.2361,2.1314,11.496,1.5925,1109433750,N/A,2148775000,96472500,0,186850000,65.2899,4.4434,2.5003,52.3733,
600243.SH,青海华鼎,2008-02-27,11.314,11.3239,11.6092,11.2944,11.56,2130849,24794338,0.246,2.1739,11.6359,2.2088,1133551875,N/A,2195487500,96472500,0,186850000,66.7092,4.54,2.5546,53.5119,
600243.SH,青海华鼎,2008-02-28,11.56,11.5993,11.7076,11.4124,11.4616,1282264,15067058,-0.0984,-0.8511,11.7504,1.3291,1123904625,N/A,2176802500,96472500,0,186850000,66.1415,4.5014,2.5329,53.0565,
600243.SH,青海华鼎,2008-02-29,11.4616,11.4616,11.8256,11.4026,11.7174,1720928,20426853,0.2558,2.2318,11.8697,1.7839,1148987475,N/A,2225383500,96472500,0,186850000,67.6176,4.6018,2.5894,54.2406,
600243.SH,青海华鼎,2008-03-03,11.7174,11.806,12.1798,11.6584,12.1405,2171210,26519584,0.423,3.6104,12.2142,2.2506,1190470650,N/A,2305729000,96472500,0,186850000,70.0589,4.768,2.6829,56.1989,
600243.SH,青海华鼎,2008-03-04,12.1405,12.4553,12.7209,12.2487,12.3175,5224029,66111484,0.1771,1.4587,12.6553,5.415,1207835700,N/A,2339362000,96472500,0,186850000,71.0808,4.8375,2.7221,57.0186,
600243.SH,青海华鼎,2008-03-05,12.3175,12.1601,12.3963,11.7863,12.1995,2348355,28822623,-0.1181,-0.9585,12.2735,2.4342,1196259000,N/A,2316940000,96472500,0,186850000,70.3995,4.7911,2.696,56.4721,
600243.SH,青海华鼎,2008-03-06,12.1995,12.2192,12.7701,12.2192,12.6422,4049710,51773568,0.4427,3.629,12.7845,4.1978,1239671625,N/A,2401022500,96472500,0,186850000,72.9543,4.965,2.7938,58.5215,
600243.SH,青海华鼎,2008-03-07,12.6422,12.5832,12.7406,12.2782,12.3077,2132627,27011947,-0.3345,-2.6459,12.666,2.2106,1206870975,N/A,2337493500,96472500,0,186850000,71.024,4.8336,2.7199,56.9731,
600243.SH,青海华鼎,2008-03-10,12.3077,12.1995,12.4946,11.6977,11.9339,1806111,22041184,-0.3739,-3.0376,12.2037,1.8722,1170211425,N/A,2266490500,96472500,0,186850000,68.8666,4.6868,2.6373,55.2425,
600243.SH,青海华鼎,2008-03-11,11.9339,11.806,12.1503,11.6682,12.1306,1087298,13150055,0.1968,1.6488,12.0943,1.1271,1189505925,N/A,2303860500,96472500,0,186850000,70.0021,4.7641,2.6807,56.1533,
600243.SH,青海华鼎,2008-03-12,12.1306,12.2487,12.4946,11.314,11.4223,1523729,18374710,-0.7084,-5.8394,12.059,1.5794,1120045725,N/A,2169328500,96472500,0,186850000,65.9144,4.4859,2.5242,52.8743,
600243.SH,青海华鼎,2008-03-13,11.4223,11.2157,11.6584,10.9697,11.5993,1471404,16974217,0.1771,1.5504,11.5361,1.5252,1137410775,N/A,2202961500,96472500,0,186850000,66.9363,4.5555,2.5633,53.694,
600243.SH,青海华鼎,2008-03-14,11.5993,11.4223,11.56,11.2157,11.4124,648402,7493842,-0.1869,-1.6115,11.5574,0.6721,1119081000,N/A,2167460000,96472500,0,186850000,65.8576,4.482,2.522,52.8287,
600243.SH,青海华鼎,2008-03-17,11.4124,11.4124,11.4124,10.2712,10.7631,1074530,11900181,-0.6493,-5.6897,11.0748,1.1138,1055409150,N/A,2044139000,96472500,0,186850000,62.1105,4.227,2.3785,49.823,
600243.SH,青海华鼎,2008-03-18,10.7631,10.4286,10.9107,9.6907,9.6907,1265456,12909678,-1.0724,-9.9634,10.2016,1.3117,950254125,N/A,1840472500,96472500,0,186850000,55.9222,3.8059,2.1416,44.8589,
600243.SH,青海华鼎,2008-03-19,9.6907,9.8678,10.2121,9.6415,10.0449,1290412,13052159,0.3542,3.6548,10.1147,1.3376,984984225,N/A,1907738500,96472500,0,186850000,57.966,3.945,2.2198,46.4984,
600243.SH,青海华鼎,2008-03-20,10.0449,9.8285,10.3794,9.0414,10.281,1953621,19513648,0.2361,2.3506,9.9885,2.0251,1008137625,N/A,1952582500,96472500,0,186850000,59.3286,4.0377,2.272,47.5914,
600243.SH,青海华鼎,2008-03-21,10.281,10.2318,10.281,9.9957,10.1334,1710367,17622988,-0.1476,-1.4354,10.3036,1.7729,993666750,N/A,1924555000,96472500,0,186850000,58.477,3.9797,2.2394,46.9083,
600243.SH,青海华鼎,2008-03-24,10.1334,10.1826,10.6057,9.9859,10.1334,1382454,14348972,0,0,10.3793,1.433,993666750,N/A,1924555000,96472500,0,186850000,58.477,3.9797,2.2394,46.9083,
600243.SH,青海华鼎,2008-03-25,10.1334,9.8481,10.2121,9.7202,10.1039,946089,9612714,-0.0295,-0.2913,10.1605,0.9807,990772575,N/A,1918949500,96472500,0,186850000,58.3067,3.9681,2.2329,46.7717,
600243.SH,青海华鼎,2008-03-26,10.1039,10.1334,10.2515,9.917,10.163,937120,9638047,0.059,0.5842,10.2848,0.9714,996560925,N/A,1930160500,96472500,0,186850000,58.6473,3.9913,2.2459,47.0449,
600243.SH,青海华鼎,2008-03-27,10.163,10.0351,10.0351,9.1496,9.1496,1280887,12357208,-1.0133,-9.971,9.6474,1.3277,897194250,N/A,1737705000,96472500,0,186850000,52.7996,3.5934,2.022,42.3541,
600243.SH,青海华鼎,2008-03-28,9.1496,9.1496,9.2873,8.5593,9.1988,2149209,19486696,0.0492,0.5376,9.0669,2.2278,902017875,N/A,1747047500,96472500,0,186850000,53.0835,3.6127,2.0328,42.5818,
600243.SH,青海华鼎,2008-03-31,9.1988,9.0119,9.0119,8.2838,8.3724,1496247,13089852,-0.8264,-8.984,8.7485,1.551,820980975,N/A,1590093500,96472500,0,186850000,48.3145,3.2881,1.8502,38.7563,
600243.SH,青海华鼎,2008-04-01,8.3724,8.2248,8.3921,7.5361,7.5361,2179489,17269299,-0.8363,-9.9882,7.9236,2.2592,738979350,N/A,1431271000,96472500,0,186850000,43.4887,2.9597,1.6654,34.8852,
600243.SH,青海华鼎,2008-04-02,7.5361,7.5755,7.8214,6.8868,6.9852,1623119,11950088,-0.5509,-7.3107,7.3624,1.6825,684954750,N/A,1326635000,96472500,0,186850000,40.3094,2.7433,1.5437,32.3348,
600243.SH,青海华鼎,2008-04-03,6.9852,6.8868,7.3295,6.7687,7.1524,1291743,9265327,0.1673,2.3944,7.1727,1.339,701355075,N/A,1358399500,96472500,0,186850000,41.2745,2.809,1.5806,33.1091,
600243.SH,青海华鼎,2008-04-07,7.1524,6.995,7.8116,6.9655,7.7526,1548229,11844339,0.6001,8.3906,7.6503,1.6048,760203300,N/A,1472378000,96472500,0,186850000,44.7377,3.0447,1.7132,35.8871,
600243.SH,青海华鼎,2008-04-08,7.7526,7.7526,8.0182,7.6739,7.9789,2129469,17063730,0.2263,2.9188,8.0131,2.2073,782391975,N/A,1515353500,96472500,0,186850000,46.0435,3.1336,1.7632,36.9346,
600243.SH,青海华鼎,2008-04-09,7.9789,7.8608,7.9395,7.3099,7.3394,1296774,10137642,-0.6395,-8.0148,7.8176,1.3442,719684850,N/A,1393901000,96472500,0,186850000,42.3532,2.8824,1.6219,33.9743,
600243.SH,青海华鼎,2008-04-10,7.3394,7.1328,7.6148,6.9065,7.5755,928497,6939739,0.2361,3.2172,7.4742,0.9624,742838250,N/A,1438745000,96472500,0,186850000,43.7158,2.9751,1.6741,35.0674,
600243.SH,青海华鼎,2008-04-11,7.5755,7.5755,7.851,7.5755,7.7821,953473,7486555,0.2066,2.7273,7.8519,0.9883,763097475,N/A,1477983500,96472500,0,186850000,44.9081,3.0563,1.7198,36.0237,
600243.SH,青海华鼎,2008-04-14,7.7821,7.5755,7.6739,7.1623,7.2508,909381,6846436,-0.5313,-6.8268,7.5287,0.9426,711002325,N/A,1377084500,96472500,0,186850000,41.8423,2.8476,1.6024,33.5645,
600243.SH,青海华鼎,2008-04-15,7.2508,7.2508,7.6739,6.936,7.605,718129,5282053,0.3542,4.8847,7.3553,0.7444,745732425,N/A,1444350500,96472500,0,186850000,43.8861,2.9867,1.6806,35.204,
600243.SH,青海华鼎,2008-04-16,7.605,7.4968,7.7919,7.2705,7.7034,1273690,9817468,0.0984,1.2937,7.7079,1.3203,755379675,N/A,1463035500,96472500,0,186850000,44.4539,3.0254,1.7024,35.6594,
600243.SH,青海华鼎,2008-04-17,7.7034,7.5755,7.7723,7.1426,7.3492,983980,7403929,-0.3542,-4.5977,7.5245,1.02,720649575,N/A,1395769500,96472500,0,186850000,42.41,2.8863,1.6241,34.0199,
600243.SH,青海华鼎,2008-04-18,7.3492,7.2803,7.2803,6.8179,6.8671,989300,7057568,-0.4821,-6.5596,7.1339,1.0255,673378050,N/A,1304213000,96472500,0,186850000,39.6281,2.697,1.5176,31.7883,
600243.SH,青海华鼎,2008-04-21,6.8671,7.3787,7.4279,6.4933,6.6212,1287655,9057071,-0.246,-3.5817,7.0338,1.3347,649259925,N/A,1257500500,96472500,0,186850000,38.2088,2.6004,1.4632,30.6498,
600243.SH,青海华鼎,2008-04-22,6.6212,6.513,6.513,5.962,6.3752,1522429,9485339,-0.246,-3.7147,6.2304,1.5781,625141800,N/A,1210788000,96472500,0,186850000,36.7894,2.5038,1.4089,29.5112,
600243.SH,青海华鼎,2008-04-23,6.3752,6.2867,6.7294,6.1096,6.6802,1284912,8412597,0.305,4.784,6.5472,1.3319,655048275,N/A,1268711500,96472500,0,186850000,38.5494,2.6235,1.4763,30.923,
600243.SH,青海华鼎,2008-04-24,6.6802,7.3099,7.3492,6.936,7.2902,3797574,27751411,0.61,9.1311,7.3077,3.9364,714861225,N/A,1384558500,96472500,0,186850000,42.0694,2.8631,1.6111,33.7466,
600243.SH,青海华鼎,2008-04-25,7.2902,7.2607,7.5361,7.0245,7.1524,3359255,24647286,-0.1377,-1.8893,7.3371,3.4821,701355075,N/A,1358399500,96472500,0,186850000,41.2745,2.809,1.5806,33.1091,
600243.SH,青海华鼎,2008-04-28,7.1524,7.1426,7.2607,6.9852,7.2213,1817386,13084037,0.0689,0.9629,7.1994,1.8838,708108150,N/A,1371479000,96472500,0,186850000,41.672,2.836,1.5958,33.4278,
600243.SH,青海华鼎,2008-04-29,7.2213,7.1524,7.3197,7.1032,7.2016,1280229,9404272,-0.0197,-0.2725,7.3458,1.327,706178700,N/A,1367742000,96472500,0,186850000,41.5584,2.8283,1.5915,33.3368,
600243.SH,青海华鼎,2008-04-30,7.2016,7.2016,7.91,7.2016,7.8018,2852081,21858654,0.6001,8.3333,7.6641,2.9564,765026925,N/A,1481720500,96472500,0,186850000,45.0216,3.064,1.7241,36.1148,
600243.SH,青海华鼎,2008-05-05,7.8018,7.8608,7.9789,7.605,7.8805,2432154,19355447,0.0787,1.0088,7.9582,2.5211,772744725,N/A,1496668500,96472500,0,186850000,45.4758,3.0949,1.7415,36.4792,
600243.SH,青海华鼎,2008-05-06,7.8805,7.8805,7.8805,7.8805,7.8805,N/A,N/A,0,0,N/A,N/A,772744725,N/A,1496668500,96472500,0,186850000,45.4758,3.0949,1.7415,36.4792,
600243.SH,青海华鼎,2008-05-07,7.8805,7.7526,8.3921,7.5755,8.0576,6620095,54919176,0.1771,2.2472,8.2958,6.8622,790109775,N/A,1530301500,96472500,0,186850000,46.4977,3.1645,1.7806,37.2989,
600243.SH,青海华鼎,2008-05-08,8.0576,7.9985,8.274,7.6837,8.2347,3439947,28477093,0.1771,2.1978,8.2784,3.5657,807474825,N/A,1563934500,96472500,0,186850000,47.5197,3.234,1.8198,38.1187,
600243.SH,青海华鼎,2008-05-09,8.2347,8.2543,8.4019,7.6247,7.8805,3079121,25223907,-0.3542,-4.3011,8.1919,3.1917,772744725,N/A,1496668500,96472500,0,186850000,45.4758,3.0949,1.7415,36.4792,
600243.SH,青海华鼎,2008-05-12,7.8805,7.7034,8.215,7.6542,8.1658,2087908,16918360,0.2853,3.6205,8.103,2.1643,800721750,N/A,1550855000,96472500,0,186850000,47.1222,3.207,1.8046,37.7999,
600243.SH,青海华鼎,2008-05-13,8.1658,7.8903,8.1264,7.8214,7.969,2166633,17546915,-0.1968,-2.4096,8.0987,2.2459,781427250,N/A,1513485000,96472500,0,186850000,45.9868,3.1297,1.7611,36.889,
600243.SH,青海华鼎,2008-05-14,7.969,7.9493,8.4019,7.8805,8.3724,2808702,23466988,0.4034,5.0617,8.3551,2.9114,820980975,N/A,1590093500,96472500,0,186850000,48.3145,3.2881,1.8502,38.7563,
600243.SH,青海华鼎,2008-05-15,8.3724,8.3626,8.4904,8.2347,8.274,2556175,21636060,-0.0984,-1.1751,8.4642,2.6496,811333725,N/A,1571408500,96472500,0,186850000,47.7468,3.2495,1.8285,38.3008,
600243.SH,青海华鼎,2008-05-16,8.274,8.1953,8.3429,8.1363,8.3232,2034878,17033020,0.0492,0.5945,8.3705,2.1093,816157350,N/A,1580751000,96472500,0,186850000,48.0306,3.2688,1.8393,38.5286,
600243.SH,青海华鼎,2008-05-19,8.3232,8.2642,8.8053,8.2642,8.7069,4720891,41117168,0.3837,4.6099,8.7096,4.8935,853781625,N/A,1653622500,96472500,0,186850000,50.2448,3.4195,1.9241,40.3047,
600243.SH,青海华鼎,2008-05-20,8.7069,8.6183,8.7364,7.8411,7.851,3001719,25233588,-0.8559,-9.8305,8.4064,3.1115,769850550,N/A,1491063000,96472500,0,186850000,45.3055,3.0833,1.735,36.3425,
600243.SH,青海华鼎,2008-05-21,7.851,7.5066,7.9789,7.3787,7.8214,2137633,16581860,-0.0295,-0.3759,7.7571,2.2158,766956375,N/A,1485457500,96472500,0,186850000,45.1352,3.0717,1.7285,36.2059,
600243.SH,青海华鼎,2008-05-22,7.8214,7.7723,8.0379,7.6345,7.7329,1566924,12535287,-0.0885,-1.1321,7.9999,1.6242,758273850,N/A,1468641000,96472500,0,186850000,44.6242,3.037,1.7089,35.796,
600243.SH,青海华鼎,2008-05-23,7.7329,7.5361,7.7624,7.182,7.4279,1848899,13991163,-0.305,-3.944,7.5673,1.9165,728367375,N/A,1410717500,96472500,0,186850000,42.8642,2.9172,1.6415,34.3842,
600243.SH,青海华鼎,2008-05-26,7.4279,7.2803,7.5558,7.2016,7.2311,1014163,7624027,-0.1968,-2.649,7.5176,1.0512,709072875,N/A,1373347500,96472500,0,186850000,41.7287,2.8399,1.598,33.4734,
600243.SH,青海华鼎,2008-05-27,7.2311,7.2311,7.4279,7.1328,7.3,693967,5106514,0.0689,0.9524,7.3584,0.7193,715825950,N/A,1386427000,96472500,0,186850000,42.1262,2.867,1.6132,33.7922,
600243.SH,青海华鼎,2008-05-28,7.3,7.3492,7.5656,7.241,7.546,752528,5693593,0.246,3.3693,7.566,0.78,739944075,N/A,1433139500,96472500,0,186850000,43.5455,2.9636,1.6676,34.9307,
600243.SH,青海华鼎,2008-05-29,7.546,7.4869,7.6444,7.4279,7.4279,1024409,7871480,-0.1181,-1.5645,7.6839,1.0619,728367375,N/A,1410717500,96472500,0,186850000,42.8642,2.9172,1.6415,34.3842,
600243.SH,青海华鼎,2008-05-30,7.4279,7.2591,7.4776,7.1697,7.3485,739850,5439965,-0.0794,-1.0695,7.3528,0.7669,713896500,N/A,1382690000,96472500,0,186850000,42.0126,2.8592,1.6089,33.7011,
600243.SH,青海华鼎,2008-06-02,7.3485,7.2988,7.4577,7.1499,7.4478,945041,6908377,0.0993,1.3514,7.3101,0.9796,723543750,N/A,1401375000,96472500,0,186850000,42.5803,2.8979,1.6306,34.1565,
600243.SH,青海华鼎,2008-06-03,7.4478,7.3286,7.4875,7.2591,7.279,602953,4477111,-0.1688,-2.2667,7.4253,0.625,707143425,N/A,1369610500,96472500,0,186850000,41.6152,2.8322,1.5937,33.3823,
600243.SH,青海华鼎,2008-06-04,7.279,7.2988,7.3683,6.9016,7.0208,718840,5108643,-0.2582,-3.5471,7.1068,0.7451,682060575,N/A,1321029500,96472500,0,186850000,40.1391,2.7317,1.5371,32.1982,
600243.SH,青海华鼎,2008-06-05,7.0208,6.9711,7.1797,6.8519,7.0406,661770,4688262,0.0199,0.2829,7.0844,0.686,683990025,N/A,1324766500,96472500,0,186850000,40.2526,2.7395,1.5415,32.2893,
600243.SH,青海华鼎,2008-06-06,7.0406,7.1002,7.418,7.1002,7.2094,620439,4536242,0.1688,2.3977,7.3113,0.6431,700390350,N/A,1356531000,96472500,0,186850000,41.2178,2.8051,1.5784,33.0635,
600243.SH,青海华鼎,2008-06-10,7.2094,7.0903,7.0903,6.4845,6.4845,699620,4710519,-0.7249,-10.0551,6.733,0.7252,629965425,N/A,1220130500,96472500,0,186850000,37.0733,2.5231,1.4197,29.7389,
600243.SH,青海华鼎,2008-06-11,6.4845,6.3356,6.4647,6.1469,6.2661,992183,6313232,-0.2185,-3.3691,6.363,1.0285,608741475,N/A,1179023500,96472500,0,186850000,35.8243,2.4381,1.3719,28.737,
600243.SH,青海华鼎,2008-06-12,6.2661,6.2065,6.4349,6.0377,6.2065,553517,3463280,-0.0596,-0.9509,6.2569,0.5738,602953125,N/A,1167812500,96472500,0,186850000,35.4836,2.4149,1.3589,28.4638,
600243.SH,青海华鼎,2008-06-13,6.2065,6.3554,6.4051,5.9384,5.9582,727561,4474974,-0.2483,-4,6.1507,0.7542,578835000,N/A,1121100000,96472500,0,186850000,34.0643,2.3183,1.3045,27.3252,
600243.SH,青海华鼎,2008-06-16,5.9582,5.8391,6.0575,5.7397,5.849,616806,3626696,-0.1092,-1.8333,5.8798,0.6394,568223025,N/A,1100546500,96472500,0,186850000,33.4398,2.2758,1.2806,26.8243,
600243.SH,青海华鼎,2008-06-17,5.849,5.9086,5.9086,5.273,5.3326,936476,5212188,-0.5164,-8.8285,5.5657,0.9707,518057325,N/A,1003384500,96472500,0,186850000,30.4875,2.0749,1.1675,24.4561,
600243.SH,青海华鼎,2008-06-18,5.3326,5.412,5.8391,5.1241,5.7894,1299648,7206617,0.4568,8.5661,5.5451,1.3472,562434675,N/A,1089335500,96472500,0,186850000,33.0991,2.2526,1.2675,26.551,
600243.SH,青海华鼎,2008-06-19,5.7894,5.5809,5.7894,5.2134,5.3723,780801,4319746,-0.4171,-7.2041,5.5325,0.8094,521916225,N/A,1010858500,96472500,0,186850000,30.7146,2.0903,1.1762,24.6382,
600243.SH,青海华鼎,2008-06-20,5.3723,5.3723,5.7397,5.1638,5.5908,1306027,7333878,0.2185,4.0665,5.6154,1.3538,543140175,N/A,1051965500,96472500,0,186850000,31.9636,2.1753,1.2241,25.6402,
600243.SH,青海华鼎,2008-06-23,5.5908,5.5908,5.5908,5.5908,5.5908,N/A,N/A,0,0,N/A,N/A,543140175,N/A,1051965500,96472500,0,186850000,31.9636,2.1753,1.2241,25.6402,
600243.SH,青海华鼎,2008-06-24,5.5908,5.6007,5.71,5.3425,5.6901,608425,3397374,0.0993,1.7762,5.5839,0.6307,552787425,N/A,1070650500,96472500,0,186850000,32.5314,2.214,1.2458,26.0956,
600243.SH,青海华鼎,2008-06-25,5.6901,5.561,6.0079,5.561,5.9384,1085184,6376698,0.2483,4.363,5.8761,1.1249,576905550,N/A,1117363000,96472500,0,186850000,33.9507,2.3106,1.3001,27.2341,
600243.SH,青海华鼎,2008-06-26,5.9384,5.8788,6.1072,5.8192,5.9483,989844,5911544,0.0099,0.1672,5.9722,1.026,577870275,N/A,1119231500,96472500,0,186850000,34.0075,2.3144,1.3023,27.2797,
600243.SH,青海华鼎,2008-06-27,5.9483,5.7596,5.849,5.3624,5.5908,1031900,5827882,-0.3575,-6.01,5.6477,1.0696,543140175,N/A,1051965500,96472500,0,186850000,31.9636,2.1753,1.2241,25.6402,
600243.SH,青海华鼎,2008-06-30,5.5908,5.412,5.5908,5.3028,5.5213,455499,2510092,-0.0695,-1.2433,5.5106,0.4722,536387100,N/A,1038886000,96472500,0,186850000,31.5662,2.1483,1.2088,25.3214,
600243.SH,青海华鼎,2008-07-01,5.5213,5.4816,5.5511,5.2432,5.283,432310,2324572,-0.2383,-4.3165,5.3771,0.4481,513233700,N/A,994042000,96472500,0,186850000,30.2037,2.0556,1.1567,24.2284,
600243.SH,青海华鼎,2008-07-02,5.283,5.2929,5.4518,5.2631,5.3227,308700,1663696,0.0397,0.7519,5.3894,0.32,517092600,N/A,1001516000,96472500,0,186850000,30.4308,2.071,1.1654,24.4105,
600243.SH,青海华鼎,2008-07-03,5.3227,5.2134,5.7695,5.2035,5.561,754713,4172696,0.2383,4.4776,5.5289,0.7823,540246000,N/A,1046360000,96472500,0,186850000,31.7933,2.1637,1.2175,25.5035,
600243.SH,青海华鼎,2008-07-04,5.561,5.5511,5.6504,5.4617,5.5511,438264,2440935,-0.0099,-0.1786,5.5696,0.4543,539281275,N/A,1044491500,96472500,0,186850000,31.7366,2.1599,1.2154,25.458,
600243.SH,青海华鼎,2008-07-07,5.5511,5.6107,5.8391,5.5411,5.8391,1116496,6477986,0.288,5.1878,5.8021,1.1573,567258300,N/A,1098678000,96472500,0,186850000,33.383,2.2719,1.2784,26.7787,
600243.SH,青海华鼎,2008-07-08,5.8391,5.8391,6.0277,5.7695,5.9781,1577892,9374169,0.139,2.381,5.9409,1.6356,580764450,N/A,1124837000,96472500,0,186850000,34.1778,2.326,1.3088,27.4163,
600243.SH,青海华鼎,2008-07-09,5.9781,5.988,6.2065,5.8986,6.1668,1730367,10550056,0.1887,3.1561,6.097,1.7936,599094225,N/A,1160338500,96472500,0,186850000,35.2565,2.3994,1.3502,28.2816,
600243.SH,青海华鼎,2008-07-10,6.1668,6.127,6.2363,5.9582,6.0178,1397628,8587364,-0.149,-2.4155,6.1442,1.4487,584623350,N/A,1132311000,96472500,0,186850000,34.4049,2.3415,1.3175,27.5985,
600243.SH,青海华鼎,2008-07-11,6.0178,5.9582,6.0476,5.7695,5.9284,1069757,6320354,-0.0894,-1.4851,5.9082,1.1089,575940825,N/A,1115494500,96472500,0,186850000,33.894,2.3067,1.298,27.1886,
600243.SH,青海华鼎,2008-07-14,5.9284,5.8589,6.1072,5.8192,6.0873,1093015,6589406,0.1589,2.6801,6.0287,1.133,591376425,N/A,1145390500,96472500,0,186850000,34.8023,2.3685,1.3328,27.9173,
600243.SH,青海华鼎,2008-07-15,6.0873,6.1072,6.1469,5.7993,5.9384,917665,5500519,-0.149,-2.447,5.994,0.9512,576905550,N/A,1117363000,96472500,0,186850000,33.9507,2.3106,1.3001,27.2341,
600243.SH,青海华鼎,2008-07-16,5.9384,5.8192,5.8589,5.4617,5.6107,1076150,6107221,-0.3277,-5.5184,5.6751,1.1155,545069625,N/A,1055702500,96472500,0,186850000,32.0772,2.1831,1.2284,25.7312,
600243.SH,青海华鼎,2008-07-17,5.6107,5.6802,5.8391,5.6107,5.6603,800878,4597780,0.0497,0.885,5.7409,0.8302,549893250,N/A,1065045000,96472500,0,186850000,32.3611,2.2024,1.2393,25.959,
600243.SH,青海华鼎,2008-07-18,5.6603,5.71,5.9086,5.4915,5.8887,1042707,6000702,0.2284,4.0351,5.7549,1.0808,572081925,N/A,1108020500,96472500,0,186850000,33.6669,2.2912,1.2893,27.0064,
600243.SH,青海华鼎,2008-07-21,5.8887,5.8887,6.276,5.8887,6.2065,2683822,16629788,0.3178,5.3963,6.1963,2.782,602953125,N/A,1167812500,96472500,0,186850000,35.4836,2.4149,1.3589,28.4638,
600243.SH,青海华鼎,2008-07-22,6.2065,6.2561,6.5739,6.1568,6.5044,3793167,24403383,0.2979,4.8,6.4335,3.9319,631894875,N/A,1223867500,96472500,0,186850000,37.1868,2.5308,1.4241,29.83,
600243.SH,青海华鼎,2008-07-23,6.5044,6.4845,6.4845,6.1568,6.2363,2089106,13310162,-0.2681,-4.1221,6.3712,2.1655,605847300,N/A,1173418000,96472500,0,186850000,35.6539,2.4265,1.3654,28.6004,
600243.SH,青海华鼎,2008-07-24,6.2363,6.2363,6.5342,6.2363,6.4249,1787984,11499445,0.1887,3.0255,6.4315,1.8534,624177075,N/A,1208919500,96472500,0,186850000,36.7326,2.4999,1.4067,29.4657,
600243.SH,青海华鼎,2008-07-25,6.4249,6.3554,6.4647,6.2065,6.3455,1368003,8735062,-0.0794,-1.2365,6.3853,1.418,616459275,N/A,1193971500,96472500,0,186850000,36.2785,2.469,1.3893,29.1014,
600243.SH,青海华鼎,2008-07-28,6.3455,6.4051,6.6037,6.3157,6.5938,1833113,11926017,0.2483,3.9124,6.5059,1.9001,640577400,N/A,1240684000,96472500,0,186850000,37.6978,2.5656,1.4436,30.2399,
600243.SH,青海华鼎,2008-07-29,6.5938,6.4746,6.5044,6.2958,6.3554,1090283,7002156,-0.2383,-3.6145,6.4223,1.1301,617424000,N/A,1195840000,96472500,0,186850000,36.3352,2.4728,1.3915,29.1469,
600243.SH,青海华鼎,2008-07-30,6.3554,6.4051,6.4547,6.1668,6.3455,979181,6238087,-0.0099,-0.1563,6.3707,1.015,616459275,N/A,1193971500,96472500,0,186850000,36.2785,2.469,1.3893,29.1014,
600243.SH,青海华鼎,2008-07-31,6.3455,6.3753,6.3753,5.9781,6.0079,1039302,6403937,-0.3376,-5.3208,6.1618,1.0773,583658625,N/A,1130442500,96472500,0,186850000,34.3481,2.3376,1.3154,27.5529,
600243.SH,青海华鼎,2008-08-01,6.0079,6.0079,6.1469,5.7993,6.0972,747181,4519545,0.0894,1.4876,6.0488,0.7745,592341150,N/A,1147259000,96472500,0,186850000,34.8591,2.3724,1.3349,27.9628,
600243.SH,青海华鼎,2008-08-04,6.0972,5.9086,6.0476,5.8391,5.8688,541800,3244845,-0.2284,-3.7459,5.989,0.5616,570152475,N/A,1104283500,96472500,0,186850000,33.5533,2.2835,1.2849,26.9153,
600243.SH,青海华鼎,2008-08-05,5.8688,5.8589,5.9086,5.6504,5.6802,548000,3207711,-0.1887,-3.2149,5.8535,0.568,551822700,N/A,1068782000,96472500,0,186850000,32.4746,2.2101,1.2436,26.05,
600243.SH,青海华鼎,2008-08-06,5.6802,5.8192,5.8192,5.6603,5.7596,298066,1718939,0.0794,1.3986,5.767,0.309,559540500,N/A,1083730000,96472500,0,186850000,32.9288,2.241,1.261,26.4144,
600243.SH,青海华鼎,2008-08-07,5.7596,5.7497,5.8291,5.6504,5.7894,503408,2901342,0.0298,0.5172,5.7634,0.5218,562434675,N/A,1089335500,96472500,0,186850000,33.0991,2.2526,1.2675,26.551,
600243.SH,青海华鼎,2008-08-08,5.7894,5.7695,5.7894,5.2134,5.3227,730270,3983498,-0.4667,-8.0617,5.4548,0.757,517092600,N/A,1001516000,96472500,0,186850000,30.4308,2.071,1.1654,24.4105,
600243.SH,青海华鼎,2008-08-11,5.3227,5.273,5.3425,4.7864,4.8559,786229,3940134,-0.4667,-8.7687,5.0114,0.815,471750525,N/A,913696500,96472500,0,186850000,27.7624,1.8894,1.0632,22.2701,
600243.SH,青海华鼎,2008-08-12,4.8559,4.6375,4.9453,4.6375,4.8262,363626,1756161,-0.0298,-0.6135,4.8296,0.3769,468856350,N/A,908091000,96472500,0,186850000,27.5921,1.8778,1.0566,22.1334,
600243.SH,青海华鼎,2008-08-13,4.8262,4.7666,4.8262,4.5878,4.8262,387628,1846756,0,0,4.7642,0.4018,468856350,N/A,908091000,96472500,0,186850000,27.5921,1.8778,1.0566,22.1334,
600243.SH,青海华鼎,2008-08-14,4.8262,4.7666,4.8659,4.7566,4.8063,363150,1755620,-0.0199,-0.4115,4.8344,0.3764,466926900,N/A,904354000,96472500,0,186850000,27.4785,1.8701,1.0523,22.0423,
600243.SH,青海华鼎,2008-08-15,4.8063,4.8063,4.995,4.7765,4.8361,383600,1873057,0.0298,0.6198,4.8828,0.3976,469821075,N/A,909959500,96472500,0,186850000,27.6488,1.8817,1.0588,22.179,
600243.SH,青海华鼎,2008-08-18,4.8361,4.8957,4.8957,4.3495,4.3495,529855,2389949,-0.4866,-10.0616,4.5106,0.5492,422549550,N/A,818403000,96472500,0,186850000,24.8669,1.6924,0.9523,19.9474,
600243.SH,青海华鼎,2008-08-19,4.3495,4.3495,4.4587,4.2303,4.419,393871,1730443,0.0695,1.5982,4.3934,0.4083,429302625,N/A,831482500,96472500,0,186850000,25.2643,1.7194,0.9675,20.2662,
600243.SH,青海华鼎,2008-08-20,4.419,4.3694,4.8063,4.0516,4.7467,1177405,5481180,0.3277,7.4157,4.6553,1.2205,461138550,N/A,893143000,96472500,0,186850000,27.1379,1.8469,1.0393,21.7691,
600243.SH,青海华鼎,2008-08-21,4.7467,4.6474,4.7169,4.3892,4.4389,737863,3373113,-0.3078,-6.4854,4.5715,0.7648,431232075,N/A,835219500,96472500,0,186850000,25.3779,1.7271,0.9719,20.3573,
600243.SH,青海华鼎,2008-08-22,4.4389,4.3694,4.4786,4.2899,4.4289,370187,1636349,-0.0099,-0.2237,4.4203,0.3837,430267350,N/A,833351000,96472500,0,186850000,25.3211,1.7233,0.9697,20.3117,
600243.SH,青海华鼎,2008-08-25,4.4289,4.419,4.6673,4.3793,4.6077,1032085,4763294,0.1787,4.0359,4.6152,1.0698,447632400,N/A,866984000,96472500,0,186850000,26.343,1.7928,1.0088,21.1315,
600243.SH,青海华鼎,2008-08-26,4.6077,4.7666,5.0645,4.6176,4.8162,5590132,27442262,0.2085,4.5259,4.9091,5.7945,467891625,N/A,906222500,96472500,0,186850000,27.5353,1.874,1.0545,22.0879,
600243.SH,青海华鼎,2008-08-27,4.8162,4.846,5.3028,4.5779,5.3028,9479240,48494917,0.4866,10.1031,5.1159,9.8258,515163150,N/A,997779000,96472500,0,186850000,30.3172,2.0633,1.161,24.3194,
600243.SH,青海华鼎,2008-08-28,5.3028,5.2432,5.4021,5.0148,5.1539,6874258,35777619,-0.149,-2.809,5.2046,7.1256,500692275,N/A,969751500,96472500,0,186850000,29.4656,2.0053,1.1284,23.6363,
600243.SH,青海华鼎,2008-08-29,5.1539,5.1737,5.3227,5.0148,5.273,6386578,33466398,0.1192,2.3121,5.2401,6.6201,512268975,N/A,992173500,96472500,0,186850000,30.1469,2.0517,1.1545,24.1828,
600243.SH,青海华鼎,2008-09-01,5.273,5.1638,5.2035,4.7864,4.8361,5092700,25308939,-0.4369,-8.2863,4.9697,5.2789,469821075,N/A,909959500,96472500,0,186850000,27.6488,1.8817,1.0588,22.179,
600243.SH,青海华鼎,2008-09-02,4.8361,4.8162,5.0148,4.7666,4.8659,3428115,16928288,0.0298,0.616,4.9381,3.5535,472715250,N/A,915565000,96472500,0,186850000,27.8192,1.8933,1.0653,22.3156,
600243.SH,青海华鼎,2008-09-03,4.8659,4.7864,4.8659,4.4488,4.5779,4606647,21292805,-0.288,-5.9184,4.6222,4.7751,444738225,N/A,861378500,96472500,0,186850000,26.1727,1.7812,1.0023,20.9949,
600243.SH,青海华鼎,2008-09-04,4.5779,4.5878,4.6474,4.5084,4.5779,2077655,9584369,0,0,4.6131,2.1536,444738225,N/A,861378500,96472500,0,186850000,26.1727,1.7812,1.0023,20.9949,
600243.SH,青海华鼎,2008-09-05,4.5779,4.4587,4.4587,4.1211,4.1708,2852417,12249329,-0.4071,-8.8937,4.2944,2.9567,405184500,N/A,784770000,96472500,0,186850000,23.845,1.6228,0.9131,19.1276,
600243.SH,青海华鼎,2008-09-08,4.1708,4.1708,4.1708,4.1708,4.1708,N/A,N/A,0,0,N/A,N/A,405184500,N/A,784770000,96472500,0,186850000,23.845,1.6228,0.9131,19.1276,
600243.SH,青海华鼎,2008-09-09,4.1708,3.9821,4.0714,3.7636,4.0516,2086223,8301959,-0.1192,-2.8571,3.9794,2.1625,393607800,N/A,762348000,96472500,0,186850000,23.1637,1.5764,0.8871,18.5811,
600243.SH,青海华鼎,2008-09-10,4.0516,3.9721,4.1708,3.8728,4.0814,1721145,7043779,0.0298,0.7353,4.0925,1.7841,396501975,N/A,767953500,96472500,0,186850000,23.334,1.588,0.8936,18.7178,
600243.SH,青海华鼎,2008-09-11,4.0814,4.0317,4.1211,3.9026,3.9622,927772,3728880,-0.1192,-2.9197,4.0192,0.9617,384925275,N/A,745531500,96472500,0,186850000,22.6527,1.5417,0.8675,18.1713,
600243.SH,青海华鼎,2008-09-12,3.9622,4.0119,4.0317,3.9324,3.9721,609478,2442625,0.0099,0.2506,4.0077,0.6318,385890000,N/A,747400000,96472500,0,186850000,22.7095,1.5455,0.8697,18.2168,
600243.SH,青海华鼎,2008-09-16,3.9721,3.9424,4.0218,3.7934,3.8728,947004,3744868,-0.0993,-2.5,3.9544,0.9816,376242750,N/A,728715000,96472500,0,186850000,22.1418,1.5069,0.8479,17.7614,
600243.SH,青海华鼎,2008-09-17,3.8728,3.9424,4.1211,3.9225,3.9622,1388259,5595861,0.0894,2.3077,4.0308,1.439,384925275,N/A,745531500,96472500,0,186850000,22.6527,1.5417,0.8675,18.1713,
600243.SH,青海华鼎,2008-09-18,3.9622,3.8232,3.8828,3.5749,3.7835,1433592,5405980,-0.1787,-4.5113,3.7709,1.486,367560225,N/A,711898500,96472500,0,186850000,21.6308,1.4721,0.8284,17.3515,
600243.SH,青海华鼎,2008-09-19,3.7835,4.0913,4.1608,3.9424,4.1608,1749534,7279569,0.3774,9.9738,4.1609,1.8135,404219775,N/A,782901500,96472500,0,186850000,23.7882,1.6189,0.911,19.0821,
600243.SH,青海华鼎,2008-09-22,4.1608,4.3991,4.5481,4.131,4.2899,4245567,18479039,0.1291,3.1026,4.3525,4.4008,416761200,N/A,807192000,96472500,0,186850000,24.5263,1.6692,0.9392,19.6742,
600243.SH,青海华鼎,2008-09-23,4.2899,4.1509,4.1509,3.9622,4.0218,1779641,7276974,-0.2681,-6.25,4.089,1.8447,390713625,N/A,756742500,96472500,0,186850000,22.9934,1.5648,0.8805,18.4445,
600243.SH,青海华鼎,2008-09-24,4.0218,3.8828,4.0615,3.8232,4.0417,871481,3462674,0.0199,0.4938,3.9733,0.9033,392643075,N/A,760479500,96472500,0,186850000,23.1069,1.5726,0.8849,18.5356,
600243.SH,青海华鼎,2008-09-25,4.0417,4.0615,4.141,3.9721,4.131,2143478,8840371,0.0894,2.2113,4.1243,2.2219,401325600,N/A,777296000,96472500,0,186850000,23.6179,1.6074,0.9045,18.9455,
600243.SH,青海华鼎,2008-09-26,4.131,4.141,4.141,3.9424,4.0119,1665043,6751148,-0.1192,-2.8846,4.0546,1.7259,389748900,N/A,754874000,96472500,0,186850000,22.9366,1.561,0.8784,18.399,
600243.SH,青海华鼎,2008-10-06,4.0119,3.9622,4.1708,3.7934,4.131,1987562,8037092,0.1192,2.9703,4.0437,2.0602,401325600,N/A,777296000,96472500,0,186850000,23.6179,1.6074,0.9045,18.9455,
600243.SH,青海华鼎,2008-10-07,4.131,3.9821,4.2204,3.9026,4.1012,1176547,4858875,-0.0298,-0.7212,4.1298,1.2196,398431425,N/A,771690500,96472500,0,186850000,23.4476,1.5958,0.8979,18.8089,
600243.SH,青海华鼎,2008-10-08,4.1012,3.9622,4.0814,3.8927,3.9523,973026,3878286,-0.149,-3.632,3.9858,1.0086,383960550,N/A,743663000,96472500,0,186850000,22.596,1.5378,0.8653,18.1257,
600243.SH,青海华鼎,2008-10-09,3.9523,3.9821,4.0814,3.8728,3.9126,595988,2371314,-0.0397,-1.005,3.9788,0.6178,380101650,N/A,736189000,96472500,0,186850000,22.3689,1.5223,0.8566,17.9436,
600243.SH,青海华鼎,2008-10-10,3.9126,3.7239,3.7934,3.5253,3.5253,1201889,4374389,-0.3873,-9.8985,3.6396,1.2458,342477375,N/A,663317500,96472500,0,186850000,20.1547,1.3717,0.7718,16.1674,
600243.SH,青海华鼎,2008-10-13,3.5253,3.4756,3.5749,3.2869,3.5253,1337912,4607200,0,0,3.4436,1.3868,342477375,N/A,663317500,96472500,0,186850000,20.1547,1.3717,0.7718,16.1674,
600243.SH,青海华鼎,2008-10-14,3.5253,3.6047,3.6345,3.3366,3.3565,1700501,6010148,-0.1688,-4.7887,3.5343,1.7627,326077050,N/A,631553000,96472500,0,186850000,19.1895,1.306,0.7349,15.3932,
600243.SH,青海华鼎,2008-10-15,3.3565,3.3565,3.3962,3.2274,3.3167,1129876,3767218,-0.0397,-1.1834,3.3342,1.1712,322218150,N/A,624079000,96472500,0,186850000,18.9624,1.2905,0.7262,15.211,
600243.SH,青海华鼎,2008-10-16,3.3167,3.2174,3.2174,2.989,3.0288,3306900,10131208,-0.288,-8.6826,3.0637,3.4278,294241125,N/A,569892500,96472500,0,186850000,17.316,1.1785,0.6631,13.8903,
600243.SH,青海华鼎,2008-10-17,3.0288,3.0883,3.0983,3.0288,3.0784,1143111,3534444,0.0497,1.6393,3.092,1.1849,299064750,N/A,579235000,96472500,0,186850000,17.5999,1.1978,0.674,14.118,
600243.SH,青海华鼎,2008-10-20,3.0784,3.0288,3.1777,2.9791,3.1579,1423397,4439072,0.0794,2.5806,3.1186,1.4754,306782550,N/A,594183000,96472500,0,186850000,18.0541,1.2287,0.6914,14.4824,
600243.SH,青海华鼎,2008-10-21,3.1579,3.138,3.2274,3.138,3.1479,1394460,4475757,-0.0099,-0.3145,3.2097,1.4454,305817825,N/A,592314500,96472500,0,186850000,17.9973,1.2248,0.6892,14.4368,
600243.SH,青海华鼎,2008-10-22,3.1479,3.1281,3.2472,3.0883,3.1678,1763487,5649275,0.0199,0.6309,3.2035,1.828,307747275,N/A,596051500,96472500,0,186850000,18.1108,1.2326,0.6936,14.5279,
600243.SH,青海华鼎,2008-10-23,3.1678,3.1181,3.4061,3.0486,3.3664,3750540,12309583,0.1986,6.2696,3.2821,3.8877,327041775,N/A,633421500,96472500,0,186850000,19.2463,1.3098,0.737,15.4387,
600243.SH,青海华鼎,2008-10-24,3.3664,3.2969,3.3763,3.1678,3.3267,2196765,7247789,-0.0397,-1.1799,3.2993,2.2771,323182875,N/A,625947500,96472500,0,186850000,19.0192,1.2944,0.7283,15.2566,
600243.SH,青海华鼎,2008-10-27,3.3267,3.2472,3.3863,3.0288,3.0784,2695383,8814309,-0.2483,-7.4627,3.2702,2.7939,299064750,N/A,579235000,96472500,0,186850000,17.5999,1.1978,0.674,14.118,
600243.SH,青海华鼎,2008-10-28,3.0784,3.138,3.3863,3.0883,3.3863,7700768,25789988,0.3078,10,3.349,7.9823,328971225,N/A,637158500,96472500,0,186850000,19.3599,1.3176,0.7414,15.5298,
600243.SH,青海华鼎,2008-10-29,3.3863,3.4856,3.7239,3.416,3.7239,13014183,46891286,0.3376,9.9707,3.6031,13.49,361771875,N/A,700687500,96472500,0,186850000,21.2902,1.4489,0.8153,17.0783,
600243.SH,青海华鼎,2008-10-30,3.7239,3.8728,3.8927,3.6544,3.8232,13861641,52801446,0.0993,2.6667,3.8092,14.3685,371419125,N/A,719372500,96472500,0,186850000,21.8579,1.4876,0.8371,17.5337,
600243.SH,青海华鼎,2008-10-31,3.8232,3.7239,3.9126,3.6047,3.7537,9763913,36949590,-0.0695,-1.8182,3.7843,10.1209,364666050,N/A,706293000,96472500,0,186850000,21.4605,1.4605,0.8218,17.2149,
600243.SH,青海华鼎,2008-11-03,3.7537,3.7437,4.131,3.6147,4.0714,11666180,45319357,0.3178,8.4656,3.8847,12.0928,395537250,N/A,766085000,96472500,0,186850000,23.2773,1.5842,0.8914,18.6722,
600243.SH,青海华鼎,2008-11-04,4.0714,3.9424,4.1608,3.7735,3.8033,11942567,47432013,-0.2681,-6.5854,3.9717,12.3792,369489675,N/A,715635500,96472500,0,186850000,21.7444,1.4798,0.8327,17.4426,
600243.SH,青海华鼎,2008-11-05,3.8033,3.7437,4.0119,3.7437,3.853,8955113,35017598,0.0497,1.3055,3.9103,9.2826,374313300,N/A,724978000,96472500,0,186850000,22.0282,1.4992,0.8436,17.6703,
600243.SH,青海华鼎,2008-11-06,3.853,3.7239,3.9622,3.714,3.9523,7233644,28192646,0.0993,2.5773,3.8974,7.4981,383960550,N/A,743663000,96472500,0,186850000,22.596,1.5378,0.8653,18.1257,
600243.SH,青海华鼎,2008-11-07,3.9523,3.8828,4.0317,3.853,4.0019,6254271,24967896,0.0497,1.2563,3.9921,6.483,388784175,N/A,753005500,96472500,0,186850000,22.8798,1.5571,0.8762,18.3534,
600243.SH,青海华鼎,2008-11-10,4.0019,4.1012,4.3991,4.0119,4.3991,10138712,44007113,0.3972,9.9256,4.3405,10.5094,427373175,N/A,827745500,96472500,0,186850000,25.1508,1.7117,0.9632,20.1751,
600243.SH,青海华鼎,2008-11-11,4.3991,4.4289,4.6275,4.28,4.4289,12013573,53836938,0.0298,0.6772,4.4813,12.4528,430267350,N/A,833351000,96472500,0,186850000,25.3211,1.7233,0.9697,20.3117,
600243.SH,青海华鼎,2008-11-12,4.4289,4.3694,4.6077,4.3197,4.5481,6728493,30183153,0.1192,2.6906,4.4859,6.9745,441844050,N/A,855773000,96472500,0,186850000,26.0024,1.7696,0.9958,20.8582,
600243.SH,青海华鼎,2008-11-13,4.5481,4.4687,4.9155,4.3991,4.6474,11607459,55000823,0.0993,2.1834,4.7384,12.0319,451491300,N/A,874458000,96472500,0,186850000,26.5701,1.8083,1.0175,21.3137,
600243.SH,青海华鼎,2008-11-14,4.6474,4.6275,4.9354,4.5481,4.9155,8816451,42051007,0.2681,5.7692,4.7696,9.1388,477538875,N/A,924907500,96472500,0,186850000,28.103,1.9126,1.0762,22.5433,
600243.SH,青海华鼎,2008-11-17,4.9155,5.0446,5.4021,4.7864,5.3823,10515050,53509986,0.4667,9.4949,5.0889,10.8995,522880950,N/A,1012727000,96472500,0,186850000,30.7714,2.0942,1.1784,24.6838,
600243.SH,青海华鼎,2008-11-18,5.3823,5.4617,5.5213,4.846,4.846,7964261,41362525,-0.5362,-9.9631,5.1935,8.2555,470785800,N/A,911828000,96472500,0,186850000,27.7056,1.8855,1.061,22.2245,
600243.SH,青海华鼎,2008-11-19,4.846,4.8857,5.2134,4.8162,5.1936,7684435,38782502,0.3476,7.1721,5.0469,7.9654,504551175,N/A,977225500,96472500,0,186850000,29.6927,2.0208,1.1371,23.8185,
600243.SH,青海华鼎,2008-11-20,5.1936,5.0645,5.1539,4.7864,4.9255,4884178,24405570,-0.2681,-5.1625,4.9969,5.0628,478503600,N/A,926776000,96472500,0,186850000,28.1598,1.9165,1.0784,22.5888,
600243.SH,青海华鼎,2008-11-21,4.9255,4.7368,5.0546,4.5779,4.8758,5467204,26639141,-0.0497,-1.0081,4.8725,5.6671,473679975,N/A,917433500,96472500,0,186850000,27.8759,1.8971,1.0675,22.3611,
600243.SH,青海华鼎,2008-11-24,4.8758,4.9652,4.9652,4.4091,4.5878,3786600,17875359,-0.288,-5.9063,4.7207,3.9251,445702950,N/A,863247000,96472500,0,186850000,26.2295,1.7851,1.0045,21.0404,
600243.SH,青海华鼎,2008-11-25,4.5878,4.7666,4.9155,4.3594,4.6971,4160449,19661777,0.1092,2.381,4.7259,4.3126,456314925,N/A,883800500,96472500,0,186850000,26.854,1.8276,1.0284,21.5414,
600243.SH,青海华鼎,2008-11-26,4.6971,4.568,4.9155,4.568,4.7566,3861693,18501154,0.0596,1.2685,4.7909,4.0029,462103275,N/A,895011500,96472500,0,186850000,27.1946,1.8508,1.0414,21.8146,
600243.SH,青海华鼎,2008-11-27,4.7566,5.1141,5.134,4.6176,4.6573,8336687,40843908,-0.0993,-2.0877,4.8993,8.6415,452456025,N/A,876326500,96472500,0,186850000,26.6269,1.8121,1.0197,21.3592,
600243.SH,青海华鼎,2008-11-28,4.6573,4.568,4.8262,4.4687,4.568,5022480,23586406,-0.0894,-1.919,4.6962,5.2061,443773500,N/A,859510000,96472500,0,186850000,26.1159,1.7774,1.0001,20.9493,
600243.SH,青海华鼎,2008-12-01,4.568,4.4885,4.7368,4.2701,4.6871,5408510,24741118,0.1192,2.6087,4.5745,5.6063,455350200,N/A,881932000,96472500,0,186850000,26.7972,1.8237,1.0262,21.4958,
600243.SH,青海华鼎,2008-12-02,4.6871,4.5282,4.8857,4.4885,4.7765,6073798,29060939,0.0894,1.9068,4.7846,6.2959,464032725,N/A,898748500,96472500,0,186850000,27.3082,1.8585,1.0458,21.9057,
600243.SH,青海华鼎,2008-12-03,4.7765,4.7864,5.1638,4.7864,5.0843,7366108,36875213,0.3078,6.4449,5.0061,7.6354,493939200,N/A,956672000,96472500,0,186850000,29.0682,1.9783,1.1132,23.3175,
600243.SH,青海华鼎,2008-12-04,5.0843,5.0843,5.1638,4.8857,4.9354,8684267,44176618,-0.149,-2.9297,5.087,9.0018,479468325,N/A,928644500,96472500,0,186850000,28.2166,1.9203,1.0806,22.6344,
600243.SH,青海华鼎,2008-12-05,4.9354,4.8659,5.0645,4.846,5.0347,3988353,19949386,0.0993,2.0121,5.0019,4.1342,489115575,N/A,947329500,96472500,0,186850000,28.7843,1.959,1.1023,23.0898,
600243.SH,青海华鼎,2008-12-08,5.0347,5.0148,5.4617,5.0049,5.3723,7303185,38618145,0.3376,6.7061,5.2878,7.5702,521916225,N/A,1010858500,96472500,0,186850000,30.7146,2.0903,1.1762,24.6382,
600243.SH,青海华鼎,2008-12-09,5.3723,5.3922,5.3922,5.0645,5.0645,5010843,26186959,-0.3078,-5.7301,5.2261,5.1941,492009750,N/A,952935000,96472500,0,186850000,28.9546,1.9706,1.1088,23.2264,
600243.SH,青海华鼎,2008-12-10,5.0645,5.0049,5.2234,4.9453,5.2035,4354307,22398517,0.139,2.7451,5.144,4.5135,505515900,N/A,979094000,96472500,0,186850000,29.7495,2.0246,1.1393,23.864,
600243.SH,青海华鼎,2008-12-11,5.2035,5.2631,5.3723,4.9255,4.9453,5125380,26637280,-0.2582,-4.9618,5.1971,5.3128,480433050,N/A,930513000,96472500,0,186850000,28.2733,1.9242,1.0827,22.6799,
600243.SH,青海华鼎,2008-12-12,4.9453,4.9354,5.0843,4.5481,4.6375,3498328,16711101,-0.3078,-6.2249,4.7769,3.6262,450526575,N/A,872589500,96472500,0,186850000,26.5134,1.8044,1.0153,21.2681,
600243.SH,青海华鼎,2008-12-15,4.6375,4.6772,4.8063,4.6275,4.7765,2549018,12091083,0.139,2.9979,4.7434,2.6422,464032725,N/A,898748500,96472500,0,186850000,27.3082,1.8585,1.0458,21.9057,
600243.SH,青海华鼎,2008-12-16,4.7765,4.707,4.995,4.6275,4.9652,3652571,17722241,0.1887,3.9501,4.852,3.7861,482362500,N/A,934250000,96472500,0,186850000,28.3869,1.9319,1.0871,22.771,
600243.SH,青海华鼎,2008-12-17,4.9652,4.9552,5.0248,4.8857,4.9453,3603083,18004934,-0.0199,-0.4,4.9971,3.7348,480433050,N/A,930513000,96472500,0,186850000,28.2733,1.9242,1.0827,22.6799,
600243.SH,青海华鼎,2008-12-18,4.9453,4.9155,5.1638,4.8659,5.134,4947966,25236814,0.1887,3.8153,5.1004,5.1289,498762825,N/A,966014500,96472500,0,186850000,29.3521,1.9976,1.124,23.5452,
600243.SH,青海华鼎,2008-12-19,5.134,5.1439,5.2134,5.0248,5.0645,3959131,20352316,-0.0695,-1.354,5.1406,4.1039,492009750,N/A,952935000,96472500,0,186850000,28.9546,1.9706,1.1088,23.2264,
600243.SH,青海华鼎,2008-12-22,5.0645,5.0446,5.0843,4.8559,4.9652,3196265,16011490,-0.0993,-1.9608,5.0094,3.3131,482362500,N/A,934250000,96472500,0,186850000,28.3869,1.9319,1.0871,22.771,
600243.SH,青海华鼎,2008-12-23,4.9652,4.985,5.3823,4.9652,5.1638,10801357,56058899,0.1986,4,5.19,11.1963,501657000,N/A,971620000,96472500,0,186850000,29.5224,2.0092,1.1306,23.6819,
600243.SH,青海华鼎,2008-12-24,5.1638,5.2432,5.6802,5.1439,5.5014,20081092,109900870,0.3376,6.5385,5.4729,20.8154,534457650,N/A,1035149000,96472500,0,186850000,31.4527,2.1406,1.2045,25.2303,
600243.SH,青海华鼎,2008-12-25,5.5014,5.4617,5.4617,5.0645,5.3127,10211065,54184965,-0.1887,-3.4296,5.3065,10.5844,516127875,N/A,999647500,96472500,0,186850000,30.374,2.0671,1.1632,24.365,
600243.SH,青海华鼎,2008-12-26,5.3127,5.3227,5.3723,4.7864,4.8659,6877126,34872469,-0.4469,-8.4112,5.0708,7.1286,472715250,N/A,915565000,96472500,0,186850000,27.8192,1.8933,1.0653,22.3156,
600243.SH,青海华鼎,2008-12-29,4.8659,4.8361,5.1936,4.7666,5.0843,5572809,28466644,0.2185,4.4898,5.1081,5.2666,541772800,N/A,956672000,105815000,0,186850000,29.0682,1.9783,1.1132,23.3175,
600243.SH,青海华鼎,2008-12-30,5.0843,5.0645,5.1737,4.8957,5.1539,4008244,20328199,0.0695,1.3672,5.0716,3.788,549179850,N/A,969751500,105815000,0,186850000,29.4656,2.0053,1.1284,23.6363,
600243.SH,青海华鼎,2008-12-31,5.1539,5.1141,5.2631,5.0446,5.2234,3567287,18572130,0.0695,1.3487,5.2062,3.3712,556586900,N/A,982831000,105815000,0,186850000,29.863,2.0324,1.1436,23.9551,
600243.SH,青海华鼎,2009-01-05,5.2234,5.3227,5.7497,5.2532,5.7497,8834130,50207893,0.5263,10.076,5.6834,8.3487,612668850,N/A,1081861500,105815000,0,186850000,37.6022,2.1668,1.0482,-326.7194,
600243.SH,青海华鼎,2009-01-06,5.7497,6.0079,6.1171,5.8093,6.0476,16112610,96809072,0.2979,5.1813,6.0083,15.2272,644413350,N/A,1137916500,105815000,0,186850000,39.5505,2.2791,1.1025,-343.6478,
600243.SH,青海华鼎,2009-01-07,6.0476,5.9185,6.276,5.8688,6.1568,10309425,63187401,0.1092,1.8062,6.1291,9.7429,656053000,N/A,1158470000,105815000,0,186850000,40.2649,2.3203,1.1224,-349.8549,
600243.SH,青海华鼎,2009-01-08,6.1568,5.9781,6.1072,5.8887,6.0178,5577028,33537700,-0.139,-2.2581,6.0135,5.2705,641238900,N/A,1132311000,105815000,0,186850000,39.3557,2.2679,1.097,-341.955,
600243.SH,青海华鼎,2009-01-09,6.0178,5.9781,6.2462,5.9781,6.1072,5204841,32052193,0.0894,1.4851,6.1582,4.9188,650762250,N/A,1149127500,105815000,0,186850000,39.9402,2.3016,1.1133,-347.0335,
600243.SH,青海华鼎,2009-01-12,6.1072,5.9781,6.4448,5.8688,6.2065,6919883,42673844,0.0993,1.626,6.1668,6.5396,661343750,N/A,1167812500,105815000,0,186850000,40.5896,2.339,1.1314,-352.6763,
600243.SH,青海华鼎,2009-01-13,6.2065,6.0377,6.1072,5.7894,5.8192,5329179,31990461,-0.3873,-6.24,6.0029,5.0363,620075900,N/A,1094941000,105815000,0,186850000,38.0568,2.193,1.0608,-330.6693,
600243.SH,青海华鼎,2009-01-14,5.8192,5.7596,6.0079,5.7397,5.9483,4495223,26666586,0.1291,2.2184,5.9322,4.2482,633831850,N/A,1119231500,105815000,0,186850000,38.9011,2.2417,1.0844,-338.005,
600243.SH,青海华鼎,2009-01-15,5.9483,5.8391,6.1767,5.7596,6.0079,6507509,39502212,0.0596,1.0017,6.0703,6.1499,640180750,N/A,1130442500,105815000,0,186850000,39.2908,2.2641,1.0952,-341.3907,
600243.SH,青海华鼎,2009-01-16,6.0079,6.0575,6.4051,6.0079,6.1469,8008695,49767429,0.139,2.314,6.2142,7.5686,654994850,N/A,1156601500,105815000,0,186850000,40.2,2.3165,1.1206,-349.2906,
600243.SH,青海华鼎,2009-01-19,6.1469,6.1469,6.2065,5.8589,6.0476,4900415,29636597,-0.0993,-1.6155,6.0478,4.6311,644413350,N/A,1137916500,105815000,0,186850000,39.5505,2.2791,1.1025,-343.6478,
600243.SH,青海华鼎,2009-01-20,6.0476,5.9979,6.0575,5.849,5.9979,2495685,14927222,-0.0497,-0.821,5.9812,2.3585,639122600,N/A,1128574000,105815000,0,186850000,39.2258,2.2604,1.0934,-340.8264,
600243.SH,青海华鼎,2009-01-21,5.9979,5.8093,6.1568,5.8093,5.9086,3633433,21952945,-0.0894,-1.4901,6.0419,3.4338,629599250,N/A,1111757500,105815000,0,186850000,38.6413,2.2267,1.0771,-335.7479,
600243.SH,青海华鼎,2009-01-22,5.9086,5.9582,6.137,5.8986,6.1072,3879415,23597358,0.1986,3.3613,6.0827,3.6662,650762250,N/A,1149127500,105815000,0,186850000,39.9402,2.3016,1.1133,-347.0335,
600243.SH,青海华鼎,2009-01-23,6.1072,6.1568,6.4051,6.0575,6.1866,6520663,41212243,0.0794,1.3008,6.3203,6.1623,659227450,N/A,1164075500,105815000,0,186850000,40.4597,2.3315,1.1278,-351.5478,
600243.SH,青海华鼎,2009-02-02,6.1866,6.2363,6.3157,6.0575,6.2462,3550468,22309408,0.0596,0.9631,6.2835,3.3554,665576350,N/A,1175286500,105815000,0,186850000,40.8494,2.354,1.1387,-354.9334,
600243.SH,青海华鼎,2009-02-03,6.2462,6.2462,6.8023,6.1866,6.5342,7525095,49777966,0.288,4.6105,6.6149,7.1116,696262700,N/A,1229473000,105815000,0,186850000,42.7328,2.4625,1.1912,-371.2976,
600243.SH,青海华鼎,2009-02-04,6.5342,6.4945,6.6236,6.3753,6.4945,6827776,44496397,-0.0397,-0.6079,6.517,6.4526,692030100,N/A,1221999000,105815000,0,186850000,42.473,2.4475,1.1839,-369.0405,
600243.SH,青海华鼎,2009-02-05,6.4945,6.4945,6.8718,6.3852,6.5242,8603775,57568976,0.0298,0.4587,6.6911,8.131,695204550,N/A,1227604500,105815000,0,186850000,42.6678,2.4588,1.1894,-370.7333,
600243.SH,青海华鼎,2009-02-06,6.5242,6.6533,6.8519,6.5242,6.7725,8259953,55510035,0.2483,3.8052,6.7204,7.806,721658300,N/A,1274317000,105815000,0,186850000,44.2914,2.5523,1.2346,-384.8404,
600243.SH,青海华鼎,2009-02-09,6.7725,6.7725,6.8917,6.6136,6.7824,7944513,53921360,0.0099,0.1466,6.7872,7.5079,722716450,N/A,1276185500,105815000,0,186850000,44.3564,2.5561,1.2364,-385.4047,
600243.SH,青海华鼎,2009-02-10,6.7824,6.6533,6.8817,6.6533,6.8122,6510844,44325745,0.0298,0.4392,6.808,6.153,725890900,N/A,1281791000,105815000,0,186850000,44.5512,2.5673,1.2419,-387.0975,
600243.SH,青海华鼎,2009-02-11,6.8122,6.6533,7.1499,6.6037,6.9115,8220167,56953621,0.0993,1.4577,6.9285,7.7684,736472400,N/A,1300476000,105815000,0,186850000,45.2006,2.6047,1.26,-392.7404,
600243.SH,青海华鼎,2009-02-12,6.9115,6.9215,6.9612,6.6136,6.8718,5383010,36784321,-0.0397,-0.5747,6.8334,5.0872,732239800,N/A,1293002000,105815000,0,186850000,44.9408,2.5897,1.2527,-390.4832,
600243.SH,青海华鼎,2009-02-13,6.8718,6.981,7.2392,6.7725,7.1399,9594184,68061544,0.2681,3.9017,7.094,9.0669,760809850,N/A,1343451500,105815000,0,186850000,46.6943,2.6908,1.3016,-405.7188,
600243.SH,青海华鼎,2009-02-16,7.1399,7.1399,7.1995,6.8023,7.0208,8232594,57986351,-0.1192,-1.669,7.0435,7.7802,748112050,N/A,1321029500,105815000,0,186850000,45.915,2.6459,1.2799,-398.9474,
600243.SH,青海华鼎,2009-02-17,7.0208,6.9314,6.9314,6.5342,6.5838,7502707,50652663,-0.4369,-6.2235,6.7513,7.0904,701553450,N/A,1238815500,105815000,0,186850000,43.0575,2.4812,1.2002,-374.119,
600243.SH,青海华鼎,2009-02-18,6.5838,6.3952,6.554,6.1568,6.2263,4653224,30028452,-0.3575,-5.4299,6.4533,4.3975,663460050,N/A,1171549500,105815000,0,186850000,40.7195,2.3465,1.1351,-353.8049,
600243.SH,青海华鼎,2009-02-19,6.2263,6.3058,6.3554,6.1568,6.3256,3421499,21593883,0.0993,1.5949,6.3112,3.2335,674041550,N/A,1190234500,105815000,0,186850000,41.369,2.3839,1.1532,-359.4477,
600243.SH,青海华鼎,2009-02-20,6.3256,6.3356,6.4547,6.2363,6.4349,4690308,30035258,0.1092,1.7268,6.4037,4.4326,685681200,N/A,1210788000,105815000,0,186850000,42.0833,2.4251,1.1731,-365.6548,
600243.SH,青海华鼎,2009-02-23,6.4349,6.4249,6.6831,6.3753,6.6434,7319527,48558675,0.2085,3.2407,6.6341,6.9173,707902350,N/A,1250026500,105815000,0,186850000,43.4471,2.5037,1.2111,-377.5047,
600243.SH,青海华鼎,2009-02-24,6.6434,6.554,6.7427,6.0377,6.1469,6477649,41855280,-0.4965,-7.4738,6.4615,6.1217,654994850,N/A,1156601500,105815000,0,186850000,40.2,2.3165,1.1206,-349.2906,
600243.SH,青海华鼎,2009-02-25,6.1469,6.2065,6.2958,5.9384,6.1866,4478569,27609241,0.0397,0.6462,6.1647,4.2325,659227450,N/A,1164075500,105815000,0,186850000,40.4597,2.3315,1.1278,-351.5478,
600243.SH,青海华鼎,2009-02-26,6.1866,6.1568,6.2561,5.5709,5.7298,4124949,24947416,-0.4568,-7.3836,6.0479,3.8983,610552550,N/A,1078124500,105815000,0,186850000,37.4724,2.1594,1.0445,-325.5908,
600243.SH,青海华鼎,2009-02-27,5.7298,5.5809,5.6504,5.2234,5.3127,4071964,22190958,-0.4171,-7.279,5.4497,3.8482,566110250,N/A,999647500,105815000,0,186850000,34.7447,2.0022,0.9685,-301.8909,
600243.SH,青海华鼎,2009-03-02,5.3127,5.3127,5.4716,5.3127,5.4418,2172544,11836095,0.1291,2.4299,5.448,2.0532,579866200,N/A,1023938000,105815000,0,186850000,35.589,2.0508,0.992,-309.2266,
600243.SH,青海华鼎,2009-03-03,5.4418,5.2929,5.561,5.2234,5.5312,2769642,15180428,0.0894,1.6423,5.481,2.6174,589389550,N/A,1040754500,105815000,0,186850000,36.1735,2.0845,1.0083,-314.3051,
600243.SH,青海华鼎,2009-03-04,5.5312,5.6107,5.8291,5.5511,5.7795,4711981,27144423,0.2483,4.4883,5.7607,4.453,615843300,N/A,1087467000,105815000,0,186850000,37.7971,2.1781,1.0536,-328.4122,
600243.SH,青海华鼎,2009-03-05,5.7795,5.7894,6.0277,5.6603,5.8291,5345146,31327734,0.0497,0.8591,5.861,5.0514,621134050,N/A,1096809500,105815000,0,186850000,38.1218,2.1968,1.0626,-331.2336,
600243.SH,青海华鼎,2009-03-06,5.8291,5.6603,6.3058,5.5709,6.127,6126762,36975313,0.2979,5.1107,6.035,5.7901,652878550,N/A,1152864500,105815000,0,186850000,40.0701,2.3091,1.117,-348.1621,
600243.SH,青海华鼎,2009-03-09,6.127,6.0575,6.2859,5.8688,6.0774,6983869,42826801,-0.0497,-0.8104,6.1322,6.6001,647587800,N/A,1143522000,105815000,0,186850000,39.7454,2.2903,1.1079,-345.3407,
600243.SH,青海华鼎,2009-03-10,6.0774,6.0079,6.1469,5.561,6.0972,3672115,22114612,0.0199,0.3268,6.0223,3.4703,649704100,N/A,1147259000,105815000,0,186850000,39.8753,2.2978,1.1115,-346.4692,
600243.SH,青海华鼎,2009-03-11,6.0972,6.137,6.2561,6.0377,6.1767,4231526,26191673,0.0794,1.3029,6.1897,3.999,658169300,N/A,1162207000,105815000,0,186850000,40.3948,2.3278,1.126,-350.9835,
600243.SH,青海华鼎,2009-03-12,6.1767,6.1568,6.1965,5.9582,6.127,3181122,19393776,-0.0497,-0.8039,6.0965,3.0063,652878550,N/A,1152864500,105815000,0,186850000,40.0701,2.3091,1.117,-348.1621,
600243.SH,青海华鼎,2009-03-13,6.127,6.1965,6.2065,5.9086,5.9284,2810454,17131445,-0.1986,-3.2415,6.0956,2.656,631715550,N/A,1115494500,105815000,0,186850000,38.7712,2.2342,1.0807,-336.8764,
600243.SH,青海华鼎,2009-03-16,5.9284,5.9384,5.9384,5.561,5.7497,5627213,32215281,-0.1787,-3.0151,5.7249,5.318,612668850,N/A,1081861500,105815000,0,186850000,37.6022,2.1668,1.0482,-326.7194,
600243.SH,青海华鼎,2009-03-17,5.7497,5.7397,5.9681,5.6107,5.9284,3876575,22729691,0.1787,3.1088,5.8633,3.6635,631715550,N/A,1115494500,105815000,0,186850000,38.7712,2.2342,1.0807,-336.8764,
600243.SH,青海华鼎,2009-03-18,5.9284,5.9384,6.1767,5.9086,6.0774,5907493,36099606,0.149,2.5126,6.1108,5.5829,647587800,N/A,1143522000,105815000,0,186850000,39.7454,2.2903,1.1079,-345.3407,
600243.SH,青海华鼎,2009-03-19,6.0774,6.0873,6.6236,6.0575,6.5242,9515097,60718438,0.4469,7.3529,6.3813,8.9922,695204550,N/A,1227604500,105815000,0,186850000,42.6678,2.4588,1.1894,-370.7333,
600243.SH,青海华鼎,2009-03-20,6.5242,6.5242,6.5242,6.2661,6.3554,7436034,47843824,-0.1688,-2.5875,6.4341,7.0274,677216000,N/A,1195840000,105815000,0,186850000,41.5638,2.3951,1.1586,-361.1406,
600243.SH,青海华鼎,2009-03-23,6.3554,6.3157,6.5143,6.276,6.5143,7116928,45968636,0.1589,2.5,6.4591,6.7258,694146400,N/A,1225736000,105815000,0,186850000,42.6029,2.455,1.1876,-370.1691,
600243.SH,青海华鼎,2009-03-24,6.5143,6.6335,6.9314,6.5143,6.7824,13907323,94511570,0.2681,4.1159,6.7958,13.1431,722716450,N/A,1276185500,105815000,0,186850000,44.3564,2.5561,1.2364,-385.4047,
600243.SH,青海华鼎,2009-03-25,6.7824,6.7129,6.7129,6.4249,6.4945,8391386,55638512,-0.288,-4.246,6.6304,7.9302,692030100,N/A,1221999000,105815000,0,186850000,42.473,2.4475,1.1839,-369.0405,
600243.SH,青海华鼎,2009-03-26,6.4945,6.5242,6.5838,6.2561,6.5342,6542149,42374042,0.0397,0.6116,6.4771,6.1826,696262700,N/A,1229473000,105815000,0,186850000,42.7328,2.4625,1.1912,-371.2976,
600243.SH,青海华鼎,2009-03-27,6.5342,6.5044,6.7427,6.4845,6.6335,7580714,50454559,0.0993,1.5198,6.6556,7.1641,706844200,N/A,1248158000,105815000,0,186850000,43.3822,2.4999,1.2093,-376.9405,
600243.SH,青海华鼎,2009-03-30,6.6335,6.6335,6.8023,6.4647,6.703,6700591,44613255,0.0695,1.0479,6.6581,6.3324,714251250,N/A,1261237500,105815000,0,186850000,43.8368,2.5261,1.222,-380.8904,
600243.SH,青海华鼎,2009-03-31,6.703,6.6136,6.8817,6.5242,6.8619,10791347,73475286,0.1589,2.3704,6.8087,10.1983,731181650,N/A,1291133500,105815000,0,186850000,44.8759,2.586,1.2509,-389.9189,
600243.SH,青海华鼎,2009-04-01,6.8619,6.842,6.9513,6.6633,6.9016,9920595,68027065,0.0397,0.5789,6.8572,9.3754,735414250,N/A,1298607500,105815000,0,186850000,45.1357,2.601,1.2582,-392.1761,
600243.SH,青海华鼎,2009-04-02,6.9016,6.9016,6.9711,6.7328,6.8718,9282402,63976927,-0.0298,-0.4317,6.8923,8.7723,732239800,N/A,1293002000,105815000,0,186850000,44.9408,2.5897,1.2527,-390.4832,
600243.SH,青海华鼎,2009-04-03,6.8718,6.9215,6.9513,6.554,6.7328,6641226,45065095,-0.139,-2.0231,6.7857,6.2763,717425700,N/A,1266843000,105815000,0,186850000,44.0316,2.5373,1.2274,-382.5833,
600243.SH,青海华鼎,2009-04-07,6.7328,6.6732,6.7924,6.564,6.7626,3877479,26038574,0.0298,0.4425,6.7153,3.6644,720600150,N/A,1272448500,105815000,0,186850000,44.2265,2.5486,1.2328,-384.2761,
600243.SH,青海华鼎,2009-04-08,6.7626,6.703,6.7328,6.3852,6.4547,4402699,29103902,-0.3078,-4.5521,6.6105,4.1608,687797500,N/A,1214525000,105815000,0,186850000,42.2132,2.4326,1.1767,-366.7834,
600243.SH,青海华鼎,2009-04-09,6.4547,6.3852,6.4945,6.2661,6.4647,4130694,26548026,0.0099,0.1538,6.427,3.9037,688855650,N/A,1216393500,105815000,0,186850000,42.2782,2.4363,1.1785,-367.3477,
600243.SH,青海华鼎,2009-04-10,6.4647,6.4547,6.7526,6.415,6.6434,4278215,28383461,0.1787,2.765,6.6344,4.0431,707902350,N/A,1250026500,105815000,0,186850000,43.4471,2.5037,1.2111,-377.5047,
600243.SH,青海华鼎,2009-04-13,6.6434,6.6335,6.7427,6.554,6.703,6681288,44708129,0.0596,0.8969,6.6915,6.3141,714251250,N/A,1261237500,105815000,0,186850000,43.8368,2.5261,1.222,-380.8904,
600243.SH,青海华鼎,2009-04-14,6.703,6.6533,6.8817,6.6037,6.7626,6224984,42437401,0.0596,0.8889,6.8173,5.8829,720600150,N/A,1272448500,105815000,0,186850000,44.2265,2.5486,1.2328,-384.2761,
600243.SH,青海华鼎,2009-04-15,6.7626,6.703,7.0506,6.6533,7.0406,9455340,65567569,0.2781,4.1116,6.9344,8.9357,750228350,N/A,1324766500,105815000,0,186850000,46.0449,2.6534,1.2835,-400.076,
600243.SH,青海华鼎,2009-04-16,7.0406,7.1002,7.1201,6.9115,7.0506,7693977,54338335,0.0099,0.141,7.0625,7.2712,751286500,N/A,1326635000,105815000,0,186850000,46.1098,2.6571,1.2853,-400.6403,
600243.SH,青海华鼎,2009-04-17,7.0506,7.0108,7.1598,6.7626,7.1101,8223314,57980313,0.0596,0.8451,7.0507,7.7714,757635400,N/A,1337846000,105815000,0,186850000,46.4995,2.6796,1.2962,-404.026,
600243.SH,青海华鼎,2009-04-20,7.1101,7.1101,7.3286,7.0009,7.3087,8273021,59901625,0.1986,2.7933,7.2406,7.8184,778798400,N/A,1375216000,105815000,0,186850000,47.7984,2.7544,1.3324,-415.3116,
600243.SH,青海华鼎,2009-04-21,7.3087,7.1995,7.279,6.9215,7.0605,7005146,50015891,-0.2483,-3.3967,7.1399,6.6202,752344650,N/A,1328503500,105815000,0,186850000,46.1748,2.6608,1.2871,-401.2046,
600243.SH,青海华鼎,2009-04-22,7.0605,7.1499,7.1697,6.6533,6.8023,6257343,43901325,-0.2582,-3.6568,7.016,5.9135,724832750,N/A,1279922500,105815000,0,186850000,44.4862,2.5635,1.2401,-386.5333,
600243.SH,青海华鼎,2009-04-23,6.8023,6.7824,6.9016,6.5143,6.8619,5795890,39047843,0.0596,0.8759,6.7372,5.4774,731181650,N/A,1291133500,105815000,0,186850000,44.8759,2.586,1.2509,-389.9189,
600243.SH,青海华鼎,2009-04-24,6.8619,6.8917,7.0307,6.6533,6.7427,6569402,45049841,-0.1192,-1.7366,6.8575,6.2084,718483850,N/A,1268711500,105815000,0,186850000,44.0966,2.5411,1.2292,-383.1476,
600243.SH,青海华鼎,2009-04-27,6.7427,6.6633,6.6633,6.1767,6.2164,4031004,25869245,-0.5263,-7.8056,6.4176,3.8095,662401900,N/A,1169681000,105815000,0,186850000,40.6546,2.3427,1.1332,-353.2406,
600243.SH,青海华鼎,2009-04-28,6.2164,6.1767,6.4448,6.1767,6.3554,2488804,15815746,0.139,2.2364,6.3548,2.352,677216000,N/A,1195840000,105815000,0,186850000,41.5638,2.3951,1.1586,-361.1406,
600243.SH,青海华鼎,2009-04-29,6.3554,6.3058,6.4547,6.1072,6.415,6162386,38859489,0.0596,0.9375,6.3059,5.8237,683564900,N/A,1207051000,105815000,0,186850000,41.9534,2.4176,1.1695,-364.5262,
600243.SH,青海华鼎,2009-04-30,6.415,6.3554,6.4945,6.3157,6.4349,4244608,27374817,0.0199,0.3096,6.4493,4.0113,685681200,N/A,1210788000,105815000,0,186850000,42.0833,2.4251,1.1731,-365.6548,
600243.SH,青海华鼎,2009-05-04,6.4349,6.415,6.7328,6.415,6.7129,4731957,31517263,0.2781,4.321,6.6605,4.4719,715309400,N/A,1263106000,105815000,0,186850000,43.9017,2.5299,1.2238,-381.4547,
600243.SH,青海华鼎,2009-05-05,6.7129,6.7328,7.0307,6.6533,7.0208,7545988,52064419,0.3078,4.5858,6.8996,7.1313,748112050,N/A,1321029500,105815000,0,186850000,45.915,2.6459,1.2799,-398.9474,
600243.SH,青海华鼎,2009-05-06,7.0208,6.9711,7.1995,6.8619,7.13,7735739,55239163,0.1092,1.5559,7.1408,7.3106,759751700,N/A,1341583000,105815000,0,186850000,46.6294,2.687,1.2998,-405.1546,
600243.SH,青海华鼎,2009-05-07,7.13,7.13,7.1896,6.8023,7.0208,7156161,50495506,-0.1092,-1.532,7.0562,6.7629,748112050,N/A,1321029500,105815000,0,186850000,45.915,2.6459,1.2799,-398.9474,
600243.SH,青海华鼎,2009-05-08,7.0208,6.9314,7.0605,6.7725,7.0009,4890390,34146407,-0.0199,-0.2829,6.9823,4.6216,745995750,N/A,1317292500,105815000,0,186850000,45.7851,2.6384,1.2763,-397.8189,
600243.SH,青海华鼎,2009-05-11,7.0009,7.0506,7.2591,6.8519,6.9612,8787873,62696374,-0.0397,-0.5674,7.1344,8.3049,741763150,N/A,1309818500,105815000,0,186850000,45.5253,2.6234,1.269,-395.5618,
600243.SH,青海华鼎,2009-05-12,6.9612,6.8023,7.6563,6.7824,7.5173,16388185,121985134,0.5561,7.9886,7.4435,15.4876,801019550,N/A,1414454500,105815000,0,186850000,49.1622,2.833,1.3704,-427.1616,
600243.SH,青海华鼎,2009-05-13,7.5173,7.3584,7.4974,7.1598,7.3783,11011403,81310230,-0.139,-1.8494,7.3842,10.4063,786205450,N/A,1388295500,105815000,0,186850000,48.253,2.7806,1.3451,-419.2616,
600243.SH,青海华鼎,2009-05-14,7.3783,7.2194,7.6265,7.2194,7.3286,7362046,54951851,-0.0497,-0.6729,7.4642,6.9575,780914700,N/A,1378953000,105815000,0,186850000,47.9282,2.7619,1.336,-416.4402,
600243.SH,青海华鼎,2009-05-15,7.3286,7.2889,7.6067,7.1499,7.4378,7549315,55629825,0.1092,1.4905,7.3689,7.1344,792554350,N/A,1399506500,105815000,0,186850000,48.6426,2.8031,1.3559,-422.6473,
600243.SH,青海华鼎,2009-05-18,7.4378,7.3485,7.3882,7.1499,7.279,4643236,33901652,-0.1589,-2.1362,7.3013,4.3881,775623950,N/A,1369610500,105815000,0,186850000,47.6035,2.7432,1.3269,-413.6188,
600243.SH,青海华鼎,2009-05-19,7.279,7.269,7.3783,7.2194,7.279,4706900,34597969,0,0,7.3505,4.4482,775623950,N/A,1369610500,105815000,0,186850000,47.6035,2.7432,1.3269,-413.6188,
600243.SH,青海华鼎,2009-05-20,7.279,7.279,7.3485,7.0307,7.0506,6048889,43368836,-0.2284,-3.1378,7.1697,5.7165,751286500,N/A,1326635000,105815000,0,186850000,46.1098,2.6571,1.2853,-400.6403,
600243.SH,青海华鼎,2009-05-21,7.0506,7.0307,7.1697,6.9215,7.0605,3714252,26236801,0.0099,0.1408,7.0638,3.5101,752344650,N/A,1328503500,105815000,0,186850000,46.1748,2.6608,1.2871,-401.2046,
600243.SH,青海华鼎,2009-05-22,7.0605,7.0605,7.1697,6.9513,7.1499,2960638,21086867,0.0894,1.2658,7.1224,2.7979,761868000,N/A,1345320000,105815000,0,186850000,46.7593,2.6945,1.3034,-406.2831,
600243.SH,青海华鼎,2009-05-25,7.1499,6.9612,7.2988,6.9513,7.2889,4568148,33034061,0.139,1.9444,7.2314,4.3171,776682100,N/A,1371479000,105815000,0,186850000,47.6685,2.7469,1.3288,-414.1831,
600243.SH,青海华鼎,2009-05-26,7.2889,7.2889,7.408,7.1797,7.2492,5103655,37665720,-0.0397,-0.545,7.3801,4.8232,772449500,N/A,1364005000,105815000,0,186850000,47.4087,2.7319,1.3215,-411.9259,
600243.SH,青海华鼎,2009-05-27,7.2492,7.3683,7.6464,7.2591,7.5669,9891066,74699174,0.3178,4.3836,7.5522,9.3475,806310300,N/A,1423797000,105815000,0,186850000,49.4869,2.8517,1.3794,-429.983,
600243.SH,青海华鼎,2009-06-01,7.5669,7.5669,7.5669,7.5669,7.5669,N/A,N/A,0,0,N/A,N/A,806310300,N/A,1423797000,105815000,0,186850000,49.4869,2.8517,1.3794,-429.983,
600243.SH,青海华鼎,2009-06-02,7.5669,7.6861,7.9145,7.3286,7.418,9914275,76096849,-0.149,-1.9685,7.6755,9.3694,790438050,N/A,1395769500,105815000,0,186850000,48.5127,2.7956,1.3523,-421.5187,
600243.SH,青海华鼎,2009-06-03,7.418,7.3485,7.5967,7.2293,7.4279,6203222,46242450,0.0099,0.1339,7.4546,5.8623,791496200,N/A,1397638000,105815000,0,186850000,48.5777,2.7993,1.3541,-422.083,
600243.SH,青海华鼎,2009-06-04,7.4279,7.408,7.5967,7.1201,7.5371,6874005,50834665,0.1092,1.4706,7.3952,6.4962,803135850,N/A,1418191500,105815000,0,186850000,49.2921,2.8405,1.374,-428.2901,
600243.SH,青海华鼎,2009-06-05,7.5371,7.3783,7.8648,7.3783,7.6563,10366539,80231561,0.1192,1.581,7.7395,9.7969,815833650,N/A,1440613500,105815000,0,186850000,50.0714,2.8854,1.3957,-435.0615,
600243.SH,青海华鼎,2009-06-08,7.6563,7.7457,8.0635,7.6464,7.9145,9648176,76685377,0.2582,3.3722,7.9482,9.118,843345550,N/A,1489194500,105815000,0,186850000,51.7599,2.9827,1.4428,-449.7328,
600243.SH,青海华鼎,2009-06-09,7.9145,7.8251,8.2025,7.696,8.0138,8887761,71365943,0.0993,1.2547,8.0297,8.3993,853927050,N/A,1507879500,105815000,0,186850000,52.4093,3.0201,1.4609,-455.3757,
600243.SH,青海华鼎,2009-06-10,8.0138,8.1131,8.1131,7.8152,7.9443,6486009,51951337,-0.0695,-0.8674,8.0098,6.1296,846520000,N/A,1494800000,105815000,0,186850000,51.9547,2.9939,1.4482,-451.4257,
600243.SH,青海华鼎,2009-06-11,7.9443,7.9443,7.9741,7.6364,7.845,5859076,45778326,-0.0993,-1.25,7.8132,5.5371,835938500,N/A,1476115000,105815000,0,186850000,51.3053,2.9565,1.4301,-445.7829,
600243.SH,青海华鼎,2009-06-12,7.845,8.1528,8.4209,7.7556,7.8648,17069935,139422362,0.0199,0.2532,8.1677,16.1319,838054800,N/A,1479852000,105815000,0,186850000,51.4352,2.964,1.4338,-446.9114,
600243.SH,青海华鼎,2009-06-15,7.8648,7.6464,7.9244,7.3981,7.8549,9587561,73179762,-0.0099,-0.1263,7.6328,9.0607,836996650,N/A,1477983500,105815000,0,186850000,51.3702,2.9602,1.4319,-446.3472,
600243.SH,青海华鼎,2009-06-16,7.8549,7.7556,7.7953,7.5173,7.5967,4473937,34376158,-0.2582,-3.287,7.6836,4.2281,809484750,N/A,1429402500,105815000,0,186850000,49.6817,2.8629,1.3849,-431.6758,
600243.SH,青海华鼎,2009-06-17,7.5967,7.5471,7.6563,7.4776,7.5967,3323351,25392599,0,0,7.6407,3.1407,809484750,N/A,1429402500,105815000,0,186850000,49.6817,2.8629,1.3849,-431.6758,
600243.SH,青海华鼎,2009-06-18,7.5967,7.6067,7.7258,7.5769,7.5967,3368678,25921694,0,0,7.6949,3.1836,809484750,N/A,1429402500,105815000,0,186850000,49.6817,2.8629,1.3849,-431.6758,
600243.SH,青海华鼎,2009-06-19,7.5967,7.5967,7.7358,7.4378,7.706,6951794,52806978,0.1092,1.4379,7.5962,6.5698,821124400,N/A,1449956000,105815000,0,186850000,50.3961,2.9041,1.4048,-437.8829,
600243.SH,青海华鼎,2009-06-22,7.706,7.7457,7.7457,7.5074,7.6265,4363436,33356885,-0.0794,-1.0309,7.6446,4.1236,812659200,N/A,1435008000,105815000,0,186850000,49.8765,2.8742,1.3903,-433.3687,
600243.SH,青海华鼎,2009-06-23,7.6265,7.5173,7.7358,7.4577,7.5967,3873708,29842801,-0.0298,-0.3906,7.7039,3.6608,809484750,N/A,1429402500,105815000,0,186850000,49.6817,2.8629,1.3849,-431.6758,
600243.SH,青海华鼎,2009-06-24,7.5967,7.5967,8.3216,7.5173,8.272,16332126,131007712,0.6753,8.8889,8.0215,15.4346,881438950,N/A,1556460500,105815000,0,186850000,54.0979,3.1174,1.508,-470.047,
600243.SH,青海华鼎,2009-06-25,8.272,8.1032,8.6891,8.0138,8.6196,19776217,167282061,0.3476,4.2017,8.4587,18.6894,918474200,N/A,1621858000,105815000,0,186850000,56.3709,3.2484,1.5713,-489.7969,
600243.SH,青海华鼎,2009-06-26,8.6196,8.6196,8.9175,8.2124,8.3117,23187230,200141430,-0.3078,-3.5714,8.6315,21.913,885671550,N/A,1563934500,105815000,0,186850000,54.3576,3.1324,1.5152,-472.3041,
600243.SH,青海华鼎,2009-06-29,8.3117,8.1925,8.5004,7.9542,8.3018,9524392,78585954,-0.0099,-0.1195,8.251,9.001,884613400,N/A,1562066000,105815000,0,186850000,54.2927,3.1286,1.5134,-471.7398,
600243.SH,青海华鼎,2009-06-30,8.3018,8.2025,8.4905,8.0436,8.2819,11059363,92584933,-0.0199,-0.2392,8.3716,10.4516,882497100,N/A,1558329000,105815000,0,186850000,54.1628,3.1212,1.5098,-470.6113,
600243.SH,青海华鼎,2009-07-01,8.2819,8.2919,8.3912,8.0833,8.123,8271779,68391776,-0.1589,-1.9185,8.2681,7.8172,865566700,N/A,1528433000,105815000,0,186850000,53.1237,3.0613,1.4808,-461.5828,
600243.SH,青海华鼎,2009-07-02,8.123,8.123,8.1925,7.9443,7.9939,6245760,50405968,-0.1291,-1.5892,8.0704,5.9025,851810750,N/A,1504142500,105815000,0,186850000,52.2795,3.0126,1.4573,-454.2471,
600243.SH,青海华鼎,2009-07-03,7.9939,7.9939,8.1131,7.9443,8.0932,4260002,34491844,0.0993,1.2422,8.0967,4.0259,862392250,N/A,1522827500,105815000,0,186850000,52.9289,3.05,1.4754,-459.8899,
600243.SH,青海华鼎,2009-07-06,8.0932,8.1032,8.2124,7.9939,8.1925,5001046,40819413,0.0993,1.227,8.1622,4.7262,872973750,N/A,1541512500,105815000,0,186850000,53.5783,3.0875,1.4935,-465.5327,
600243.SH,青海华鼎,2009-07-07,8.1925,8.2422,8.2422,8.0436,8.1727,5178415,42339090,-0.0199,-0.2424,8.1761,4.8938,870857450,N/A,1949275500,105815000,0,236850000,67.7509,3.9042,1.8886,-588.6761,
600243.SH,青海华鼎,2009-07-08,8.1727,8.1032,8.5699,8.0436,8.5004,6187249,51280928,0.3277,4.0097,8.2882,5.8472,905776400,N/A,2027436000,105815000,0,236850000,70.4676,4.0607,1.9643,-612.2804,
600243.SH,青海华鼎,2009-07-09,8.5004,8.3216,8.5302,8.2223,8.3316,7901869,66457499,-0.1688,-1.986,8.4104,7.4676,887787850,N/A,1987171500,105815000,0,236850000,69.0681,3.9801,1.9253,-600.1206,
600243.SH,青海华鼎,2009-07-10,8.3316,8.3415,8.4905,8.1429,8.4408,8647027,72525420,0.1092,1.3111,8.3873,8.1718,899427500,N/A,2013225000,105815000,0,236850000,69.9736,4.0323,1.9505,-607.9887,
600243.SH,青海华鼎,2009-07-13,8.4408,8.3812,8.6096,8.2919,8.55,9293116,79680274,0.1092,1.2941,8.5741,8.7824,911067150,N/A,2039278500,105815000,0,236850000,70.8792,4.0844,1.9758,-615.8568,
600243.SH,青海华鼎,2009-07-14,8.55,8.5699,8.6096,8.4706,8.56,6393267,54948021,0.0099,0.1161,8.5947,6.0419,912125300,N/A,2041647000,105815000,0,236850000,70.9615,4.0892,1.9781,-616.5721,
600243.SH,青海华鼎,2009-07-15,8.56,8.6096,8.6096,8.3316,8.3415,8171150,69270450,-0.2185,-2.5522,8.4774,7.7221,888846000,N/A,1989540000,105815000,0,236850000,69.1504,3.9848,1.9276,-600.8359,
600243.SH,青海华鼎,2009-07-16,8.3415,8.3514,8.5302,8.2621,8.4011,9436626,79749971,0.0596,0.7143,8.4511,8.918,895194900,N/A,2003751000,105815000,0,236850000,69.6443,4.0133,1.9413,-605.1276,
600243.SH,青海华鼎,2009-07-17,8.4011,8.4011,8.4209,8.272,8.2919,4810076,40354515,-0.1092,-1.3002,8.3896,4.5457,883555250,N/A,1977697500,105815000,0,236850000,68.7388,3.9611,1.9161,-597.2595,
600243.SH,青海华鼎,2009-07-20,8.2919,8.3117,8.4905,8.2919,8.4408,5855316,49578634,0.149,1.7964,8.4673,5.5335,899427500,N/A,2013225000,105815000,0,236850000,69.9736,4.0323,1.9505,-607.9887,
600243.SH,青海华鼎,2009-07-21,8.4408,8.4706,8.6891,8.4408,8.4905,11576592,99657298,0.0497,0.5882,8.6085,10.9404,904718250,N/A,2025067500,105815000,0,236850000,70.3852,4.056,1.962,-611.5651,
600243.SH,青海华鼎,2009-07-22,8.4905,8.4309,8.7288,8.4309,8.6096,9577104,83010994,0.1192,1.4035,8.6677,9.0508,917416050,N/A,2053489500,105815000,0,236850000,71.3731,4.1129,1.9895,-620.1484,
600243.SH,青海华鼎,2009-07-23,8.6096,8.6394,8.6791,8.2422,8.4209,8185991,69359402,-0.1887,-2.1915,8.4729,7.7361,897311200,N/A,2008488000,105815000,0,236850000,69.809,4.0228,1.9459,-606.5581,
600243.SH,青海华鼎,2009-07-24,8.4209,8.4209,8.4507,8.2025,8.4011,6850350,57625312,-0.0199,-0.2358,8.412,6.4739,895194900,N/A,2003751000,105815000,0,236850000,69.6443,4.0133,1.9413,-605.1276,
600243.SH,青海华鼎,2009-07-27,8.4011,8.6394,8.8281,8.5898,8.699,15979873,139611574,0.2979,3.5461,8.7367,15.1017,926939400,N/A,2074806000,105815000,0,236850000,72.114,4.1556,2.0102,-626.586,
600243.SH,青海华鼎,2009-07-28,8.699,8.5898,8.5898,8.3614,8.5401,7192541,61324923,-0.1589,-1.8265,8.5262,6.7973,910009000,N/A,2036910000,105815000,0,236850000,70.7968,4.0797,1.9735,-615.1415,
600243.SH,青海华鼎,2009-07-29,8.5401,8.5103,8.5103,7.6861,7.6861,8526200,69585652,-0.854,-10,8.1614,8.0576,819008100,N/A,1833219000,105815000,0,236850000,63.7172,3.6717,1.7761,-553.6273,
600243.SH,青海华鼎,2009-07-30,7.6861,7.7159,7.8053,7.3584,7.6563,5787460,44185174,-0.0298,-0.3876,7.6346,5.4694,815833650,N/A,1826113500,105815000,0,236850000,63.4702,3.6575,1.7692,-551.4815,
600243.SH,青海华鼎,2009-07-31,7.6563,7.7159,7.8648,7.6464,7.8549,4967637,38927628,0.1986,2.594,7.8362,4.6946,836996650,N/A,1873483500,105815000,0,236850000,65.1166,3.7524,1.8151,-565.7871,
600243.SH,青海华鼎,2009-08-03,7.8549,7.9046,7.984,7.7159,7.984,5669547,44811498,0.1291,1.6435,7.9039,5.358,850752600,N/A,1904274000,105815000,0,236850000,66.1868,3.814,1.845,-575.0858,
600243.SH,青海华鼎,2009-08-04,7.984,7.984,8.1528,7.845,8.0932,6883109,55597992,0.1092,1.3682,8.0775,6.5049,862392250,N/A,1930327500,105815000,0,236850000,67.0924,3.8662,1.8702,-582.9539,
600243.SH,青海华鼎,2009-08-05,8.0932,8.0436,8.3912,7.9542,8.2919,7166241,58571088,0.1986,2.454,8.1732,6.7724,883555250,N/A,1977697500,105815000,0,236850000,68.7388,3.9611,1.9161,-597.2595,
600243.SH,青海华鼎,2009-08-06,8.2919,8.3216,8.5898,8.1131,8.5103,14059649,118760236,0.2185,2.6347,8.4469,13.287,906834550,N/A,2029804500,105815000,0,236850000,70.5499,4.0655,1.9666,-612.9957,
600243.SH,青海华鼎,2009-08-07,8.5103,8.4905,8.4905,7.845,7.9046,8304978,68377818,-0.6058,-7.1179,8.2334,7.8486,842287400,N/A,1885326000,105815000,0,236850000,65.5282,3.7761,1.8266,-569.3635,
600243.SH,青海华鼎,2009-08-10,7.9046,7.9443,8.0436,7.7258,7.8549,3872794,30719201,-0.0497,-0.6281,7.9321,3.66,836996650,N/A,1873483500,105815000,0,236850000,65.1166,3.7524,1.8151,-565.7871,
600243.SH,青海华鼎,2009-08-11,7.8549,7.8748,7.9046,7.7556,7.845,2502066,19740534,-0.0099,-0.1264,7.8897,2.3646,835938500,N/A,1871115000,105815000,0,236850000,65.0343,3.7476,1.8128,-565.0718,
600243.SH,青海华鼎,2009-08-12,7.845,7.845,7.845,7.269,7.2889,4316234,32655096,-0.5561,-7.0886,7.5656,4.079,776682100,N/A,1738479000,105815000,0,236850000,60.4243,3.482,1.6843,-525.0161,
600243.SH,青海华鼎,2009-08-13,7.2889,7.2988,7.4378,7.2988,7.3783,2600302,19328328,0.0894,1.2262,7.4331,2.4574,786205450,N/A,1759795500,105815000,0,236850000,61.1652,3.5247,1.705,-531.4536,
600243.SH,青海华鼎,2009-08-14,7.3783,7.3683,7.3683,6.8122,6.842,3298168,23446944,-0.5362,-7.2678,7.1091,3.1169,729065350,N/A,1631896500,105815000,0,236850000,56.7198,3.2685,1.5811,-492.8285,
600243.SH,青海华鼎,2009-08-17,6.842,6.6633,6.7526,6.1568,6.1568,3544068,23230675,-0.6852,-10.0145,6.5548,3.3493,656053000,N/A,1468470000,105815000,0,236850000,51.0396,2.9412,1.4227,-443.4741,
600243.SH,青海华鼎,2009-08-18,6.1568,6.0774,6.415,6.0774,6.3952,3334687,21149882,0.2383,3.871,6.3424,3.1514,681448600,N/A,1525314000,105815000,0,236850000,53.0153,3.055,1.4778,-460.6408,
600243.SH,青海华鼎,2009-08-19,6.3952,6.3554,6.415,5.8788,6.0178,2549689,15866078,-0.3774,-5.9006,6.2228,2.4096,641238900,N/A,1435311000,105815000,0,236850000,49.8871,2.8748,1.3906,-433.4602,
600243.SH,青海华鼎,2009-08-20,6.0178,6.0178,6.2958,6.0178,6.2859,2510544,15594260,0.2681,4.4554,6.2115,2.3726,669808950,N/A,1499260500,105815000,0,236850000,52.1098,3.0028,1.4526,-452.7728,
600243.SH,青海华鼎,2009-08-21,6.2859,6.2958,6.4249,6.1767,6.4249,2995287,19069532,0.139,2.2117,6.3665,2.8307,684623050,N/A,1532419500,105815000,0,236850000,53.2623,3.0693,1.4847,-462.7867,
600243.SH,青海华鼎,2009-08-24,6.4249,6.4051,6.6831,6.3554,6.6136,3291629,21664585,0.1887,2.9366,6.5817,3.1107,704727900,N/A,1577421000,105815000,0,236850000,54.8264,3.1594,1.5283,-476.377,
600243.SH,青海华鼎,2009-08-25,6.6136,6.5342,6.5838,6.1866,6.4448,3411489,22041069,-0.1688,-2.5526,6.4608,3.224,686739350,N/A,1537156500,105815000,0,236850000,53.4269,3.0787,1.4893,-464.2173,
600243.SH,青海华鼎,2009-08-26,6.4448,6.4845,6.9413,6.4845,6.8023,6402164,43663702,0.3575,5.547,6.8201,6.0503,724832750,N/A,1622422500,105815000,0,236850000,56.3905,3.2495,1.5719,-489.9673,
600243.SH,青海华鼎,2009-08-27,6.8023,6.703,6.9413,6.5938,6.8619,5326417,36440629,0.0596,0.8759,6.8415,5.0337,731181650,N/A,1636633500,105815000,0,236850000,56.8844,3.278,1.5857,-494.259,
600243.SH,青海华鼎,2009-08-28,6.8619,6.8222,6.8817,6.6136,6.7328,3060587,20679000,-0.1291,-1.8813,6.7565,2.8924,717425700,N/A,1605843000,105815000,0,236850000,55.8143,3.2163,1.5558,-484.9604,
600243.SH,青海华鼎,2009-08-31,6.7328,6.6831,6.8023,6.0675,6.2859,3266853,21031016,-0.4469,-6.6372,6.4377,3.0873,669808950,N/A,1499260500,105815000,0,236850000,52.1098,3.0028,1.4526,-452.7728,
600243.SH,青海华鼎,2009-09-01,6.2859,6.3058,6.3952,6.137,6.2859,1744317,11021858,0,0,6.3187,1.6485,669808950,N/A,1499260500,105815000,0,236850000,52.1098,3.0028,1.4526,-452.7728,
600243.SH,青海华鼎,2009-09-02,6.2859,6.3455,6.3455,6.137,6.2462,1840666,11574949,-0.0397,-0.6319,6.2885,1.7395,665576350,N/A,1489786500,105815000,0,236850000,51.7805,2.9839,1.4434,-449.9116,
600243.SH,青海华鼎,2009-09-03,6.2462,6.1965,6.5938,6.1866,6.554,3338124,21615897,0.3078,4.9285,6.4755,3.1547,698379000,N/A,1563210000,105815000,0,236850000,54.3325,3.1309,1.5145,-472.0853,
600243.SH,青海华鼎,2009-09-04,6.554,6.5938,6.8519,6.554,6.7924,6132824,41414808,0.2383,3.6364,6.753,5.7958,723774600,N/A,1620054000,105815000,0,236850000,56.3082,3.2448,1.5696,-489.2521,
600243.SH,青海华鼎,2009-09-07,6.7924,6.8023,6.8222,6.6533,6.7924,4970723,33748357,0,0,6.7894,4.6976,723774600,N/A,1620054000,105815000,0,236850000,56.3082,3.2448,1.5696,-489.2521,
600243.SH,青海华鼎,2009-09-08,6.7924,6.7526,6.9413,6.6633,6.9314,5506545,38022511,0.139,2.0468,6.905,5.2039,738588700,N/A,1653213000,105815000,0,236850000,57.4607,3.3112,1.6017,-499.266,
600243.SH,青海华鼎,2009-09-09,6.9314,7.0307,7.0307,6.7924,6.8619,4009735,27673910,-0.0695,-1.0029,6.9017,3.7894,731181650,N/A,1636633500,105815000,0,236850000,56.8844,3.278,1.5857,-494.259,
600243.SH,青海华鼎,2009-09-10,6.8619,6.8321,6.8321,6.6434,6.7129,3229719,21854920,-0.149,-2.1708,6.7668,3.0522,715309400,N/A,1601106000,105815000,0,236850000,55.6496,3.2068,1.5512,-483.5298,
600243.SH,青海华鼎,2009-09-11,6.7129,6.6831,6.9016,6.6533,6.8817,4019539,27597624,0.1688,2.5148,6.8659,3.7986,733297950,N/A,1641370500,105815000,0,236850000,57.0491,3.2875,1.5902,-495.6896,
600243.SH,青海华鼎,2009-09-14,6.8817,6.9215,7.4279,6.8321,7.3783,9827470,70043768,0.4965,7.215,7.1273,9.2874,786205450,N/A,1759795500,105815000,0,236850000,61.1652,3.5247,1.705,-531.4536,
600243.SH,青海华鼎,2009-09-15,7.3783,7.2492,7.6166,7.1002,7.5769,9864880,73448476,0.1986,2.6918,7.4455,9.3228,807368450,N/A,1807165500,105815000,0,236850000,62.8116,3.6195,1.7509,-545.7593,
600243.SH,青海华鼎,2009-09-16,7.5769,7.5669,7.7854,7.3683,7.3981,16254198,123636334,-0.1787,-2.3591,7.6064,15.361,788321750,N/A,1764532500,105815000,0,236850000,61.3298,3.5342,1.7096,-532.8842,
600243.SH,青海华鼎,2009-09-17,7.3981,7.3683,7.5173,7.2988,7.4279,7422612,55367392,0.0298,0.4027,7.4593,7.0147,791496200,N/A,1771638000,105815000,0,236850000,61.5768,3.5484,1.7165,-535.03,
600243.SH,青海华鼎,2009-09-18,7.4279,7.4279,7.4875,7.0704,7.1896,4795586,35383767,-0.2383,-3.2086,7.3784,4.532,766100600,N/A,1714794000,105815000,0,236850000,59.6011,3.4345,1.6614,-517.8633,
600243.SH,青海华鼎,2009-09-21,7.1896,7.1896,7.2988,6.9513,7.2591,2855880,20420967,0.0695,0.9669,7.1505,2.6989,773507650,N/A,1731373500,105815000,0,236850000,60.1773,3.4677,1.6774,-522.8703,
600243.SH,青海华鼎,2009-09-22,7.2591,7.2492,7.3087,7.0208,7.0307,2703841,19509560,-0.2284,-3.1464,7.2155,2.5553,749170200,N/A,1676898000,105815000,0,236850000,58.2839,3.3586,1.6247,-506.4188,
600243.SH,青海华鼎,2009-09-23,7.0307,7.0108,7.2293,6.703,7.1896,4506381,31507653,0.1589,2.2599,6.9918,4.2587,766100600,N/A,1714794000,105815000,0,236850000,59.6011,3.4345,1.6614,-517.8633,
600243.SH,青海华鼎,2009-09-24,7.1896,7.0406,7.4478,7.0009,7.3783,6525328,47793831,0.1887,2.6243,7.3244,6.1667,786205450,N/A,1759795500,105815000,0,236850000,61.1652,3.5247,1.705,-531.4536,
600243.SH,青海华鼎,2009-09-25,7.3783,7.3485,7.8946,7.0605,7.1399,6920547,50827117,-0.2383,-3.2301,7.3444,6.5402,760809850,N/A,1702951500,105815000,0,236850000,59.1895,3.4108,1.6499,-514.2869,
600243.SH,青海华鼎,2009-09-28,7.1399,7.1797,7.269,6.5143,6.5739,3717599,25701182,-0.566,-7.9277,6.9134,3.5133,700495300,N/A,1567947000,105815000,0,236850000,54.4971,3.1404,1.5191,-473.5159,
600243.SH,青海华鼎,2009-09-29,6.5739,6.554,6.6434,6.0575,6.3157,2980336,19045023,-0.2582,-3.9275,6.3902,2.8166,672983400,N/A,1506366000,105815000,0,236850000,52.3567,3.0171,1.4594,-454.9186,
600243.SH,青海华鼎,2009-09-30,6.3157,6.3157,6.4845,6.3157,6.3654,2017839,13010306,0.0497,0.7862,6.4476,1.9069,678274150,N/A,1518208500,105815000,0,236850000,52.7683,3.0408,1.4709,-458.495,
600243.SH,青海华鼎,2009-10-09,6.3654,6.5044,7.0009,6.4249,7.0009,4564864,31532817,0.6355,9.9844,6.9077,4.314,745995750,N/A,1669792500,105815000,0,236850000,58.0369,3.3444,1.6178,-504.273,
600243.SH,青海华鼎,2009-10-12,7.0009,7.13,7.3981,6.8917,7.3783,7046156,51248749,0.3774,5.3901,7.2733,6.6589,786205450,N/A,1759795500,105815000,0,236850000,61.1652,3.5247,1.705,-531.4536,
600243.SH,青海华鼎,2009-10-13,7.3783,7.2194,7.5272,7.1995,7.279,10357399,76872333,-0.0993,-1.3459,7.422,9.7882,775623950,N/A,1736110500,105815000,0,236850000,60.342,3.4772,1.682,-524.3008,
600243.SH,青海华鼎,2009-10-14,7.279,7.2293,7.3981,7.1201,7.1995,5483704,40075225,-0.0794,-1.0914,7.3081,5.1824,767158750,N/A,1717162500,105815000,0,236850000,59.6834,3.4393,1.6637,-518.5786,
600243.SH,青海华鼎,2009-10-15,7.1995,7.1995,7.2591,7.1201,7.1697,2906629,21015883,-0.0298,-0.4138,7.2303,2.7469,763984300,N/A,1710057000,105815000,0,236850000,59.4364,3.425,1.6568,-516.4327,
600243.SH,青海华鼎,2009-10-16,7.1697,7.1896,7.3783,7.1697,7.3385,4255175,31163899,0.1688,2.3546,7.3238,4.0213,781972850,N/A,1750321500,105815000,0,236850000,60.8359,3.5057,1.6958,-528.5925,
600243.SH,青海华鼎,2009-10-19,7.3385,7.3485,7.3783,7.2591,7.3584,4695916,34704247,0.0199,0.2706,7.3903,4.4379,784089150,N/A,1755058500,105815000,0,236850000,61.0005,3.5152,1.7004,-530.0231,
600243.SH,青海华鼎,2009-10-20,7.3584,7.4378,7.4676,7.3087,7.4478,5016031,37315228,0.0894,1.2146,7.4392,4.7404,793612500,N/A,1776375000,105815000,0,236850000,61.7414,3.5579,1.721,-536.4606,
600243.SH,青海华鼎,2009-10-21,7.4478,7.4478,7.4478,7.269,7.2988,4672610,34570106,-0.149,-2,7.3985,4.4158,777740250,N/A,1740847500,105815000,0,236850000,60.5066,3.4867,1.6866,-525.7314,
600243.SH,青海华鼎,2009-10-22,7.2988,7.269,7.4676,7.1995,7.3485,3947309,29234660,0.0497,0.6803,7.4062,3.7304,783031000,N/A,1752690000,105815000,0,236850000,60.9182,3.5104,1.6981,-529.3078,
600243.SH,青海华鼎,2009-10-23,7.3485,7.3683,7.5471,7.3485,7.4577,4551401,34184888,0.1092,1.4865,7.5108,4.3013,794670650,N/A,1778743500,105815000,0,236850000,61.8238,3.5626,1.7233,-537.1759,
600243.SH,青海华鼎,2009-10-26,7.4577,7.5074,7.5272,7.3584,7.4279,3619959,27084489,-0.0298,-0.3995,7.482,3.421,791496200,N/A,1771638000,105815000,0,236850000,61.5768,3.5484,1.7165,-535.03,
600243.SH,青海华鼎,2009-10-27,7.4279,7.418,7.418,7.0307,7.0506,3888835,28189026,-0.3774,-5.0802,7.2487,3.6751,751286500,N/A,1681635000,105815000,0,236850000,58.4486,3.3681,1.6293,-507.8494,
600243.SH,青海华鼎,2009-10-28,7.0506,7.0307,7.1101,6.8619,7.0903,3142366,22223322,0.0397,0.5634,7.0722,2.9697,755519100,N/A,1691109000,105815000,0,236850000,58.7778,3.3871,1.6384,-510.7105,
600243.SH,青海华鼎,2009-10-29,7.0903,7.0009,7.2194,6.8519,7.0108,2676619,19035585,-0.0794,-1.1204,7.1118,2.5295,747053900,N/A,1672161000,105815000,0,236850000,58.1193,3.3491,1.6201,-504.9883,
600243.SH,青海华鼎,2009-10-30,7.0108,7.0704,7.2492,7.0108,7.0208,2473446,17764264,0.0099,0.1416,7.182,2.3375,748112050,N/A,1674529500,105815000,0,236850000,58.2016,3.3539,1.6224,-505.7035,
600243.SH,青海华鼎,2009-11-02,7.0208,6.8519,7.2094,6.8222,7.1499,2708221,19198060,0.1291,1.8388,7.0888,2.5594,761868000,N/A,1705320000,105815000,0,236850000,59.2718,3.4156,1.6522,-515.0022,
600243.SH,青海华鼎,2009-11-03,7.1499,7.1499,7.3981,7.13,7.3485,4398124,32331816,0.1986,2.7778,7.3513,4.1564,783031000,N/A,1752690000,105815000,0,236850000,60.9182,3.5104,1.6981,-529.3078,
600243.SH,青海华鼎,2009-11-04,7.3485,7.2988,7.7258,7.279,7.5371,9687973,73554918,0.1887,2.5676,7.5924,9.1556,803135850,N/A,1797691500,105815000,0,236850000,62.4823,3.6006,1.7417,-542.8981,
600243.SH,青海华鼎,2009-11-05,7.5371,7.5272,7.5471,7.418,7.5371,4864034,36684965,0,0,7.5421,4.5967,803135850,N/A,1797691500,105815000,0,236850000,62.4823,3.6006,1.7417,-542.8981,
600243.SH,青海华鼎,2009-11-06,7.5371,7.5471,7.706,7.5074,7.5769,6701068,51254931,0.0397,0.527,7.6488,6.3328,807368450,N/A,1807165500,105815000,0,236850000,62.8116,3.6195,1.7509,-545.7593,
600243.SH,青海华鼎,2009-11-09,7.5769,7.5669,7.7457,7.5272,7.7358,5921846,45534318,0.1589,2.097,7.6892,5.5964,824298850,N/A,1845061500,105815000,0,236850000,64.1288,3.6954,1.7876,-557.2037,
600243.SH,青海华鼎,2009-11-10,7.7358,7.706,7.7457,7.5967,7.6067,5268886,40711387,-0.1291,-1.6688,7.7268,4.9793,810542900,N/A,1814271000,105815000,0,236850000,63.0586,3.6338,1.7578,-547.9051,
600243.SH,青海华鼎,2009-11-11,7.6067,7.6563,7.8847,7.6166,7.696,7052950,55031413,0.0894,1.1749,7.8026,6.6654,820066250,N/A,1835587500,105815000,0,236850000,63.7995,3.6765,1.7784,-554.3427,
600243.SH,青海华鼎,2009-11-12,7.696,7.696,7.8251,7.5868,7.6166,5434232,42254782,-0.0794,-1.0323,7.7757,5.1356,811601050,N/A,1816639500,105815000,0,236850000,63.1409,3.6385,1.7601,-548.6204,
600243.SH,青海华鼎,2009-11-13,7.6166,7.5769,7.8351,7.5669,7.8251,5786133,44998675,0.2085,2.7379,7.777,5.4682,833822200,N/A,1866378000,105815000,0,236850000,64.8697,3.7381,1.8082,-563.6413,
600243.SH,青海华鼎,2009-11-16,7.8251,7.8351,8.0337,7.8351,7.9542,8374138,66972551,0.1291,1.6497,7.9975,7.9139,847578150,N/A,1897168500,105815000,0,236850000,65.9398,3.7998,1.8381,-572.9399,
600243.SH,青海华鼎,2009-11-17,7.9542,7.9542,8.0436,7.8351,7.9939,6134980,49067140,0.0397,0.4994,7.9979,5.7978,851810750,N/A,1906642500,105815000,0,236850000,66.2691,3.8188,1.8473,-575.801,
600243.SH,青海华鼎,2009-11-18,7.9939,7.984,8.123,7.9046,8.0436,6566449,53050370,0.0497,0.6211,8.079,6.2056,857101500,N/A,1918485000,105815000,0,236850000,66.6807,3.8425,1.8587,-579.3774,
600243.SH,青海华鼎,2009-11-19,8.0436,8.0436,8.2819,7.9741,8.272,8880294,72688191,0.2284,2.8395,8.1853,8.3923,881438950,N/A,1972960500,105815000,0,236850000,68.5741,3.9516,1.9115,-595.8289,
600243.SH,青海华鼎,2009-11-20,8.272,8.2223,8.2919,8.123,8.1528,7371398,60851317,-0.1192,-1.4406,8.2551,6.9663,868741150,N/A,1944538500,105815000,0,236850000,67.5863,3.8947,1.884,-587.2455,
600243.SH,青海华鼎,2009-11-23,8.1528,8.1528,8.2621,8.133,8.2621,6062479,50052768,0.1092,1.3398,8.2562,5.7293,880380800,N/A,1970592000,105815000,0,236850000,68.4918,3.9469,1.9092,-595.1136,
600243.SH,青海华鼎,2009-11-24,8.2621,8.2819,8.3812,7.6563,7.7457,8877105,72412814,-0.5164,-6.25,8.1573,8.3893,825357000,N/A,1847430000,105815000,0,236850000,64.2111,3.7002,1.7899,-557.919,
600243.SH,青海华鼎,2009-11-25,7.7457,7.6662,8.1628,7.6464,8.1131,5636706,44898442,0.3674,4.7436,7.9654,5.3269,864508550,N/A,1935064500,105815000,0,236850000,67.257,3.8757,1.8748,-584.3844,
600243.SH,青海华鼎,2009-11-26,8.1131,8.0635,8.3117,7.6563,7.7159,7405409,59741081,-0.3972,-4.896,8.0672,6.9984,822182550,N/A,1840324500,105815000,0,236850000,63.9641,3.686,1.783,-555.7732,
600243.SH,青海华鼎,2009-11-27,7.7159,7.696,8.0932,7.6166,7.8152,6109195,48292039,0.0993,1.287,7.9048,5.7735,832764050,N/A,1864009500,105815000,0,236850000,64.7873,3.7334,1.8059,-562.926,
600243.SH,青海华鼎,2009-11-30,7.8152,7.8251,8.3415,7.8251,8.3316,9842397,81220809,0.5164,6.6074,8.2521,9.3015,887787850,N/A,1987171500,105815000,0,236850000,69.0681,3.9801,1.9253,-600.1206,
600243.SH,青海华鼎,2009-12-01,8.3316,8.3812,8.5401,8.133,8.4706,13143751,110734395,0.139,1.6687,8.4249,12.4214,902601950,N/A,2020330500,105815000,0,236850000,70.2206,4.0465,1.9574,-610.1345,
600243.SH,青海华鼎,2009-12-02,8.4706,8.4507,8.7884,8.3415,8.6593,13677354,118693518,0.1887,2.2274,8.6781,12.9257,922706800,N/A,2065332000,105815000,0,236850000,71.7847,4.1366,2.001,-623.7249,
600243.SH,青海华鼎,2009-12-03,8.6593,8.56,8.7983,8.4706,8.6692,7512426,65243731,0.0099,0.1147,8.6848,7.0996,923764950,N/A,2067700500,105815000,0,236850000,71.867,4.1414,2.0033,-624.4401,
600243.SH,青海华鼎,2009-12-04,8.6692,8.6692,8.9175,8.1429,8.3216,11004937,94345993,-0.3476,-4.0092,8.5731,10.4002,886729700,N/A,1984803000,105815000,0,236850000,68.9858,3.9753,1.923,-599.4053,
600243.SH,青海华鼎,2009-12-07,8.3216,8.2025,8.4805,8.2025,8.4408,5129303,43405709,0.1192,1.432,8.4623,4.8474,899427500,N/A,2013225000,105815000,0,236850000,69.9736,4.0323,1.9505,-607.9887,
600243.SH,青海华鼎,2009-12-08,8.4408,8.411,8.7387,8.3514,8.6791,6647546,57407280,0.2383,2.8235,8.6359,6.2822,924823100,N/A,2070069000,105815000,0,236850000,71.9493,4.1461,2.0056,-625.1555,
600243.SH,青海华鼎,2009-12-09,8.6791,8.5997,8.6791,8.3117,8.3812,4661017,39747892,-0.2979,-3.4325,8.5277,4.4049,893078600,N/A,1999014000,105815000,0,236850000,69.4797,4.0038,1.9367,-603.697,
600243.SH,青海华鼎,2009-12-10,8.3812,8.3812,8.4805,8.2422,8.4408,3832750,32256882,0.0596,0.7109,8.4161,3.6221,899427500,N/A,2013225000,105815000,0,236850000,69.9736,4.0323,1.9505,-607.9887,
600243.SH,青海华鼎,2009-12-11,8.4408,8.4507,8.4507,8.2919,8.3415,2638967,22274530,-0.0993,-1.1765,8.4406,2.4939,888846000,N/A,1989540000,105815000,0,236850000,69.1504,3.9848,1.9276,-600.8359,
600243.SH,青海华鼎,2009-12-14,8.3415,8.3614,8.3614,8.0635,8.2223,3511380,28950889,-0.1192,-1.4286,8.2449,3.3184,876148200,N/A,1961118000,105815000,0,236850000,68.1625,3.9279,1.9,-592.2525,
600243.SH,青海华鼎,2009-12-15,8.2223,8.1727,8.5401,8.1727,8.4706,5420146,46021646,0.2483,3.0193,8.4908,5.1223,902601950,N/A,2020330500,105815000,0,236850000,70.2206,4.0465,1.9574,-610.1345,
600243.SH,青海华鼎,2009-12-16,8.4706,8.4408,8.5401,8.3614,8.411,3205092,27264654,-0.0596,-0.7034,8.5067,3.029,896253050,N/A,2006119500,105815000,0,236850000,69.7267,4.018,1.9436,-605.8428,
600243.SH,青海华鼎,2009-12-17,8.411,8.411,8.4607,7.845,7.9145,5329205,43324992,-0.4965,-5.9032,8.1297,5.0363,843345550,N/A,1887694500,105815000,0,236850000,65.6106,3.7808,1.8289,-570.0788,
600243.SH,青海华鼎,2009-12-18,7.9145,7.8351,7.9145,7.6563,7.6762,2532386,19817650,-0.2383,-3.0113,7.8257,2.3932,817949950,N/A,1830850500,105815000,0,236850000,63.6348,3.667,1.7738,-552.912,
600243.SH,青海华鼎,2009-12-21,7.6762,7.6265,7.8549,7.6265,7.7655,2263128,17669786,0.0894,1.1643,7.8077,2.1388,827473300,N/A,1852167000,105815000,0,236850000,64.3757,3.7097,1.7945,-559.3496,
600243.SH,青海华鼎,2009-12-22,7.7655,7.7755,7.8251,7.3187,7.418,2174447,16619563,-0.3476,-4.4757,7.6431,2.055,790438050,N/A,1769269500,105815000,0,236850000,61.4945,3.5436,1.7142,-534.3148,
600243.SH,青海华鼎,2009-12-23,7.418,7.3783,7.6861,7.3783,7.6563,1877489,14278172,0.2383,3.2129,7.6049,1.7743,815833650,N/A,1826113500,105815000,0,236850000,63.4702,3.6575,1.7692,-551.4815,
600243.SH,青海华鼎,2009-12-24,7.6563,7.6662,7.845,7.5669,7.8251,2698664,21064140,0.1688,2.2049,7.8054,2.5504,833822200,N/A,1866378000,105815000,0,236850000,64.8697,3.7381,1.8082,-563.6413,
600243.SH,青海华鼎,2009-12-25,7.8251,7.8152,7.9542,7.706,7.9344,2941637,23260950,0.1092,1.3959,7.9075,2.78,845461850,N/A,1892431500,105815000,0,236850000,65.7752,3.7903,1.8335,-571.5093,
600243.SH,青海华鼎,2009-12-28,7.9344,7.9344,8.3117,7.8251,8.3018,6896558,56659461,0.3674,4.6308,8.2156,6.5176,884613400,N/A,1980066000,105815000,0,236850000,68.8211,3.9658,1.9184,-597.9747,
600243.SH,青海华鼎,2009-12-29,8.3018,8.3018,8.3316,8.0932,8.2621,4129057,34101568,-0.0397,-0.4785,8.2589,3.0172,1138592000,N/A,1970592000,136850000,0,236850000,68.4918,3.9469,1.9092,-595.1136,
600243.SH,青海华鼎,2009-12-30,8.2621,8.2621,8.4209,8.123,8.2919,3998128,33236712,0.0298,0.3606,8.3131,2.9215,1142697500,N/A,1977697500,136850000,0,236850000,68.7388,3.9611,1.9161,-597.2595,
600243.SH,青海华鼎,2009-12-31,8.2919,8.3216,8.3812,8.2422,8.2919,3692859,30885496,0,0,8.3636,2.6985,1142697500,N/A,1977697500,136850000,0,236850000,68.7388,3.9611,1.9161,-597.2595,
600243.SH,青海华鼎,2010-01-04,8.2919,8.3316,8.4309,8.2422,8.2819,4586922,38461215,-0.0099,-0.1198,8.385,3.3518,1141329000,N/A,1975329000,136850000,0,236850000,130.6643,2.6377,2.0679,7.4354,
600243.SH,青海华鼎,2010-01-05,8.2819,8.2422,8.411,8.1925,8.4011,4794303,40138239,0.1192,1.4388,8.3721,3.5033,1157751000,N/A,2003751000,136850000,0,236850000,132.5443,2.6756,2.0977,7.5424,
600243.SH,青海华鼎,2010-01-06,8.4011,8.3713,8.5004,8.3018,8.3614,5185806,43944959,-0.0397,-0.4728,8.4741,3.7894,1152277000,N/A,1994277000,136850000,0,236850000,131.9176,2.663,2.0877,7.5067,
600243.SH,青海华鼎,2010-01-07,8.3614,8.0436,8.3316,7.9046,7.9443,4712736,38450012,-0.4171,-4.9881,8.1587,3.4437,1094800000,N/A,1894800000,136850000,0,236850000,125.3374,2.5301,1.9836,7.1323,
600243.SH,青海华鼎,2010-01-08,7.9443,7.8946,8.0039,7.7953,7.9741,2944559,23422044,0.0298,0.375,7.9543,2.1517,1098905500,N/A,1901905500,136850000,0,236850000,125.8074,2.5396,1.991,7.159,
600243.SH,青海华鼎,2010-01-11,7.9741,8.0932,8.1032,7.9443,8.0138,2305976,18613978,0.0397,0.4981,8.0721,1.685,1104379500,N/A,1911379500,136850000,0,236850000,126.4341,2.5523,2.001,7.1947,
600243.SH,青海华鼎,2010-01-12,8.0138,7.9641,8.2621,7.9641,8.2521,3455606,28403292,0.2383,2.974,8.2195,2.5251,1137223500,N/A,1968223500,136850000,0,236850000,130.1943,2.6282,2.0605,7.4086,
600243.SH,青海华鼎,2010-01-13,8.2521,8.0436,8.2422,8.0039,8.133,3358792,27491179,-0.1192,-1.444,8.1848,2.4544,1120801500,N/A,1939801500,136850000,0,236850000,128.3142,2.5902,2.0307,7.3016,
600243.SH,青海华鼎,2010-01-14,8.133,8.1528,8.4011,8.123,8.4011,4386124,36701694,0.2681,3.2967,8.3677,3.2051,1157751000,N/A,2003751000,136850000,0,236850000,132.5443,2.6756,2.0977,7.5424,
600243.SH,青海华鼎,2010-01-15,8.4011,8.411,8.5798,8.3316,8.4805,6029198,51326661,0.0794,0.9456,8.513,4.4057,1168699000,N/A,2022699000,136850000,0,236850000,133.7977,2.7009,2.1175,7.6137,
600243.SH,青海华鼎,2010-01-18,8.4805,8.5401,8.5997,8.3415,8.5699,5397607,46227775,0.0894,1.0539,8.5645,3.9442,1181015500,N/A,2044015500,136850000,0,236850000,135.2078,2.7294,2.1398,7.6939,
600243.SH,青海华鼎,2010-01-19,8.5699,8.5798,8.977,8.5004,8.7189,12953285,114428644,0.149,1.7381,8.8339,9.4653,1201543000,N/A,2079543000,136850000,0,236850000,137.5578,2.7768,2.177,7.8277,
600243.SH,青海华鼎,2010-01-20,8.7189,8.7189,8.8082,8.2919,8.3514,6825512,58717999,-0.3674,-4.2141,8.6027,4.9876,1150908500,N/A,1991908500,136850000,0,236850000,131.761,2.6598,2.0853,7.4978,
600243.SH,青海华鼎,2010-01-21,8.3514,8.3316,8.5103,8.2621,8.4507,4383252,37010605,0.0993,1.1891,8.4436,3.203,1164593500,N/A,2015593500,136850000,0,236850000,133.3277,2.6914,2.1101,7.5869,
600243.SH,青海华鼎,2010-01-22,8.4507,8.3713,8.3713,7.9542,8.0932,4901248,40096787,-0.3575,-4.2303,8.1809,3.5815,1115327500,N/A,1930327500,136850000,0,236850000,127.6875,2.5776,2.0208,7.266,
600243.SH,青海华鼎,2010-01-25,8.0932,8.0436,8.2124,8.0436,8.0932,2047321,16762088,0,0,8.1873,1.496,1115327500,N/A,1930327500,136850000,0,236850000,127.6875,2.5776,2.0208,7.266,
600243.SH,青海华鼎,2010-01-26,8.0932,8.133,8.1429,7.6464,7.6861,2733746,21607396,-0.4071,-5.0307,7.904,1.9976,1059219000,N/A,1833219000,136850000,0,236850000,121.264,2.4479,1.9191,6.9005,
600243.SH,青海华鼎,2010-01-27,7.6861,7.706,7.7854,7.4875,7.5967,1848822,14236508,-0.0894,-1.1628,7.7003,1.351,1046902500,N/A,1811902500,136850000,0,236850000,119.8539,2.4194,1.8968,6.8202,
600243.SH,青海华鼎,2010-01-28,7.5967,7.5669,7.7258,7.5669,7.6762,1752250,13488350,0.0794,1.0458,7.6977,1.2804,1057850500,N/A,1830850500,136850000,0,236850000,121.1073,2.4447,1.9167,6.8915,
600243.SH,青海华鼎,2010-01-29,7.6762,7.557,7.7655,7.557,7.6364,2259255,17509834,-0.0397,-0.5175,7.7503,1.6509,1052376500,N/A,1821376500,136850000,0,236850000,120.4806,2.4321,1.9067,6.8559,
600243.SH,青海华鼎,2010-02-01,7.6364,7.6364,7.6364,7.3286,7.4676,2293364,17198131,-0.1688,-2.2107,7.4991,1.6758,1029112000,N/A,1781112000,136850000,0,236850000,117.8172,2.3783,1.8646,6.7043,
600243.SH,青海华鼎,2010-02-02,7.4676,7.5471,7.6265,7.3981,7.4378,1838256,13925444,-0.0298,-0.3989,7.5754,1.3433,1025006500,N/A,1774006500,136850000,0,236850000,117.3472,2.3688,1.8571,6.6776,
600243.SH,青海华鼎,2010-02-03,7.4378,7.4875,7.7358,7.3882,7.706,2671729,20414312,0.2681,3.6048,7.6409,1.9523,1061956000,N/A,1837956000,136850000,0,236850000,121.5773,2.4542,1.9241,6.9183,
600243.SH,青海华鼎,2010-02-04,7.706,7.6464,7.9641,7.5967,7.7854,3194181,25140160,0.0794,1.0309,7.8706,2.3341,1072904000,N/A,1856904000,136850000,0,236850000,122.8307,2.4795,1.9439,6.9896,
600243.SH,青海华鼎,2010-02-05,7.7854,7.6662,8.56,7.6166,8.56,7972777,67278828,0.7746,9.949,8.4386,5.8259,1179647000,N/A,2041647000,136850000,0,236850000,135.0511,2.7262,2.1373,7.685,
600243.SH,青海华鼎,2010-02-08,8.56,8.9274,8.9274,8.2819,8.3216,16107763,139573751,-0.2383,-2.7842,8.665,11.7704,1146803000,N/A,1984803000,136850000,0,236850000,131.291,2.6503,2.0778,7.471,
600243.SH,青海华鼎,2010-02-09,8.3216,8.1628,8.6692,8.1429,8.3812,10284528,87645256,0.0596,0.716,8.522,7.5152,1155014000,N/A,1999014000,136850000,0,236850000,132.231,2.6693,2.0927,7.5245,
600243.SH,青海华鼎,2010-02-10,8.3812,8.3018,8.3912,8.1032,8.1925,5662597,46747599,-0.1887,-2.2512,8.2555,4.1378,1129012500,N/A,1954012500,136850000,0,236850000,129.2542,2.6092,2.0456,7.3551,
600243.SH,青海华鼎,2010-02-11,8.1925,8.1925,8.2621,8.0237,8.0535,3306527,27064193,-0.139,-1.697,8.1851,2.4162,1109853500,N/A,1920853500,136850000,0,236850000,127.0608,2.5649,2.0109,7.2303,
600243.SH,青海华鼎,2010-02-12,8.0535,8.0833,8.2124,8.0535,8.133,2766728,22630485,0.0794,0.9864,8.1795,2.0217,1120801500,N/A,1939801500,136850000,0,236850000,128.3142,2.5902,2.0307,7.3016,
600243.SH,青海华鼎,2010-02-22,8.133,8.1429,8.4905,7.9542,8.2919,6448087,54004366,0.1589,1.9536,8.3753,4.7118,1142697500,N/A,1977697500,136850000,0,236850000,130.8209,2.6408,2.0704,7.4443,
600243.SH,青海华鼎,2010-02-23,8.2919,8.2422,8.6493,8.2323,8.5302,9142185,77785645,0.2383,2.8743,8.5084,6.6804,1175541500,N/A,2034541500,136850000,0,236850000,134.5811,2.7167,2.1299,7.6583,
600243.SH,青海华鼎,2010-02-24,8.5302,8.4905,8.8579,8.4011,8.8082,12773220,112079722,0.2781,3.2596,8.7746,9.3337,1213859500,N/A,2100859500,136850000,0,236850000,138.9679,2.8053,2.1993,7.9079,
600243.SH,青海华鼎,2010-02-25,8.8082,8.7189,9.275,8.6593,9.0863,15253718,137725279,0.2781,3.1567,9.029,11.1463,1252177500,N/A,2167177500,136850000,0,236850000,143.3547,2.8938,2.2687,8.1575,
600243.SH,青海华鼎,2010-02-26,9.0863,8.977,9.1856,8.9175,8.987,12344046,112262395,-0.0993,-1.0929,9.0945,9.0201,1238492500,N/A,2143492500,136850000,0,236850000,141.788,2.8622,2.2439,8.0684,
600243.SH,青海华鼎,2010-03-01,8.987,9.0168,9.2948,8.9373,9.1359,10311397,95165037,0.149,1.6575,9.2291,7.5348,1259020000,N/A,2179020000,136850000,0,236850000,144.138,2.9096,2.2811,8.2021,
600243.SH,青海华鼎,2010-03-02,9.1359,9.0863,9.1359,8.8182,9.0267,8321668,75082114,-0.1092,-1.1957,9.0225,6.0809,1243966500,N/A,2152966500,136850000,0,236850000,142.4147,2.8748,2.2539,8.104,
600243.SH,青海华鼎,2010-03-03,9.0267,9.0168,9.2849,8.9572,9.1657,8781432,80716706,0.139,1.5402,9.1917,6.4168,1263125500,N/A,2186125500,136850000,0,236850000,144.6081,2.9191,2.2886,8.2288,
600243.SH,青海华鼎,2010-03-04,9.1657,9.1856,9.275,8.5898,8.7089,8538978,76816808,-0.4568,-4.9837,8.996,6.2397,1200174500,N/A,2077174500,136850000,0,236850000,137.4012,2.7736,2.1745,7.8187,
600243.SH,青海华鼎,2010-03-05,8.7089,8.7387,9.3147,8.6692,9.275,11848234,107565418,0.566,6.4994,9.0786,8.6578,1278179000,N/A,2212179000,136850000,0,236850000,146.3315,2.9539,2.3159,8.3269,
600243.SH,青海华鼎,2010-03-08,9.275,9.3445,9.5034,9.2253,9.2452,9712167,91373655,-0.0298,-0.3212,9.4082,7.0969,1274073500,N/A,2205073500,136850000,0,236850000,145.8614,2.9444,2.3084,8.3002,
600243.SH,青海华鼎,2010-03-09,9.2452,9.2054,9.6126,9.1359,9.2452,9255624,87291542,0,0,9.4312,6.7633,1274073500,N/A,2205073500,136850000,0,236850000,145.8614,2.9444,2.3084,8.3002,
600243.SH,青海华鼎,2010-03-10,9.2452,9.126,9.2352,8.9473,9.0962,7418533,67773450,-0.149,-1.6112,9.1357,5.4209,1253546000,N/A,2169546000,136850000,0,236850000,143.5114,2.897,2.2712,8.1664,
600243.SH,青海华鼎,2010-03-11,9.0962,8.9373,9.3147,8.838,9.1757,6424803,59424226,0.0794,0.8734,9.2492,4.6948,1264494000,N/A,2188494000,136850000,0,236850000,144.7647,2.9223,2.2911,8.2378,
600243.SH,青海华鼎,2010-03-12,9.1757,9.1161,9.1955,8.7387,8.7884,5768384,51789308,-0.3873,-4.2208,8.9781,4.2151,1211122500,N/A,2096122500,136850000,0,236850000,138.6545,2.7989,2.1944,7.8901,
600243.SH,青海华鼎,2010-03-15,8.7884,8.7884,8.7884,8.7884,8.7884,N/A,N/A,0,0,N/A,N/A,1211122500,N/A,2096122500,136850000,0,236850000,138.6545,2.7989,2.1944,7.8901,
600243.SH,青海华鼎,2010-03-16,8.7884,8.4905,8.5997,8.2223,8.5004,8883221,75315601,-0.288,-3.2768,8.4784,6.4912,1171436000,N/A,2027436000,136850000,0,236850000,134.1111,2.7072,2.1224,7.6315,
600243.SH,青海华鼎,2010-03-17,8.5004,8.4309,8.8182,8.411,8.7586,6305856,54521573,0.2582,3.0374,8.6462,4.6079,1207017000,N/A,2089017000,136850000,0,236850000,138.1845,2.7895,2.1869,7.8633,
600243.SH,青海华鼎,2010-03-18,8.7586,8.7586,9.1359,8.6394,8.9671,6297570,55646816,0.2085,2.381,8.8362,4.6018,1235755500,N/A,2138755500,136850000,0,236850000,141.4746,2.8559,2.239,8.0505,
600243.SH,青海华鼎,2010-03-19,8.9671,9.1161,9.8311,9.1161,9.5331,22069331,211098110,0.566,6.3123,9.5652,16.1267,1313760000,N/A,2273760000,136850000,0,236850000,150.4049,3.0361,2.3803,8.5587,
600243.SH,青海华鼎,2010-03-22,9.5331,9.8807,10.4865,9.7318,10.4865,19443095,200892285,0.9533,10,10.3323,14.2076,1445136000,N/A,2501136000,136850000,0,236850000,165.4454,3.3398,2.6183,9.4146,
600243.SH,青海华鼎,2010-03-23,10.4865,10.8241,11.3901,10.6056,10.834,41842690,460070717,0.3476,3.3144,10.9952,30.5756,1493033500,N/A,2584033500,136850000,0,236850000,170.9289,3.4505,2.7051,9.7266,
600243.SH,青海华鼎,2010-03-24,10.834,10.834,10.834,10.834,10.834,N/A,N/A,0,0,N/A,N/A,1493033500,N/A,2584033500,136850000,0,236850000,170.9289,3.4505,2.7051,9.7266,
600243.SH,青海华鼎,2010-03-25,10.834,10.834,10.834,10.834,10.834,N/A,N/A,0,0,N/A,N/A,1493033500,N/A,2584033500,136850000,0,236850000,170.9289,3.4505,2.7051,9.7266,
600243.SH,青海华鼎,2010-03-26,10.834,10.1786,10.3176,9.8311,10.1687,23384616,237099581,-0.6653,-6.1412,10.1391,17.0878,1401344000,N/A,2425344000,136850000,0,236850000,160.4319,3.2386,2.539,9.1293,
600243.SH,青海华鼎,2010-03-29,10.1687,10.0694,10.0992,9.8013,10.0297,13834058,138735786,-0.139,-1.3672,10.0286,10.1089,1382185000,N/A,2392185000,136850000,0,236850000,158.2385,3.1943,2.5043,9.0045,
600243.SH,青海华鼎,2010-03-30,10.0297,9.9304,10.2779,9.8906,10.1687,14657698,149326516,0.139,1.3861,10.1876,10.7108,1401344000,N/A,2425344000,136850000,0,236850000,160.4319,3.2386,2.539,9.1293,
600243.SH,青海华鼎,2010-03-31,10.1687,10.1091,10.1786,9.9602,10.0396,8912951,90141330,-0.1291,-1.2695,10.1135,6.5129,1383553500,N/A,2394553500,136850000,0,236850000,158.3952,3.1974,2.5068,9.0134,
600243.SH,青海华鼎,2010-04-01,10.0396,9.9899,10.1786,9.98,10.0197,9459181,95705832,-0.0199,-0.1978,10.1178,6.9121,1380816500,N/A,2389816500,136850000,0,236850000,158.0818,3.1911,2.5018,8.9956,
600243.SH,青海华鼎,2010-04-02,10.0197,10.0297,10.0595,9.8311,9.8708,10433317,104063781,-0.149,-1.4866,9.9742,7.6239,1360289000,N/A,2354289000,136850000,0,236850000,155.7318,3.1437,2.4646,8.8618,
600243.SH,青海华鼎,2010-04-06,9.8708,9.8807,10.0892,9.8509,10.0694,7429690,74465294,0.1986,2.0121,10.0227,5.4291,1387659000,N/A,2401659000,136850000,0,236850000,158.8652,3.2069,2.5142,9.0401,
600243.SH,青海华鼎,2010-04-07,10.0694,10.0595,10.2283,9.8906,10.0992,11261934,114197903,0.0298,0.2959,10.1402,8.2294,1391764500,N/A,2408764500,136850000,0,236850000,159.3352,3.2164,2.5216,9.0669,
600243.SH,青海华鼎,2010-04-08,10.0992,10.0793,10.3772,10.0297,10.1886,13644487,140320626,0.0894,0.885,10.2841,9.9704,1404081000,N/A,2430081000,136850000,0,236850000,160.7453,3.2449,2.544,9.1471,
600243.SH,青海华鼎,2010-04-09,10.1886,10.129,10.1687,9.9304,10.0992,7920527,80004937,-0.0894,-0.8772,10.101,5.7877,1391764500,N/A,2408764500,136850000,0,236850000,159.3352,3.2164,2.5216,9.0669,
600243.SH,青海华鼎,2010-04-12,10.0992,10.1091,10.2183,9.9105,9.9701,7407122,74763816,-0.1291,-1.2783,10.0935,5.4126,1373974000,N/A,2377974000,136850000,0,236850000,157.2985,3.1753,2.4894,8.951,
600243.SH,青海华鼎,2010-04-13,9.9701,9.9701,10.0297,9.414,9.8906,10084612,98929589,-0.0794,-0.7968,9.81,7.3691,1363026000,N/A,2359026000,136850000,0,236850000,156.0451,3.15,2.4696,8.8797,
600243.SH,青海华鼎,2010-04-14,9.8906,9.8906,10.1389,9.7318,10.119,8436178,85241337,0.2284,2.3092,10.1043,6.1645,1394501500,N/A,2413501500,136850000,0,236850000,159.6486,3.2227,2.5266,9.0847,
600243.SH,青海华鼎,2010-04-15,10.119,10.268,11.122,10.1588,10.9929,32228704,348396092,0.8739,8.6359,10.8101,23.5504,1514929500,N/A,2621929500,136850000,0,236850000,173.4357,3.5011,2.7448,9.8693,
600243.SH,青海华鼎,2010-04-16,10.9929,10.6056,10.7248,10.2978,10.3474,13151435,138190870,-0.6455,-5.8717,10.5077,9.6101,1425977000,N/A,2467977000,136850000,0,236850000,163.252,3.2955,2.5836,9.2898,
600243.SH,青海华鼎,2010-04-19,10.3474,10.3474,10.3474,10.3474,10.3474,N/A,N/A,0,0,N/A,N/A,1425977000,N/A,2467977000,136850000,0,236850000,163.252,3.2955,2.5836,9.2898,
600243.SH,青海华鼎,2010-04-20,10.3474,9.6126,9.8807,9.4338,9.702,10841790,104619676,-0.6455,-6.238,9.6497,7.9224,1337024500,N/A,2314024500,136850000,0,236850000,153.0683,3.0899,2.4225,8.7103,
600243.SH,青海华鼎,2010-04-21,9.702,9.7417,10.2183,9.7417,10.0595,8994768,90642970,0.3575,3.6847,10.0773,6.5727,1386290500,N/A,2399290500,136850000,0,236850000,158.7085,3.2038,2.5117,9.0312,
600243.SH,青海华鼎,2010-04-22,10.0595,10.0595,10.8737,9.7715,10.7546,18127082,189069744,0.6951,6.9102,10.4302,13.2459,1482085500,N/A,2565085500,136850000,0,236850000,169.6756,3.4252,2.6853,9.6553,
600243.SH,青海华鼎,2010-04-23,10.7546,10.7645,11.1717,10.5262,10.5758,18555477,202650448,-0.1787,-1.662,10.9213,13.559,1457452500,N/A,2522452500,136850000,0,236850000,166.8555,3.3682,2.6407,9.4948,
600243.SH,青海华鼎,2010-04-26,10.5758,10.4865,10.4865,10.0098,10.1886,10251301,105045944,-0.3873,-3.662,10.2471,7.4909,1404081000,N/A,2430081000,136850000,0,236850000,160.7453,3.2449,2.544,9.1471,
600243.SH,青海华鼎,2010-04-27,10.1886,10.0297,10.1091,9.3544,9.8013,7646723,74727479,-0.3873,-3.8012,9.7725,5.5877,1350709500,N/A,2337709500,136850000,0,236850000,154.6351,3.1215,2.4473,8.7994,
600243.SH,青海华鼎,2010-04-28,9.8013,9.6324,9.9403,9.5629,9.7913,3822954,37680931,-0.0099,-0.1013,9.8565,2.7935,1349341000,N/A,2335341000,136850000,0,236850000,154.4784,3.1184,2.4448,8.7905,
600243.SH,青海华鼎,2010-04-29,9.7913,9.7814,10.0694,9.4636,9.553,7045619,69169663,-0.2383,-2.4341,9.8174,5.1484,1316497000,N/A,2278497000,136850000,0,236850000,150.7183,3.0425,2.3853,8.5765,
600243.SH,青海华鼎,2010-04-30,9.553,9.553,9.6225,8.7486,8.9671,4839012,44026888,-0.5859,-6.1331,9.0983,3.536,1235755500,N/A,2138755500,136850000,0,236850000,141.4746,2.8559,2.239,8.0505,
600243.SH,青海华鼎,2010-05-04,8.9671,8.55,9.0267,8.55,8.9075,2468182,22034550,-0.0596,-0.6645,8.9274,1.8036,1227544500,N/A,2124544500,136850000,0,236850000,140.5346,2.8369,2.2241,7.997,
600243.SH,青海华鼎,2010-05-05,8.9075,8.8082,9.1856,8.7586,9.1657,3661166,33148687,0.2582,2.8986,9.0541,2.6753,1263125500,N/A,2186125500,136850000,0,236850000,144.6081,2.9191,2.2886,8.2288,
600243.SH,青海华鼎,2010-05-06,9.1657,9.1459,9.2253,8.5401,8.5898,3836251,34464019,-0.576,-6.2839,8.9838,2.8033,1183752500,N/A,2048752500,136850000,0,236850000,135.5211,2.7357,2.1448,7.7118,
600243.SH,青海华鼎,2010-05-07,8.5898,8.3316,8.4905,8.2124,8.272,3497344,29375403,-0.3178,-3.6994,8.3993,2.5556,1139960500,N/A,1972960500,136850000,0,236850000,130.5076,2.6345,2.0654,7.4265,
600243.SH,青海华鼎,2010-05-10,8.272,8.2422,8.3912,7.8053,8.0635,3536759,28834239,-0.2085,-2.521,8.1527,2.5844,1111222000,N/A,1923222000,136850000,0,236850000,127.2175,2.5681,2.0134,7.2392,
600243.SH,青海华鼎,2010-05-11,8.0635,8.2323,8.2819,7.8648,8.2422,4277962,35034646,0.1787,2.2167,8.1896,3.126,1135855000,N/A,1965855000,136850000,0,236850000,130.0376,2.625,2.058,7.3997,
600243.SH,青海华鼎,2010-05-12,8.2422,8.0932,8.4209,8.0436,8.3018,3767358,31301222,0.0596,0.7229,8.3085,2.7529,1144066000,N/A,1980066000,136850000,0,236850000,130.9776,2.644,2.0729,7.4532,
600243.SH,青海华鼎,2010-05-13,8.3018,8.3018,8.3713,7.7457,8.3018,4083280,33541519,0,0,8.2144,2.9838,1144066000,N/A,1980066000,136850000,0,236850000,130.9776,2.644,2.0729,7.4532,
600243.SH,青海华鼎,2010-05-14,8.3018,8.2621,8.3216,8.0833,8.1826,2958811,24418075,-0.1192,-1.4354,8.2527,2.1621,1127644000,N/A,1951644000,136850000,0,236850000,129.0976,2.606,2.0431,7.3462,
600243.SH,青海华鼎,2010-05-17,8.1826,8.133,8.133,7.3683,7.3683,4452596,34381969,-0.8143,-9.9515,7.7218,3.2536,1015427000,N/A,1757427000,136850000,0,236850000,116.2505,2.3467,1.8398,6.6152,
600243.SH,青海华鼎,2010-05-18,7.3683,7.2094,7.3683,6.8023,7.269,5174448,37072723,-0.0993,-1.3477,7.1646,3.7811,1001742000,N/A,1733742000,136850000,0,236850000,114.6838,2.3151,1.815,6.526,
600243.SH,青海华鼎,2010-05-19,7.269,7.1499,7.2889,6.991,7.1896,3431687,24777705,-0.0794,-1.0929,7.2203,2.5076,990794000,N/A,1714794000,136850000,0,236850000,113.4304,2.2898,1.7952,6.4547,
600243.SH,青海华鼎,2010-05-20,7.1896,7.0406,7.2591,6.8817,6.9115,3631468,25726723,-0.2781,-3.8674,7.0844,2.6536,952476000,N/A,1648476000,136850000,0,236850000,109.0436,2.2012,1.7257,6.2051,
600243.SH,青海华鼎,2010-05-21,6.9115,6.6037,7.1697,6.4547,7.1499,6070725,42121652,0.2383,3.4483,6.9385,4.436,985320000,N/A,1705320000,136850000,0,236850000,112.8037,2.2771,1.7852,6.419,
600243.SH,青海华鼎,2010-05-24,7.1499,7.0704,7.5868,7.0704,7.4378,6493293,48149533,0.288,4.0278,7.4153,4.7448,1025006500,N/A,1774006500,136850000,0,236850000,117.3472,2.3688,1.8571,6.6776,
600243.SH,青海华鼎,2010-05-25,7.4378,7.3485,7.3882,7.1499,7.1797,4137534,30247618,-0.2582,-3.4713,7.3105,3.0234,989425500,N/A,1712425500,136850000,0,236850000,113.2737,2.2866,1.7927,6.4458,
600243.SH,青海华鼎,2010-05-26,7.1797,7.1797,7.2889,7.13,7.2492,2828501,20557409,0.0695,0.9682,7.268,2.0669,999005000,N/A,1729005000,136850000,0,236850000,114.3704,2.3087,1.81,6.5082,
600243.SH,青海华鼎,2010-05-27,7.2492,7.1995,7.4875,7.0803,7.3981,4632955,34126665,0.149,2.0548,7.3661,3.3854,1019532500,N/A,1764532500,136850000,0,236850000,116.7205,2.3562,1.8472,6.6419,
600243.SH,青海华鼎,2010-05-28,7.3981,7.4478,7.7755,7.3683,7.6265,7906899,60389527,0.2284,3.0872,7.6376,5.7778,1051008000,N/A,1819008000,136850000,0,236850000,120.3239,2.4289,1.9043,6.847,
600243.SH,青海华鼎,2010-05-31,7.6265,7.6464,8.2919,7.557,7.845,12030237,96287189,0.2185,2.8646,8.0038,8.7908,1081115000,N/A,1871115000,136850000,0,236850000,123.7707,2.4985,1.9588,7.0431,
600243.SH,青海华鼎,2010-06-01,7.845,7.7258,7.7258,7.2988,7.6067,5775525,43865354,-0.2383,-3.038,7.595,4.2203,1048271000,N/A,1814271000,136850000,0,236850000,120.0106,2.4226,1.8993,6.8291,
600243.SH,青海华鼎,2010-06-02,7.6067,7.4478,7.7159,7.279,7.5669,4163847,31306939,-0.0397,-0.5222,7.5188,3.0426,1042797000,N/A,1804797000,136850000,0,236850000,119.3839,2.4099,1.8894,6.7935,
600243.SH,青海华鼎,2010-06-03,7.5669,7.5769,7.6464,7.279,7.2988,3765945,28460162,-0.2681,-3.5433,7.5572,2.7519,1005847500,N/A,1740847500,136850000,0,236850000,115.1538,2.3245,1.8224,6.5528,
600243.SH,青海华鼎,2010-06-04,7.2988,7.1499,7.3286,7.1499,7.2988,2776457,20245487,0,0,7.2918,2.0288,1005847500,N/A,1740847500,136850000,0,236850000,115.1538,2.3245,1.8224,6.5528,
600243.SH,青海华鼎,2010-06-07,7.2988,7.13,7.2889,6.991,7.1002,3365365,24109065,-0.1986,-2.7211,7.1639,2.4592,978477500,N/A,1693477500,136850000,0,236850000,112.0203,2.2613,1.7728,6.3745,
600243.SH,青海华鼎,2010-06-08,7.1002,7.0803,7.2293,7.0803,7.1995,3130921,22556997,0.0993,1.3986,7.2046,2.2878,992162500,N/A,1717162500,136850000,0,236850000,113.587,2.2929,1.7976,6.4636,
600243.SH,青海华鼎,2010-06-09,7.1995,7.2293,7.418,7.1797,7.3981,3847763,28252397,0.1986,2.7586,7.3426,2.8117,1019532500,N/A,1764532500,136850000,0,236850000,116.7205,2.3562,1.8472,6.6419,
600243.SH,青海华鼎,2010-06-10,7.3981,7.3783,7.5769,7.3286,7.4577,4041443,30349724,0.0596,0.8054,7.5096,2.9532,1027743500,N/A,1778743500,136850000,0,236850000,117.6605,2.3752,1.8621,6.6954,
600243.SH,青海华鼎,2010-06-11,7.4577,7.5471,7.5471,7.279,7.3485,2847227,21214362,-0.1092,-1.4647,7.4509,2.0805,1012690000,N/A,1752690000,136850000,0,236850000,115.9371,2.3404,1.8348,6.5973,
600243.SH,青海华鼎,2010-06-17,7.3485,7.9244,7.9344,7.3882,7.5272,4551389,34562114,0.1787,2.4324,7.5938,3.3258,1037323000,N/A,1795323000,136850000,0,236850000,118.7572,2.3973,1.8795,6.7578,
600243.SH,青海华鼎,2010-06-18,7.5272,7.4577,7.6067,7.0406,7.0903,3564455,26216032,-0.4369,-5.8047,7.3549,2.6046,977109000,N/A,1691109000,136850000,0,236850000,111.8637,2.2581,1.7704,6.3655,
600243.SH,青海华鼎,2010-06-21,7.0903,7.1201,7.418,6.9413,7.3187,2940461,21376865,0.2284,3.2213,7.2699,2.1487,1008584500,N/A,1745584500,136850000,0,236850000,115.4671,2.3309,1.8274,6.5706,
600243.SH,青海华鼎,2010-06-22,7.3187,7.3087,7.5967,7.269,7.4378,3928311,29510856,0.1192,1.6282,7.5124,2.8705,1025006500,N/A,1774006500,136850000,0,236850000,117.3472,2.3688,1.8571,6.6776,
600243.SH,青海华鼎,2010-06-23,7.4378,7.3485,7.5471,7.2094,7.3783,3209367,23894813,-0.0596,-0.8011,7.4453,2.3452,1016795500,N/A,1759795500,136850000,0,236850000,116.4071,2.3498,1.8423,6.6241,
600243.SH,青海华鼎,2010-06-24,7.3783,7.4279,7.7258,7.3286,7.6166,6038446,46024588,0.2383,3.2301,7.6219,4.4125,1049639500,N/A,1816639500,136850000,0,236850000,120.1673,2.4258,1.9018,6.8381,
600243.SH,青海华鼎,2010-06-25,7.6166,7.5471,7.6166,7.2988,7.4478,3479059,26088977,-0.1688,-2.2164,7.4989,2.5422,1026375000,N/A,1776375000,136850000,0,236850000,117.5038,2.372,1.8596,6.6865,
600243.SH,青海华鼎,2010-06-28,7.4478,7.3584,7.4478,7.1896,7.1995,2183085,16033761,-0.2483,-3.3333,7.3445,1.5952,992162500,N/A,1717162500,136850000,0,236850000,113.587,2.2929,1.7976,6.4636,
600243.SH,青海华鼎,2010-06-29,7.1995,7.1896,7.2591,6.564,6.6335,3548236,24520437,-0.566,-7.8621,6.9106,2.5928,914158000,N/A,1582158000,136850000,0,236850000,104.6568,2.1127,1.6563,5.9554,
600243.SH,青海华鼎,2010-06-30,6.6335,6.5938,6.6136,6.2263,6.3157,2197460,14139612,-0.3178,-4.7904,6.4345,1.6057,870366000,N/A,1506366000,136850000,0,236850000,99.6433,2.0114,1.577,5.6701,
600243.SH,青海华鼎,2010-07-01,6.3157,6.2462,6.4249,6.1965,6.2065,1392069,8848754,-0.1092,-1.7296,6.3565,1.0172,855312500,N/A,1480312500,136850000,0,236850000,97.9199,1.9767,1.5497,5.5721,
600243.SH,青海华鼎,2010-07-02,6.2065,6.3256,6.3256,5.8589,6.2065,2152720,13291743,0,0,6.1744,1.5731,855312500,N/A,1480312500,136850000,0,236850000,97.9199,1.9767,1.5497,5.5721,
600243.SH,青海华鼎,2010-07-05,6.2065,6.1171,6.2263,5.9681,6.1668,1611418,9908968,-0.0397,-0.64,6.1492,1.1775,849838500,N/A,1470838500,136850000,0,236850000,97.2932,1.964,1.5398,5.5364,
600243.SH,青海华鼎,2010-07-06,6.1668,6.1568,6.3852,6.1469,6.3554,3272934,20704523,0.1887,3.0596,6.326,2.3916,875840000,N/A,1515840000,136850000,0,236850000,100.2699,2.0241,1.5869,5.7058,
600243.SH,青海华鼎,2010-07-07,6.3554,6.415,6.7924,6.3952,6.5441,5453409,36036951,0.1887,2.9687,6.6082,3.985,901841500,N/A,1560841500,136850000,0,236850000,103.2467,2.0842,1.634,5.8752,
600243.SH,青海华鼎,2010-07-08,6.5441,6.5044,6.5342,6.3554,6.4051,2772727,18000626,-0.139,-2.1244,6.492,1.4839,1205182500,N/A,1527682500,186850000,0,236850000,101.0533,2.0399,1.5993,5.7504,
600243.SH,青海华鼎,2010-07-09,6.4051,6.4051,6.6136,6.3753,6.5838,3864577,25421404,0.1787,2.7907,6.5781,2.0683,1238815500,N/A,1570315500,186850000,0,236850000,103.8734,2.0968,1.6439,5.9109,
600243.SH,青海华鼎,2010-07-12,6.5838,6.6136,6.7626,6.554,6.703,3184202,21455121,0.1192,1.81,6.738,1.7041,1261237500,N/A,1598737500,186850000,0,236850000,105.7535,2.1348,1.6737,6.0178,
600243.SH,青海华鼎,2010-07-13,6.703,6.6533,6.6533,6.4547,6.5044,2270639,14924821,-0.1986,-2.963,6.573,1.2152,1223867500,N/A,1551367500,186850000,0,236850000,102.62,2.0715,1.6241,5.8395,
600243.SH,青海华鼎,2010-07-14,6.5044,6.4945,6.703,6.4746,6.6037,2815963,18784939,0.0993,1.5267,6.6709,1.5071,1242552500,N/A,1575052500,186850000,0,236850000,104.1867,2.1032,1.6489,5.9287,
600243.SH,青海华鼎,2010-07-15,6.6037,6.6037,6.8023,6.4845,6.5143,3204846,21448429,-0.0894,-1.3534,6.6925,1.7152,1225736000,N/A,1553736000,186850000,0,236850000,102.7767,2.0747,1.6266,5.8485,
600243.SH,青海华鼎,2010-07-16,6.5143,6.4547,6.5342,6.2958,6.4945,2303412,14870402,-0.0199,-0.3049,6.4558,1.2328,1221999000,N/A,1548999000,186850000,0,236850000,102.4634,2.0684,1.6216,5.8306,
600243.SH,青海华鼎,2010-07-19,6.4945,6.415,6.6931,6.3753,6.6732,2996487,19829714,0.1787,2.7523,6.6177,1.6037,1255632000,N/A,1591632000,186850000,0,236850000,105.2834,2.1253,1.6662,5.9911,
600243.SH,青海华鼎,2010-07-20,6.6732,6.6633,6.8718,6.6335,6.8519,4724659,32264259,0.1787,2.6786,6.8289,2.5286,1289265000,N/A,1634265000,186850000,0,236850000,108.1035,2.1822,1.7109,6.1516,
600243.SH,青海华鼎,2010-07-21,6.8519,6.8023,7.0307,6.7626,6.8619,5361043,37326305,0.0099,0.1449,6.9625,2.8692,1291133500,N/A,1636633500,186850000,0,236850000,108.2602,2.1854,1.7133,6.1605,
600243.SH,青海华鼎,2010-07-22,6.8619,6.9215,7.1598,6.9115,7.1002,7035009,49755928,0.2383,3.4732,7.0726,3.7651,1335977500,N/A,1693477500,186850000,0,236850000,112.0203,2.2613,1.7728,6.3745,
600243.SH,青海华鼎,2010-07-23,7.1002,7.0406,7.2194,6.8718,7.2194,7243656,51329062,0.1192,1.6783,7.0861,3.8767,1358399500,N/A,1721899500,186850000,0,236850000,113.9004,2.2992,1.8026,6.4814,
600243.SH,青海华鼎,2010-07-26,7.2194,7.1995,7.3187,7.0605,7.2194,5024059,36357501,0,0,7.2367,2.6888,1358399500,N/A,1721899500,186850000,0,236850000,113.9004,2.2992,1.8026,6.4814,
600243.SH,青海华鼎,2010-07-27,7.2194,7.1101,7.2591,7.0803,7.1101,3921914,28356169,-0.1092,-1.5131,7.2302,2.099,1337846000,N/A,1695846000,186850000,0,236850000,112.177,2.2645,1.7753,6.3834,
600243.SH,青海华鼎,2010-07-28,7.1101,7.0903,7.3584,7.0903,7.3087,4985819,36425075,0.1986,2.7933,7.3057,2.6684,1375216000,N/A,1743216000,186850000,0,236850000,115.3104,2.3277,1.8249,6.5617,
600243.SH,青海华鼎,2010-07-29,7.3087,7.2591,7.4378,7.2194,7.3981,5465388,40382936,0.0894,1.2228,7.3889,2.925,1392032500,N/A,1764532500,186850000,0,236850000,116.7205,2.3562,1.8472,6.6419,
600243.SH,青海华鼎,2010-07-30,7.3981,7.3584,7.5074,7.2094,7.4776,6596202,48847909,0.0794,1.0738,7.4055,3.5302,1406980500,N/A,1783480500,186850000,0,236850000,117.9739,2.3815,1.8671,6.7132,
600243.SH,青海华鼎,2010-08-02,7.4776,7.4378,7.5967,7.3683,7.557,5964262,45054851,0.0794,1.0624,7.5541,3.192,1421928500,N/A,1802428500,186850000,0,236850000,119.2272,2.4068,1.8869,6.7846,
600243.SH,青海华鼎,2010-08-03,7.557,7.5272,7.8251,7.4478,7.6265,9509221,72955162,0.0695,0.9198,7.672,5.0892,1435008000,N/A,1819008000,186850000,0,236850000,120.3239,2.4289,1.9043,6.847,
600243.SH,青海华鼎,2010-08-04,7.6265,7.6265,8.0535,7.6166,8.0337,13543834,107063116,0.4071,5.3385,7.9049,7.2485,1511616500,N/A,1916116500,186850000,0,236850000,126.7475,2.5586,2.0059,7.2125,
600243.SH,青海华鼎,2010-08-05,8.0337,7.9443,8.1032,7.8549,7.9046,9517918,76181210,-0.1291,-1.6069,8.004,5.0939,1487326000,N/A,1885326000,186850000,0,236850000,124.7107,2.5175,1.9737,7.0966,
600243.SH,青海华鼎,2010-08-06,7.9046,7.8648,7.9641,7.5868,7.8946,8867144,69415169,-0.0099,-0.1256,7.8284,4.7456,1485457500,N/A,1882957500,186850000,0,236850000,124.5541,2.5143,1.9712,7.0877,
600243.SH,青海华鼎,2010-08-09,7.8946,7.8152,8.0237,7.8152,7.9641,5754430,45938660,0.0695,0.8805,7.9832,3.0797,1498537000,N/A,1899537000,186850000,0,236850000,125.6508,2.5364,1.9886,7.1501,
600243.SH,青海华鼎,2010-08-10,7.9641,8.0237,8.4805,7.9046,7.9145,13085554,107882472,-0.0497,-0.6234,8.2444,7.0032,1489194500,N/A,1887694500,186850000,0,236850000,124.8674,2.5206,1.9762,7.1055,
600243.SH,青海华鼎,2010-08-11,7.9145,7.7457,8.123,7.7457,8.0932,7833685,62642391,0.1787,2.2585,7.9965,4.1925,1522827500,N/A,1930327500,186850000,0,236850000,127.6875,2.5776,2.0208,7.266,
600243.SH,青海华鼎,2010-08-12,8.0932,8.0436,8.0436,7.6563,7.6762,5580906,44262788,-0.4171,-5.1534,7.9311,2.9868,1444350500,N/A,1830850500,186850000,0,236850000,121.1073,2.4447,1.9167,6.8915,
600243.SH,青海华鼎,2010-08-13,7.6762,7.5967,7.8251,7.5967,7.7854,3387870,26371748,0.1092,1.423,7.7842,1.8131,1464904000,N/A,1856904000,186850000,0,236850000,122.8307,2.4795,1.9439,6.9896,
600243.SH,青海华鼎,2010-08-16,7.7854,7.7854,8.0337,7.6762,8.0237,4108058,32742983,0.2383,3.0612,7.9704,2.1986,1509748000,N/A,1913748000,186850000,0,236850000,126.5908,2.5554,2.0034,7.2036,
600243.SH,青海华鼎,2010-08-17,8.0237,8.1032,8.1826,7.9443,8.0436,5112997,41420752,0.0199,0.2475,8.1011,2.7364,1513485000,N/A,1918485000,186850000,0,236850000,126.9042,2.5617,2.0084,7.2214,
600243.SH,青海华鼎,2010-08-18,8.0436,8.0237,8.0833,7.8648,7.9542,4273148,34197518,-0.0894,-1.1111,8.0029,2.2869,1496668500,N/A,1897168500,186850000,0,236850000,125.4941,2.5333,1.9861,7.1412,
600243.SH,青海华鼎,2010-08-19,7.9542,7.9542,8.1528,7.9145,8.0833,6259162,50776681,0.1291,1.623,8.1124,3.3498,1520959000,N/A,1927959000,186850000,0,236850000,127.5308,2.5744,2.0183,7.2571,
600243.SH,青海华鼎,2010-08-20,8.0833,8.0237,8.3216,7.9641,8.1131,8961138,73793139,0.0298,0.3686,8.2348,4.7959,1526564500,N/A,1935064500,186850000,0,236850000,128.0009,2.5839,2.0257,7.2838,
600243.SH,青海华鼎,2010-08-23,8.1131,8.133,8.4905,8.1032,8.4607,10262343,86490244,0.3476,4.284,8.4279,5.4923,1591962000,N/A,2017962000,186850000,0,236850000,133.4844,2.6946,2.1125,7.5959,
600243.SH,青海华鼎,2010-08-24,8.4607,8.4507,8.4905,8.2422,8.4309,5785408,48827508,-0.0298,-0.3521,8.4398,3.0963,1586356500,N/A,2010856500,186850000,0,236850000,133.0144,2.6851,2.1051,7.5691,
600243.SH,青海华鼎,2010-08-25,8.4309,8.3614,8.6394,8.2124,8.2223,8810887,74642674,-0.2085,-2.4735,8.4716,4.7155,1547118000,N/A,1961118000,186850000,0,236850000,129.7242,2.6187,2.053,7.3819,
600243.SH,青海华鼎,2010-08-26,8.2223,8.2223,8.3812,8.0535,8.2422,4918332,40631496,0.0199,0.2415,8.2612,2.6322,1550855000,N/A,1965855000,186850000,0,236850000,130.0376,2.625,2.058,7.3997,
600243.SH,青海华鼎,2010-08-27,8.2422,8.2422,8.2919,8.0734,8.1628,3014413,24851055,-0.0794,-0.9639,8.2441,1.6133,1535907000,N/A,1946907000,186850000,0,236850000,128.7842,2.5997,2.0381,7.3284,
600243.SH,青海华鼎,2010-08-30,8.1628,8.1727,8.3812,8.1727,8.3316,4212058,35264056,0.1688,2.0681,8.3722,2.2542,1567671500,N/A,1987171500,186850000,0,236850000,131.4476,2.6535,2.0803,7.48,
600243.SH,青海华鼎,2010-08-31,8.3316,8.2919,8.5898,8.2621,8.5103,6425711,54830754,0.1787,2.1454,8.533,3.439,1601304500,N/A,2029804500,186850000,0,236850000,134.2677,2.7104,2.1249,7.6404,
600243.SH,青海华鼎,2010-09-01,8.5103,8.5302,8.6791,8.1528,8.3117,6631345,56324468,-0.1986,-2.3337,8.4937,3.549,1563934500,N/A,1982434500,186850000,0,236850000,131.1343,2.6471,2.0753,7.4621,
600243.SH,青海华鼎,2010-09-02,8.3117,8.3812,9.1459,8.3812,9.1459,18247534,164195530,0.8342,10.0358,8.9982,9.7659,1720888500,N/A,2181388500,186850000,0,236850000,144.2947,2.9128,2.2836,8.211,
600243.SH,青海华鼎,2010-09-03,9.1459,9.2849,9.4835,8.9473,9.0664,17759901,164940517,-0.0794,-0.8686,9.2872,9.5049,1705940500,N/A,2162440500,186850000,0,236850000,143.0413,2.8875,2.2638,8.1397,
600243.SH,青海华鼎,2010-09-06,9.0664,9.0366,9.2154,8.8182,8.8976,7809095,70748106,-0.1688,-1.862,9.0597,4.1793,1674176000,N/A,2122176000,186850000,0,236850000,140.3779,2.8337,2.2216,7.9881,
600243.SH,青海华鼎,2010-09-07,8.8976,8.8976,9.1459,8.8877,9.1061,5977378,54623471,0.2085,2.3437,9.1384,3.199,1713414500,N/A,2171914500,186850000,0,236850000,143.668,2.9002,2.2737,8.1753,
600243.SH,青海华鼎,2010-09-08,9.1061,9.0168,9.1558,8.8678,9.1359,4514700,41067289,0.0298,0.3272,9.0963,2.4162,1719020000,N/A,2179020000,186850000,0,236850000,144.138,2.9096,2.2811,8.2021,
600243.SH,青海华鼎,2010-09-09,9.1359,9.1161,9.1359,8.8281,8.8777,5640946,50890345,-0.2582,-2.8261,9.0216,3.019,1670439000,N/A,2117439000,186850000,0,236850000,140.0646,2.8274,2.2167,7.9703,
600243.SH,青海华鼎,2010-09-10,8.8777,8.848,8.9671,8.6394,8.8579,3649332,32371846,-0.0199,-0.2237,8.8706,1.9531,1666702000,N/A,2112702000,186850000,0,236850000,139.7512,2.8211,2.2117,7.9525,
600243.SH,青海华鼎,2010-09-13,8.8579,8.8678,9.1757,8.8678,9.1061,5296066,48415474,0.2483,2.8027,9.1418,2.8344,1713414500,N/A,2171914500,186850000,0,236850000,143.668,2.9002,2.2737,8.1753,
600243.SH,青海华鼎,2010-09-14,9.1061,9.1359,9.2352,9.0168,9.0664,4948936,45386856,-0.0397,-0.4362,9.171,2.6486,1705940500,N/A,2162440500,186850000,0,236850000,143.0413,2.8875,2.2638,8.1397,
600243.SH,青海华鼎,2010-09-15,9.0664,9.0763,9.1061,8.7189,8.7387,4796390,42936060,-0.3277,-3.6145,8.9517,2.567,1644280000,N/A,2084280000,186850000,0,236850000,137.8712,2.7831,2.182,7.8455,
600243.SH,青海华鼎,2010-09-16,8.7387,8.7288,8.8281,8.2025,8.4011,4430419,37880253,-0.3376,-3.8636,8.55,2.3711,1580751000,N/A,2003751000,186850000,0,236850000,132.5443,2.6756,2.0977,7.5424,
600243.SH,青海华鼎,2010-09-17,8.4011,8.4011,8.4805,8.1727,8.1925,3084350,25735555,-0.2085,-2.4823,8.3439,1.6507,1541512500,N/A,1954012500,186850000,0,236850000,129.2542,2.6092,2.0456,7.3551,
600243.SH,青海华鼎,2010-09-20,8.1925,8.1925,8.3415,8.0635,8.3216,2553848,21197941,0.1291,1.5758,8.3004,1.3668,1565803000,N/A,1984803000,186850000,0,236850000,131.291,2.6503,2.0778,7.471,
600243.SH,青海华鼎,2010-09-21,8.3216,8.3216,8.3812,8.2025,8.2422,1921678,16035640,-0.0794,-0.9547,8.3446,1.0285,1550855000,N/A,1965855000,186850000,0,236850000,130.0376,2.625,2.058,7.3997,
600243.SH,青海华鼎,2010-09-27,8.2422,8.2521,8.4805,8.2521,8.411,2324169,19627361,0.1688,2.0482,8.4449,1.2439,1582619500,N/A,2006119500,186850000,0,236850000,132.701,2.6788,2.1001,7.5513,
600243.SH,青海华鼎,2010-09-28,8.411,8.3514,8.5004,8.3514,8.4706,2402303,20398218,0.0596,0.7084,8.4911,1.2857,1593830500,N/A,2020330500,186850000,0,236850000,133.641,2.6977,2.115,7.6048,
600243.SH,青海华鼎,2010-09-29,8.4706,8.4805,8.5401,8.3614,8.4507,2255190,19149134,-0.0199,-0.2345,8.4911,1.207,1590093500,N/A,2015593500,186850000,0,236850000,133.3277,2.6914,2.1101,7.5869,
600243.SH,青海华鼎,2010-09-30,8.4507,8.3912,9.1359,8.2521,8.8777,6914969,61081731,0.427,5.0529,8.8333,3.7008,1670439000,N/A,2117439000,186850000,0,236850000,140.0646,2.8274,2.2167,7.9703,
600243.SH,青海华鼎,2010-10-08,8.8777,8.9175,9.2253,8.7983,8.9969,7351993,66401174,0.1192,1.3423,9.0317,3.9347,1692861000,N/A,2145861000,186850000,0,236850000,141.9446,2.8654,2.2464,8.0773,
600243.SH,青海华鼎,2010-10-11,8.9969,8.9373,9.0863,8.8877,9.0267,5668561,51208704,0.0298,0.3311,9.0338,3.0337,1698466500,N/A,2152966500,186850000,0,236850000,142.4147,2.8748,2.2539,8.104,
600243.SH,青海华鼎,2010-10-12,9.0267,8.9373,9.1558,8.8678,9.0962,4685690,42697052,0.0695,0.7701,9.1122,2.5077,1711546000,N/A,2169546000,186850000,0,236850000,143.5114,2.897,2.2712,8.1664,
600243.SH,青海华鼎,2010-10-13,9.0962,9.0763,9.1061,8.838,8.9572,4247826,38332065,-0.139,-1.5284,9.0239,2.2734,1685387000,N/A,2136387000,186850000,0,236850000,141.318,2.8527,2.2365,8.0416,
600243.SH,青海华鼎,2010-10-14,8.9572,8.9671,9.0068,8.5202,8.5302,5550960,48779709,-0.427,-4.7672,8.7876,2.9708,1605041500,N/A,2034541500,186850000,0,236850000,134.5811,2.7167,2.1299,7.6583,
600243.SH,青海华鼎,2010-10-15,8.5302,8.4805,8.6196,8.3614,8.4011,4476459,38259947,-0.1291,-1.5134,8.5469,2.3958,1580751000,N/A,2003751000,186850000,0,236850000,132.5443,2.6756,2.0977,7.5424,
600243.SH,青海华鼎,2010-10-18,8.4011,8.411,8.6096,8.0932,8.5103,5490270,46291615,0.1092,1.3002,8.4316,2.9383,1601304500,N/A,2029804500,186850000,0,236850000,134.2677,2.7104,2.1249,7.6404,
600243.SH,青海华鼎,2010-10-19,8.5103,8.4507,8.987,8.3614,8.8579,5512908,48139943,0.3476,4.084,8.7322,2.9504,1666702000,N/A,2112702000,186850000,0,236850000,139.7512,2.8211,2.2117,7.9525,
600243.SH,青海华鼎,2010-10-20,8.8579,8.7387,9.0068,8.6593,8.7586,6393946,56540396,-0.0993,-1.1211,8.8428,3.422,1648017000,N/A,2089017000,186850000,0,236850000,138.1845,2.7895,2.1869,7.8633,
600243.SH,青海华鼎,2010-10-21,8.7586,8.6692,8.8678,8.6394,8.8579,4080148,35968376,0.0993,1.1338,8.8155,2.1836,1666702000,N/A,2112702000,186850000,0,236850000,139.7512,2.8211,2.2117,7.9525,
600243.SH,青海华鼎,2010-10-22,8.8579,8.8182,8.977,8.7983,8.8877,4920462,44006728,0.0298,0.3363,8.9436,2.6334,1672307500,N/A,2119807500,186850000,0,236850000,140.2213,2.8306,2.2192,7.9792,
600243.SH,青海华鼎,2010-10-25,8.8877,8.838,9.0863,8.838,9.0366,6038123,54871214,0.149,1.676,9.0875,3.2315,1700335000,N/A,2155335000,186850000,0,236850000,142.5713,2.878,2.2563,8.1129,
600243.SH,青海华鼎,2010-10-26,9.0366,9.0366,9.0863,8.8579,8.987,5429126,48864632,-0.0497,-0.5495,9.0005,2.9056,1690992500,N/A,2143492500,186850000,0,236850000,141.788,2.8622,2.2439,8.0684,
600243.SH,青海华鼎,2010-10-27,8.987,8.9671,9.3047,8.8678,9.0664,14552760,133684931,0.0794,0.884,9.1862,7.7885,1705940500,N/A,2162440500,186850000,0,236850000,143.0413,2.8875,2.2638,8.1397,
600243.SH,青海华鼎,2010-10-28,9.0664,8.9671,9.0863,8.8182,8.8678,5939768,53348303,-0.1986,-2.1906,8.9815,3.1789,1668570500,N/A,2115070500,186850000,0,236850000,139.9079,2.8242,2.2142,7.9614,
600243.SH,青海华鼎,2010-10-29,8.8678,8.8579,8.9274,8.6096,8.7189,5093173,44969222,-0.149,-1.6797,8.8293,2.7258,1640543000,N/A,2079543000,186850000,0,236850000,137.5578,2.7768,2.177,7.8277,
600243.SH,青海华鼎,2010-11-01,8.7189,8.7486,8.977,8.7486,8.9671,6154332,55110155,0.2483,2.8474,8.9547,3.2937,1687255500,N/A,2138755500,186850000,0,236850000,141.4746,2.8559,2.239,8.0505,
600243.SH,青海华鼎,2010-11-02,8.9671,8.977,9.4736,8.9274,9.3643,17399385,161305849,0.3972,4.4297,9.2708,9.312,1761995500,N/A,2233495500,186850000,0,236850000,147.7415,2.9824,2.3382,8.4071,
600243.SH,青海华鼎,2010-11-03,9.3643,9.275,9.3147,9.0565,9.0863,7954050,73607241,-0.2781,-2.9692,9.2541,4.2569,1709677500,N/A,2167177500,186850000,0,236850000,143.3547,2.8938,2.2687,8.1575,
600243.SH,青海华鼎,2010-11-04,9.0863,9.0863,9.3544,9.0863,9.3047,8313281,77273701,0.2185,2.4044,9.2952,4.4492,1750784500,N/A,2219284500,186850000,0,236850000,146.8015,2.9634,2.3233,8.3537,
600243.SH,青海华鼎,2010-11-05,9.3047,9.3842,9.5927,9.2849,9.3842,12216895,115973821,0.0794,0.8538,9.4929,6.5383,1765732500,N/A,2238232500,186850000,0,236850000,148.0548,2.9887,2.3431,8.425,
600243.SH,青海华鼎,2010-11-08,9.3842,9.4338,9.7119,9.3941,9.5232,10706417,103192861,0.139,1.4815,9.6384,5.73,1791891500,N/A,2271391500,186850000,0,236850000,150.2482,3.033,2.3778,8.5498,
600243.SH,青海华鼎,2010-11-09,9.5232,9.5729,9.5828,9.2948,9.4041,9034800,85461828,-0.1192,-1.2513,9.4592,4.8353,1769469500,N/A,2242969500,186850000,0,236850000,148.3682,2.995,2.3481,8.4428,
600243.SH,青海华鼎,2010-11-10,9.4041,9.4041,9.6324,9.265,9.5133,7313371,69620512,0.1092,1.1616,9.5196,3.914,1790023000,N/A,2269023000,186850000,0,236850000,150.0916,3.0298,2.3754,8.5409,
600243.SH,青海华鼎,2010-11-11,9.5133,9.3941,9.7615,9.3047,9.3643,10720961,103052205,-0.149,-1.5658,9.6122,5.7377,1761995500,N/A,2233495500,186850000,0,236850000,147.7415,2.9824,2.3382,8.4071,
600243.SH,青海华鼎,2010-11-12,9.3643,9.3246,9.4934,8.699,9.4239,15820116,146517623,0.0596,0.6363,9.2615,8.4667,1773206500,N/A,2247706500,186850000,0,236850000,148.6815,3.0014,2.353,8.4606,
600243.SH,青海华鼎,2010-11-15,9.4239,9.5133,10.3673,9.4438,9.9204,25305039,248762177,0.4965,5.2687,9.8305,13.543,1866631500,N/A,2366131500,186850000,0,236850000,156.5151,3.1595,2.477,8.9064,
600243.SH,青海华鼎,2010-11-16,9.9204,9.8906,9.9304,9.0267,9.275,12962845,125611732,-0.6455,-6.5065,9.6901,6.9376,1745179000,N/A,2212179000,186850000,0,236850000,146.3315,2.9539,2.3159,8.3269,
600243.SH,青海华鼎,2010-11-17,9.275,9.1459,9.1757,8.3514,8.3614,9141883,80335701,-0.9136,-9.8501,8.7877,4.8926,1573277000,N/A,1994277000,186850000,0,236850000,131.9176,2.663,2.0877,7.5067,
600243.SH,青海华鼎,2010-11-18,8.3614,8.3713,8.5997,8.2025,8.3912,5087820,43019640,0.0298,0.3563,8.4554,2.7229,1578882500,N/A,2001382500,186850000,0,236850000,132.3877,2.6724,2.0952,7.5334,
600243.SH,青海华鼎,2010-11-19,8.3912,8.4209,8.6096,8.3415,8.5997,4293293,36658114,0.2085,2.4852,8.5385,2.2977,1618121000,N/A,2051121000,186850000,0,236850000,135.6778,2.7389,2.1472,7.7207,
600243.SH,青海华鼎,2010-11-22,8.5997,8.5103,8.7685,8.4209,8.6493,4752824,41357122,0.0497,0.5774,8.7016,2.5437,1627463500,N/A,2062963500,186850000,0,236850000,136.4611,2.7547,2.1596,7.7652,
600243.SH,青海华鼎,2010-11-23,8.6493,8.6096,8.6791,8.2323,8.3713,5278748,44470042,-0.2781,-3.2147,8.4244,2.8251,1575145500,N/A,1996645500,186850000,0,236850000,132.0743,2.6661,2.0902,7.5156,
600243.SH,青海华鼎,2010-11-24,8.3713,8.2919,8.6791,8.2621,8.6394,4357447,37418030,0.2681,3.2028,8.5871,2.3321,1625595000,N/A,2060595000,186850000,0,236850000,136.3045,2.7515,2.1572,7.7563,
600243.SH,青海华鼎,2010-11-25,8.6394,8.6096,8.8976,8.6096,8.7387,5465885,48371172,0.0993,1.1494,8.8497,2.9253,1644280000,N/A,2084280000,186850000,0,236850000,137.8712,2.7831,2.182,7.8455,
600243.SH,青海华鼎,2010-11-26,8.7387,8.7189,9.0962,8.6593,8.9969,6550208,58617801,0.2582,2.9545,8.949,3.5056,1692861000,N/A,2145861000,186850000,0,236850000,141.9446,2.8654,2.2464,8.0773,
600243.SH,青海华鼎,2010-11-29,8.9969,8.9671,9.2551,8.9373,9.1657,6886881,63195364,0.1688,1.8764,9.1762,3.6858,1724625500,N/A,2186125500,186850000,0,236850000,144.6081,2.9191,2.2886,8.2288,
600243.SH,青海华鼎,2010-11-30,9.1657,9.0962,9.2948,8.5302,8.8182,6952649,62355685,-0.3476,-3.792,8.9686,3.721,1659228000,N/A,2103228000,186850000,0,236850000,139.1246,2.8084,2.2018,7.9168,
600243.SH,青海华鼎,2010-12-01,8.8182,8.7884,9.0366,8.7288,9.0168,4101917,36793613,0.1986,2.2523,8.9699,2.1953,1696598000,N/A,2150598000,186850000,0,236850000,142.258,2.8717,2.2514,8.0951,
600243.SH,青海华鼎,2010-12-02,9.0168,9.1161,9.1955,8.9969,9.0168,4965910,45405361,0,0,9.1434,2.6577,1696598000,N/A,2150598000,186850000,0,236850000,142.258,2.8717,2.2514,8.0951,
600243.SH,青海华鼎,2010-12-03,9.0168,9.0068,9.0466,8.7486,8.977,4283467,38391714,-0.0397,-0.4405,8.9628,2.2925,1689124000,N/A,2141124000,186850000,0,236850000,141.6313,2.859,2.2415,8.0595,
600243.SH,青海华鼎,2010-12-06,8.977,8.9671,8.9671,8.5401,8.7189,3474033,30574766,-0.2582,-2.8761,8.8009,1.8593,1640543000,N/A,2079543000,186850000,0,236850000,137.5578,2.7768,2.177,7.8277,
600243.SH,青海华鼎,2010-12-07,8.7189,8.6791,8.7983,8.4805,8.7486,2520597,21948976,0.0298,0.3417,8.7078,1.349,1646148500,N/A,2086648500,186850000,0,236850000,138.0278,2.7863,2.1844,7.8544,
600243.SH,青海华鼎,2010-12-08,8.7486,8.7387,9.2154,8.7387,9.0366,9028326,82656643,0.288,3.2917,9.1553,4.8319,1700335000,N/A,2155335000,186850000,0,236850000,142.5713,2.878,2.2563,8.1129,
600243.SH,青海华鼎,2010-12-09,9.0366,8.9373,9.5729,8.8579,9.1856,15292498,143439617,0.149,1.6484,9.3797,8.1844,1728362500,N/A,2190862500,186850000,0,236850000,144.9214,2.9255,2.2935,8.2467,
600243.SH,青海华鼎,2010-12-10,9.1856,9.0366,9.1856,8.8877,9.0664,6476087,58921996,-0.1192,-1.2973,9.0984,3.4659,1705940500,N/A,2162440500,186850000,0,236850000,143.0413,2.8875,2.2638,8.1397,
600243.SH,青海华鼎,2010-12-13,9.0664,9.3445,9.6424,9.2551,9.5232,12911717,123234120,0.4568,5.0383,9.5444,6.9102,1791891500,N/A,2271391500,186850000,0,236850000,150.2482,3.033,2.3778,8.5498,
600243.SH,青海华鼎,2010-12-14,9.5232,9.4736,9.8807,9.3941,9.7318,15080145,147049271,0.2085,2.1898,9.7512,8.0707,1831130000,N/A,2321130000,186850000,0,236850000,153.5384,3.0994,2.4299,8.737,
600243.SH,青海华鼎,2010-12-15,9.7318,9.6821,9.7417,9.4934,9.6027,9444434,91298271,-0.1291,-1.3265,9.6669,5.0546,1806839500,N/A,2290339500,186850000,0,236850000,151.5016,3.0583,2.3977,8.6211,
600243.SH,青海华鼎,2010-12-16,9.6027,9.702,9.702,9.5034,9.5232,7008713,67634339,-0.0794,-0.8273,9.65,3.751,1791891500,N/A,2271391500,186850000,0,236850000,150.2482,3.033,2.3778,8.5498,
600243.SH,青海华鼎,2010-12-17,9.5232,9.4736,9.4835,9.3047,9.3445,6192255,58454846,-0.1787,-1.877,9.44,3.314,1758258500,N/A,2228758500,186850000,0,236850000,147.4282,2.9761,2.3332,8.3893,
600243.SH,青海华鼎,2010-12-20,9.3445,9.3842,9.4934,8.9671,9.1757,7619807,70894417,-0.1688,-1.8066,9.304,4.078,1726494000,N/A,2188494000,186850000,0,236850000,144.7647,2.9223,2.2911,8.2378,
600243.SH,青海华鼎,2010-12-21,9.1757,9.1757,9.4835,9.1459,9.4736,5872743,55223455,0.2979,3.2468,9.4033,3.143,1782549000,N/A,2259549000,186850000,0,236850000,149.4649,3.0172,2.3654,8.5052,
600243.SH,青海华鼎,2010-12-22,9.4736,9.4934,9.5729,9.2154,9.2253,4724647,44619096,-0.2483,-2.6205,9.4439,2.5286,1735836500,N/A,2200336500,186850000,0,236850000,145.5481,2.9381,2.3035,8.2823,
600243.SH,青海华鼎,2010-12-23,9.2253,9.2253,9.3842,9.0366,9.0962,4936266,45895350,-0.1291,-1.3994,9.2976,2.6418,1711546000,N/A,2169546000,186850000,0,236850000,143.5114,2.897,2.2712,8.1664,
600243.SH,青海华鼎,2010-12-24,9.0962,9.0763,9.0763,8.7387,8.7884,4713916,42031705,-0.3078,-3.3843,8.9165,2.5228,1653622500,N/A,2096122500,186850000,0,236850000,138.6545,2.7989,2.1944,7.8901,
600243.SH,青海华鼎,2010-12-27,8.7884,8.8976,8.9175,8.4805,8.5401,3842663,33795742,-0.2483,-2.8249,8.7949,2.0565,1606910000,N/A,2036910000,186850000,0,236850000,134.7377,2.7199,2.1324,7.6672,
600243.SH,青海华鼎,2010-12-28,8.5401,8.5302,8.5798,8.3216,8.4309,2538507,21592985,-0.1092,-1.2791,8.5062,1.3586,1586356500,N/A,2010856500,186850000,0,236850000,133.0144,2.6851,2.1051,7.5691,
600243.SH,青海华鼎,2010-12-29,8.4309,8.4706,8.7486,8.4607,8.7387,3007061,26041121,0.3078,3.6514,8.66,1.6093,1644280000,N/A,2084280000,186850000,0,236850000,137.8712,2.7831,2.182,7.8455,
600243.SH,青海华鼎,2010-12-30,8.7387,8.7288,9.4338,8.5898,9.2253,8932200,81191926,0.4866,5.5682,9.0898,4.7804,1735836500,N/A,2200336500,186850000,0,236850000,145.5481,2.9381,2.3035,8.2823,
600243.SH,青海华鼎,2010-12-31,9.2253,9.0763,9.265,8.9373,9.1856,7236434,66398601,-0.0397,-0.4306,9.1756,3.8729,1728362500,N/A,2190862500,186850000,0,236850000,144.9214,2.9255,2.2935,8.2467,
600243.SH,青海华鼎,2011-01-04,9.1856,9.1955,9.414,9.0664,9.3842,7051276,65692198,0.1986,2.1622,9.3164,3.7738,1765732500,N/A,2238232500,186850000,0,236850000,103.864,2.9051,2.1492,-13.1018,
600243.SH,青海华鼎,2011-01-05,9.3842,9.3047,9.5828,9.2352,9.3842,7576790,71692101,0,0,9.4621,4.055,1765732500,N/A,2238232500,186850000,0,236850000,103.864,2.9051,2.1492,-13.1018,
600243.SH,青海华鼎,2011-01-06,9.3842,9.3842,9.414,9.1459,9.3246,4803608,44918264,-0.0596,-0.6349,9.3509,2.5708,1754521500,N/A,2224021500,186850000,0,236850000,103.2045,2.8867,2.1356,-13.0186,
600243.SH,青海华鼎,2011-01-07,9.3246,9.3246,9.4636,9.2551,9.3842,7676479,72605329,0.0596,0.639,9.4582,4.1084,1765732500,N/A,2238232500,186850000,0,236850000,103.864,2.9051,2.1492,-13.1018,
600243.SH,青海华鼎,2011-01-10,9.3842,9.2551,9.7615,9.2551,9.5232,16871889,162489868,0.139,1.4815,9.6308,9.0296,1791891500,N/A,2271391500,186850000,0,236850000,105.4027,2.9481,2.1811,-13.2959,
600243.SH,青海华鼎,2011-01-11,9.5232,9.4338,9.4835,9.0068,9.1359,8317423,76938659,-0.3873,-4.0667,9.2503,4.4514,1719020000,N/A,2179020000,186850000,0,236850000,101.1163,2.8283,2.0924,-12.7552,
600243.SH,青海华鼎,2011-01-12,9.1359,9.1459,9.1955,8.7189,8.987,6871253,61873125,-0.149,-1.6304,9.0046,3.6774,1690992500,N/A,2143492500,186850000,0,236850000,99.4676,2.7821,2.0582,-12.5473,
600243.SH,青海华鼎,2011-01-13,8.987,8.9473,9.0962,8.8976,9.0565,3528824,32050975,0.0695,0.7735,9.0826,1.8886,1704072000,N/A,2160072000,186850000,0,236850000,100.237,2.8037,2.0742,-12.6443,
600243.SH,青海华鼎,2011-01-14,9.0565,8.9373,9.0565,8.7189,8.9969,3526025,31539238,-0.0596,-0.6579,8.9447,1.8871,1692861000,N/A,2145861000,186850000,0,236850000,99.5775,2.7852,2.0605,-12.5611,
600243.SH,青海华鼎,2011-01-17,8.9969,8.9969,8.9969,8.9969,8.9969,N/A,N/A,0,0,N/A,N/A,1692861000,N/A,2145861000,186850000,0,236850000,99.5775,2.7852,2.0605,-12.5611,
600243.SH,青海华鼎,2011-01-18,8.9969,8.6096,8.6593,8.3415,8.6196,3896963,33419354,-0.3774,-4.1943,8.5757,2.0856,1621858000,N/A,2055858000,186850000,0,236850000,95.401,2.6684,1.9741,-12.0343,
600243.SH,青海华鼎,2011-01-19,8.6196,8.6196,9.3047,8.5401,9.1657,7974916,72778082,0.5462,6.3364,9.1259,4.2681,1724625500,N/A,2186125500,186850000,0,236850000,101.446,2.8375,2.0992,-12.7968,
600243.SH,青海华鼎,2011-01-20,9.1657,9.1757,9.6027,9.0763,9.1955,13774404,129223074,0.0298,0.325,9.3814,7.3719,1730231000,N/A,2193231000,186850000,0,236850000,101.7757,2.8467,2.106,-12.8384,
600243.SH,青海华鼎,2011-01-21,9.1955,9.0168,10.119,8.9274,9.7615,44079033,436988607,0.566,6.1555,9.9138,23.5906,1836735500,N/A,2328235500,186850000,0,236850000,108.0405,3.0219,2.2356,-13.6287,
600243.SH,青海华鼎,2011-01-24,9.7615,9.702,10.7347,9.5828,10.7347,54872625,564097506,0.9732,9.9695,10.2801,29.3672,2019848500,N/A,2560348500,186850000,0,236850000,118.8116,3.3232,2.4585,-14.9874,
600243.SH,青海华鼎,2011-01-25,10.7347,10.3375,10.3772,9.6622,9.6622,31463842,311881237,-1.0725,-9.9907,9.9124,16.8391,1818050500,N/A,2304550500,186850000,0,236850000,106.9414,2.9912,2.2129,-13.49,
600243.SH,青海华鼎,2011-01-26,9.6622,9.2551,10.1786,9.0763,10.0694,29309835,284639624,0.4071,4.2138,9.7114,15.6863,1894659000,N/A,2401659000,186850000,0,236850000,111.4477,3.1172,2.3061,-14.0585,
600243.SH,青海华鼎,2011-01-27,10.0694,9.8708,11.0326,9.6424,10.2978,36046975,376802724,0.2284,2.2682,10.4531,19.2919,1937634500,N/A,2456134500,186850000,0,236850000,113.9756,3.1879,2.3585,-14.3774,
600243.SH,青海华鼎,2011-01-28,10.2978,10.2183,11.3305,10.1091,11.3305,40651795,456706817,1.0328,10.0289,11.2346,21.7564,2131958500,N/A,2702458500,186850000,0,236850000,125.4061,3.5077,2.595,-15.8193,
600243.SH,青海华鼎,2011-01-31,11.3305,11.7178,12.413,11.1717,11.9562,66582372,787065068,0.6256,5.5215,11.8209,35.6341,2249674000,N/A,2851674000,186850000,0,236850000,132.3304,3.7013,2.7383,-16.6927,
600243.SH,青海华鼎,2011-02-01,11.9562,11.7178,11.8271,11.2511,11.4994,34371272,399041125,-0.4568,-3.8206,11.6097,18.3951,2163723000,N/A,2742723000,186850000,0,236850000,127.2746,3.5599,2.6336,-16.0549,
600243.SH,青海华鼎,2011-02-09,11.4994,11.3603,12.6513,11.2908,12.5321,52565414,650591970,1.0328,8.981,12.3768,28.1324,2358047000,N/A,2989047000,186850000,0,236850000,138.7051,3.8796,2.8702,-17.4968,
600243.SH,青海华鼎,2011-02-10,12.5321,12.1548,12.83,11.9164,12.3534,44816788,556820272,-0.1787,-1.4263,12.4244,23.9854,2324414000,N/A,2946414000,186850000,0,236850000,136.7268,3.8243,2.8292,-17.2473,
600243.SH,青海华鼎,2011-02-11,12.3534,12.2143,12.9988,11.976,12.1746,39642095,498641823,-0.1787,-1.4469,12.5786,21.216,2290781000,N/A,2903781000,186850000,0,236850000,134.7484,3.769,2.7883,-16.9977,
600243.SH,青海华鼎,2011-02-14,12.1746,11.9661,12.115,11.5689,11.8469,32309974,383448827,-0.3277,-2.6917,11.8678,17.2919,2229120500,N/A,2825620500,186850000,0,236850000,131.1214,3.6675,2.7132,-16.5402,
600243.SH,青海华鼎,2011-02-15,11.8469,11.8072,12.6811,11.7377,12.2342,40512900,504486247,0.3873,3.2691,12.4525,21.682,2301992000,N/A,2917992000,186850000,0,236850000,135.4079,3.7874,2.8019,-17.0809,
600243.SH,青海华鼎,2011-02-16,12.2342,11.9661,12.3037,11.7675,12.0852,24827343,300330919,-0.149,-1.2175,12.0968,13.2873,2273964500,N/A,2882464500,186850000,0,236850000,133.7592,3.7413,2.7678,-16.8729,
600243.SH,青海华鼎,2011-02-17,12.0852,12.115,12.6116,11.7476,12.4229,37380542,460402749,0.3376,2.7938,12.3166,20.0056,2337493500,N/A,2962993500,186850000,0,236850000,137.4961,3.8458,2.8452,-17.3443,
600243.SH,青海华鼎,2011-02-18,12.4229,12.2342,12.7605,11.9264,11.9363,26688703,331116892,-0.4866,-3.9169,12.4066,14.2835,2245937000,N/A,2846937000,186850000,0,236850000,132.1106,3.6952,2.7337,-16.665,
600243.SH,青海华鼎,2011-02-21,11.9363,11.7873,12.413,11.7178,12.3136,22282504,272434931,0.3774,3.1614,12.2264,11.9253,2316940000,N/A,2936940000,186850000,0,236850000,136.2871,3.812,2.8201,-17.1918,
600243.SH,青海华鼎,2011-02-22,12.3136,12.3534,12.403,11.3107,11.3405,27239979,323082102,-0.9732,-7.9032,11.8606,14.5785,2133827000,N/A,2704827000,186850000,0,236850000,125.516,3.5107,2.5973,-15.8331,
600243.SH,青海华鼎,2011-02-23,11.3405,11.3305,11.4894,10.9234,11.1717,20131196,227289878,-0.1688,-1.4886,11.2904,10.774,2102062500,N/A,2664562500,186850000,0,236850000,123.6476,3.4585,2.5586,-15.5974,
600243.SH,青海华鼎,2011-02-24,11.1717,11.1717,11.4001,11.0426,11.3107,15024688,170261394,0.139,1.2444,11.3321,8.041,2128221500,N/A,2697721500,186850000,0,236850000,125.1863,3.5015,2.5904,-15.7915,
600243.SH,青海华鼎,2011-02-25,11.3107,11.2511,11.271,10.9234,11.1121,11520816,128846905,-0.1986,-1.7559,11.1838,6.1658,2090851500,N/A,2650351500,186850000,0,236850000,122.9881,3.44,2.5449,-15.5142,
600243.SH,青海华鼎,2011-02-28,11.1121,11.0823,11.4596,11.0326,11.3703,15598438,177681766,0.2582,2.3235,11.391,8.3481,2139432500,N/A,2711932500,186850000,0,236850000,125.8458,3.5199,2.6041,-15.8747,
600243.SH,青海华鼎,2011-03-01,11.3703,11.3703,11.5192,11.2213,11.3802,13526415,154285975,0.0099,0.0873,11.4063,7.2392,2141301000,N/A,2714301000,186850000,0,236850000,125.9557,3.523,2.6064,-15.8886,
600243.SH,青海华鼎,2011-03-02,11.3802,11.3802,11.3802,10.8241,11.0724,14842745,164519829,-0.3078,-2.7051,11.0842,7.9437,2083377500,N/A,2640877500,186850000,0,236850000,122.5485,3.4277,2.5359,-15.4588,
600243.SH,青海华鼎,2011-03-03,11.0724,10.9631,11.1816,10.6354,10.6553,13489750,148109194,-0.4171,-3.7668,10.9794,7.2196,2004900500,N/A,2541400500,186850000,0,236850000,117.9323,3.2986,2.4403,-14.8765,
600243.SH,青海华鼎,2011-03-04,10.6553,10.6255,10.9035,10.6056,10.8936,8517841,92396545,0.2383,2.2367,10.8474,4.5587,2049744500,N/A,2598244500,186850000,0,236850000,120.5701,3.3724,2.4949,-15.2092,
600243.SH,青海华鼎,2011-03-07,10.8936,11.0128,11.3206,10.9333,11.2014,14872953,167558317,0.3078,2.8259,11.266,7.9598,2107668000,N/A,2671668000,186850000,0,236850000,123.9773,3.4677,2.5654,-15.639,
600243.SH,青海华鼎,2011-03-08,11.2014,11.2114,11.3206,11.0525,11.2014,8408743,94512541,0,0,11.2398,4.5003,2107668000,N/A,2671668000,186850000,0,236850000,123.9773,3.4677,2.5654,-15.639,
600243.SH,青海华鼎,2011-03-09,11.2014,11.2809,12.3236,11.1816,12.3236,48761598,590032597,1.1221,10.0177,12.1004,26.0967,2318808500,N/A,2939308500,186850000,0,236850000,136.397,3.8151,2.8224,-17.2057,
600243.SH,青海华鼎,2011-03-10,12.3236,12.2143,13.3961,12.0952,12.9194,62019160,799640115,0.5958,4.8348,12.8934,33.192,2430918500,N/A,3081418500,186850000,0,236850000,142.9916,3.9995,2.9589,-18.0375,
600243.SH,青海华鼎,2011-03-11,12.9194,12.7605,13.684,12.6711,13.0684,43880223,581282227,0.149,1.153,13.247,23.4842,2458946000,N/A,3116946000,186850000,0,236850000,144.6402,4.0456,2.993,-18.2455,
600243.SH,青海华鼎,2011-03-14,13.0684,12.8499,13.5053,12.5222,13.267,33472291,438722061,0.1986,1.5198,13.107,17.914,2496316000,N/A,3164316000,186850000,0,236850000,146.8384,4.1071,3.0385,-18.5228,
600243.SH,青海华鼎,2011-03-15,13.267,12.9988,13.9422,12.9095,13.7039,38990490,529273849,0.4369,3.2934,13.5744,20.8673,2578530000,N/A,3268530000,186850000,0,236850000,151.6744,4.2424,3.1385,-19.1328,
600243.SH,青海华鼎,2011-03-16,13.7039,13.4755,13.7535,13.257,13.4954,22556421,305055823,-0.2085,-1.5217,13.5241,12.0719,2539291500,N/A,3218791500,186850000,0,236850000,149.3663,4.1778,3.0908,-18.8417,
600243.SH,青海华鼎,2011-03-17,13.4954,13.2868,13.2968,12.6116,12.84,24426880,317791640,-0.6554,-4.8565,13.0099,13.073,2415970500,N/A,3062470500,186850000,0,236850000,142.1123,3.9749,2.9407,-17.9266,
600243.SH,青海华鼎,2011-03-18,12.84,12.8201,13.0882,12.6016,12.7009,15453438,199579979,-0.139,-1.0828,12.9149,8.2705,2389811500,N/A,3029311500,186850000,0,236850000,140.5736,3.9319,2.9088,-17.7325,
600243.SH,青海华鼎,2011-03-21,12.7009,12.6116,13.3563,12.5718,13.1379,21042078,276610106,0.4369,3.4402,13.1456,11.2615,2472025500,N/A,3133525500,186850000,0,236850000,145.4096,4.0672,3.0089,-18.3426,
600243.SH,青海华鼎,2011-03-22,13.1379,12.9889,13.0882,12.3732,12.5718,19986917,254225642,-0.566,-4.3084,12.7196,10.6968,2365521000,N/A,2998521000,186850000,0,236850000,139.1448,3.8919,2.8793,-17.5523,
600243.SH,青海华鼎,2011-03-23,12.5718,12.4924,12.7407,12.413,12.6612,13279734,168155075,0.0894,0.7109,12.6625,7.1072,2382337500,N/A,3019837500,186850000,0,236850000,140.1339,3.9196,2.8997,-17.6771,
600243.SH,青海华鼎,2011-03-24,12.6612,12.5818,12.9591,12.3931,12.7903,18066748,232027995,0.1291,1.0196,12.8428,9.6691,2406628000,N/A,3050628000,186850000,0,236850000,141.5628,3.9596,2.9293,-17.8573,
600243.SH,青海华鼎,2011-03-25,12.7903,12.5718,13.0584,12.5123,12.8995,15662363,201688748,0.1092,0.854,12.8773,8.3823,2427181500,N/A,3076681500,186850000,0,236850000,142.7718,3.9934,2.9543,-18.0098,
600243.SH,青海华鼎,2011-03-28,12.8995,12.8102,13.2868,12.6116,12.83,21548292,279099012,-0.0695,-0.5389,12.9523,11.5324,2414102000,N/A,3060102000,186850000,0,236850000,142.0024,3.9719,2.9384,-17.9128,
600243.SH,青海华鼎,2011-03-29,12.83,12.6314,12.7109,11.688,11.7278,24596809,302124886,-1.1023,-8.5913,12.2831,13.1639,2206698500,N/A,2797198500,186850000,0,236850000,129.8025,3.6306,2.686,-16.3738,
600243.SH,青海华鼎,2011-03-30,11.7278,11.698,11.8866,11.3305,11.4298,13581095,157491130,-0.2979,-2.5402,11.5963,7.2684,2150643500,N/A,2726143500,186850000,0,236850000,126.5052,3.5384,2.6177,-15.9579,
600243.SH,青海华鼎,2011-03-31,11.4298,11.4199,11.698,11.3703,11.5689,10369810,120584293,0.139,1.2163,11.6284,5.5498,2176802500,N/A,2759302500,186850000,0,236850000,128.044,3.5814,2.6496,-16.152,
600243.SH,青海华鼎,2011-04-01,11.5689,11.5093,11.7278,11.3206,11.698,7637994,89106539,0.1291,1.1159,11.6662,4.0878,2201093000,N/A,2790093000,186850000,0,236850000,129.4728,3.6214,2.6791,-16.3322,
600243.SH,青海华鼎,2011-04-06,11.698,11.6781,12.1051,11.5987,11.976,11595866,139194049,0.2781,2.3769,12.0038,6.206,2253411000,N/A,2856411000,186850000,0,236850000,132.5502,3.7075,2.7428,-16.7204,
600243.SH,青海华鼎,2011-04-07,11.976,11.9164,12.413,11.8171,12.2143,10810153,132467028,0.2383,1.99,12.2539,5.7855,2298255000,N/A,2913255000,186850000,0,236850000,135.188,3.7813,2.7974,-17.0532,
600243.SH,青海华鼎,2011-04-08,12.2143,12.0952,12.2044,11.9164,12.1846,8482690,102991541,-0.0298,-0.2439,12.1414,4.5398,2292649500,N/A,2906149500,186850000,0,236850000,134.8583,3.772,2.7906,-17.0116,
600243.SH,青海华鼎,2011-04-11,12.1846,12.2044,12.403,11.8767,11.976,12299889,150619804,-0.2085,-1.7115,12.2456,6.5828,2253411000,N/A,2856411000,186850000,0,236850000,132.5502,3.7075,2.7428,-16.7204,
600243.SH,青海华鼎,2011-04-12,11.976,11.8171,11.8469,11.41,11.6285,13940912,162492833,-0.3476,-2.9022,11.6558,7.461,2188013500,N/A,2773513500,186850000,0,236850000,128.7034,3.5999,2.6632,-16.2352,
600243.SH,青海华鼎,2011-04-13,11.6285,11.6185,11.7575,11.3603,11.688,8661605,101063548,0.0596,0.5124,11.668,4.6356,2199224500,N/A,2787724500,186850000,0,236850000,129.3629,3.6183,2.6769,-16.3184,
600243.SH,青海华鼎,2011-04-14,11.688,11.6384,11.7575,11.3206,11.3305,10619760,122600151,-0.3575,-3.0586,11.5445,5.6836,2131958500,N/A,2702458500,186850000,0,236850000,125.4061,3.5077,2.595,-15.8193,
600243.SH,青海华鼎,2011-04-15,11.3305,11.122,11.3107,11.0326,11.1915,7997888,89750203,-0.139,-1.227,11.2217,4.2804,2105799500,N/A,2669299500,186850000,0,236850000,123.8674,3.4646,2.5631,-15.6251,
600243.SH,青海华鼎,2011-04-18,11.1915,11.1915,11.3206,11.0724,11.3206,7391384,83428537,0.1291,1.1535,11.2873,3.9558,2130090000,N/A,2700090000,186850000,0,236850000,125.2962,3.5046,2.5927,-15.8054,
600243.SH,青海华鼎,2011-04-19,11.3206,11.271,11.271,10.844,10.8539,9421378,104331783,-0.4667,-4.1228,11.0739,5.0422,2042270500,N/A,2588770500,186850000,0,236850000,120.1305,3.3601,2.4858,-15.1538,
600243.SH,青海华鼎,2011-04-20,10.8539,10.8737,11.0624,10.844,10.9135,7554475,83124319,0.0596,0.5489,11.0033,4.0431,2053481500,N/A,2602981500,186850000,0,236850000,120.79,3.3785,2.4995,-15.2369,
600243.SH,青海华鼎,2011-04-21,10.9135,10.9234,11.2412,10.8837,11.2213,8441593,94569179,0.3078,2.8207,11.2028,4.5178,2111405000,N/A,2676405000,186850000,0,236850000,124.1971,3.4738,2.57,-15.6667,
600243.SH,青海华鼎,2011-04-22,11.2213,11.1915,11.3008,11.0028,11.0227,6511452,73106907,-0.1986,-1.7699,11.2274,3.4849,2074035000,N/A,2629035000,186850000,0,236850000,121.999,3.4124,2.5245,-15.3895,
600243.SH,青海华鼎,2011-04-25,11.0227,11.0823,11.3008,10.7149,11.1021,8761127,97736159,0.0794,0.7207,11.1557,4.6889,2088983000,N/A,2647983000,186850000,0,236850000,122.8782,3.4369,2.5427,-15.5004,
600243.SH,青海华鼎,2011-04-26,11.1021,10.9234,11.2213,10.7447,11.2114,9189328,102183002,0.1092,0.9839,11.1197,4.918,2109536500,N/A,2674036500,186850000,0,236850000,124.0872,3.4708,2.5677,-15.6529,
600243.SH,青海华鼎,2011-04-27,11.2114,11.2014,11.261,10.9333,11.1915,7207054,80611693,-0.0199,-0.1771,11.1851,3.8571,2105799500,N/A,2669299500,186850000,0,236850000,123.8674,3.4646,2.5631,-15.6251,
600243.SH,青海华鼎,2011-04-28,11.1915,11.1419,11.271,10.0694,10.2481,10347336,110231082,-0.9434,-8.4295,10.6531,5.5378,1928292000,N/A,2444292000,186850000,0,236850000,113.4261,3.1726,2.3471,-14.308,
600243.SH,青海华鼎,2011-04-29,10.2481,10.0297,10.0297,9.5431,9.8708,8063043,79483410,-0.3774,-3.6822,9.8577,4.3152,1857289000,N/A,2354289000,186850000,0,236850000,109.2495,3.0557,2.2607,-13.7812,
600243.SH,青海华鼎,2011-05-03,9.8708,9.7814,9.9403,9.5431,9.9204,7204578,70602051,0.0497,0.503,9.7996,3.8558,1866631500,N/A,2366131500,186850000,0,236850000,109.7991,3.0711,2.272,-13.8505,
600243.SH,青海华鼎,2011-05-04,9.9204,9.8112,10.1588,9.7318,9.7516,8398830,84005279,-0.1688,-1.7017,10.002,4.495,1834867000,N/A,2325867000,186850000,0,236850000,107.9306,3.0189,2.2334,-13.6148,
600243.SH,青海华鼎,2011-05-05,9.7516,9.6324,9.7913,9.5331,9.7715,5493137,53496121,0.0199,0.2037,9.7387,2.9399,1838604000,N/A,2330604000,186850000,0,236850000,108.1504,3.025,2.2379,-13.6425,
600243.SH,青海华鼎,2011-05-06,9.7715,9.7715,9.7715,9.7715,9.7715,N/A,N/A,0,0,N/A,N/A,1838604000,N/A,2330604000,186850000,0,236850000,108.1504,3.025,2.2379,-13.6425,
600243.SH,青海华鼎,2011-05-09,9.7715,9.9304,10.4169,9.8112,10.0098,9802254,100031025,0.2383,2.439,10.2049,5.2461,1883448000,N/A,2387448000,186850000,0,236850000,110.7882,3.0988,2.2925,-13.9753,
600243.SH,青海华鼎,2011-05-10,10.0098,10.0197,10.6354,9.8708,10.556,15034851,155676149,0.5462,5.4563,10.3544,8.0465,1986215500,N/A,2517715500,186850000,0,236850000,116.8332,3.2679,2.4176,-14.7378,
600243.SH,青海华鼎,2011-05-11,10.556,10.4467,10.6453,10.2879,10.6156,14194481,150105372,0.0596,0.5644,10.5749,7.5967,1997426500,N/A,2531926500,186850000,0,236850000,117.4927,3.2863,2.4312,-14.821,
600243.SH,青海华鼎,2011-05-12,10.6156,10.5758,10.9135,10.3574,10.6751,14542272,155758268,0.0596,0.5613,10.7107,7.7829,2008637500,N/A,2546137500,186850000,0,236850000,118.1521,3.3048,2.4449,-14.9042,
600243.SH,青海华鼎,2011-05-13,10.6751,10.6553,10.8042,10.5361,10.7943,13276010,143149736,0.1192,1.1163,10.7826,7.1052,2031059500,N/A,2574559500,186850000,0,236850000,119.4711,3.3416,2.4722,-15.0706,
600243.SH,青海华鼎,2011-05-16,10.7943,10.8142,10.8539,10.6156,10.7943,10253372,110646745,0,0,10.7913,5.4875,2031059500,N/A,2574559500,186850000,0,236850000,119.4711,3.3416,2.4722,-15.0706,
600243.SH,青海华鼎,2011-05-17,10.7943,10.8142,10.8539,10.3375,10.7447,11286011,121192463,-0.0497,-0.46,10.7383,6.0401,2021717000,N/A,2562717000,186850000,0,236850000,118.9215,3.3263,2.4608,-15.0013,
600243.SH,青海华鼎,2011-05-18,10.7447,10.695,11.4199,10.5361,10.8638,16085130,176729651,0.1192,1.1091,10.9871,8.6086,2044139000,N/A,2591139000,186850000,0,236850000,120.2404,3.3632,2.4881,-15.1676,
600243.SH,青海华鼎,2011-05-19,10.8638,10.834,11.2312,10.7248,10.8737,12243024,134840774,0.0099,0.0914,11.0137,6.5523,2046007500,N/A,2593507500,186850000,0,236850000,120.3503,3.3662,2.4904,-15.1815,
600243.SH,青海华鼎,2011-05-20,10.8737,10.8241,11.1121,10.2481,10.3176,9571090,102097233,-0.5561,-5.1142,10.6673,5.1223,1941371500,N/A,2460871500,186850000,0,236850000,114.1954,3.1941,2.363,-14.4051,
600243.SH,青海华鼎,2011-05-23,10.3176,10.1786,10.2283,9.6622,9.6821,7455427,74626508,-0.6355,-6.1598,10.0097,3.9901,1821787500,N/A,2309287500,186850000,0,236850000,107.1612,2.9973,2.2174,-13.5178,
600243.SH,青海华鼎,2011-05-24,9.6821,9.5927,9.7417,9.3544,9.6622,4928632,47375326,-0.0199,-0.2051,9.6123,2.6377,1818050500,N/A,2304550500,186850000,0,236850000,106.9414,2.9912,2.2129,-13.49,
600243.SH,青海华鼎,2011-05-25,9.6622,9.6722,10.268,9.5331,9.8807,7368531,73631472,0.2185,2.261,9.9927,3.9436,1859157500,N/A,2356657500,186850000,0,236850000,109.3594,3.0588,2.2629,-13.7951,
600243.SH,青海华鼎,2011-05-26,9.8807,9.8311,10.0098,9.5828,9.5927,4861908,47705652,-0.288,-2.9146,9.8121,2.602,1804971000,N/A,2287971000,186850000,0,236850000,106.1721,2.9697,2.197,-13.393,
600243.SH,青海华鼎,2011-05-27,9.5927,9.5133,9.5729,9.0168,9.0664,4276858,40025632,-0.5263,-5.4865,9.3587,2.2889,1705940500,N/A,2162440500,186850000,0,236850000,100.3469,2.8067,2.0764,-12.6582,
600243.SH,青海华鼎,2011-05-30,9.0664,9.0466,9.1955,8.838,8.9274,2896310,26311109,-0.139,-1.5334,9.0844,1.5501,1679781500,N/A,2129281500,186850000,0,236850000,98.8082,2.7637,2.0446,-12.4641,
600243.SH,青海华鼎,2011-05-31,8.9274,8.987,9.1558,8.848,9.1359,2825572,25721004,0.2085,2.3359,9.1029,1.5122,1719020000,N/A,2179020000,186850000,0,236850000,101.1163,2.8283,2.0924,-12.7552,
600243.SH,青海华鼎,2011-06-01,9.1359,9.1161,9.3047,9.0565,9.2849,4453180,41234153,0.149,1.6304,9.2595,2.3833,1747047500,N/A,2214547500,186850000,0,236850000,102.7649,2.8744,2.1265,-12.9632,
600243.SH,青海华鼎,2011-06-02,9.2849,9.2054,9.4239,8.987,9.3643,5354012,49569760,0.0794,0.8556,9.2584,2.8654,1761995500,N/A,2233495500,186850000,0,236850000,103.6442,2.899,2.1447,-13.0741,
600243.SH,青海华鼎,2011-06-03,9.3643,9.4041,9.4934,9.2452,9.3941,5986918,56487866,0.0298,0.3181,9.4352,3.2041,1767601000,N/A,2240601000,186850000,0,236850000,103.9739,2.9082,2.1515,-13.1157,
600243.SH,青海华鼎,2011-06-07,9.3941,9.2948,9.4934,9.2849,9.4239,3929556,37197973,0.0298,0.3171,9.4662,2.1031,1773206500,N/A,2247706500,186850000,0,236850000,104.3036,2.9174,2.1583,-13.1573,
600243.SH,青海华鼎,2011-06-08,9.4239,9.3743,9.7615,9.1558,9.5629,6886465,65664458,0.139,1.4752,9.5353,3.6856,1799365500,N/A,2280865500,186850000,0,236850000,105.8423,2.9604,2.1902,-13.3514,
600243.SH,青海华鼎,2011-06-09,9.5629,9.4636,9.5331,9.0168,9.0267,5557200,51925055,-0.5362,-5.6075,9.3437,2.9742,1698466500,N/A,2152966500,186850000,0,236850000,99.9073,2.7944,2.0673,-12.6027,
600243.SH,青海华鼎,2011-06-10,9.0267,8.9373,9.0466,8.6493,8.9671,4193680,37586730,-0.0596,-0.6601,8.9627,2.2444,1687255500,N/A,2138755500,186850000,0,236850000,99.2478,2.776,2.0537,-12.5195,
600243.SH,青海华鼎,2011-06-13,8.9671,8.838,9.0168,8.7685,8.9175,2486363,22288776,-0.0497,-0.5537,8.9644,1.3307,1677913000,N/A,2126913000,186850000,0,236850000,98.6983,2.7606,2.0423,-12.4502,
600243.SH,青海华鼎,2011-06-14,8.9175,8.9175,9.1459,8.9175,9.0863,3089525,28263970,0.1688,1.8931,9.1483,1.6535,1709677500,N/A,2167177500,186850000,0,236850000,100.5667,2.8129,2.081,-12.6859,
600243.SH,青海华鼎,2011-06-15,9.0863,9.0962,9.265,8.977,8.987,3440348,31602811,-0.0993,-1.0929,9.1859,1.8412,1690992500,N/A,2143492500,186850000,0,236850000,99.4676,2.7821,2.0582,-12.5473,
600243.SH,青海华鼎,2011-06-16,8.987,8.8579,8.9373,8.7189,8.7784,3489927,31073303,-0.2085,-2.3204,8.9037,1.8678,1651754000,N/A,2093754000,186850000,0,236850000,97.1595,2.7176,2.0105,-12.2561,
600243.SH,青海华鼎,2011-06-17,8.7784,8.7685,8.8777,8.5699,8.5898,2424748,21368649,-0.1887,-2.1493,8.8127,1.2977,1616252500,N/A,2048752500,186850000,0,236850000,95.0713,2.6592,1.9673,-11.9927,
600243.SH,青海华鼎,2011-06-20,8.5898,8.5202,8.6891,8.2819,8.3812,2930726,24835646,-0.2085,-2.4277,8.4742,1.5685,1577014000,N/A,1999014000,186850000,0,236850000,92.7632,2.5946,1.9195,-11.7015,
600243.SH,青海华鼎,2011-06-21,8.3812,8.3912,8.5401,8.3216,8.5401,3051289,26009343,0.1589,1.8957,8.5241,1.633,1606910000,N/A,2036910000,186850000,0,236850000,94.5217,2.6438,1.9559,-11.9234,
600243.SH,青海华鼎,2011-06-22,8.5401,8.5699,8.7983,8.5004,8.5997,3506882,30496103,0.0596,0.6977,8.6961,1.8768,1618121000,N/A,2051121000,186850000,0,236850000,95.1812,2.6622,1.9695,-12.0065,
600243.SH,青海华鼎,2011-06-23,8.5997,8.6096,8.8082,8.4011,8.7884,4409186,38405975,0.1887,2.194,8.7104,2.3597,1653622500,N/A,2096122500,186850000,0,236850000,97.2694,2.7207,2.0128,-12.27,
600243.SH,青海华鼎,2011-06-24,8.7884,8.7387,9.1161,8.7089,8.9671,8859804,80060505,0.1787,2.0339,9.0364,4.7417,1687255500,N/A,2138755500,186850000,0,236850000,99.2478,2.776,2.0537,-12.5195,
600243.SH,青海华鼎,2011-06-27,8.9671,8.977,9.1558,8.9373,9.0565,5489130,50006455,0.0894,0.9967,9.1101,2.9377,1704072000,N/A,2160072000,186850000,0,236850000,100.237,2.8037,2.0742,-12.6443,
600243.SH,青海华鼎,2011-06-28,9.0565,9.0366,9.3047,8.987,9.0962,5746335,52982222,0.0397,0.4386,9.2202,3.0754,1711546000,N/A,2169546000,186850000,0,236850000,100.6766,2.816,2.0833,-12.6998,
600243.SH,青海华鼎,2011-06-29,9.0962,9.0267,9.9304,8.9572,9.4736,17183232,163092822,0.3774,4.1485,9.4914,9.1963,1782549000,N/A,2259549000,186850000,0,236850000,104.8532,2.9328,2.1697,-13.2266,
600243.SH,青海华鼎,2011-06-30,9.4736,9.3743,9.7119,9.3345,9.5133,14013204,134997632,0.0397,0.4193,9.6336,7.4997,1790023000,N/A,2269023000,186850000,0,236850000,105.2928,2.9451,2.1788,-13.2821,
600243.SH,青海华鼎,2011-07-01,9.5133,9.5431,9.6126,9.3941,9.4239,7472019,71311365,-0.0894,-0.9395,9.5438,3.9989,1773206500,N/A,2247706500,186850000,0,236850000,104.3036,2.9174,2.1583,-13.1573,
600243.SH,青海华鼎,2011-07-04,9.4239,9.4041,9.692,9.3544,9.6324,7092622,68433908,0.2085,2.2129,9.6486,3.7959,1812445000,N/A,2297445000,186850000,0,236850000,106.6117,2.982,2.2061,-13.4484,
600243.SH,青海华鼎,2011-07-05,9.6324,9.6225,9.7913,9.553,9.7615,6851383,66800424,0.1291,1.3402,9.7499,3.6668,1836735500,N/A,2328235500,186850000,0,236850000,108.0405,3.0219,2.2356,-13.6287,
600243.SH,青海华鼎,2011-07-06,9.7615,9.7218,10.7248,9.6821,10.6453,33567818,346768734,0.8838,9.0539,10.3304,17.9651,2003032000,N/A,2539032000,186850000,0,236850000,117.8224,3.2955,2.4381,-14.8626,
600243.SH,青海华鼎,2011-07-07,10.6453,10.4666,10.6751,10.268,10.6453,34895763,368402301,0,0,10.5572,18.6758,2003032000,N/A,2539032000,186850000,0,236850000,117.8224,3.2955,2.4381,-14.8626,
600243.SH,青海华鼎,2011-07-08,10.6453,10.556,10.6553,10.4467,10.5361,22593856,239609441,-0.1092,-1.0261,10.6051,12.092,1982478500,N/A,2512978500,186850000,0,236850000,116.6134,3.2617,2.413,-14.7101,
600243.SH,青海华鼎,2011-07-11,10.5361,10.5262,10.8737,10.4368,10.7149,23759750,255658512,0.1787,1.6965,10.7602,12.7159,2016111500,N/A,2555611500,186850000,0,236850000,118.5918,3.3171,2.454,-14.9597,
600243.SH,青海华鼎,2011-07-12,10.7149,10.7447,10.7447,10.0297,10.0892,18763109,193414161,-0.6256,-5.8387,10.3082,10.0418,1898396000,N/A,2406396000,186850000,0,236850000,111.6675,3.1234,2.3107,-14.0862,
600243.SH,青海华鼎,2011-07-13,10.0892,10.0098,10.2382,9.9999,10.129,10006653,102018879,0.0397,0.3937,10.1951,5.3554,1905870000,N/A,2415870000,186850000,0,236850000,112.1072,3.1357,2.3198,-14.1417,
600243.SH,青海华鼎,2011-07-14,10.129,10.1488,10.2581,9.98,10.1488,9202059,93617922,0.0199,0.1961,10.1736,4.9248,1909607000,N/A,2420607000,186850000,0,236850000,112.327,3.1418,2.3243,-14.1694,
600243.SH,青海华鼎,2011-07-15,10.1488,10.0595,10.2879,10.0595,10.1588,7166116,73425327,0.0099,0.0978,10.2462,3.8352,1911475500,N/A,2422975500,186850000,0,236850000,112.4369,3.1449,2.3266,-14.1833,
600243.SH,青海华鼎,2011-07-18,10.1588,10.1786,10.3276,10.129,10.1786,6821337,70234166,0.0199,0.1955,10.2962,3.6507,1915212500,N/A,2427712500,186850000,0,236850000,112.6567,3.151,2.3312,-14.211,
600243.SH,青海华鼎,2011-07-19,10.1786,10.0793,10.0992,9.8608,9.8906,6448213,64544492,-0.288,-2.8293,10.0097,3.451,1861026000,N/A,2359026000,186850000,0,236850000,109.4693,3.0619,2.2652,-13.8089,
600243.SH,青海华鼎,2011-07-20,9.8906,9.9304,10.0992,9.8608,9.9999,4620939,46469379,0.1092,1.1044,10.0563,2.4731,1881579500,N/A,2385079500,186850000,0,236850000,110.6783,3.0957,2.2902,-13.9614,
600243.SH,青海华鼎,2011-07-21,9.9999,10.0297,10.1091,9.7516,9.7615,5445027,54251246,-0.2383,-2.3833,9.9634,2.9141,1836735500,N/A,2328235500,186850000,0,236850000,108.0405,3.0219,2.2356,-13.6287,
600243.SH,青海华鼎,2011-07-22,9.7615,9.7318,9.841,9.5729,9.6225,4866756,47583537,-0.139,-1.4242,9.7773,2.6046,1810576500,N/A,2295076500,186850000,0,236850000,106.5018,2.9789,2.2038,-13.4346,
600243.SH,青海华鼎,2011-07-25,9.6225,9.6027,9.6027,8.6692,8.699,9670606,87894770,-0.9235,-9.5975,9.0889,5.1756,1636806000,N/A,2074806000,186850000,0,236850000,96.2803,2.693,1.9923,-12.1452,
600243.SH,青海华鼎,2011-07-26,8.699,8.7288,8.8678,8.6493,8.7884,4463887,39382969,0.0894,1.0274,8.8226,2.389,1653622500,N/A,2096122500,186850000,0,236850000,97.2694,2.7207,2.0128,-12.27,
600243.SH,青海华鼎,2011-07-27,8.7884,8.7486,8.9671,8.6196,8.8777,4979777,44175795,0.0894,1.0169,8.871,2.6651,1670439000,N/A,2117439000,186850000,0,236850000,98.2586,2.7483,2.0332,-12.3948,
600243.SH,青海华鼎,2011-07-28,8.8777,8.8082,8.9373,8.7288,8.8877,3319632,29598205,0.0099,0.1119,8.9161,1.7766,1672307500,N/A,2119807500,186850000,0,236850000,98.3685,2.7514,2.0355,-12.4086,
600243.SH,青海华鼎,2011-07-29,8.8877,8.8877,8.9373,8.6493,8.6692,3815210,33667383,-0.2185,-2.4581,8.8245,2.0419,1631200500,N/A,2067700500,186850000,0,236850000,95.9505,2.6838,1.9855,-12.1036,
600243.SH,青海华鼎,2011-08-01,8.6692,8.6593,8.7884,8.6096,8.7387,2213558,19478957,0.0695,0.8018,8.7998,1.1847,1644280000,N/A,2084280000,186850000,0,236850000,96.7199,2.7053,2.0014,-12.2006,
600243.SH,青海华鼎,2011-08-02,8.7387,8.6891,8.7288,8.3912,8.6096,3311865,28468537,-0.1291,-1.4773,8.5959,1.7725,1619989500,N/A,2053489500,186850000,0,236850000,95.2911,2.6653,1.9718,-12.0204,
600243.SH,青海华鼎,2011-08-03,8.6096,8.55,8.7288,8.4905,8.6692,2300908,19993550,0.0596,0.692,8.6894,1.2314,1631200500,N/A,2067700500,186850000,0,236850000,95.9505,2.6838,1.9855,-12.1036,
600243.SH,青海华鼎,2011-08-04,8.6692,8.7189,8.8976,8.6891,8.8182,3963860,35168494,0.149,1.7182,8.8723,2.1214,1659228000,N/A,2103228000,186850000,0,236850000,97.5992,2.7299,2.0196,-12.3116,
600243.SH,青海华鼎,2011-08-05,8.8182,8.5302,8.6891,8.3812,8.5004,3279951,28194266,-0.3178,-3.6036,8.5959,1.7554,1599436000,N/A,2027436000,186850000,0,236850000,94.0821,2.6315,1.9468,-11.8679,
600243.SH,青海华鼎,2011-08-08,8.5004,8.3117,8.3713,7.6464,7.706,5869261,46882269,-0.7944,-9.3458,7.9878,3.1412,1449956000,N/A,1837956000,186850000,0,236850000,85.2894,2.3856,1.7649,-10.7588,
600243.SH,青海华鼎,2011-08-09,7.706,7.4875,7.6563,7.1101,7.5669,4948605,36891894,-0.139,-1.8041,7.455,2.6484,1423797000,N/A,1804797000,186850000,0,236850000,83.7506,2.3425,1.733,-10.5647,
600243.SH,青海华鼎,2011-08-10,7.5669,7.706,8.0635,7.6762,7.8251,6854105,54177119,0.2582,3.4121,7.9043,3.6682,1472378000,N/A,1866378000,186850000,0,236850000,86.6083,2.4225,1.7922,-10.9251,
600243.SH,青海华鼎,2011-08-11,7.8251,7.5967,8.133,7.5074,8.0833,8010033,63760091,0.2582,3.2995,7.96,4.2869,1520959000,N/A,1927959000,186850000,0,236850000,89.4659,2.5024,1.8513,-11.2856,
600243.SH,青海华鼎,2011-08-12,8.0833,8.0337,8.2025,7.8748,8.0436,6779398,54969738,-0.0397,-0.4914,8.1084,3.6283,1513485000,N/A,1918485000,186850000,0,236850000,89.0263,2.4901,1.8422,-11.2301,
600243.SH,青海华鼎,2011-08-15,8.0436,8.0734,8.1727,8.0039,8.123,3444664,28061556,0.0794,0.9877,8.1464,1.8435,1528433000,N/A,1937433000,186850000,0,236850000,89.9055,2.5147,1.8604,-11.3411,
600243.SH,青海华鼎,2011-08-16,8.123,8.123,8.1925,7.9741,8.0039,3663448,29791406,-0.1192,-1.467,8.1321,1.9606,1506011000,N/A,1909011000,186850000,0,236850000,88.5866,2.4778,1.8331,-11.1747,
600243.SH,青海华鼎,2011-08-17,8.0039,7.9939,8.0436,7.9145,7.9641,3502121,28136244,-0.0397,-0.4963,8.0341,1.8743,1498537000,N/A,1899537000,186850000,0,236850000,88.147,2.4655,1.824,-11.1192,
600243.SH,青海华鼎,2011-08-18,7.9641,7.9244,7.984,7.7358,7.7556,3211971,25347405,-0.2085,-2.6185,7.8915,1.719,1459298500,N/A,1849798500,186850000,0,236850000,85.8389,2.4009,1.7762,-10.8281,
600243.SH,青海华鼎,2011-08-19,7.7556,7.4478,7.6861,7.3683,7.6563,3598049,27442887,-0.0993,-1.2804,7.6272,1.9256,1440613500,N/A,1826113500,186850000,0,236850000,84.7398,2.3702,1.7535,-10.6894,
600243.SH,青海华鼎,2011-08-22,7.6563,7.6762,8.272,7.6265,8.133,10628454,85540377,0.4767,6.2257,8.0482,5.6882,1530301500,N/A,1939801500,186850000,0,236850000,90.0154,2.5178,1.8627,-11.3549,
600243.SH,青海华鼎,2011-08-23,8.133,8.0932,8.2323,7.9939,8.1429,5273418,43086563,0.0099,0.1221,8.1705,2.8223,1532170000,N/A,1942170000,186850000,0,236850000,90.1254,2.5208,1.8649,-11.3688,
600243.SH,青海华鼎,2011-08-24,8.1429,8.1727,8.1925,7.9641,8.0039,3471473,28291153,-0.139,-1.7073,8.1496,1.8579,1506011000,N/A,1909011000,186850000,0,236850000,88.5866,2.4778,1.8331,-11.1747,
600243.SH,青海华鼎,2011-08-25,8.0039,8.0436,8.2819,8.0039,8.1925,7709490,63126791,0.1887,2.3573,8.1882,4.126,1541512500,N/A,1954012500,186850000,0,236850000,90.6749,2.5362,1.8763,-11.4381,
600243.SH,青海华鼎,2011-08-26,8.1925,8.2422,8.2919,8.0734,8.1628,3912578,32188012,-0.0298,-0.3636,8.2268,2.094,1535907000,N/A,1946907000,186850000,0,236850000,90.3452,2.527,1.8695,-11.3965,
600243.SH,青海华鼎,2011-08-29,8.1628,8.123,8.123,7.9443,7.9741,3460570,27906428,-0.1887,-2.3114,8.0641,1.8521,1500405500,N/A,1901905500,186850000,0,236850000,88.2569,2.4686,1.8263,-11.1331,
600243.SH,青海华鼎,2011-08-30,7.9741,8.0138,8.1429,7.8251,7.845,3576055,28865198,-0.1291,-1.6189,8.0718,1.9139,1476115000,N/A,1871115000,186850000,0,236850000,86.8281,2.4286,1.7967,-10.9529,
600243.SH,青海华鼎,2011-08-31,7.845,7.8549,7.9145,7.706,7.7854,3164717,24828074,-0.0596,-0.7595,7.8453,1.6937,1464904000,N/A,1856904000,186850000,0,236850000,86.1686,2.4102,1.7831,-10.8697,
600243.SH,青海华鼎,2011-09-01,7.7854,7.8251,7.9741,7.7556,7.8053,2343177,18533351,0.0199,0.2551,7.9095,1.254,1468641000,N/A,1861641000,186850000,0,236850000,86.3885,2.4163,1.7876,-10.8974,
600243.SH,青海华鼎,2011-09-02,7.8053,7.8152,7.8549,7.6067,7.6662,2119197,16405748,-0.139,-1.7812,7.7415,1.1342,1442482000,N/A,1828482000,186850000,0,236850000,84.8497,2.3733,1.7558,-10.7033,
600243.SH,青海华鼎,2011-09-05,7.6662,7.6464,7.8847,7.5471,7.7655,5131373,40085828,0.0993,1.2953,7.8119,2.7463,1461167000,N/A,1852167000,186850000,0,236850000,85.9488,2.404,1.7785,-10.8419,
600243.SH,青海华鼎,2011-09-06,7.7655,7.6563,8.1131,7.6563,8.0932,11698356,93879034,0.3277,4.2199,8.025,6.2608,1522827500,N/A,1930327500,186850000,0,236850000,89.5758,2.5055,1.8536,-11.2995,
600243.SH,青海华鼎,2011-09-07,8.0932,8.0734,8.8976,7.984,8.848,26853047,232701024,0.7547,9.3252,8.6657,14.3714,1664833500,N/A,2110333500,186850000,0,236850000,97.9289,2.7391,2.0264,-12.3532,
600243.SH,青海华鼎,2011-09-08,8.848,8.7387,8.977,8.6394,8.9373,18334013,162685926,0.0894,1.0101,8.8734,9.8122,1681650000,N/A,2131650000,186850000,0,236850000,98.9181,2.7668,2.0469,-12.4779,
600243.SH,青海华鼎,2011-09-09,8.9373,8.8281,8.9473,8.7387,8.8877,9085235,81001142,-0.0497,-0.5556,8.9157,4.8623,1672307500,N/A,2119807500,186850000,0,236850000,98.3685,2.7514,2.0355,-12.4086,
600243.SH,青海华鼎,2011-09-13,8.8877,8.7685,8.8976,8.6593,8.8777,7338463,64977690,-0.0099,-0.1117,8.8544,3.9275,1670439000,N/A,2117439000,186850000,0,236850000,98.2586,2.7483,2.0332,-12.3948,
600243.SH,青海华鼎,2011-09-14,8.8777,8.9175,9.275,8.6791,8.8877,14920876,135395002,0.0099,0.1119,9.0742,7.9855,1672307500,N/A,2119807500,186850000,0,236850000,98.3685,2.7514,2.0355,-12.4086,
600243.SH,青海华鼎,2011-09-15,8.8877,8.7884,9.6027,8.7387,9.5034,36959567,346486596,0.6157,6.9274,9.3747,19.7803,1788154500,N/A,2266654500,186850000,0,236850000,105.1829,2.942,2.1765,-13.2682,
600243.SH,青海华鼎,2011-09-16,9.5034,9.4338,9.4835,9.2352,9.4239,21683017,204206535,-0.0794,-0.8359,9.4178,11.6045,1773206500,N/A,2247706500,186850000,0,236850000,104.3036,2.9174,2.1583,-13.1573,
600243.SH,青海华鼎,2011-09-19,9.4239,9.2849,9.5133,9.0763,9.3842,27852873,262396820,-0.0397,-0.4215,9.4208,14.9065,1765732500,N/A,2238232500,186850000,0,236850000,103.864,2.9051,2.1492,-13.1018,
600243.SH,青海华鼎,2011-09-20,9.3842,9.4041,9.4934,9.2352,9.4537,28837472,272633331,0.0695,0.7407,9.4541,15.4335,1778812000,N/A,2254812000,186850000,0,236850000,104.6333,2.9266,2.1651,-13.1989,
600243.SH,青海华鼎,2011-09-21,9.4537,9.4835,9.7318,9.2849,9.6424,31610981,302272418,0.1887,1.9958,9.5623,16.9178,1814313500,N/A,2299813500,186850000,0,236850000,106.7216,2.985,2.2084,-13.4623,
600243.SH,青海华鼎,2011-09-22,9.6424,9.7119,9.7119,8.7387,8.8182,23371322,216080573,-0.8242,-8.5479,9.2455,12.5081,1659228000,N/A,2103228000,186850000,0,236850000,97.5992,2.7299,2.0196,-12.3116,
600243.SH,青海华鼎,2011-09-23,8.8182,8.411,8.4408,8.0635,8.1032,15331382,127595240,-0.715,-8.1081,8.3225,8.2052,1524696000,N/A,1932696000,186850000,0,236850000,89.6857,2.5085,1.8558,-11.3133,
600243.SH,青海华鼎,2011-09-26,8.1032,8.1528,8.3117,8.0436,8.0734,7588029,62355318,-0.0298,-0.3676,8.2176,4.061,1519090500,N/A,1925590500,186850000,0,236850000,89.356,2.4993,1.849,-11.2717,
600243.SH,青海华鼎,2011-09-27,8.0734,8.1131,8.2124,7.8748,7.9741,7870616,63200547,-0.0993,-1.23,8.0299,4.2123,1500405500,N/A,1901905500,186850000,0,236850000,88.2569,2.4686,1.8263,-11.1331,
600243.SH,青海华鼎,2011-09-28,7.9741,7.9641,8.0436,7.557,7.6364,6758783,53149291,-0.3376,-4.2341,7.8637,3.6172,1436876500,N/A,1821376500,186850000,0,236850000,84.52,2.3641,1.7489,-10.6617,
600243.SH,青海华鼎,2011-09-29,7.6364,7.5471,7.5769,7.2988,7.3187,5768930,43179323,-0.3178,-4.1612,7.4848,3.0875,1377084500,N/A,1745584500,186850000,0,236850000,81.0029,2.2657,1.6762,-10.218,
600243.SH,青海华鼎,2011-09-30,7.3187,7.3385,7.4279,7.1697,7.3385,3872186,28430836,0.0199,0.2714,7.3423,2.0724,1380821500,N/A,1750321500,186850000,0,236850000,81.2227,2.2718,1.6807,-10.2458,
600243.SH,青海华鼎,2011-10-10,7.3385,7.3882,7.4974,7.3385,7.418,3133861,23406708,0.0794,1.0825,7.469,1.6772,1395769500,N/A,1769269500,186850000,0,236850000,82.102,2.2964,1.6989,-10.3567,
600243.SH,青海华鼎,2011-10-11,7.418,7.6067,7.706,7.1499,7.3385,4204308,31598322,-0.0794,-1.071,7.5157,2.2501,1380821500,N/A,1750321500,186850000,0,236850000,81.2227,2.2718,1.6807,-10.2458,
600243.SH,青海华鼎,2011-10-12,7.3385,7.3385,7.6762,7.1697,7.6265,6233345,47315189,0.288,3.9242,7.5907,3.336,1435008000,N/A,1819008000,186850000,0,236850000,84.4101,2.361,1.7467,-10.6478,
600243.SH,青海华鼎,2011-10-13,7.6265,7.6166,7.9244,7.6166,7.8748,8748234,68988315,0.2483,3.2552,7.886,4.682,1481720500,N/A,1878220500,186850000,0,236850000,87.1578,2.4378,1.8035,-10.9944,
600243.SH,青海华鼎,2011-10-14,7.8748,7.8648,7.9046,7.6662,7.7258,4991848,39033433,-0.149,-1.8916,7.8194,2.6716,1453693000,N/A,1842693000,186850000,0,236850000,85.5092,2.3917,1.7694,-10.7865,
600243.SH,青海华鼎,2011-10-17,7.7258,7.6861,7.8152,7.5967,7.696,4318106,33431522,-0.0298,-0.3856,7.7422,2.311,1448087500,N/A,1835587500,186850000,0,236850000,85.1795,2.3825,1.7626,-10.7449,
600243.SH,青海华鼎,2011-10-18,7.696,7.6364,7.6464,7.2988,7.3485,4088989,30854081,-0.3476,-4.5161,7.5457,2.1884,1382690000,N/A,1752690000,186850000,0,236850000,81.3326,2.2749,1.683,-10.2596,
600243.SH,青海华鼎,2011-10-19,7.3485,7.4279,7.706,7.2293,7.4776,5140142,38789708,0.1291,1.7568,7.5464,2.7509,1406980500,N/A,1783480500,186850000,0,236850000,82.7615,2.3149,1.7126,-10.4399,
600243.SH,青海华鼎,2011-10-20,7.4776,7.3485,7.418,7.1201,7.2889,3743822,27254326,-0.1887,-2.5232,7.2798,2.0037,1371479000,N/A,1738479000,186850000,0,236850000,80.6732,2.2565,1.6693,-10.1765,
600243.SH,青海华鼎,2011-10-21,7.2889,7.279,7.3286,6.9314,6.9413,3652826,26192478,-0.3476,-4.7684,7.1705,1.955,1306081500,N/A,1655581500,186850000,0,236850000,76.8264,2.1489,1.5897,-9.6912,
600243.SH,青海华鼎,2011-10-24,6.9413,6.9513,7.0605,6.6434,7.0108,4734512,32766168,0.0695,1.0014,6.9207,2.5339,1319161000,N/A,1672161000,186850000,0,236850000,77.5957,2.1704,1.6057,-9.7882,
600243.SH,青海华鼎,2011-10-25,7.0108,7.0208,7.3187,6.9115,7.2591,5729816,41344030,0.2483,3.5411,7.2156,3.0665,1365873500,N/A,1731373500,186850000,0,236850000,80.3435,2.2472,1.6625,-10.1349,
600243.SH,青海华鼎,2011-10-26,7.2591,7.1499,7.5371,7.1399,7.269,6794024,49895387,0.0099,0.1368,7.344,3.6361,1367742000,N/A,1733742000,186850000,0,236850000,80.4534,2.2503,1.6648,-10.1487,
600243.SH,青海华鼎,2011-10-27,7.269,7.2094,7.3783,7.1896,7.2194,3967677,29036221,-0.0497,-0.6831,7.3182,2.1235,1358399500,N/A,1721899500,186850000,0,236850000,79.9038,2.2349,1.6534,-10.0794,
600243.SH,青海华鼎,2011-10-28,7.2194,7.2988,7.4279,7.2492,7.408,5510990,40849492,0.1887,2.6135,7.4124,2.9494,1393901000,N/A,1766901000,186850000,0,236850000,81.9921,2.2933,1.6966,-10.3428,
600243.SH,青海华鼎,2011-10-31,7.408,7.3783,7.5769,7.3485,7.5669,5874186,44403302,0.1589,2.1448,7.5591,3.1438,1423797000,N/A,1804797000,186850000,0,236850000,83.7506,2.3425,1.733,-10.5647,
600243.SH,青海华鼎,2011-11-01,7.5669,7.4974,7.557,7.3385,7.408,4682498,35110444,-0.1589,-2.0997,7.4982,2.506,1393901000,N/A,1766901000,186850000,0,236850000,81.9921,2.2933,1.6966,-10.3428,
600243.SH,青海华鼎,2011-11-02,7.408,7.2492,7.6265,7.1995,7.6166,7722571,57816741,0.2085,2.815,7.4867,4.133,1433139500,N/A,1816639500,186850000,0,236850000,84.3002,2.3579,1.7444,-10.634,
600243.SH,青海华鼎,2011-11-03,7.6166,7.5471,7.9046,7.5471,7.6067,9445583,73497622,-0.0099,-0.1304,7.7812,5.0552,1431271000,N/A,1814271000,186850000,0,236850000,84.1903,2.3548,1.7421,-10.6201,
600243.SH,青海华鼎,2011-11-04,7.6067,7.6265,7.7854,7.5967,7.7159,7995100,61808914,0.1092,1.436,7.7308,4.2789,1451824500,N/A,1840324500,186850000,0,236850000,85.3993,2.3886,1.7671,-10.7726,
600243.SH,青海华鼎,2011-11-07,7.7159,7.6464,7.7953,7.6364,7.6861,4661495,36300337,-0.0298,-0.3861,7.7873,2.4948,1446219000,N/A,1833219000,186850000,0,236850000,85.0695,2.3794,1.7603,-10.731,
600243.SH,青海华鼎,2011-11-08,7.6861,7.6861,7.7258,7.4676,7.4875,5151735,39314184,-0.1986,-2.584,7.6313,2.7572,1408849000,N/A,1785849000,186850000,0,236850000,82.8714,2.3179,1.7148,-10.4537,
600243.SH,青海华鼎,2011-11-09,7.4875,7.5074,7.6166,7.3882,7.6067,4368848,33055983,0.1192,1.5915,7.5663,2.3382,1431271000,N/A,1814271000,186850000,0,236850000,84.1903,2.3548,1.7421,-10.6201,
600243.SH,青海华鼎,2011-11-10,7.6067,7.4974,7.9741,7.4577,7.8251,16707768,131533046,0.2185,2.8721,7.8726,8.9418,1472378000,N/A,1866378000,186850000,0,236850000,86.6083,2.4225,1.7922,-10.9251,
600243.SH,青海华鼎,2011-11-11,7.8251,7.7854,8.2124,7.7854,8.1032,18148166,146465574,0.2781,3.5533,8.0705,9.7127,1524696000,N/A,1932696000,186850000,0,236850000,89.6857,2.5085,1.8558,-11.3133,
600243.SH,青海华鼎,2011-11-14,8.1032,8.123,8.1528,8.0237,8.1032,10022746,81814579,0,0,8.1629,5.3641,1524696000,N/A,1932696000,186850000,0,236850000,89.6857,2.5085,1.8558,-11.3133,
600243.SH,青海华鼎,2011-11-15,8.1032,8.0833,8.3912,8.0635,8.2819,11730018,97395914,0.1787,2.2059,8.3031,6.2778,1558329000,N/A,1975329000,186850000,0,236850000,91.6641,2.5639,1.8968,-11.5629,
600243.SH,青海华鼎,2011-11-16,8.2819,8.4209,8.4408,7.845,7.8549,11844726,97063433,-0.427,-5.1559,8.1947,6.3392,1477983500,N/A,1873483500,186850000,0,236850000,86.938,2.4317,1.799,-10.9667,
600243.SH,青海华鼎,2011-11-17,7.8549,7.8946,7.8946,7.6464,7.6762,7198912,56155709,-0.1787,-2.2756,7.8006,3.8528,1444350500,N/A,1830850500,186850000,0,236850000,84.9596,2.3763,1.758,-10.7172,
600243.SH,青海华鼎,2011-11-18,7.6762,7.557,7.7159,7.2591,7.3087,8583202,64395906,-0.3674,-4.7865,7.5026,4.5936,1375216000,N/A,1743216000,186850000,0,236850000,80.893,2.2626,1.6739,-10.2042,
600243.SH,青海华鼎,2011-11-21,7.3087,7.3087,7.4378,7.1995,7.4279,4250960,31408645,0.1192,1.6304,7.3886,2.2751,1397638000,N/A,1771638000,186850000,0,236850000,82.2119,2.2995,1.7012,-10.3706,
600243.SH,青海华鼎,2011-11-22,7.4279,7.3087,7.3783,7.2392,7.3385,2598753,19151600,-0.0894,-1.2032,7.3695,1.3908,1380821500,N/A,1750321500,186850000,0,236850000,81.2227,2.2718,1.6807,-10.2458,
600243.SH,青海华鼎,2011-11-23,7.3385,7.2889,7.408,7.279,7.3187,3305693,24455279,-0.0199,-0.2706,7.3979,1.7692,1377084500,N/A,1745584500,186850000,0,236850000,81.0029,2.2657,1.6762,-10.218,
600243.SH,青海华鼎,2011-11-24,7.3187,7.2591,7.408,7.2194,7.3584,3762200,27773726,0.0397,0.5427,7.3823,2.0135,1384558500,N/A,1755058500,186850000,0,236850000,81.4425,2.278,1.6853,-10.2735,
600243.SH,青海华鼎,2011-11-25,7.3584,7.3485,7.3981,7.1101,7.1598,4021229,29415327,-0.1986,-2.6991,7.315,2.1521,1347188500,N/A,1707688500,186850000,0,236850000,79.2444,2.2165,1.6398,-9.9962,
600243.SH,青海华鼎,2011-11-28,7.1598,7.13,7.2392,7.0704,7.1101,4288207,30846502,-0.0497,-0.6935,7.1933,2.295,1337846000,N/A,1695846000,186850000,0,236850000,78.6948,2.2011,1.6284,-9.9269,
600243.SH,青海华鼎,2011-11-29,7.1101,7.1697,7.3981,7.1598,7.3385,6718504,49130805,0.2284,3.2123,7.3128,3.5957,1380821500,N/A,1750321500,186850000,0,236850000,81.2227,2.2718,1.6807,-10.2458,
600243.SH,青海华鼎,2011-11-30,7.3385,7.3187,7.3485,6.7626,6.842,8968006,63664293,-0.4965,-6.7659,7.099,4.7996,1287396500,N/A,1631896500,186850000,0,236850000,75.7273,2.1181,1.567,-9.5526,
600243.SH,青海华鼎,2011-12-01,6.842,7.0803,7.1399,6.9314,6.9711,6352410,44919379,0.1291,1.8868,7.0712,3.3997,1311687000,N/A,1662687000,186850000,0,236850000,77.1561,2.1581,1.5966,-9.7328,
600243.SH,青海华鼎,2011-12-02,6.9711,6.991,6.991,6.6434,6.6931,5251979,35664518,-0.2781,-3.9886,6.7907,2.8108,1259369000,N/A,1596369000,186850000,0,236850000,74.0786,2.072,1.5329,-9.3446,
600243.SH,青海华鼎,2011-12-05,6.6931,6.7129,6.7129,6.4349,6.4547,3939029,25813541,-0.2383,-3.5608,6.5533,2.1081,1214525000,N/A,1539525000,186850000,0,236850000,71.4408,1.9982,1.4783,-9.0118,
600243.SH,青海华鼎,2011-12-06,6.4547,6.4547,6.554,6.415,6.5441,2471253,16125037,0.0894,1.3846,6.525,1.3226,1231341500,N/A,1560841500,186850000,0,236850000,72.43,2.0259,1.4988,-9.1366,
600243.SH,青海华鼎,2011-12-07,6.5441,6.5739,6.6732,6.4945,6.5938,2447280,16265512,0.0497,0.7587,6.6464,1.3098,1240684000,N/A,1572684000,186850000,0,236850000,72.9796,2.0413,1.5101,-9.2059,
600243.SH,青海华鼎,2011-12-08,6.5938,6.5938,6.6037,6.3554,6.4647,3545472,23126196,-0.1291,-1.9578,6.5227,1.8975,1216393500,N/A,1541893500,186850000,0,236850000,71.5507,2.0013,1.4806,-9.0257,
600243.SH,青海华鼎,2011-12-09,6.4647,6.3753,6.4945,6.3058,6.4051,2057681,13237090,-0.0596,-0.9217,6.433,1.1012,1205182500,N/A,1527682500,186850000,0,236850000,70.8913,1.9829,1.4669,-8.9425,
600243.SH,青海华鼎,2011-12-12,6.4051,6.3753,6.4547,6.3157,6.3554,1599413,10299161,-0.0497,-0.7752,6.4393,0.856,1195840000,N/A,1515840000,186850000,0,236850000,70.3417,1.9675,1.4556,-8.8732,
600243.SH,青海华鼎,2011-12-13,6.3554,6.3554,6.3554,6.0377,6.0675,2940635,18096115,-0.288,-4.5313,6.1538,1.5738,1141653500,N/A,1447153500,186850000,0,236850000,67.1544,1.8783,1.3896,-8.4711,
600243.SH,青海华鼎,2011-12-14,6.0675,6.0675,6.137,5.8887,5.9185,2286319,13753859,-0.149,-2.455,6.0157,1.2236,1113626000,N/A,1411626000,186850000,0,236850000,65.5057,1.8322,1.3555,-8.2632,
600243.SH,青海华鼎,2011-12-15,5.9185,5.8589,5.8589,5.6007,5.6702,2941297,16929530,-0.2483,-4.1946,5.7558,1.5741,1066913500,N/A,1352413500,186850000,0,236850000,62.758,1.7554,1.2986,-7.9166,
600243.SH,青海华鼎,2011-12-16,5.6702,5.5809,5.8589,5.5809,5.849,2486045,14320456,0.1787,3.1524,5.7603,1.3305,1100546500,N/A,1395046500,186850000,0,236850000,64.7364,1.8107,1.3396,-8.1661,
600243.SH,青海华鼎,2011-12-19,5.849,5.8093,5.8589,5.6504,5.8192,2314331,13409804,-0.0298,-0.5093,5.7942,1.2386,1094941000,N/A,1387941000,186850000,0,236850000,64.4067,1.8015,1.3327,-8.1245,
600243.SH,青海华鼎,2011-12-20,5.8192,5.7993,5.9384,5.7993,5.8291,1991923,11781530,0.0099,0.1706,5.9147,1.0661,1096809500,N/A,1390309500,186850000,0,236850000,64.5166,1.8045,1.335,-8.1384,
600243.SH,青海华鼎,2011-12-21,5.8291,5.8788,5.9284,5.6802,5.7,2398586,14120825,-0.1291,-2.2147,5.8871,1.2837,1072519000,N/A,1359519000,186850000,0,236850000,63.0878,1.7646,1.3055,-7.9582,
600243.SH,青海华鼎,2011-12-22,5.7,5.6802,5.6901,5.3425,5.5014,4427186,24274323,-0.1986,-3.4843,5.483,2.3694,1035149000,N/A,1312149000,186850000,0,236850000,60.8896,1.7031,1.26,-7.6809,
600243.SH,青海华鼎,2011-12-23,5.5014,5.4418,5.6504,5.4021,5.5709,2579386,14439270,0.0695,1.2635,5.5979,1.3805,1048228500,N/A,1328728500,186850000,0,236850000,61.6589,1.7246,1.2759,-7.7779,
600243.SH,青海华鼎,2011-12-26,5.5709,5.5114,5.6504,5.4915,5.5014,1864712,10449158,-0.0695,-1.2478,5.6036,0.998,1035149000,N/A,1312149000,186850000,0,236850000,60.8896,1.7031,1.26,-7.6809,
600243.SH,青海华鼎,2011-12-27,5.5014,5.5114,5.5114,5.2631,5.273,2156506,11666125,-0.2284,-4.1516,5.4097,1.1541,992173500,N/A,1257673500,186850000,0,236850000,58.3617,1.6324,1.2077,-7.362,
600243.SH,青海华鼎,2011-12-28,5.273,5.2333,5.2333,4.995,5.2035,2328602,12004912,-0.0695,-1.3183,5.1554,1.2462,979094000,N/A,1241094000,186850000,0,236850000,57.5923,1.6109,1.1917,-7.2649,
600243.SH,青海华鼎,2011-12-29,5.2035,5.1539,5.4319,5.1539,5.2532,3472437,18554764,0.0497,0.9542,5.3434,1.8584,988436500,N/A,1252936500,186850000,0,236850000,58.1418,1.6262,1.2031,-7.3343,
600243.SH,青海华鼎,2011-12-30,5.2532,5.2234,5.3227,5.2134,5.2929,1813610,9646853,0.0397,0.7561,5.3191,0.7657,1262410500,N/A,1262410500,236850000,0,236850000,58.5815,1.6385,1.2122,-7.3897,
600243.SH,青海华鼎,2012-01-04,5.2929,5.3227,5.3624,5.1141,5.1638,1833640,9724152,-0.1291,-2.439,5.3032,0.7742,1231620000,N/A,1231620000,236850000,0,236850000,81.0843,1.5677,1.064,20.2013,
600243.SH,青海华鼎,2012-01-05,5.1638,5.1638,5.1638,4.8262,4.8262,2117516,10641951,-0.3376,-6.5385,5.0257,0.894,1151091000,N/A,1151091000,236850000,0,236850000,75.7827,1.4652,0.9944,18.8805,
600243.SH,青海华鼎,2012-01-06,4.8262,4.7964,4.9056,4.6772,4.8857,1957705,9442741,0.0596,1.2346,4.8234,0.8266,1165302000,N/A,1165302000,236850000,0,236850000,76.7183,1.4833,1.0067,19.1136,
600243.SH,青海华鼎,2012-01-09,4.8857,4.8659,5.1539,4.846,5.134,3136230,15926749,0.2483,5.0813,5.0783,1.3241,1224514500,N/A,1224514500,236850000,0,236850000,80.6165,1.5586,1.0579,20.0848,
600243.SH,青海华鼎,2012-01-10,5.134,5.134,5.4518,5.134,5.3922,4659283,25034450,0.2582,5.029,5.373,1.9672,1286095500,N/A,1286095500,236850000,0,236850000,84.6708,1.637,1.1111,21.0949,
600243.SH,青海华鼎,2012-01-11,5.3922,5.3624,5.4816,5.3425,5.4518,3716862,20287260,0.0596,1.105,5.4582,1.5693,1300306500,N/A,1300306500,236850000,0,236850000,85.6063,1.6551,1.1233,21.3279,
600243.SH,青海华鼎,2012-01-12,5.4518,5.3922,5.6305,5.3823,5.5213,4622251,25767544,0.0695,1.275,5.5747,1.9516,1316886000,N/A,1316886000,236850000,0,236850000,86.6979,1.6762,1.1377,21.5999,
600243.SH,青海华鼎,2012-01-13,5.5213,5.5312,5.5809,5.2234,5.4021,4122292,22329881,-0.1192,-2.1583,5.4169,1.7405,1288464000,N/A,1288464000,236850000,0,236850000,84.8267,1.64,1.1131,21.1337,
600243.SH,青海华鼎,2012-01-16,5.4021,5.2631,5.5411,5.0943,5.2532,5567785,30255101,-0.149,-2.7574,5.434,2.3508,1252936500,N/A,1252936500,236850000,0,236850000,82.4877,1.5948,1.0824,20.551,
600243.SH,青海华鼎,2012-01-17,5.2532,5.1936,5.6007,5.1439,5.5709,5364276,29051422,0.3178,6.0491,5.4157,2.2648,1328728500,N/A,1328728500,236850000,0,236850000,87.4775,1.6913,1.1479,21.7941,
600243.SH,青海华鼎,2012-01-18,5.5709,5.5312,5.6107,5.3624,5.4319,3773864,20842501,-0.139,-2.4955,5.5229,1.5934,1295569500,N/A,1295569500,236850000,0,236850000,85.2945,1.6491,1.1193,21.2502,
600243.SH,青海华鼎,2012-01-19,5.4319,5.412,5.4915,5.3227,5.4319,1862384,10188200,0,0,5.4705,0.7863,1295569500,N/A,1295569500,236850000,0,236850000,85.2945,1.6491,1.1193,21.2502,
600243.SH,青海华鼎,2012-01-20,5.4319,5.4319,5.4816,5.3922,5.4617,1406905,7695879,0.0298,0.5484,5.4701,0.594,1302675000,N/A,1302675000,236850000,0,236850000,85.7623,1.6581,1.1254,21.3668,
600243.SH,青海华鼎,2012-01-30,5.4617,5.4716,5.4915,5.3624,5.412,1833950,10035885,-0.0497,-0.9091,5.4723,0.7743,1290832500,N/A,1290832500,236850000,0,236850000,84.9826,1.643,1.1152,21.1726,
600243.SH,青海华鼎,2012-01-31,5.412,5.4021,5.412,5.3227,5.3922,928660,5016844,-0.0199,-0.367,5.4022,0.3921,1286095500,N/A,1286095500,236850000,0,236850000,84.6708,1.637,1.1111,21.0949,
600243.SH,青海华鼎,2012-02-01,5.3922,5.3922,5.4418,5.2929,5.3127,1364616,7372268,-0.0794,-1.4733,5.4024,0.5762,1267147500,N/A,1267147500,236850000,0,236850000,83.4233,1.6129,1.0947,20.7841,
600243.SH,青海华鼎,2012-02-02,5.3127,5.3525,5.4915,5.283,5.4915,2655189,14414699,0.1787,3.3645,5.4289,1.121,1309780500,N/A,1309780500,236850000,0,236850000,86.2301,1.6672,1.1315,21.4833,
600243.SH,青海华鼎,2012-02-03,5.4915,5.4915,5.6702,5.4518,5.6107,3445443,19357568,0.1192,2.17,5.6183,1.4547,1338202500,N/A,1338202500,236850000,0,236850000,88.1013,1.7033,1.1561,21.9495,
600243.SH,青海华鼎,2012-02-06,5.6107,5.6206,5.7,5.5312,5.6802,4043357,22877111,0.0695,1.2389,5.6579,1.7071,1354782000,N/A,1354782000,236850000,0,236850000,89.1928,1.7244,1.1704,22.2215,
600243.SH,青海华鼎,2012-02-07,5.6802,5.6305,5.6305,5.4418,5.4816,2720030,15119746,-0.1986,-3.4965,5.5587,1.1484,1307412000,N/A,1307412000,236850000,0,236850000,86.0741,1.6641,1.1295,21.4445,
600243.SH,青海华鼎,2012-02-08,5.4816,5.4816,5.7397,5.4617,5.7,3841606,21717877,0.2185,3.9855,5.6533,1.622,1359519000,N/A,1359519000,236850000,0,236850000,89.5046,1.7305,1.1745,22.2992,
600243.SH,青海华鼎,2012-02-09,5.7,5.7298,5.8589,5.6504,5.7298,4427900,25739703,0.0298,0.5226,5.8131,1.8695,1366624500,N/A,1366624500,236850000,0,236850000,89.9724,1.7395,1.1806,22.4157,
600243.SH,青海华鼎,2012-02-10,5.7298,5.7298,5.9086,5.6901,5.7894,4700009,27482030,0.0596,1.0399,5.8472,1.9844,1380835500,N/A,1380835500,236850000,0,236850000,90.908,1.7576,1.1929,22.6488,
600243.SH,青海华鼎,2012-02-13,5.7894,5.7298,5.9781,5.6901,5.8986,4016481,23700471,0.1092,1.8868,5.9008,1.6958,1406889000,N/A,1406889000,236850000,0,236850000,92.6233,1.7908,1.2154,23.0761,
600243.SH,青海华鼎,2012-02-14,5.8986,5.8589,6.0079,5.8093,5.988,4960148,29520591,0.0894,1.5152,5.9516,2.0942,1428205500,N/A,1428205500,236850000,0,236850000,94.0266,1.8179,1.2338,23.4258,
600243.SH,青海华鼎,2012-02-15,5.988,5.9483,6.2859,5.9384,6.1469,9254078,57259155,0.1589,2.6534,6.1875,3.9071,1466101500,N/A,1466101500,236850000,0,236850000,96.5215,1.8661,1.2666,24.0474,
600243.SH,青海华鼎,2012-02-16,6.1469,6.1668,6.2661,6.0774,6.2164,5802437,36040259,0.0695,1.1309,6.2112,2.4498,1482681000,N/A,1482681000,236850000,0,236850000,97.6131,1.8872,1.2809,24.3193,
600243.SH,青海华鼎,2012-02-17,6.2164,6.2363,6.4547,6.0277,6.2462,7165331,44908782,0.0298,0.4792,6.2675,3.0253,1489786500,N/A,1489786500,236850000,0,236850000,98.0809,1.8963,1.287,24.4358,
600243.SH,青海华鼎,2012-02-20,6.2462,6.2661,6.3058,6.1568,6.1767,5753626,36052214,-0.0695,-1.1129,6.266,2.4292,1473207000,N/A,1473207000,236850000,0,236850000,96.9893,1.8752,1.2727,24.1639,
600243.SH,青海华鼎,2012-02-21,6.1767,6.1171,6.2859,6.0675,6.2363,3830399,23828918,0.0596,0.9646,6.221,1.6172,1487418000,N/A,1487418000,236850000,0,236850000,97.9249,1.8933,1.285,24.397,
600243.SH,青海华鼎,2012-02-22,6.2363,6.2363,6.3952,6.2065,6.3554,5785563,36743756,0.1192,1.9108,6.3509,2.4427,1515840000,N/A,1515840000,236850000,0,236850000,99.7961,1.9294,1.3095,24.8632,
600243.SH,青海华鼎,2012-02-23,6.3554,6.3058,6.3952,6.2462,6.3554,5442980,34670180,0,0,6.3697,2.2981,1515840000,N/A,1515840000,236850000,0,236850000,99.7961,1.9294,1.3095,24.8632,
600243.SH,青海华鼎,2012-02-24,6.3554,6.3356,6.4448,6.2859,6.415,4643990,29839554,0.0596,0.9375,6.4254,1.9607,1530051000,N/A,1530051000,236850000,0,236850000,100.7317,1.9475,1.3218,25.0963,
600243.SH,青海华鼎,2012-02-27,6.415,6.415,6.6533,6.3256,6.3356,10988550,72391476,-0.0794,-1.2384,6.5879,4.6395,1511103000,N/A,1511103000,236850000,0,236850000,99.4842,1.9234,1.3055,24.7855,
600243.SH,青海华鼎,2012-02-28,6.3356,6.276,6.3455,6.0675,6.2958,5545570,34858500,-0.0397,-0.627,6.2858,2.3414,1501629000,N/A,1501629000,236850000,0,236850000,98.8605,1.9114,1.2973,24.6301,
600243.SH,青海华鼎,2012-02-29,6.2958,6.2363,6.3058,6.137,6.1767,2671807,16720771,-0.1192,-1.8927,6.2582,1.1281,1473207000,N/A,1473207000,236850000,0,236850000,96.9893,1.8752,1.2727,24.1639,
600243.SH,青海华鼎,2012-03-01,6.1767,6.1568,6.276,6.1568,6.2164,2338019,14646766,0.0397,0.6431,6.2646,0.9871,1482681000,N/A,1482681000,236850000,0,236850000,97.6131,1.8872,1.2809,24.3193,
600243.SH,青海华鼎,2012-03-02,6.2164,6.415,6.415,6.2561,6.3256,4164022,26576438,0.1092,1.7572,6.3824,1.7581,1508734500,N/A,1508734500,236850000,0,236850000,99.3283,1.9204,1.3034,24.7466,
600243.SH,青海华鼎,2012-03-05,6.3256,6.2561,6.6136,6.2065,6.4547,12745284,83458049,0.1291,2.0408,6.5482,5.3812,1539525000,N/A,1539525000,236850000,0,236850000,101.3554,1.9596,1.33,25.2517,
600243.SH,青海华鼎,2012-03-06,6.4547,6.415,6.6335,6.415,6.554,9393229,61893468,0.0993,1.5385,6.5892,3.9659,1563210000,N/A,1563210000,236850000,0,236850000,102.9147,1.9897,1.3505,25.6402,
600243.SH,青海华鼎,2012-03-07,6.554,6.5143,6.6831,6.4249,6.564,6387144,42276972,0.0099,0.1515,6.6191,2.6967,1565578500,N/A,1565578500,236850000,0,236850000,103.0707,1.9928,1.3525,25.679,
600243.SH,青海华鼎,2012-03-08,6.564,6.5441,6.7129,6.4249,6.5938,7068610,47098489,0.0298,0.4539,6.663,2.9844,1572684000,N/A,1572684000,236850000,0,236850000,103.5385,2.0018,1.3587,25.7955,
600243.SH,青海华鼎,2012-03-09,6.5938,6.6037,6.6732,6.5441,6.6633,4948779,32931509,0.0695,1.0542,6.6545,2.0894,1589263500,N/A,1589263500,236850000,0,236850000,104.63,2.0229,1.373,26.0675,
600243.SH,青海华鼎,2012-03-12,6.6633,6.6831,7.0803,6.5838,7.0108,25222832,174420353,0.3476,5.2161,6.9152,10.6493,1672161000,N/A,1672161000,236850000,0,236850000,110.0876,2.1284,1.4446,27.4272,
600243.SH,青海华鼎,2012-03-13,7.0108,6.9016,7.2293,6.8718,7.0009,24439557,173901469,-0.0099,-0.1416,7.1156,10.3186,1669792500,N/A,1669792500,236850000,0,236850000,109.9316,2.1254,1.4426,27.3883,
600243.SH,青海华鼎,2012-03-14,7.0009,7.0108,7.13,6.5342,6.6732,18188915,125494718,-0.3277,-4.6809,6.8995,7.6795,1591632000,N/A,1591632000,236850000,0,236850000,104.7859,2.0259,1.375,26.1063,
600243.SH,青海华鼎,2012-03-15,6.6732,6.7229,6.9016,6.5342,6.7626,16006656,108489044,0.0894,1.3393,6.7777,6.7581,1612948500,N/A,1612948500,236850000,0,236850000,106.1893,2.053,1.3934,26.456,
600243.SH,青海华鼎,2012-03-16,6.7626,6.7129,7.0506,6.7129,7.0506,21547621,150158270,0.288,4.2584,6.9687,9.0976,1681635000,N/A,1681635000,236850000,0,236850000,110.7113,2.1405,1.4528,27.5826,
600243.SH,青海华鼎,2012-03-19,7.0506,7.1499,7.1598,6.9016,6.9711,14406752,101314831,-0.0794,-1.1268,7.0325,6.0826,1662687000,N/A,1662687000,236850000,0,236850000,109.4639,2.1164,1.4364,27.2718,
600243.SH,青海华鼎,2012-03-20,6.9711,7.0208,7.0208,6.6037,6.7129,10152356,69420009,-0.2582,-3.7037,6.8378,4.2864,1601106000,N/A,1601106000,236850000,0,236850000,105.4096,2.038,1.3832,26.2617,
600243.SH,青海华鼎,2012-03-21,6.7129,6.7328,6.7725,6.4945,6.6037,6825235,45437415,-0.1092,-1.6272,6.6573,2.8817,1575052500,N/A,1575052500,236850000,0,236850000,103.6944,2.0048,1.3607,25.8344,
600243.SH,青海华鼎,2012-03-22,6.6037,6.6037,6.703,6.4945,6.564,3920070,26045759,-0.0397,-0.6015,6.6442,1.6551,1565578500,N/A,1565578500,236850000,0,236850000,103.0707,1.9928,1.3525,25.679,
600243.SH,青海华鼎,2012-03-23,6.564,6.564,6.564,6.1767,6.2561,5621856,35844874,-0.3078,-4.6899,6.376,2.3736,1492155000,N/A,1492155000,236850000,0,236850000,98.2368,1.8993,1.2891,24.4747,
600243.SH,青海华鼎,2012-03-26,6.2561,6.2561,6.276,6.1668,6.2164,1827726,11452464,-0.0397,-0.6349,6.266,0.7717,1482681000,N/A,1482681000,236850000,0,236850000,97.6131,1.8872,1.2809,24.3193,
600243.SH,青海华鼎,2012-03-27,6.2164,6.2859,6.3157,6.1767,6.2065,2160630,13591755,-0.0099,-0.1597,6.2906,0.9122,1480312500,N/A,1480312500,236850000,0,236850000,97.4571,1.8842,1.2789,24.2804,
600243.SH,青海华鼎,2012-03-28,6.2065,6.1767,6.1767,5.7596,5.8093,3739860,22499014,-0.3972,-6.4,6.016,1.579,1385572500,N/A,1385572500,236850000,0,236850000,91.2199,1.7636,1.197,22.7265,
600243.SH,青海华鼎,2012-03-29,5.8093,5.8093,5.8788,5.6504,5.849,3039085,17692263,0.0397,0.6838,5.8216,1.2831,1395046500,N/A,1395046500,236850000,0,236850000,91.8436,1.7757,1.2052,22.8819,
600243.SH,青海华鼎,2012-03-30,5.849,5.849,5.9086,5.6603,5.7397,2115840,12311068,-0.1092,-1.8676,5.8185,0.8933,1368993000,N/A,1368993000,236850000,0,236850000,90.1284,1.7425,1.1827,22.4546,
600243.SH,青海华鼎,2012-04-05,5.7397,5.7397,5.988,5.6206,5.9582,3302506,19608428,0.2185,3.8062,5.9374,1.3943,1421100000,N/A,1421100000,236850000,0,236850000,93.5589,1.8089,1.2277,23.3092,
600243.SH,青海华鼎,2012-04-06,5.9582,5.9284,6.1568,5.9284,6.137,4362390,26550837,0.1787,3,6.0863,1.8418,1463733000,N/A,1463733000,236850000,0,236850000,96.3656,1.8631,1.2645,24.0085,
600243.SH,青海华鼎,2012-04-09,6.137,6.1171,6.2164,6.0178,6.127,2832341,17442097,-0.0099,-0.1618,6.1582,1.1958,1461364500,N/A,1461364500,236850000,0,236850000,96.2097,1.8601,1.2625,23.9697,
600243.SH,青海华鼎,2012-04-10,6.127,6.1072,6.1568,5.8887,6.127,3307528,20054978,0,0,6.0634,1.3965,1461364500,N/A,1461364500,236850000,0,236850000,96.2097,1.8601,1.2625,23.9697,
600243.SH,青海华鼎,2012-04-11,6.127,6.0774,6.3356,6.0079,6.2661,4949949,30947011,0.139,2.269,6.252,2.0899,1494523500,N/A,1494523500,236850000,0,236850000,98.3927,1.9023,1.2911,24.5135,
600243.SH,青海华鼎,2012-04-12,6.2661,6.2363,6.5342,6.2263,6.4349,8770599,56603968,0.1688,2.6941,6.4538,3.703,1534788000,N/A,1534788000,236850000,0,236850000,101.0436,1.9536,1.3259,25.174,
600243.SH,青海华鼎,2012-04-13,6.4349,6.4448,6.554,6.2958,6.3952,6925809,44702638,-0.0397,-0.6173,6.4545,2.9241,1525314000,N/A,1525314000,236850000,0,236850000,100.4198,1.9415,1.3177,25.0186,
600243.SH,青海华鼎,2012-04-16,6.3952,6.3356,6.5044,6.2859,6.4051,2861330,18523180,0.0099,0.1553,6.4736,1.2081,1527682500,N/A,1527682500,236850000,0,236850000,100.5758,1.9445,1.3198,25.0574,
600243.SH,青海华鼎,2012-04-17,6.4051,6.4051,6.5143,6.3554,6.4547,4248076,27497071,0.0497,0.7752,6.4728,1.7936,1539525000,N/A,1539525000,236850000,0,236850000,101.3554,1.9596,1.33,25.2517,
600243.SH,青海华鼎,2012-04-18,6.4547,6.4647,6.6533,6.4349,6.5441,8827363,58315576,0.0894,1.3846,6.6062,3.727,1560841500,N/A,1560841500,236850000,0,236850000,102.7588,1.9867,1.3484,25.6013,
600243.SH,青海华鼎,2012-04-19,6.5441,6.4845,6.6236,6.3852,6.4746,7384654,48452014,-0.0695,-1.0622,6.5612,3.1179,1544262000,N/A,1544262000,236850000,0,236850000,101.6673,1.9656,1.3341,25.3294,
600243.SH,青海华鼎,2012-04-20,6.4746,6.4647,6.6931,6.415,6.6633,9629790,63936414,0.1887,2.9141,6.6394,4.0658,1589263500,N/A,1589263500,236850000,0,236850000,104.63,2.0229,1.373,26.0675,
600243.SH,青海华鼎,2012-04-23,6.6633,6.6831,6.8917,6.5342,6.6633,12619931,85549064,0,0,6.7789,5.3282,1589263500,N/A,1589263500,236850000,0,236850000,104.63,2.0229,1.373,26.0675,
600243.SH,青海华鼎,2012-04-24,6.6633,6.5342,6.8023,6.2561,6.5242,9474483,62344528,-0.139,-2.0864,6.5803,4.0002,1556104500,N/A,1556104500,236850000,0,236850000,102.4469,1.9807,1.3443,25.5236,
600243.SH,青海华鼎,2012-04-25,6.5242,6.4448,7.0009,6.3654,6.8519,19332567,131806281,0.3277,5.0228,6.8178,8.1624,1634265000,N/A,1634265000,236850000,0,236850000,107.5927,2.0802,1.4119,26.8056,
600243.SH,青海华鼎,2012-04-26,6.8519,6.8321,6.9413,6.703,6.7328,9941410,68071179,-0.1192,-1.7391,6.8472,4.1973,1605843000,N/A,1605843000,236850000,0,236850000,105.7215,2.044,1.3873,26.3394,
600243.SH,青海华鼎,2012-04-27,6.7328,6.6732,6.8023,6.4547,6.564,6419119,42759921,-0.1688,-2.5074,6.6613,2.7102,1565578500,N/A,1565578500,236850000,0,236850000,103.0707,1.9928,1.3525,25.679,
600243.SH,青海华鼎,2012-05-02,6.564,6.5441,6.6434,6.4547,6.5441,5406841,35642283,-0.0199,-0.3026,6.5921,2.2828,1560841500,N/A,1560841500,236850000,0,236850000,102.7588,1.9867,1.3484,25.6013,
600243.SH,青海华鼎,2012-05-03,6.5441,6.5242,6.6037,6.3356,6.5938,5309042,34871807,0.0497,0.7587,6.5684,2.2415,1572684000,N/A,1572684000,236850000,0,236850000,103.5385,2.0018,1.3587,25.7955,
600243.SH,青海华鼎,2012-05-04,6.5938,6.5441,7.2492,6.4746,7.2492,27606656,195723331,0.6554,9.9398,7.0897,11.6558,1729005000,N/A,1729005000,236850000,0,236850000,113.8299,2.2008,1.4937,28.3596,
600243.SH,青海华鼎,2012-05-07,7.2492,7.13,7.2988,7.0307,7.1598,24046344,173344666,-0.0894,-1.2329,7.2088,10.1526,1707688500,N/A,1707688500,236850000,0,236850000,112.4266,2.1736,1.4753,28.0099,
600243.SH,青海华鼎,2012-05-08,7.1598,7.1002,7.2094,6.991,7.1598,13947656,99789680,0,0,7.1546,5.8888,1707688500,N/A,1707688500,236850000,0,236850000,112.4266,2.1736,1.4753,28.0099,
600243.SH,青海华鼎,2012-05-09,7.1598,7.1002,7.1002,6.8122,6.8321,11322127,79009549,-0.3277,-4.577,6.9783,4.7803,1629528000,N/A,1629528000,236850000,0,236850000,107.2808,2.0742,1.4078,26.7279,
600243.SH,青海华鼎,2012-05-10,6.8321,6.842,6.9513,6.7427,6.8619,5945729,41061783,0.0298,0.436,6.9061,2.5103,1636633500,N/A,1636633500,236850000,0,236850000,107.7486,2.0832,1.4139,26.8445,
600243.SH,青海华鼎,2012-05-11,6.8619,6.8718,6.9016,6.6236,6.6533,6987245,47611317,-0.2085,-3.0391,6.814,2.9501,1586895000,N/A,1586895000,236850000,0,236850000,104.4741,2.0199,1.3709,26.0286,
600243.SH,青海华鼎,2012-05-14,6.6533,6.6533,6.6533,6.6533,6.6533,N/A,N/A,0,0,N/A,N/A,1586895000,N/A,1586895000,236850000,0,236850000,104.4741,2.0199,1.3709,26.0286,
600243.SH,青海华鼎,2012-05-15,6.6533,6.4647,6.5938,6.4647,6.5739,4763248,31349746,-0.0794,-1.194,6.5816,2.0111,1567947000,N/A,1567947000,236850000,0,236850000,103.2266,1.9958,1.3546,25.7178,
600243.SH,青海华鼎,2012-05-16,6.5739,6.5739,6.6335,6.4547,6.4647,3679657,24283323,-0.1092,-1.6616,6.5993,1.5536,1541893500,N/A,1541893500,236850000,0,236850000,101.5114,1.9626,1.3321,25.2905,
600243.SH,青海华鼎,2012-05-17,6.4647,6.4448,6.7526,6.3852,6.6236,6496985,43225998,0.1589,2.4578,6.6532,2.7431,1579789500,N/A,1579789500,236850000,0,236850000,104.0063,2.0108,1.3648,25.9121,
600243.SH,青海华鼎,2012-05-18,6.6236,6.554,6.6931,6.4448,6.4945,5384267,35774516,-0.1291,-1.949,6.6443,2.2733,1548999000,N/A,1548999000,236850000,0,236850000,101.9791,1.9716,1.3382,25.4071,
600243.SH,青海华鼎,2012-05-21,6.4945,6.5342,6.8718,6.5342,6.6236,5677758,38354512,0.1291,1.9878,6.7552,2.3972,1579789500,N/A,1579789500,236850000,0,236850000,104.0063,2.0108,1.3648,25.9121,
600243.SH,青海华鼎,2012-05-22,6.6236,6.5739,6.7129,6.5342,6.6831,3776089,25216999,0.0596,0.8996,6.6781,1.5943,1594000500,N/A,1594000500,236850000,0,236850000,104.9418,2.0289,1.3771,26.1452,
600243.SH,青海华鼎,2012-05-23,6.6831,6.6831,6.6931,6.5342,6.6037,3367338,22407274,-0.0794,-1.1887,6.6543,1.4217,1575052500,N/A,1575052500,236850000,0,236850000,103.6944,2.0048,1.3607,25.8344,
600243.SH,青海华鼎,2012-05-24,6.6037,6.6633,6.8321,6.6335,6.7626,7329862,49776351,0.1589,2.406,6.7909,3.0947,1612948500,N/A,1612948500,236850000,0,236850000,106.1893,2.053,1.3934,26.456,
600243.SH,青海华鼎,2012-05-25,6.7626,6.8023,7.2492,6.7725,7.0108,20789256,147823819,0.2483,3.6711,7.1106,8.7774,1672161000,N/A,1672161000,236850000,0,236850000,110.0876,2.1284,1.4446,27.4272,
600243.SH,青海华鼎,2012-05-28,7.0108,7.0605,7.2988,6.9612,7.2293,25361616,182405198,0.2185,3.1161,7.1922,10.7079,1724268000,N/A,1724268000,236850000,0,236850000,113.5181,2.1947,1.4896,28.2819,
600243.SH,青海华鼎,2012-05-29,7.2293,7.1896,7.2194,7.0208,7.0803,16660461,119217371,-0.149,-2.0604,7.1557,7.0342,1688740500,N/A,1688740500,236850000,0,236850000,111.1791,2.1495,1.4589,27.6991,
600243.SH,青海华鼎,2012-05-30,7.0803,7.0803,7.1499,7.0208,7.0803,8364409,59627551,0,0,7.1287,3.5315,1688740500,N/A,1688740500,236850000,0,236850000,111.1791,2.1495,1.4589,27.6991,
600243.SH,青海华鼎,2012-05-31,7.0803,7.0108,7.0605,6.8817,6.9513,6723163,47122014,-0.1291,-1.8233,7.0089,2.8386,1657950000,N/A,1657950000,236850000,0,236850000,109.152,2.1103,1.4323,27.1941,
600243.SH,青海华鼎,2012-06-01,6.9513,6.9711,7.1499,6.9115,7.13,8932082,63367448,0.1787,2.5714,7.0944,3.7712,1700583000,N/A,1700583000,236850000,0,236850000,111.9588,2.1646,1.4692,27.8934,
600243.SH,青海华鼎,2012-06-04,7.13,6.99,7.07,6.67,6.7,6682737,46191046,-0.43,-6.0308,6.912,2.8215,1586895000,N/A,1586895000,236850000,0,236850000,104.4741,2.0199,1.3709,26.0286,
600243.SH,青海华鼎,2012-06-05,6.7,6.8,6.82,6.5,6.55,6233627,41286917,-0.15,-2.2388,6.6233,2.6319,1551367500,N/A,1551367500,236850000,0,236850000,102.1351,1.9747,1.3402,25.4459,
600243.SH,青海华鼎,2012-06-06,6.55,6.51,6.62,6.39,6.4,3505575,22793046,-0.15,-2.2901,6.5019,1.4801,1515840000,N/A,1515840000,236850000,0,236850000,99.7961,1.9294,1.3095,24.8632,
600243.SH,青海华鼎,2012-06-07,6.4,6.51,6.55,6.25,6.4,3879978,24816114,0,0,6.3959,1.6382,1515840000,N/A,1515840000,236850000,0,236850000,99.7961,1.9294,1.3095,24.8632,
600243.SH,青海华鼎,2012-06-08,6.4,6.5,6.5,6.25,6.27,3058840,19470846,-0.13,-2.0313,6.3654,1.2915,1485049500,N/A,1485049500,236850000,0,236850000,97.769,1.8903,1.2829,24.3581,
600243.SH,青海华鼎,2012-06-11,6.27,6.34,6.37,6.23,6.35,2556157,16130913,0.08,1.2759,6.3106,1.0792,1503997500,N/A,1503997500,236850000,0,236850000,99.0165,1.9144,1.2993,24.6689,
600243.SH,青海华鼎,2012-06-12,6.35,6.35,6.35,6.24,6.27,1856910,11657131,-0.08,-1.2598,6.2777,0.784,1485049500,N/A,1485049500,236850000,0,236850000,97.769,1.8903,1.2829,24.3581,
600243.SH,青海华鼎,2012-06-13,6.27,6.31,6.45,6.28,6.44,2621503,16700284,0.17,2.7113,6.3705,1.1068,1525314000,N/A,1525314000,236850000,0,236850000,100.4198,1.9415,1.3177,25.0186,
600243.SH,青海华鼎,2012-06-14,6.44,6.43,6.44,6.3,6.32,2164493,13794070,-0.12,-1.8634,6.3729,0.9139,1496892000,N/A,1496892000,236850000,0,236850000,98.5487,1.9053,1.2932,24.5524,
600243.SH,青海华鼎,2012-06-15,6.32,6.36,6.4,6.22,6.3,2220512,14001847,-0.02,-0.3165,6.3057,0.9375,1492155000,N/A,1492155000,236850000,0,236850000,98.2368,1.8993,1.2891,24.4747,
600243.SH,青海华鼎,2012-06-18,6.3,6.38,6.39,6.31,6.36,1594248,10117863,0.06,0.9524,6.3465,0.6731,1506366000,N/A,1506366000,236850000,0,236850000,99.1724,1.9174,1.3014,24.7078,
600243.SH,青海华鼎,2012-06-19,6.36,6.39,6.49,6.33,6.44,3179539,20421649,0.08,1.2579,6.4228,1.3424,1525314000,N/A,1525314000,236850000,0,236850000,100.4198,1.9415,1.3177,25.0186,
600243.SH,青海华鼎,2012-06-20,6.44,6.44,6.49,6.29,6.3,2335176,14879782,-0.14,-2.1739,6.372,0.9859,1492155000,N/A,1492155000,236850000,0,236850000,98.2368,1.8993,1.2891,24.4747,
600243.SH,青海华鼎,2012-06-21,6.3,6.26,6.29,5.9,5.98,4488221,27076045,-0.32,-5.0794,6.0327,1.895,1416363000,N/A,1416363000,236850000,0,236850000,93.247,1.8028,1.2236,23.2315,
600243.SH,青海华鼎,2012-06-25,5.98,5.9,5.94,5.7,5.76,2155360,12560874,-0.22,-3.6789,5.8277,0.91,1364256000,N/A,1364256000,236850000,0,236850000,89.8165,1.7365,1.1786,22.3769,
600243.SH,青海华鼎,2012-06-26,5.76,5.7,5.86,5.67,5.85,1705862,9861987,0.09,1.5625,5.7812,0.7202,1385572500,N/A,1385572500,236850000,0,236850000,91.2199,1.7636,1.197,22.7265,
600243.SH,青海华鼎,2012-06-27,5.85,5.86,5.89,5.65,5.75,1783225,10311042,-0.1,-1.7094,5.7822,0.7529,1361887500,N/A,1361887500,236850000,0,236850000,89.6606,1.7335,1.1765,22.338,
600243.SH,青海华鼎,2012-06-28,5.75,5.7,5.77,5.55,5.56,1771379,10048154,-0.19,-3.3043,5.6725,0.7479,1316886000,N/A,1316886000,236850000,0,236850000,86.6979,1.6762,1.1377,21.5999,
600243.SH,青海华鼎,2012-06-29,5.56,5.54,5.62,5.42,5.62,1620037,8938358,0.06,1.0791,5.5174,0.684,1331097000,N/A,1331097000,236850000,0,236850000,87.6335,1.6943,1.1499,21.833,
600243.SH,青海华鼎,2012-07-02,5.62,5.63,5.7,5.57,5.69,1394064,7884299,0.07,1.2456,5.6556,0.5886,1347676500,N/A,1347676500,236850000,0,236850000,88.725,1.7154,1.1643,22.1049,
600243.SH,青海华鼎,2012-07-03,5.69,5.62,5.77,5.62,5.65,1435449,8178870,-0.04,-0.703,5.6978,0.6061,1338202500,N/A,1338202500,236850000,0,236850000,88.1013,1.7033,1.1561,21.9495,
600243.SH,青海华鼎,2012-07-04,5.65,5.65,5.69,5.55,5.57,1234680,6928105,-0.08,-1.4159,5.6113,0.5213,1319254500,N/A,1319254500,236850000,0,236850000,86.8538,1.6792,1.1397,21.6387,
600243.SH,青海华鼎,2012-07-05,5.57,5.54,5.54,5.33,5.34,1610337,8716067,-0.23,-4.1293,5.4126,0.6799,1264779000,N/A,1264779000,236850000,0,236850000,83.2674,1.6099,1.0927,20.7452,
600243.SH,青海华鼎,2012-07-06,5.34,5.39,5.42,5.22,5.41,2518968,13429740,0.07,1.3109,5.3314,1.0635,1281358500,N/A,1281358500,236850000,0,236850000,84.3589,1.631,1.107,21.0172,
600243.SH,青海华鼎,2012-07-09,5.41,5.36,5.4,5.18,5.19,1712201,9085311,-0.22,-4.0665,5.3062,0.7229,1229251500,N/A,1229251500,236850000,0,236850000,80.9284,1.5647,1.062,20.1625,
600243.SH,青海华鼎,2012-07-10,5.19,5.18,5.19,5.09,5.13,1604452,8235999,-0.06,-1.1561,5.1332,0.6774,1215040500,N/A,1215040500,236850000,0,236850000,79.9928,1.5466,1.0497,19.9294,
600243.SH,青海华鼎,2012-07-11,5.13,5.18,5.32,5.15,5.25,1867461,9787037,0.12,2.3392,5.2408,0.7885,1243462500,N/A,1243462500,236850000,0,236850000,81.864,1.5827,1.0742,20.3956,
600243.SH,青海华鼎,2012-07-12,5.25,5.26,5.3,5.13,5.25,2084896,10874623,0,0,5.2159,0.8803,1243462500,N/A,1243462500,236850000,0,236850000,81.864,1.5827,1.0742,20.3956,
600243.SH,青海华鼎,2012-07-13,5.25,5.23,5.41,5.23,5.3,1884532,10039561,0.05,0.9524,5.3273,0.7957,1255305000,N/A,1255305000,236850000,0,236850000,82.6437,1.5978,1.0845,20.5898,
600243.SH,青海华鼎,2012-07-16,5.3,5.32,5.36,4.91,4.92,2343762,11957133,-0.38,-7.1698,5.1017,0.9896,1165302000,N/A,1165302000,236850000,0,236850000,76.7183,1.4833,1.0067,19.1136,
600243.SH,青海华鼎,2012-07-17,4.92,4.94,5.06,4.92,5.05,1191913,5956448,0.13,2.6423,4.9974,0.5032,1196092500,N/A,1196092500,236850000,0,236850000,78.7454,1.5225,1.0333,19.6186,
600243.SH,青海华鼎,2012-07-18,5.05,5.05,5.14,5,5.14,1521343,7717474,0.09,1.7822,5.0728,0.6423,1217409000,N/A,1217409000,236850000,0,236850000,80.1487,1.5496,1.0517,19.9682,
600243.SH,青海华鼎,2012-07-19,5.14,5.18,5.31,5.11,5.22,2218876,11635092,0.08,1.5564,5.2437,0.9368,1236357000,N/A,1236357000,236850000,0,236850000,81.3962,1.5737,1.0681,20.279,
600243.SH,青海华鼎,2012-07-20,5.22,5.2,5.29,5.2,5.24,1571687,8226956,0.02,0.3831,5.2345,0.6636,1241094000,N/A,1241094000,236850000,0,236850000,81.7081,1.5797,1.0722,20.3567,
600243.SH,青海华鼎,2012-07-23,5.24,5.2,5.24,5.06,5.13,1769891,9047666,-0.11,-2.0992,5.112,0.7473,1215040500,N/A,1215040500,236850000,0,236850000,79.9928,1.5466,1.0497,19.9294,
600243.SH,青海华鼎,2012-07-24,5.13,5.1,5.19,5.07,5.18,1743051,8958356,0.05,0.9747,5.1395,0.7359,1226883000,N/A,1226883000,236850000,0,236850000,80.7725,1.5616,1.0599,20.1236,
600243.SH,青海华鼎,2012-07-25,5.18,5.15,5.21,5.07,5.1,1507001,7737805,-0.08,-1.5444,5.1346,0.6363,1207935000,N/A,1207935000,236850000,0,236850000,79.525,1.5375,1.0435,19.8128,
600243.SH,青海华鼎,2012-07-26,5.1,5.13,5.16,5.04,5.06,1312509,6692733,-0.04,-0.7843,5.0992,0.5542,1198461000,N/A,1198461000,236850000,0,236850000,78.9013,1.5255,1.0354,19.6574,
600243.SH,青海华鼎,2012-07-27,5.06,5.08,5.1,5.01,5.03,975810,4924163,-0.03,-0.5929,5.0462,0.412,1191355500,N/A,1191355500,236850000,0,236850000,78.4335,1.5164,1.0292,19.5409,
600243.SH,青海华鼎,2012-07-30,5.03,5.04,5.07,4.82,4.86,1794348,8843633,-0.17,-3.3797,4.9286,0.7576,1151091000,N/A,1151091000,236850000,0,236850000,75.7827,1.4652,0.9944,18.8805,
600243.SH,青海华鼎,2012-07-31,4.86,4.82,4.92,4.77,4.83,1314904,6360921,-0.03,-0.6173,4.8376,0.5552,1143985500,N/A,1143985500,236850000,0,236850000,75.3149,1.4561,0.9883,18.7639,
600243.SH,青海华鼎,2012-08-01,4.83,4.81,4.99,4.81,4.98,1356520,6704585,0.15,3.1056,4.9425,0.5727,1179513000,N/A,1179513000,236850000,0,236850000,77.6538,1.5013,1.019,19.3467,
600243.SH,青海华鼎,2012-08-02,4.98,4.97,5.03,4.85,4.92,1004784,4955333,-0.06,-1.2048,4.9317,0.4242,1165302000,N/A,1165302000,236850000,0,236850000,76.7183,1.4833,1.0067,19.1136,
600243.SH,青海华鼎,2012-08-03,4.92,4.92,5,4.88,4.99,791054,3921226,0.07,1.4228,4.957,0.334,1181881500,N/A,1181881500,236850000,0,236850000,77.8098,1.5044,1.021,19.3855,
600243.SH,青海华鼎,2012-08-06,4.99,4.96,5.14,4.96,5.13,1612603,8183092,0.14,2.8056,5.0745,0.6809,1215040500,N/A,1215040500,236850000,0,236850000,79.9928,1.5466,1.0497,19.9294,
600243.SH,青海华鼎,2012-08-07,5.13,5.13,5.26,5.1,5.23,2318826,12042003,0.1,1.9493,5.1931,0.979,1238725500,N/A,1238725500,236850000,0,236850000,81.5521,1.5767,1.0701,20.3179,
600243.SH,青海华鼎,2012-08-08,5.23,5.2,5.35,5.16,5.25,2327782,12152561,0.02,0.3824,5.2207,0.9828,1243462500,N/A,1243462500,236850000,0,236850000,81.864,1.5827,1.0742,20.3956,
600243.SH,青海华鼎,2012-08-09,5.25,5.25,5.31,5.15,5.28,2156789,11288781,0.03,0.5714,5.2341,0.9106,1250568000,N/A,1250568000,236850000,0,236850000,82.3318,1.5918,1.0804,20.5121,
600243.SH,青海华鼎,2012-08-10,5.28,5.29,5.35,5.25,5.26,2119891,11231315,-0.02,-0.3788,5.2981,0.895,1245831000,N/A,1245831000,236850000,0,236850000,82.0199,1.5858,1.0763,20.4344,
600243.SH,青海华鼎,2012-08-13,5.26,5.23,5.24,5.11,5.12,2018664,10453968,-0.14,-2.6616,5.1787,0.8523,1212672000,N/A,1212672000,236850000,0,236850000,79.8369,1.5436,1.0476,19.8905,
600243.SH,青海华鼎,2012-08-14,5.12,5.12,5.18,4.99,5.17,2011288,10240116,0.05,0.9766,5.0913,0.8492,1224514500,N/A,1224514500,236850000,0,236850000,80.6165,1.5586,1.0579,20.0848,
600243.SH,青海华鼎,2012-08-15,5.17,5.16,5.18,5.07,5.09,1311002,6731747,-0.08,-1.5474,5.1348,0.5535,1205566500,N/A,1205566500,236850000,0,236850000,79.3691,1.5345,1.0415,19.774,
600243.SH,青海华鼎,2012-08-16,5.09,5.09,5.5,5.07,5.26,5669334,30127476,0.17,3.3399,5.3141,2.3936,1245831000,N/A,1245831000,236850000,0,236850000,82.0199,1.5858,1.0763,20.4344,
600243.SH,青海华鼎,2012-08-17,5.26,5.12,5.24,5.11,5.18,2601046,13458676,-0.08,-1.5209,5.1743,1.0982,1226883000,N/A,1226883000,236850000,0,236850000,80.7725,1.5616,1.0599,20.1236,
600243.SH,青海华鼎,2012-08-20,5.18,5.11,5.16,5.03,5.14,1770172,9000751,-0.04,-0.7722,5.0847,0.7474,1217409000,N/A,1217409000,236850000,0,236850000,80.1487,1.5496,1.0517,19.9682,
600243.SH,青海华鼎,2012-08-21,5.14,5.14,5.25,5.11,5.24,2685164,14012183,0.1,1.9455,5.2184,1.1337,1241094000,N/A,1241094000,236850000,0,236850000,81.7081,1.5797,1.0722,20.3567,
600243.SH,青海华鼎,2012-08-22,5.24,5.29,5.32,5.2,5.25,2079609,10917196,0.01,0.1908,5.2496,0.878,1243462500,N/A,1243462500,236850000,0,236850000,81.864,1.5827,1.0742,20.3956,
600243.SH,青海华鼎,2012-08-23,5.25,5.21,5.42,5.21,5.39,3848354,20503626,0.14,2.6667,5.3279,1.6248,1276621500,N/A,1276621500,236850000,0,236850000,84.047,1.625,1.1029,20.9395,
600243.SH,青海华鼎,2012-08-24,5.39,5.35,5.37,5.15,5.16,2884264,15133159,-0.23,-4.2672,5.2468,1.2178,1222146000,N/A,1222146000,236850000,0,236850000,80.4606,1.5556,1.0558,20.0459,
600243.SH,青海华鼎,2012-08-27,5.16,5.18,5.18,5.03,5.05,1539778,7824432,-0.11,-2.1318,5.0815,0.6501,1196092500,N/A,1196092500,236850000,0,236850000,78.7454,1.5225,1.0333,19.6186,
600243.SH,青海华鼎,2012-08-28,5.05,5.05,5.15,4.98,5.05,1290349,6530454,0,0,5.061,0.5448,1196092500,N/A,1196092500,236850000,0,236850000,78.7454,1.5225,1.0333,19.6186,
600243.SH,青海华鼎,2012-08-29,5.05,5.05,5.12,5.01,5.06,1004259,5083407,0.01,0.198,5.0618,0.424,1198461000,N/A,1198461000,236850000,0,236850000,78.9013,1.5255,1.0354,19.6574,
600243.SH,青海华鼎,2012-08-30,5.06,5.03,5.1,4.88,4.94,1437509,7180069,-0.12,-2.3715,4.9948,0.6069,1170039000,N/A,1170039000,236850000,0,236850000,77.0301,1.4893,1.0108,19.1913,
600243.SH,青海华鼎,2012-08-31,4.94,4.9,4.98,4.9,4.95,912496,4508808,0.01,0.2024,4.9412,0.3853,1172407500,N/A,1172407500,236850000,0,236850000,77.1861,1.4923,1.0129,19.2301,
600243.SH,青海华鼎,2012-09-03,4.95,4.99,5.08,4.94,5.05,1211595,6081534,0.1,2.0202,5.0194,0.5115,1196092500,N/A,1196092500,236850000,0,236850000,78.7454,1.5225,1.0333,19.6186,
600243.SH,青海华鼎,2012-09-04,5.05,5.05,5.07,4.96,4.97,1135699,5698931,-0.08,-1.5842,5.018,0.4795,1177144500,N/A,1177144500,236850000,0,236850000,77.4979,1.4983,1.0169,19.3078,
600243.SH,青海华鼎,2012-09-05,4.97,4.98,5.08,4.91,5.06,1094500,5494639,0.09,1.8109,5.0202,0.4621,1198461000,N/A,1198461000,236850000,0,236850000,78.9013,1.5255,1.0354,19.6574,
600243.SH,青海华鼎,2012-09-06,5.06,5.16,5.28,5.13,5.14,3092340,16035110,0.08,1.581,5.1854,1.3056,1217409000,N/A,1217409000,236850000,0,236850000,80.1487,1.5496,1.0517,19.9682,
600243.SH,青海华鼎,2012-09-07,5.14,5.19,5.4,5.14,5.35,6533285,34609580,0.21,4.0856,5.2974,2.7584,1267147500,N/A,1267147500,236850000,0,236850000,83.4233,1.6129,1.0947,20.7841,
600243.SH,青海华鼎,2012-09-10,5.35,5.32,5.45,5.31,5.4,4110096,22138816,0.05,0.9346,5.3864,1.7353,1278990000,N/A,1278990000,236850000,0,236850000,84.203,1.628,1.1049,20.9783,
600243.SH,青海华鼎,2012-09-11,5.4,5.36,5.38,5.29,5.37,2194849,11704386,-0.03,-0.5556,5.3327,0.9267,1271884500,N/A,1271884500,236850000,0,236850000,83.7352,1.6189,1.0988,20.8618,
600243.SH,青海华鼎,2012-09-12,5.37,5.41,5.41,5.31,5.37,2027110,10852775,0,0,5.3538,0.8559,1271884500,N/A,1271884500,236850000,0,236850000,83.7352,1.6189,1.0988,20.8618,
600243.SH,青海华鼎,2012-09-13,5.37,5.39,5.45,5.29,5.38,4245730,22872819,0.01,0.1862,5.3873,1.7926,1274253000,N/A,1274253000,236850000,0,236850000,83.8911,1.6219,1.1008,20.9006,
600243.SH,青海华鼎,2012-09-14,5.38,5.39,5.53,5.38,5.42,4844787,26370499,0.04,0.7435,5.4431,2.0455,1283727000,N/A,1283727000,236850000,0,236850000,84.5148,1.634,1.109,21.056,
600243.SH,青海华鼎,2012-09-17,5.42,5.38,5.42,5.32,5.38,4194096,22613679,-0.04,-0.738,5.3918,1.7708,1274253000,N/A,1274253000,236850000,0,236850000,83.8911,1.6219,1.1008,20.9006,
600243.SH,青海华鼎,2012-09-18,5.38,5.29,5.42,5.26,5.35,1963373,10514758,-0.03,-0.5576,5.3555,0.829,1267147500,N/A,1267147500,236850000,0,236850000,83.4233,1.6129,1.0947,20.7841,
600243.SH,青海华鼎,2012-09-19,5.35,5.35,5.89,5.31,5.8,16765567,95826678,0.45,8.4112,5.7157,7.0786,1373730000,N/A,1373730000,236850000,0,236850000,90.4402,1.7486,1.1868,22.5323,
600243.SH,青海华鼎,2012-09-20,5.8,5.69,5.98,5.65,5.8,15027431,87153460,0,0,5.7996,6.3447,1373730000,N/A,1373730000,236850000,0,236850000,90.4402,1.7486,1.1868,22.5323,
600243.SH,青海华鼎,2012-09-21,5.8,5.8,5.91,5.68,5.78,7451491,43275221,-0.02,-0.3448,5.8076,3.1461,1368993000,N/A,1368993000,236850000,0,236850000,90.1284,1.7425,1.1827,22.4546,
600243.SH,青海华鼎,2012-09-24,5.78,5.7,6.19,5.68,6.14,15088152,91087083,0.36,6.2284,6.037,6.3703,1454259000,N/A,1454259000,236850000,0,236850000,95.7419,1.8511,1.2563,23.8531,
600243.SH,青海华鼎,2012-09-25,6.14,6.1,6.19,5.99,6.07,11302808,68416769,-0.07,-1.1401,6.0531,4.7721,1437679500,N/A,1437679500,236850000,0,236850000,94.6504,1.83,1.242,23.5812,
600243.SH,青海华鼎,2012-09-26,6.07,6,6.14,5.95,6.02,9853303,59704912,-0.05,-0.8237,6.0594,4.1601,1425837000,N/A,1425837000,236850000,0,236850000,93.8707,1.8149,1.2318,23.3869,
600243.SH,青海华鼎,2012-09-27,6.02,6.05,6.31,5.88,6.21,16945615,104226411,0.19,3.1561,6.1506,7.1546,1470838500,N/A,1470838500,236850000,0,236850000,96.8334,1.8722,1.2707,24.1251,
600243.SH,青海华鼎,2012-09-28,6.21,6.16,6.32,6,6.18,11273910,69401072,-0.03,-0.4831,6.1559,4.7599,1463733000,N/A,1463733000,236850000,0,236850000,96.3656,1.8631,1.2645,24.0085,
600243.SH,青海华鼎,2012-10-08,6.18,6.18,6.35,6.04,6.31,14110153,88374708,0.13,2.1036,6.2632,5.9574,1494523500,N/A,1494523500,236850000,0,236850000,98.3927,1.9023,1.2911,24.5135,
600243.SH,青海华鼎,2012-10-09,6.31,6.35,6.45,6.2,6.34,14443903,91419415,0.03,0.4754,6.3293,6.0983,1501629000,N/A,1501629000,236850000,0,236850000,98.8605,1.9114,1.2973,24.6301,
600243.SH,青海华鼎,2012-10-10,6.34,6.3,6.64,6.26,6.54,18932075,122180380,0.2,3.1546,6.4536,7.9933,1548999000,N/A,1548999000,236850000,0,236850000,101.9791,1.9716,1.3382,25.4071,
600243.SH,青海华鼎,2012-10-11,6.54,6.46,6.72,6.41,6.67,20281841,134291560,0.13,1.9878,6.6213,8.5632,1579789500,N/A,1579789500,236850000,0,236850000,104.0063,2.0108,1.3648,25.9121,
600243.SH,青海华鼎,2012-10-12,6.67,6.69,6.78,6.57,6.67,17787881,118192607,0,0,6.6446,7.5102,1579789500,N/A,1579789500,236850000,0,236850000,104.0063,2.0108,1.3648,25.9121,
600243.SH,青海华鼎,2012-10-15,6.67,6.57,6.8,6.34,6.5,15848451,103959718,-0.17,-2.5487,6.5596,6.6913,1539525000,N/A,1539525000,236850000,0,236850000,101.3554,1.9596,1.33,25.2517,
600243.SH,青海华鼎,2012-10-16,6.5,6.47,6.96,6.41,6.84,23574802,156517328,0.34,5.2308,6.6392,9.9535,1620054000,N/A,1620054000,236850000,0,236850000,106.6571,2.0621,1.3996,26.5725,
600243.SH,青海华鼎,2012-10-17,6.84,6.74,7,6.59,6.71,21580326,144322435,-0.13,-1.9006,6.6877,9.1114,1589263500,N/A,1589263500,236850000,0,236850000,104.63,2.0229,1.373,26.0675,
600243.SH,青海华鼎,2012-10-18,6.71,6.71,6.71,6.53,6.65,19840057,130751506,-0.06,-0.8942,6.5903,8.3766,1575052500,N/A,1575052500,236850000,0,236850000,103.6944,2.0048,1.3607,25.8344,
600243.SH,青海华鼎,2012-10-19,6.65,6.6,6.7,6.24,6.34,21131289,134622447,-0.31,-4.6617,6.3708,8.9218,1501629000,N/A,1501629000,236850000,0,236850000,98.8605,1.9114,1.2973,24.6301,
600243.SH,青海华鼎,2012-10-22,6.34,6.34,6.38,6.2,6.37,7743392,48821478,0.03,0.4732,6.3049,3.2693,1508734500,N/A,1508734500,236850000,0,236850000,99.3283,1.9204,1.3034,24.7466,
600243.SH,青海华鼎,2012-10-23,6.37,6.36,6.46,6.13,6.17,12927963,81661185,-0.2,-3.1397,6.3166,5.4583,1461364500,N/A,1461364500,236850000,0,236850000,96.2097,1.8601,1.2625,23.9697,
600243.SH,青海华鼎,2012-10-24,6.17,6.2,6.2,5.91,5.96,9692441,58295470,-0.21,-3.4036,6.0145,4.0922,1411626000,N/A,1411626000,236850000,0,236850000,92.9351,1.7968,1.2195,23.1538,
600243.SH,青海华鼎,2012-10-25,5.96,5.98,6.01,5.83,5.86,5566086,32942710,-0.1,-1.6779,5.9185,2.35,1387941000,N/A,1387941000,236850000,0,236850000,91.3758,1.7666,1.1991,22.7653,
600243.SH,青海华鼎,2012-10-26,5.86,5.86,5.94,5.71,5.75,5692264,33117641,-0.11,-1.8771,5.818,2.4033,1361887500,N/A,1361887500,236850000,0,236850000,89.6606,1.7335,1.1765,22.338,
600243.SH,青海华鼎,2012-10-29,5.75,5.73,5.84,5.61,5.84,3641039,21076921,0.09,1.5652,5.7887,1.5373,1383204000,N/A,1383204000,236850000,0,236850000,91.0639,1.7606,1.195,22.6876,
600243.SH,青海华鼎,2012-10-30,5.84,5.83,5.87,5.73,5.74,3126677,18132806,-0.1,-1.7123,5.7994,1.3201,1359519000,N/A,1359519000,236850000,0,236850000,89.5046,1.7305,1.1745,22.2992,
600243.SH,青海华鼎,2012-10-31,5.74,5.73,5.97,5.7,5.94,5089563,29965380,0.2,3.4843,5.8876,2.1489,1406889000,N/A,1406889000,236850000,0,236850000,92.6233,1.7908,1.2154,23.0761,
600243.SH,青海华鼎,2012-11-01,5.94,5.99,5.99,5.88,5.96,4125592,24556118,0.02,0.3367,5.9521,1.7419,1411626000,N/A,1411626000,236850000,0,236850000,92.9351,1.7968,1.2195,23.1538,
600243.SH,青海华鼎,2012-11-02,5.96,5.98,5.99,5.83,5.86,3993000,23474278,-0.1,-1.6779,5.8789,1.6859,1387941000,N/A,1387941000,236850000,0,236850000,91.3758,1.7666,1.1991,22.7653,
600243.SH,青海华鼎,2012-11-05,5.86,5.88,5.89,5.69,5.73,3936380,22644777,-0.13,-2.2184,5.7527,1.662,1357150500,N/A,1357150500,236850000,0,236850000,89.3487,1.7275,1.1725,22.2603,
600243.SH,青海华鼎,2012-11-06,5.73,5.71,5.8,5.69,5.78,2737175,15750275,0.05,0.8726,5.7542,1.1557,1368993000,N/A,1368993000,236850000,0,236850000,90.1284,1.7425,1.1827,22.4546,
600243.SH,青海华鼎,2012-11-07,5.78,5.78,5.79,5.72,5.75,1852306,10657887,-0.03,-0.519,5.7538,0.7821,1361887500,N/A,1361887500,236850000,0,236850000,89.6606,1.7335,1.1765,22.338,
600243.SH,青海华鼎,2012-11-08,5.75,5.71,5.71,5.28,5.32,7184438,39144749,-0.43,-7.4783,5.4485,3.0333,1260042000,N/A,1260042000,236850000,0,236850000,82.9555,1.6038,1.0886,20.6675,
600243.SH,青海华鼎,2012-11-09,5.32,5.29,5.45,5.25,5.36,3166046,17040261,0.04,0.7519,5.3822,1.3367,1269516000,N/A,1269516000,236850000,0,236850000,83.5792,1.6159,1.0967,20.8229,
600243.SH,青海华鼎,2012-11-12,5.36,5.37,5.43,5.28,5.35,2977523,15910970,-0.01,-0.1866,5.3437,1.2571,1267147500,N/A,1267147500,236850000,0,236850000,83.4233,1.6129,1.0947,20.7841,
600243.SH,青海华鼎,2012-11-13,5.35,5.35,5.35,5.14,5.15,2829271,14745700,-0.2,-3.7383,5.2118,1.1945,1219777500,N/A,1219777500,236850000,0,236850000,80.3047,1.5526,1.0538,20.0071,
600243.SH,青海华鼎,2012-11-14,5.15,5.16,5.21,5.11,5.18,1921425,9924846,0.03,0.5825,5.1654,0.8112,1226883000,N/A,1226883000,236850000,0,236850000,80.7725,1.5616,1.0599,20.1236,
600243.SH,青海华鼎,2012-11-15,5.18,5.14,5.23,5.11,5.15,1779088,9199807,-0.03,-0.5792,5.1711,0.7511,1219777500,N/A,1219777500,236850000,0,236850000,80.3047,1.5526,1.0538,20.0071,
600243.SH,青海华鼎,2012-11-16,5.15,5.15,5.23,5.13,5.21,2101086,10880079,0.06,1.165,5.1783,0.8871,1233988500,N/A,1233988500,236850000,0,236850000,81.2403,1.5707,1.0661,20.2402,
600243.SH,青海华鼎,2012-11-19,5.21,5.22,5.22,5.13,5.21,1660623,8592400,0,0,5.1742,0.7011,1233988500,N/A,1233988500,236850000,0,236850000,81.2403,1.5707,1.0661,20.2402,
600243.SH,青海华鼎,2012-11-20,5.21,5.23,5.27,5.19,5.2,1581400,8256582,-0.01,-0.1919,5.2211,0.6677,1231620000,N/A,1231620000,236850000,0,236850000,81.0843,1.5677,1.064,20.2013,
600243.SH,青海华鼎,2012-11-21,5.2,5.2,5.27,5.16,5.27,2053896,10725794,0.07,1.3462,5.2222,0.8672,1248199500,N/A,1248199500,236850000,0,236850000,82.1759,1.5888,1.0783,20.4733,
600243.SH,青海华鼎,2012-11-22,5.27,5.24,5.26,5.2,5.22,1445674,7558502,-0.05,-0.9488,5.2284,0.6104,1236357000,N/A,1236357000,236850000,0,236850000,81.3962,1.5737,1.0681,20.279,
600243.SH,青海华鼎,2012-11-23,5.22,5.22,5.35,5.2,5.23,2640993,13926304,0.01,0.1916,5.2731,1.115,1238725500,N/A,1238725500,236850000,0,236850000,81.5521,1.5767,1.0701,20.3179,
600243.SH,青海华鼎,2012-11-26,5.23,5.25,5.3,5.21,5.22,1418440,7447511,-0.01,-0.1912,5.2505,0.5989,1236357000,N/A,1236357000,236850000,0,236850000,81.3962,1.5737,1.0681,20.279,
600243.SH,青海华鼎,2012-11-27,5.22,5.25,5.28,4.86,4.95,3528211,17722807,-0.27,-5.1724,5.0232,1.4896,1172407500,N/A,1172407500,236850000,0,236850000,77.1861,1.4923,1.0129,19.2301,
600243.SH,青海华鼎,2012-11-28,4.95,4.94,4.94,4.77,4.79,1583421,7616011,-0.16,-3.2323,4.8098,0.6685,1134511500,N/A,1134511500,236850000,0,236850000,74.6911,1.4441,0.9801,18.6085,
600243.SH,青海华鼎,2012-11-29,4.79,4.8,4.93,4.73,4.77,2330117,11281984,-0.02,-0.4175,4.8418,0.9838,1129774500,N/A,1129774500,236850000,0,236850000,74.3793,1.438,0.976,18.5308,
600243.SH,青海华鼎,2012-11-30,4.77,4.77,4.89,4.74,4.83,1554155,7502432,0.06,1.2579,4.8273,0.6562,1143985500,N/A,1143985500,236850000,0,236850000,75.3149,1.4561,0.9883,18.7639,
600243.SH,青海华鼎,2012-12-03,4.83,4.81,4.83,4.58,4.6,1605172,7586956,-0.23,-4.7619,4.7266,0.6777,1089510000,N/A,1089510000,236850000,0,236850000,71.7285,1.3868,0.9412,17.8704,
600243.SH,青海华鼎,2012-12-04,4.6,4.6,4.67,4.52,4.66,1699892,7840965,0.06,1.3043,4.6126,0.7177,1103721000,N/A,1103721000,236850000,0,236850000,72.664,1.4049,0.9535,18.1035,
600243.SH,青海华鼎,2012-12-05,4.66,4.66,4.9,4.66,4.84,2808133,13562167,0.18,3.8627,4.8296,1.1856,1146354000,N/A,1146354000,236850000,0,236850000,75.4708,1.4591,0.9903,18.8028,
600243.SH,青海华鼎,2012-12-06,4.84,4.83,5,4.82,4.91,2475125,12198962,0.07,1.4463,4.9286,1.045,1162933500,N/A,1162933500,236850000,0,236850000,76.5623,1.4802,1.0047,19.0747,
600243.SH,青海华鼎,2012-12-07,4.91,4.89,4.98,4.87,4.97,2985837,14745595,0.06,1.222,4.9385,1.2606,1177144500,N/A,1177144500,236850000,0,236850000,77.4979,1.4983,1.0169,19.3078,
600243.SH,青海华鼎,2012-12-10,4.97,5,5.14,4.93,5.05,3371507,17065024,0.08,1.6097,5.0615,1.4235,1196092500,N/A,1196092500,236850000,0,236850000,78.7454,1.5225,1.0333,19.6186,
600243.SH,青海华鼎,2012-12-11,5.05,5.05,5.12,5.02,5.05,2548744,12944326,0,0,5.0787,1.0761,1196092500,N/A,1196092500,236850000,0,236850000,78.7454,1.5225,1.0333,19.6186,
600243.SH,青海华鼎,2012-12-12,5.05,5.05,5.12,4.95,4.99,2476533,12422668,-0.06,-1.1881,5.0162,1.0456,1181881500,N/A,1181881500,236850000,0,236850000,77.8098,1.5044,1.021,19.3855,
600243.SH,青海华鼎,2012-12-13,4.99,5.02,5.04,4.9,4.91,2158179,10715858,-0.08,-1.6032,4.9652,0.9112,1162933500,N/A,1162933500,236850000,0,236850000,76.5623,1.4802,1.0047,19.0747,
600243.SH,青海华鼎,2012-12-14,4.91,4.91,5.11,4.91,5.1,5036158,25461581,0.19,3.8697,5.0558,2.1263,1207935000,N/A,1207935000,236850000,0,236850000,79.525,1.5375,1.0435,19.8128,
600243.SH,青海华鼎,2012-12-17,5.1,5.1,5.17,5.07,5.12,3374854,17256062,0.02,0.3922,5.1131,1.4249,1212672000,N/A,1212672000,236850000,0,236850000,79.8369,1.5436,1.0476,19.8905,
600243.SH,青海华鼎,2012-12-18,5.12,5.12,5.19,5.07,5.18,3842979,19799250,0.06,1.1719,5.1521,1.6225,1226883000,N/A,1226883000,236850000,0,236850000,80.7725,1.5616,1.0599,20.1236,
600243.SH,青海华鼎,2012-12-19,5.18,5.16,5.32,5.12,5.25,4208566,21985301,0.07,1.3514,5.2239,1.7769,1243462500,N/A,1243462500,236850000,0,236850000,81.864,1.5827,1.0742,20.3956,
600243.SH,青海华鼎,2012-12-20,5.25,5.25,5.29,5.13,5.19,3085066,16084458,-0.06,-1.1429,5.2137,1.3025,1229251500,N/A,1229251500,236850000,0,236850000,80.9284,1.5647,1.062,20.1625,
600243.SH,青海华鼎,2012-12-21,5.19,5.22,5.26,5.15,5.17,3355753,17512469,-0.02,-0.3854,5.2186,1.4168,1224514500,N/A,1224514500,236850000,0,236850000,80.6165,1.5586,1.0579,20.0848,
600243.SH,青海华鼎,2012-12-24,5.17,5.17,5.2,5.13,5.14,1954950,10076619,-0.03,-0.5803,5.1544,0.8254,1217409000,N/A,1217409000,236850000,0,236850000,80.1487,1.5496,1.0517,19.9682,
600243.SH,青海华鼎,2012-12-25,5.14,5.15,5.32,5.13,5.28,4880528,25546914,0.14,2.7237,5.2345,2.0606,1250568000,N/A,1250568000,236850000,0,236850000,82.3318,1.5918,1.0804,20.5121,
600243.SH,青海华鼎,2012-12-26,5.28,5.31,5.43,5.29,5.35,3848877,20625769,0.07,1.3258,5.3589,1.625,1267147500,N/A,1267147500,236850000,0,236850000,83.4233,1.6129,1.0947,20.7841,
600243.SH,青海华鼎,2012-12-27,5.35,5.35,5.42,5.27,5.29,4227945,22566461,-0.06,-1.1215,5.3375,1.7851,1252936500,N/A,1252936500,236850000,0,236850000,82.4877,1.5948,1.0824,20.551,
600243.SH,青海华鼎,2012-12-28,5.29,5.26,5.61,5.26,5.58,9031852,49359257,0.29,5.482,5.465,3.8133,1321623000,N/A,1321623000,236850000,0,236850000,87.0097,1.6822,1.1418,21.6776,
600243.SH,青海华鼎,2012-12-31,5.58,5.55,5.64,5.49,5.52,8812097,49065801,-0.06,-1.0753,5.568,3.7205,1307412000,N/A,1307412000,236850000,0,236850000,86.0741,1.6641,1.1295,21.4445,
600243.SH,青海华鼎,2013-01-04,5.52,5.52,5.78,5.39,5.66,11011298,62121070,0.14,2.5362,5.6416,4.6491,1340571000,N/A,1340571000,236850000,0,236850000,-27.8969,1.8472,1.1759,-9.9369,
600243.SH,青海华鼎,2013-01-07,5.66,5.61,5.94,5.56,5.91,11555530,66965290,0.25,4.417,5.7951,4.8788,1399783500,N/A,1399783500,236850000,0,236850000,-29.1291,1.9288,1.2278,-10.3758,
600243.SH,青海华鼎,2013-01-08,5.91,5.87,6.04,5.81,6.02,14281411,84364539,0.11,1.8613,5.9073,6.0297,1425837000,N/A,1425837000,236850000,0,236850000,-29.6713,1.9647,1.2507,-10.5689,
600243.SH,青海华鼎,2013-01-09,6.02,5.97,6.16,5.87,6.02,18364141,109862408,0,0,5.9824,7.7535,1425837000,N/A,1425837000,236850000,0,236850000,-29.6713,1.9647,1.2507,-10.5689,
600243.SH,青海华鼎,2013-01-10,6.02,5.97,6.07,5.92,6.02,12966596,77593080,0,0,5.9841,5.4746,1425837000,N/A,1425837000,236850000,0,236850000,-29.6713,1.9647,1.2507,-10.5689,
600243.SH,青海华鼎,2013-01-11,6.02,6.04,6.58,5.93,6.35,25855699,159378234,0.33,5.4817,6.1641,10.9165,1503997500,N/A,1503997500,236850000,0,236850000,-31.2978,2.0724,1.3192,-11.1483,
600243.SH,青海华鼎,2013-01-14,6.35,6.2,6.48,6.14,6.27,24032828,150327175,-0.08,-1.2598,6.2551,10.1469,1485049500,N/A,1485049500,236850000,0,236850000,-30.9035,2.0463,1.3026,-11.0079,
600243.SH,青海华鼎,2013-01-15,6.27,6.2,6.21,5.95,6.11,18302697,111081483,-0.16,-2.5518,6.0691,7.7275,1447153500,N/A,1447153500,236850000,0,236850000,-30.1149,1.994,1.2694,-10.7269,
600243.SH,青海华鼎,2013-01-16,6.11,6.07,6.07,5.88,5.93,8727335,52092091,-0.18,-2.946,5.9688,3.6848,1404520500,N/A,1404520500,236850000,0,236850000,-29.2277,1.9353,1.232,-10.4109,
600243.SH,青海华鼎,2013-01-17,5.93,5.92,5.98,5.81,5.82,5800412,34120244,-0.11,-1.855,5.8824,2.449,1378467000,N/A,1378467000,236850000,0,236850000,-28.6855,1.8994,1.2091,-10.2178,
600243.SH,青海华鼎,2013-01-18,5.82,5.81,5.88,5.76,5.87,5753307,33565725,0.05,0.8591,5.8342,2.4291,1390309500,N/A,1390309500,236850000,0,236850000,-28.932,1.9157,1.2195,-10.3056,
600243.SH,青海华鼎,2013-01-21,5.87,5.89,5.94,5.86,5.92,4722935,27893130,0.05,0.8518,5.9059,1.9941,1402152000,N/A,1402152000,236850000,0,236850000,-29.1784,1.932,1.2299,-10.3934,
600243.SH,青海华鼎,2013-01-22,5.92,5.93,5.93,5.62,5.65,6156812,35499724,-0.27,-4.5608,5.7659,2.5995,1338202500,N/A,1338202500,236850000,0,236850000,-27.8476,1.8439,1.1738,-9.9194,
600243.SH,青海华鼎,2013-01-23,5.65,5.65,5.71,5.51,5.68,4548252,25576790,0.03,0.531,5.6234,1.9203,1345308000,N/A,1345308000,236850000,0,236850000,-27.9955,1.8537,1.1801,-9.972,
600243.SH,青海华鼎,2013-01-24,5.68,5.65,5.72,5.46,5.47,4788593,26861469,-0.21,-3.6972,5.6095,2.0218,1295569500,N/A,1295569500,236850000,0,236850000,-26.9605,1.7852,1.1364,-9.6033,
600243.SH,青海华鼎,2013-01-25,5.47,5.43,5.53,5.41,5.47,2558744,14030761,0,0,5.4835,1.0803,1295569500,N/A,1295569500,236850000,0,236850000,-26.9605,1.7852,1.1364,-9.6033,
600243.SH,青海华鼎,2013-01-28,5.47,5.46,5.59,5.46,5.58,3615456,20120908,0.11,2.011,5.5652,1.5265,1321623000,N/A,1321623000,236850000,0,236850000,-27.5026,1.8211,1.1593,-9.7965,
600243.SH,青海华鼎,2013-01-29,5.58,5.6,5.67,5.58,5.64,3345178,18790240,0.06,1.0753,5.6171,1.4124,1335834000,N/A,1335834000,236850000,0,236850000,-27.7984,1.8407,1.1717,-9.9018,
600243.SH,青海华鼎,2013-01-30,5.64,5.65,5.69,5.55,5.6,2919483,16360905,-0.04,-0.7092,5.604,1.2326,1326360000,N/A,1326360000,236850000,0,236850000,-27.6012,1.8276,1.1634,-9.8316,
600243.SH,青海华鼎,2013-01-31,5.6,5.6,5.65,5.51,5.52,3081591,17140599,-0.08,-1.4286,5.5623,1.3011,1307412000,N/A,1307412000,236850000,0,236850000,-27.2069,1.8015,1.1468,-9.6911,
600243.SH,青海华鼎,2013-02-01,5.52,5.48,5.57,5.45,5.55,2979910,16462405,0.03,0.5435,5.5245,1.2581,1314517500,N/A,1314517500,236850000,0,236850000,-27.3548,1.8113,1.153,-9.7438,
600243.SH,青海华鼎,2013-02-04,5.55,5.52,5.58,5.43,5.46,3642308,19958466,-0.09,-1.6216,5.4796,1.5378,1293201000,N/A,1293201000,236850000,0,236850000,-26.9112,1.7819,1.1343,-9.5858,
600243.SH,青海华鼎,2013-02-05,5.46,5.43,5.62,5.42,5.59,4468022,24857770,0.13,2.381,5.5635,1.8864,1323991500,N/A,1323991500,236850000,0,236850000,-27.5519,1.8243,1.1614,-9.814,
600243.SH,青海华鼎,2013-02-06,5.59,5.6,5.67,5.55,5.65,4517158,25406762,0.06,1.0733,5.6245,1.9072,1338202500,N/A,1338202500,236850000,0,236850000,-27.8476,1.8439,1.1738,-9.9194,
600243.SH,青海华鼎,2013-02-07,5.65,5.64,5.69,5.63,5.65,2815760,15938746,0,0,5.6605,1.1888,1338202500,N/A,1338202500,236850000,0,236850000,-27.8476,1.8439,1.1738,-9.9194,
600243.SH,青海华鼎,2013-02-08,5.65,5.62,5.69,5.62,5.65,3067764,17332455,0,0,5.6499,1.2952,1338202500,N/A,1338202500,236850000,0,236850000,-27.8476,1.8439,1.1738,-9.9194,
600243.SH,青海华鼎,2013-02-18,5.65,5.66,5.68,5.63,5.66,3263978,18470889,0.01,0.177,5.659,1.3781,1340571000,N/A,1340571000,236850000,0,236850000,-27.8969,1.8472,1.1759,-9.9369,
600243.SH,青海华鼎,2013-02-19,5.66,5.68,5.94,5.67,5.89,14010400,81876376,0.23,4.0636,5.844,5.9153,1395046500,N/A,1395046500,236850000,0,236850000,-29.0306,1.9222,1.2237,-10.3407,
600243.SH,青海华鼎,2013-02-20,5.89,5.86,5.93,5.8,5.89,7709399,45191456,0,0,5.8619,3.255,1395046500,N/A,1395046500,236850000,0,236850000,-29.0306,1.9222,1.2237,-10.3407,
600243.SH,青海华鼎,2013-02-21,5.89,5.84,5.84,5.59,5.6,6419627,36587283,-0.29,-4.9236,5.6993,2.7104,1326360000,N/A,1326360000,236850000,0,236850000,-27.6012,1.8276,1.1634,-9.8316,
600243.SH,青海华鼎,2013-02-22,5.6,5.6,5.69,5.58,5.61,3516967,19744714,0.01,0.1786,5.6141,1.4849,1328728500,N/A,1328728500,236850000,0,236850000,-27.6505,1.8309,1.1655,-9.8491,
600243.SH,青海华鼎,2013-02-25,5.61,5.59,5.66,5.56,5.61,2453894,13776633,0,0,5.6142,1.0361,1328728500,N/A,1328728500,236850000,0,236850000,-27.6505,1.8309,1.1655,-9.8491,
600243.SH,青海华鼎,2013-02-26,5.61,5.57,5.67,5.49,5.5,2848900,15936439,-0.11,-1.9608,5.5939,1.2028,1302675000,N/A,1302675000,236850000,0,236850000,-27.1083,1.795,1.1427,-9.656,
600243.SH,青海华鼎,2013-02-27,5.5,5.5,5.57,5.5,5.51,2237080,12353149,0.01,0.1818,5.522,0.9445,1305043500,N/A,1305043500,236850000,0,236850000,-27.1576,1.7982,1.1447,-9.6736,
600243.SH,青海华鼎,2013-02-28,5.51,5.52,5.63,5.49,5.62,2969828,16588665,0.11,1.9964,5.5857,1.2539,1331097000,N/A,1331097000,236850000,0,236850000,-27.6998,1.8341,1.1676,-9.8667,
600243.SH,青海华鼎,2013-03-01,5.62,5.6,5.71,5.59,5.7,3403943,19235599,0.08,1.4235,5.651,1.4372,1350045000,N/A,1350045000,236850000,0,236850000,-28.0941,1.8602,1.1842,-10.0071,
600243.SH,青海华鼎,2013-03-04,5.7,5.67,5.67,5.4,5.44,4231202,23344289,-0.26,-4.5614,5.5172,1.7864,1288464000,N/A,1288464000,236850000,0,236850000,-26.8126,1.7754,1.1302,-9.5507,
600243.SH,青海华鼎,2013-03-05,5.44,5.44,5.55,5.43,5.54,2125784,11673451,0.1,1.8382,5.4914,0.8975,1312149000,N/A,1312149000,236850000,0,236850000,-27.3055,1.808,1.151,-9.7262,
600243.SH,青海华鼎,2013-03-06,5.54,5.51,5.7,5.51,5.68,4962128,27846637,0.14,2.5271,5.6118,2.0951,1345308000,N/A,1345308000,236850000,0,236850000,-27.9955,1.8537,1.1801,-9.972,
600243.SH,青海华鼎,2013-03-07,5.68,5.67,5.73,5.6,5.64,3810880,21596550,-0.04,-0.7042,5.6671,1.609,1335834000,N/A,1335834000,236850000,0,236850000,-27.7984,1.8407,1.1717,-9.9018,
600243.SH,青海华鼎,2013-03-08,5.64,5.62,5.74,5.62,5.7,4204682,23905674,0.06,1.0638,5.6855,1.7753,1350045000,N/A,1350045000,236850000,0,236850000,-28.0941,1.8602,1.1842,-10.0071,
600243.SH,青海华鼎,2013-03-11,5.7,5.66,5.79,5.66,5.72,4433801,25417363,0.02,0.3509,5.7326,1.872,1354782000,N/A,1354782000,236850000,0,236850000,-28.1927,1.8668,1.1884,-10.0422,
600243.SH,青海华鼎,2013-03-12,5.72,5.67,5.76,5.49,5.65,5192984,29145662,-0.07,-1.2238,5.6125,2.1925,1338202500,N/A,1338202500,236850000,0,236850000,-27.8476,1.8439,1.1738,-9.9194,
600243.SH,青海华鼎,2013-03-13,5.65,5.65,5.92,5.61,5.87,12410735,71968235,0.22,3.8938,5.7989,5.2399,1390309500,N/A,1390309500,236850000,0,236850000,-28.932,1.9157,1.2195,-10.3056,
600243.SH,青海华鼎,2013-03-14,5.87,5.82,5.87,5.73,5.81,5850955,33935397,-0.06,-1.0221,5.8,2.4703,1376098500,N/A,1376098500,236850000,0,236850000,-28.6363,1.8961,1.2071,-10.2003,
600243.SH,青海华鼎,2013-03-15,5.81,5.76,5.84,5.63,5.64,5436704,31112346,-0.17,-2.926,5.7226,2.2954,1335834000,N/A,1335834000,236850000,0,236850000,-27.7984,1.8407,1.1717,-9.9018,
600243.SH,青海华鼎,2013-03-18,5.64,5.62,5.62,5.24,5.26,7734346,41888244,-0.38,-6.7376,5.4159,3.2655,1245831000,N/A,1245831000,236850000,0,236850000,-25.9254,1.7166,1.0928,-9.2347,
600243.SH,青海华鼎,2013-03-19,5.26,5.28,5.38,5.2,5.35,3257472,17236754,0.09,1.711,5.2915,1.3753,1267147500,N/A,1267147500,236850000,0,236850000,-26.369,1.746,1.1115,-9.3927,
600243.SH,青海华鼎,2013-03-20,5.35,5.33,5.47,5.33,5.43,3544601,19180770,0.08,1.4953,5.4113,1.4966,1286095500,N/A,1286095500,236850000,0,236850000,-26.7633,1.7721,1.1281,-9.5331,
600243.SH,青海华鼎,2013-03-21,5.43,5.44,5.53,5.43,5.48,3414940,18695677,0.05,0.9208,5.4747,1.4418,1297938000,N/A,1297938000,236850000,0,236850000,-27.0098,1.7884,1.1385,-9.6209,
600243.SH,青海华鼎,2013-03-22,5.48,5.44,5.5,5.42,5.46,2043059,11142345,-0.02,-0.365,5.4538,0.8626,1293201000,N/A,1293201000,236850000,0,236850000,-26.9112,1.7819,1.1343,-9.5858,
600243.SH,青海华鼎,2013-03-25,5.46,5.46,5.48,5.42,5.47,1852437,10094597,0.01,0.1832,5.4494,0.7821,1295569500,N/A,1295569500,236850000,0,236850000,-26.9605,1.7852,1.1364,-9.6033,
600243.SH,青海华鼎,2013-03-26,5.47,5.46,5.52,5.35,5.47,2014749,10946564,0,0,5.4332,0.8506,1295569500,N/A,1295569500,236850000,0,236850000,-26.9605,1.7852,1.1364,-9.6033,
600243.SH,青海华鼎,2013-03-27,5.47,5.47,5.84,5.45,5.75,11822876,67013311,0.28,5.1188,5.6681,4.9917,1361887500,N/A,1361887500,236850000,0,236850000,-28.3405,1.8766,1.1946,-10.0949,
600243.SH,青海华鼎,2013-03-28,5.75,5.68,5.87,5.58,5.78,12287314,70271166,0.03,0.5217,5.719,5.1878,1368993000,N/A,1368993000,236850000,0,236850000,-28.4884,1.8863,1.2008,-10.1476,
600243.SH,青海华鼎,2013-03-29,5.78,5.75,5.88,5.48,5.5,10642081,60170334,-0.28,-4.8443,5.654,4.4932,1302675000,N/A,1302675000,236850000,0,236850000,-27.1083,1.795,1.1427,-9.656,
600243.SH,青海华鼎,2013-04-01,5.5,5.3,5.58,5.23,5.42,6359436,34482996,-0.08,-1.4545,5.4223,2.685,1283727000,N/A,1283727000,236850000,0,236850000,-26.714,1.7689,1.126,-9.5156,
600243.SH,青海华鼎,2013-04-02,5.42,5.4,5.47,5.2,5.23,6342659,33568564,-0.19,-3.5055,5.2925,2.6779,1238725500,N/A,1238725500,236850000,0,236850000,-25.7776,1.7068,1.0866,-9.182,
600243.SH,青海华鼎,2013-04-03,5.23,5.23,5.29,5.18,5.2,2637251,13765365,-0.03,-0.5736,5.2196,1.1135,1231620000,N/A,1231620000,236850000,0,236850000,-25.6297,1.6971,1.0803,-9.1293,
600243.SH,青海华鼎,2013-04-08,5.2,5.18,5.18,5,5.12,2843540,14437460,-0.08,-1.5385,5.0773,1.2006,1212672000,N/A,1212672000,236850000,0,236850000,-25.2354,1.6709,1.0637,-8.9889,
600243.SH,青海华鼎,2013-04-09,5.12,5.15,5.19,5.11,5.18,1720669,8878140,0.06,1.1719,5.1597,0.7265,1226883000,N/A,1226883000,236850000,0,236850000,-25.5311,1.6905,1.0762,-9.0942,
600243.SH,青海华鼎,2013-04-10,5.18,5.18,5.19,5.13,5.19,1691793,8727533,0.01,0.1931,5.1587,0.7143,1229251500,N/A,1229251500,236850000,0,236850000,-25.5804,1.6938,1.0783,-9.1118,
600243.SH,青海华鼎,2013-04-11,5.19,5.18,5.29,5.18,5.23,2585147,13563561,0.04,0.7707,5.2467,1.0915,1238725500,N/A,1238725500,236850000,0,236850000,-25.7776,1.7068,1.0866,-9.182,
600243.SH,青海华鼎,2013-04-12,5.23,5.23,5.27,5.1,5.11,1516852,7876803,-0.12,-2.2945,5.1929,0.6404,1210303500,N/A,1210303500,236850000,0,236850000,-25.1861,1.6677,1.0616,-8.9713,
600243.SH,青海华鼎,2013-04-15,5.11,5.11,5.11,4.99,5,1636991,8247992,-0.11,-2.1526,5.0385,0.6912,1184250000,N/A,1184250000,236850000,0,236850000,-24.6439,1.6318,1.0388,-8.7782,
600243.SH,青海华鼎,2013-04-16,5,4.99,5.06,4.91,5.05,1550622,7725978,0.05,1,4.9825,0.6547,1196092500,N/A,1196092500,236850000,0,236850000,-24.8904,1.6481,1.0492,-8.866,
600243.SH,青海华鼎,2013-04-17,5.05,5.05,5.11,5.04,5.08,1221478,6194876,0.03,0.5941,5.0716,0.5157,1203198000,N/A,1203198000,236850000,0,236850000,-25.0382,1.6579,1.0554,-8.9186,
600243.SH,青海华鼎,2013-04-18,5.08,5.05,5.14,5.05,5.08,882968,4492638,0,0,5.0881,0.3728,1203198000,N/A,1203198000,236850000,0,236850000,-25.0382,1.6579,1.0554,-8.9186,
600243.SH,青海华鼎,2013-04-19,5.08,5.08,5.2,5.08,5.17,1780384,9171623,0.09,1.7717,5.1515,0.7517,1224514500,N/A,1224514500,236850000,0,236850000,-25.4818,1.6873,1.0741,-9.0766,
600243.SH,青海华鼎,2013-04-22,5.17,5.14,5.21,5.12,5.2,1810041,9363045,0.03,0.5803,5.1728,0.7642,1231620000,N/A,1231620000,236850000,0,236850000,-25.6297,1.6971,1.0803,-9.1293,
600243.SH,青海华鼎,2013-04-23,5.2,5.19,5.2,5,5.01,1604883,8156435,-0.19,-3.6538,5.0823,0.6776,1186618500,N/A,1186618500,236850000,0,236850000,-24.6932,1.635,1.0409,-8.7957,
600243.SH,青海华鼎,2013-04-24,5.01,5.02,5.09,4.99,5.09,1507190,7604884,0.08,1.5968,5.0457,0.6363,1205566500,N/A,1205566500,236850000,0,236850000,-25.0875,1.6612,1.0575,-8.9362,
600243.SH,青海华鼎,2013-04-25,5.09,5.09,5.13,5.04,5.12,2420121,12315706,0.03,0.5894,5.0889,1.0218,1212672000,N/A,1212672000,236850000,0,236850000,-25.2354,1.6709,1.0637,-8.9889,
600243.SH,青海华鼎,2013-04-26,5.12,5.11,5.11,5,5,1676483,8461373,-0.12,-2.3438,5.0471,0.7078,1184250000,N/A,1184250000,236850000,0,236850000,-24.6439,1.6318,1.0388,-8.7782,
600243.SH,青海华鼎,2013-05-02,5,5,5.06,4.99,5.06,935668,4715115,0.06,1.2,5.0393,0.395,1198461000,N/A,1198461000,236850000,0,236850000,-24.9397,1.6514,1.0512,-8.8835,
600243.SH,青海华鼎,2013-05-03,5.06,5.06,5.24,5.06,5.18,4185544,21738402,0.12,2.3715,5.1937,1.7672,1226883000,N/A,1226883000,236850000,0,236850000,-25.5311,1.6905,1.0762,-9.0942,
600243.SH,青海华鼎,2013-05-06,5.18,5.24,5.26,5.18,5.26,2833027,14814606,0.08,1.5444,5.2292,1.1961,1245831000,N/A,1245831000,236850000,0,236850000,-25.9254,1.7166,1.0928,-9.2347,
600243.SH,青海华鼎,2013-05-07,5.26,5.24,5.24,5.19,5.22,1061503,5530653,-0.04,-0.7605,5.2102,0.4482,1236357000,N/A,1236357000,236850000,0,236850000,-25.7283,1.7036,1.0845,-9.1644,
600243.SH,青海华鼎,2013-05-08,5.22,5.23,5.25,5.18,5.19,2022934,10525069,-0.03,-0.5747,5.2029,0.8541,1229251500,N/A,1229251500,236850000,0,236850000,-25.5804,1.6938,1.0783,-9.1118,
600243.SH,青海华鼎,2013-05-09,5.19,5.21,5.25,5.15,5.23,3416247,17794370,0.04,0.7707,5.2087,1.4424,1238725500,N/A,1238725500,236850000,0,236850000,-25.7776,1.7068,1.0866,-9.182,
600243.SH,青海华鼎,2013-05-10,5.23,5.2,5.3,5.17,5.26,2021377,10598855,0.03,0.5736,5.2434,0.8534,1245831000,N/A,1245831000,236850000,0,236850000,-25.9254,1.7166,1.0928,-9.2347,
600243.SH,青海华鼎,2013-05-13,5.26,5.26,5.31,5.23,5.3,2232873,11783209,0.04,0.7605,5.2772,0.9427,1255305000,N/A,1255305000,236850000,0,236850000,-26.1226,1.7297,1.1011,-9.3049,
600243.SH,青海华鼎,2013-05-14,5.3,5.33,5.34,5.16,5.21,1730705,9035449,-0.09,-1.6981,5.2207,0.7307,1233988500,N/A,1233988500,236850000,0,236850000,-25.679,1.7003,1.0824,-9.1469,
600243.SH,青海华鼎,2013-05-15,5.21,5.24,5.26,5.12,5.15,7150882,37213155,-0.06,-1.1516,5.204,3.0192,1219777500,N/A,1219777500,236850000,0,236850000,-25.3833,1.6807,1.0699,-9.0415,
600243.SH,青海华鼎,2013-05-16,5.15,5.16,5.26,5.1,5.25,5879530,30503032,0.1,1.9417,5.188,2.4824,1243462500,N/A,1243462500,236850000,0,236850000,-25.8761,1.7134,1.0907,-9.2171,
600243.SH,青海华鼎,2013-05-17,5.25,5.23,5.31,5.2,5.29,3816623,20108973,0.04,0.7619,5.2688,1.6114,1252936500,N/A,1252936500,236850000,0,236850000,-26.0733,1.7264,1.099,-9.2873,
600243.SH,青海华鼎,2013-05-20,5.29,5.29,5.65,5.29,5.63,16206309,89013714,0.34,6.4272,5.4925,6.8424,1333465500,N/A,1333465500,236850000,0,236850000,-27.7491,1.8374,1.1697,-9.8842,
600243.SH,青海华鼎,2013-05-21,5.63,5.55,5.82,5.54,5.66,16969327,97202882,0.03,0.5329,5.7282,7.1646,1340571000,N/A,1340571000,236850000,0,236850000,-27.8969,1.8472,1.1759,-9.9369,
600243.SH,青海华鼎,2013-05-22,5.66,5.66,5.75,5.62,5.7,6124229,34835150,0.04,0.7067,5.6881,2.5857,1350045000,N/A,1350045000,236850000,0,236850000,-28.0941,1.8602,1.1842,-10.0071,
600243.SH,青海华鼎,2013-05-23,5.7,5.74,5.79,5.65,5.69,4552774,26009631,-0.01,-0.1754,5.7129,1.9222,1347676500,N/A,1347676500,236850000,0,236850000,-28.0448,1.857,1.1821,-9.9896,
600243.SH,青海华鼎,2013-05-24,5.69,5.63,6.26,5.56,6.22,38974434,238359885,0.53,9.3146,6.1158,16.4553,1473207000,N/A,1473207000,236850000,0,236850000,-30.6571,2.0299,1.2922,-10.9201,
600243.SH,青海华鼎,2013-05-27,6.22,6.22,6.3,6.12,6.14,17870040,110615816,-0.08,-1.2862,6.19,7.5449,1454259000,N/A,1454259000,236850000,0,236850000,-30.2627,2.0038,1.2756,-10.7796,
600243.SH,青海华鼎,2013-05-28,6.14,6.19,6.75,6.12,6.75,57200449,373851916,0.61,9.9349,6.5358,24.1505,1598737500,N/A,1598737500,236850000,0,236850000,-33.2693,2.2029,1.4024,-11.8506,
600243.SH,青海华鼎,2013-05-29,6.75,6.68,6.8,6.52,6.65,43450514,287738763,-0.1,-1.4815,6.6222,18.3452,1575052500,N/A,1575052500,236850000,0,236850000,-32.7764,2.1703,1.3816,-11.675,
600243.SH,青海华鼎,2013-05-30,6.65,6.6,7.1,6.48,6.92,31438543,212503015,0.27,4.0602,6.7593,13.2736,1639002000,N/A,1639002000,236850000,0,236850000,-34.1072,2.2584,1.4377,-12.149,
600243.SH,青海华鼎,2013-05-31,6.92,6.9,7.3,6.7,7.2,43182062,300094377,0.28,4.0462,6.9495,18.2318,1705320000,N/A,1705320000,236850000,0,236850000,-35.4873,2.3498,1.4958,-12.6406,
600243.SH,青海华鼎,2013-06-03,7.2,7.19,7.25,6.96,7.18,44237202,312076266,-0.02,-0.2778,7.0546,18.6773,1700583000,N/A,1700583000,236850000,0,236850000,-35.3887,2.3432,1.4917,-12.6055,
600243.SH,青海华鼎,2013-06-04,7.18,7.15,7.22,6.75,7.08,22724233,159222701,-0.1,-1.3928,7.0067,9.5944,1676898000,N/A,1676898000,236850000,0,236850000,-34.8958,2.3106,1.4709,-12.4299,
600243.SH,青海华鼎,2013-06-05,7.08,7,7.15,6.84,7.01,39448807,275144128,-0.07,-0.9887,6.9747,16.6556,1660318500,N/A,1660318500,236850000,0,236850000,-34.5508,2.2878,1.4564,-12.307,
600243.SH,青海华鼎,2013-06-06,7.01,7.05,7.15,6.88,6.94,36958094,256128696,-0.07,-0.9986,6.9302,15.604,1643739000,N/A,1643739000,236850000,0,236850000,-34.2058,2.2649,1.4418,-12.1841,
600243.SH,青海华鼎,2013-06-07,6.94,6.88,7.06,6.85,6.92,38007852,263539653,-0.02,-0.2882,6.9338,16.0472,1639002000,N/A,1639002000,236850000,0,236850000,-34.1072,2.2584,1.4377,-12.149,
600243.SH,青海华鼎,2013-06-13,6.92,6.9,6.9,6.36,6.76,36226306,244506071,-0.16,-2.3121,6.7494,15.295,1601106000,N/A,1601106000,236850000,0,236850000,-33.3186,2.2062,1.4044,-11.8681,
600243.SH,青海华鼎,2013-06-14,6.76,6.71,6.97,6.62,6.91,34844681,238767930,0.15,2.2189,6.8523,14.7117,1636633500,N/A,1636633500,236850000,0,236850000,-34.0579,2.2551,1.4356,-12.1315,
600243.SH,青海华鼎,2013-06-17,6.91,6.9,7.05,6.79,6.83,30007302,205985987,-0.08,-1.1577,6.8645,12.6693,1617685500,N/A,1617685500,236850000,0,236850000,-33.6636,2.229,1.419,-11.991,
600243.SH,青海华鼎,2013-06-18,6.83,6.87,6.95,6.69,6.75,25959998,175472999,-0.08,-1.1713,6.7594,10.9605,1598737500,N/A,1598737500,236850000,0,236850000,-33.2693,2.2029,1.4024,-11.8506,
600243.SH,青海华鼎,2013-06-19,6.75,6.67,6.8,6.65,6.74,22221977,149493376,-0.01,-0.1481,6.7273,9.3823,1596369000,N/A,1596369000,236850000,0,236850000,-33.22,2.1996,1.4003,-11.833,
600243.SH,青海华鼎,2013-06-20,6.74,6.7,6.8,6.6,6.66,22578557,150626144,-0.08,-1.1869,6.6712,9.5329,1577421000,N/A,1577421000,236850000,0,236850000,-32.8257,2.1735,1.3837,-11.6925,
600243.SH,青海华鼎,2013-06-21,6.66,6.61,6.75,6.18,6.69,27501899,178987050,0.03,0.4505,6.5082,11.6115,1584526500,N/A,1584526500,236850000,0,236850000,-32.9736,2.1833,1.3899,-11.7452,
600243.SH,青海华鼎,2013-06-24,6.69,6.62,6.75,6.3,6.41,12142325,79428401,-0.28,-4.1854,6.5414,5.1266,1518208500,N/A,1518208500,236850000,0,236850000,-31.5935,2.0919,1.3317,-11.2536,
600243.SH,青海华鼎,2013-06-25,6.41,6.38,6.56,5.8,6.54,21856095,137280123,0.13,2.0281,6.2811,9.2278,1548999000,N/A,1548999000,236850000,0,236850000,-32.2343,2.1344,1.3587,-11.4819,
600243.SH,青海华鼎,2013-06-26,6.54,6.45,6.56,6.29,6.52,30511925,195423606,-0.02,-0.3058,6.4048,12.8824,1544262000,N/A,1544262000,236850000,0,236850000,-32.1357,2.1278,1.3546,-11.4468,
600243.SH,青海华鼎,2013-06-27,6.52,6.5,6.71,6.41,6.47,27350280,179112753,-0.05,-0.7669,6.5488,11.5475,1532419500,N/A,1532419500,236850000,0,236850000,-31.8892,2.1115,1.3442,-11.359,
600243.SH,青海华鼎,2013-06-28,6.47,6.44,6.5,6.08,6.27,20119395,126552809,-0.2,-3.0912,6.2901,8.4946,1485049500,N/A,1485049500,236850000,0,236850000,-30.9035,2.0463,1.3026,-11.0079,
600243.SH,青海华鼎,2013-07-01,6.27,6.23,6.23,5.78,5.89,18917593,111373549,-0.38,-6.0606,5.8873,7.9872,1395046500,N/A,1395046500,236850000,0,236850000,-29.0306,1.9222,1.2237,-10.3407,
600243.SH,青海华鼎,2013-07-02,5.89,5.79,5.79,5.53,5.73,16136263,90859844,-0.16,-2.7165,5.6308,6.8129,1357150500,N/A,1357150500,236850000,0,236850000,-28.2419,1.87,1.1904,-10.0598,
600243.SH,青海华鼎,2013-07-03,5.73,5.64,5.65,5.39,5.46,10792897,59301816,-0.27,-4.712,5.4945,4.5568,1293201000,N/A,1293201000,236850000,0,236850000,-26.9112,1.7819,1.1343,-9.5858,
600243.SH,青海华鼎,2013-07-04,5.46,5.41,5.55,5.33,5.45,8839174,48359394,-0.01,-0.1832,5.471,3.732,1290832500,N/A,1290832500,236850000,0,236850000,-26.8619,1.7786,1.1323,-9.5682,
600243.SH,青海华鼎,2013-07-05,5.45,5.48,5.62,5.46,5.5,8663777,48042905,0.05,0.9174,5.5453,3.6579,1302675000,N/A,1302675000,236850000,0,236850000,-27.1083,1.795,1.1427,-9.656,
600243.SH,青海华鼎,2013-07-08,5.5,5.4,5.4,5.06,5.07,7823934,40278955,-0.43,-7.8182,5.1482,3.3033,1200829500,N/A,1200829500,236850000,0,236850000,-24.9889,1.6546,1.0533,-8.9011,
600243.SH,青海华鼎,2013-07-09,5.07,5,5.13,5,5.1,3830225,19488296,0.03,0.5917,5.088,1.6172,1207935000,N/A,1207935000,236850000,0,236850000,-25.1368,1.6644,1.0596,-8.9538,
600243.SH,青海华鼎,2013-07-10,5.1,5.11,5.35,5.07,5.3,6554282,34217438,0.2,3.9216,5.2206,2.7673,1255305000,N/A,1255305000,236850000,0,236850000,-26.1226,1.7297,1.1011,-9.3049,
600243.SH,青海华鼎,2013-07-11,5.3,5.31,5.48,5.24,5.41,7883945,42616608,0.11,2.0755,5.4055,3.3287,1281358500,N/A,1281358500,236850000,0,236850000,-26.6647,1.7656,1.124,-9.498,
600243.SH,青海华鼎,2013-07-12,5.41,5.4,5.47,5.25,5.29,6563131,35223310,-0.12,-2.2181,5.3668,2.771,1252936500,N/A,1252936500,236850000,0,236850000,-26.0733,1.7264,1.099,-9.2873,
600243.SH,青海华鼎,2013-07-15,5.29,5.33,5.65,5.26,5.57,9004902,49225896,0.28,5.293,5.4666,3.8019,1319254500,N/A,1319254500,236850000,0,236850000,-27.4533,1.8178,1.1572,-9.7789,
600243.SH,青海华鼎,2013-07-16,5.57,5.52,5.72,5.5,5.64,8551647,47992375,0.07,1.2567,5.6121,3.6106,1335834000,N/A,1335834000,236850000,0,236850000,-27.7984,1.8407,1.1717,-9.9018,
600243.SH,青海华鼎,2013-07-17,5.64,5.6,5.7,5.41,5.52,6669422,37115403,-0.12,-2.1277,5.565,2.8159,1307412000,N/A,1307412000,236850000,0,236850000,-27.2069,1.8015,1.1468,-9.6911,
600243.SH,青海华鼎,2013-07-18,5.52,5.52,5.82,5.44,5.69,11643946,66523323,0.17,3.0797,5.7131,4.9162,1347676500,N/A,1347676500,236850000,0,236850000,-28.0448,1.857,1.1821,-9.9896,
600243.SH,青海华鼎,2013-07-19,5.69,5.7,5.75,5.38,5.39,8893459,49480618,-0.3,-5.2724,5.5637,3.7549,1276621500,N/A,1276621500,236850000,0,236850000,-26.5662,1.7591,1.1198,-9.4629,
600243.SH,青海华鼎,2013-07-22,5.39,5.3,5.47,5.16,5.47,5247345,28019415,0.08,1.4842,5.3397,2.2155,1295569500,N/A,1295569500,236850000,0,236850000,-26.9605,1.7852,1.1364,-9.6033,
600243.SH,青海华鼎,2013-07-23,5.47,5.45,5.63,5.41,5.62,6626463,36865531,0.15,2.7422,5.5634,2.7977,1331097000,N/A,1331097000,236850000,0,236850000,-27.6998,1.8341,1.1676,-9.8667,
600243.SH,青海华鼎,2013-07-24,5.62,5.61,5.86,5.54,5.83,8977379,50998481,0.21,3.7367,5.6808,3.7903,1380835500,N/A,1380835500,236850000,0,236850000,-28.7348,1.9027,1.2112,-10.2354,
600243.SH,青海华鼎,2013-07-25,5.83,5.96,6.04,5.67,5.68,12114525,71131833,-0.15,-2.5729,5.8716,5.1149,1345308000,N/A,1345308000,236850000,0,236850000,-27.9955,1.8537,1.1801,-9.972,
600243.SH,青海华鼎,2013-07-26,5.68,5.61,5.68,5.46,5.51,5681727,31629854,-0.17,-2.993,5.5669,2.3989,1305043500,N/A,1305043500,236850000,0,236850000,-27.1576,1.7982,1.1447,-9.6736,
600243.SH,青海华鼎,2013-07-29,5.51,5.48,5.48,5.27,5.34,5107759,27316740,-0.17,-3.0853,5.3481,2.1565,1264779000,N/A,1264779000,236850000,0,236850000,-26.3197,1.7427,1.1094,-9.3751,
600243.SH,青海华鼎,2013-07-30,5.34,5.35,5.41,5.1,5.32,4564001,24222645,-0.02,-0.3745,5.3073,1.927,1260042000,N/A,1260042000,236850000,0,236850000,-26.2211,1.7362,1.1053,-9.34,
600243.SH,青海华鼎,2013-07-31,5.32,5.34,5.4,5.29,5.29,3452094,18492999,-0.03,-0.5639,5.357,1.4575,1252936500,N/A,1252936500,236850000,0,236850000,-26.0733,1.7264,1.099,-9.2873,
600243.SH,青海华鼎,2013-08-01,5.29,5.29,5.49,5.29,5.48,4522465,24452988,0.19,3.5917,5.407,1.9094,1297938000,N/A,1297938000,236850000,0,236850000,-27.0098,1.7884,1.1385,-9.6209,
600243.SH,青海华鼎,2013-08-02,5.48,5.48,5.56,5.43,5.52,4506249,24767306,0.04,0.7299,5.4962,1.9026,1307412000,N/A,1307412000,236850000,0,236850000,-27.2069,1.8015,1.1468,-9.6911,
600243.SH,青海华鼎,2013-08-05,5.52,5.52,5.59,5.48,5.56,5012987,27843175,0.04,0.7246,5.5542,2.1165,1316886000,N/A,1316886000,236850000,0,236850000,-27.4041,1.8145,1.1551,-9.7613,
600243.SH,青海华鼎,2013-08-06,5.56,5.56,5.62,5.46,5.61,5293899,29323741,0.05,0.8993,5.5392,2.2351,1328728500,N/A,1328728500,236850000,0,236850000,-27.6505,1.8309,1.1655,-9.8491,
600243.SH,青海华鼎,2013-08-07,5.61,5.58,5.64,5.53,5.57,4249578,23745770,-0.04,-0.713,5.5878,1.7942,1319254500,N/A,1319254500,236850000,0,236850000,-27.4533,1.8178,1.1572,-9.7789,
600243.SH,青海华鼎,2013-08-08,5.57,5.55,5.61,5.46,5.52,3678311,20334235,-0.05,-0.8977,5.5281,1.553,1307412000,N/A,1307412000,236850000,0,236850000,-27.2069,1.8015,1.1468,-9.6911,
600243.SH,青海华鼎,2013-08-09,5.52,5.5,5.58,5.48,5.54,2792095,15451142,0.02,0.3623,5.5339,1.1788,1312149000,N/A,1312149000,236850000,0,236850000,-27.3055,1.808,1.151,-9.7262,
600243.SH,青海华鼎,2013-08-12,5.54,5.59,5.65,5.55,5.65,4783582,26889777,0.11,1.9856,5.6213,2.0197,1338202500,N/A,1338202500,236850000,0,236850000,-27.8476,1.8439,1.1738,-9.9194,
600243.SH,青海华鼎,2013-08-13,5.65,5.67,5.74,5.65,5.7,4502009,25590479,0.05,0.885,5.6842,1.9008,1350045000,N/A,1350045000,236850000,0,236850000,-28.0941,1.8602,1.1842,-10.0071,
600243.SH,青海华鼎,2013-08-14,5.7,5.7,5.75,5.63,5.66,4913326,27965655,-0.04,-0.7018,5.6918,2.0744,1340571000,N/A,1340571000,236850000,0,236850000,-27.8969,1.8472,1.1759,-9.9369,
600243.SH,青海华鼎,2013-08-15,5.66,5.66,5.94,5.6,5.75,9453908,54514113,0.09,1.5901,5.7663,3.9915,1361887500,N/A,1361887500,236850000,0,236850000,-28.3405,1.8766,1.1946,-10.0949,
600243.SH,青海华鼎,2013-08-16,5.75,5.7,5.92,5.51,5.53,6148862,35072409,-0.22,-3.8261,5.7039,2.5961,1309780500,N/A,1309780500,236850000,0,236850000,-27.2562,1.8048,1.1489,-9.7087,
600243.SH,青海华鼎,2013-08-19,5.53,5.47,5.65,5.42,5.63,3045099,17024556,0.1,1.8083,5.5908,1.2857,1333465500,N/A,1333465500,236850000,0,236850000,-27.7491,1.8374,1.1697,-9.8842,
600243.SH,青海华鼎,2013-08-20,5.63,5.62,5.82,5.56,5.69,4645695,26540605,0.06,1.0657,5.7129,1.9615,1347676500,N/A,1347676500,236850000,0,236850000,-28.0448,1.857,1.1821,-9.9896,
600243.SH,青海华鼎,2013-08-21,5.69,5.68,5.72,5.6,5.68,3066743,17301440,-0.01,-0.1757,5.6416,1.2948,1345308000,N/A,1345308000,236850000,0,236850000,-27.9955,1.8537,1.1801,-9.972,
600243.SH,青海华鼎,2013-08-22,5.68,5.67,5.75,5.62,5.71,3913702,22267411,0.03,0.5282,5.6896,1.6524,1352413500,N/A,1352413500,236850000,0,236850000,-28.1434,1.8635,1.1863,-10.0247,
600243.SH,青海华鼎,2013-08-23,5.71,5.71,5.74,5.49,5.59,4800746,26929504,-0.12,-2.1016,5.6094,2.0269,1323991500,N/A,1323991500,236850000,0,236850000,-27.5519,1.8243,1.1614,-9.814,
600243.SH,青海华鼎,2013-08-26,5.59,5.59,5.72,5.57,5.7,3807047,21506645,0.11,1.9678,5.6492,1.6074,1350045000,N/A,1350045000,236850000,0,236850000,-28.0941,1.8602,1.1842,-10.0071,
600243.SH,青海华鼎,2013-08-27,5.7,5.68,5.85,5.66,5.85,6930641,39970785,0.15,2.6316,5.7673,2.9262,1385572500,N/A,1385572500,236850000,0,236850000,-28.8334,1.9092,1.2154,-10.2705,
600243.SH,青海华鼎,2013-08-28,5.85,5.8,5.92,5.74,5.87,7056767,41238107,0.02,0.3419,5.8438,2.9794,1390309500,N/A,1390309500,236850000,0,236850000,-28.932,1.9157,1.2195,-10.3056,
600243.SH,青海华鼎,2013-08-29,5.87,5.85,5.89,5.71,5.82,4174914,24199736,-0.05,-0.8518,5.7965,1.7627,1378467000,N/A,1378467000,236850000,0,236850000,-28.6855,1.8994,1.2091,-10.2178,
600243.SH,青海华鼎,2013-08-30,5.82,5.83,5.92,5.77,5.82,5003747,29195366,0,0,5.8347,2.1126,1378467000,N/A,1378467000,236850000,0,236850000,-28.6855,1.8994,1.2091,-10.2178,
600243.SH,青海华鼎,2013-09-02,5.82,5.82,5.94,5.8,5.94,5351771,31500231,0.12,2.0619,5.8859,2.2596,1406889000,N/A,1406889000,236850000,0,236850000,-29.277,1.9386,1.2341,-10.4285,
600243.SH,青海华鼎,2013-09-03,5.94,5.94,6.1,5.89,6.09,7680525,46095267,0.15,2.5253,6.0016,3.2428,1442416500,N/A,1442416500,236850000,0,236850000,-30.0163,1.9875,1.2652,-10.6918,
600243.SH,青海华鼎,2013-09-04,6.09,6.08,6.08,5.91,5.97,5465323,32658537,-0.12,-1.9704,5.9756,2.3075,1413994500,N/A,1413994500,236850000,0,236850000,-29.4249,1.9484,1.2403,-10.4812,
600243.SH,青海华鼎,2013-09-05,5.97,5.98,6.03,5.85,6,6290536,37233359,0.03,0.5025,5.9189,2.6559,1421100000,N/A,1421100000,236850000,0,236850000,-29.5727,1.9581,1.2465,-10.5338,
600243.SH,青海华鼎,2013-09-06,6,5.98,6.18,5.91,6.1,5922093,35956267,0.1,1.6667,6.0715,2.5004,1444785000,N/A,1444785000,236850000,0,236850000,-30.0656,1.9908,1.2673,-10.7094,
600243.SH,青海华鼎,2013-09-09,6.1,6.07,6.17,6.03,6.09,5040427,30769781,-0.01,-0.1639,6.1046,2.1281,1442416500,N/A,1442416500,236850000,0,236850000,-30.0163,1.9875,1.2652,-10.6918,
600243.SH,青海华鼎,2013-09-10,6.09,6.1,6.19,6.01,6.12,4994334,30429220,0.03,0.4926,6.0927,2.1086,1449522000,N/A,1449522000,236850000,0,236850000,-30.1642,1.9973,1.2715,-10.7445,
600243.SH,青海华鼎,2013-09-11,6.12,6.12,6.27,6.08,6.23,6047402,37525637,0.11,1.7974,6.2052,2.5533,1475575500,N/A,1475575500,236850000,0,236850000,-30.7063,2.0332,1.2943,-10.9376,
600243.SH,青海华鼎,2013-09-12,6.23,6.23,6.39,6.17,6.35,5993872,37843193,0.12,1.9262,6.3136,2.5307,1503997500,N/A,1503997500,236850000,0,236850000,-31.2978,2.0724,1.3192,-11.1483,
600243.SH,青海华鼎,2013-09-13,6.35,6.33,6.42,6.16,6.16,5342728,33455414,-0.19,-2.9921,6.2619,2.2557,1458996000,N/A,1458996000,236850000,0,236850000,-30.3613,2.0104,1.2798,-10.8147,
600243.SH,青海华鼎,2013-09-16,6.16,6.16,6.2,5.97,6.01,5922696,35754984,-0.15,-2.4351,6.0369,2.5006,1423468500,N/A,1423468500,236850000,0,236850000,-29.622,1.9614,1.2486,-10.5514,
600243.SH,青海华鼎,2013-09-17,6.01,6,6.04,5.85,5.87,4622791,27458395,-0.14,-2.3295,5.9398,1.9518,1390309500,N/A,1390309500,236850000,0,236850000,-28.932,1.9157,1.2195,-10.3056,
600243.SH,青海华鼎,2013-09-18,5.87,5.87,6.02,5.85,5.96,3211855,19062311,0.09,1.5332,5.935,1.3561,1411626000,N/A,1411626000,236850000,0,236850000,-29.3756,1.9451,1.2382,-10.4636,
600243.SH,青海华鼎,2013-09-23,5.96,5.96,6.09,5.93,6.07,3477551,20991975,0.11,1.8456,6.0364,1.4683,1437679500,N/A,1437679500,236850000,0,236850000,-29.9177,1.981,1.2611,-10.6567,
600243.SH,青海华鼎,2013-09-24,6.07,6.08,6.14,6,6.12,4349685,26470034,0.05,0.8237,6.0855,1.8365,1449522000,N/A,1449522000,236850000,0,236850000,-30.1642,1.9973,1.2715,-10.7445,
600243.SH,青海华鼎,2013-09-25,6.12,6.13,6.13,5.93,5.97,3469402,20878692,-0.15,-2.451,6.018,1.4648,1413994500,N/A,1413994500,236850000,0,236850000,-29.4249,1.9484,1.2403,-10.4812,
600243.SH,青海华鼎,2013-09-26,5.97,5.92,5.95,5.68,5.68,4161698,24102057,-0.29,-4.8576,5.7914,1.7571,1345308000,N/A,1345308000,236850000,0,236850000,-27.9955,1.8537,1.1801,-9.972,
600243.SH,青海华鼎,2013-09-27,5.68,5.68,5.75,5.65,5.72,1833984,10478820,0.04,0.7042,5.7137,0.7743,1354782000,N/A,1354782000,236850000,0,236850000,-28.1927,1.8668,1.1884,-10.0422,
600243.SH,青海华鼎,2013-09-30,5.72,5.78,5.85,5.77,5.83,1974787,11458842,0.11,1.9231,5.8026,0.8338,1380835500,N/A,1380835500,236850000,0,236850000,-28.7348,1.9027,1.2112,-10.2354,
600243.SH,青海华鼎,2013-10-08,5.83,5.82,5.9,5.76,5.87,2283887,13355810,0.04,0.6861,5.8478,0.9643,1390309500,N/A,1390309500,236850000,0,236850000,-28.932,1.9157,1.2195,-10.3056,
600243.SH,青海华鼎,2013-10-09,5.87,5.87,6.07,5.85,6.05,5373023,32263979,0.18,3.0664,6.0048,2.2685,1432942500,N/A,1432942500,236850000,0,236850000,-29.8192,1.9745,1.2569,-10.6216,
600243.SH,青海华鼎,2013-10-10,6.05,6.05,6.05,5.9,5.94,2902731,17298294,-0.11,-1.8182,5.9593,1.2256,1406889000,N/A,1406889000,236850000,0,236850000,-29.277,1.9386,1.2341,-10.4285,
600243.SH,青海华鼎,2013-10-11,5.94,5.93,6.03,5.93,5.99,3178944,18978284,0.05,0.8418,5.97,1.3422,1418731500,N/A,1418731500,236850000,0,236850000,-29.5234,1.9549,1.2445,-10.5163,
600243.SH,青海华鼎,2013-10-14,5.99,6.07,6.25,6.05,6.17,7032286,43312613,0.18,3.005,6.1591,2.9691,1461364500,N/A,1461364500,236850000,0,236850000,-30.4106,2.0136,1.2819,-10.8323,
600243.SH,青海华鼎,2013-10-15,6.17,6.15,6.15,6.01,6.09,4102001,24856127,-0.08,-1.2966,6.0595,1.7319,1442416500,N/A,1442416500,236850000,0,236850000,-30.0163,1.9875,1.2652,-10.6918,
600243.SH,青海华鼎,2013-10-16,6.09,6.04,6.04,5.83,5.85,3176808,18783927,-0.24,-3.9409,5.9128,1.3413,1385572500,N/A,1385572500,236850000,0,236850000,-28.8334,1.9092,1.2154,-10.2705,
600243.SH,青海华鼎,2013-10-17,5.85,5.85,5.96,5.84,5.88,2920102,17207844,0.03,0.5128,5.8929,1.2329,1392678000,N/A,1392678000,236850000,0,236850000,-28.9813,1.919,1.2216,-10.3232,
600243.SH,青海华鼎,2013-10-18,5.88,5.88,5.95,5.8,5.94,2093769,12270187,0.06,1.0204,5.8603,0.884,1406889000,N/A,1406889000,236850000,0,236850000,-29.277,1.9386,1.2341,-10.4285,
600243.SH,青海华鼎,2013-10-21,5.94,5.92,6.06,5.89,6.04,2766006,16557920,0.1,1.6835,5.9862,1.1678,1430574000,N/A,1430574000,236850000,0,236850000,-29.7699,1.9712,1.2548,-10.6041,
600243.SH,青海华鼎,2013-10-22,6.04,6.04,6.14,6,6.1,5646188,34373628,0.06,0.9934,6.0879,2.3839,1444785000,N/A,1444785000,236850000,0,236850000,-30.0656,1.9908,1.2673,-10.7094,
600243.SH,青海华鼎,2013-10-23,6.1,6.05,6.14,5.89,5.99,3980430,23905236,-0.11,-1.8033,6.0057,1.6806,1418731500,N/A,1418731500,236850000,0,236850000,-29.5234,1.9549,1.2445,-10.5163,
600243.SH,青海华鼎,2013-10-24,5.99,5.91,6.2,5.9,6.19,7187372,43868484,0.2,3.3389,6.1035,3.0346,1466101500,N/A,1466101500,236850000,0,236850000,-30.5092,2.0201,1.286,-10.8674,
600243.SH,青海华鼎,2013-10-25,6.19,6.19,6.21,6.02,6.09,4806911,29413670,-0.1,-1.6155,6.119,2.0295,1442416500,N/A,1442416500,236850000,0,236850000,-30.0163,1.9875,1.2652,-10.6918,
600243.SH,青海华鼎,2013-10-28,6.09,6.09,6.14,5.97,6.09,3026866,18299906,0,0,6.0458,1.278,1442416500,N/A,1442416500,236850000,0,236850000,-30.0163,1.9875,1.2652,-10.6918,
600243.SH,青海华鼎,2013-10-29,6.09,6.15,6.25,5.87,6.14,6824412,41382255,0.05,0.821,6.0639,2.8813,1454259000,N/A,1454259000,236850000,0,236850000,-30.2627,2.0038,1.2756,-10.7796,
600243.SH,青海华鼎,2013-10-30,6.14,6.15,6.55,6.1,6.46,13280178,84741746,0.32,5.2117,6.3811,5.607,1530051000,N/A,1530051000,236850000,0,236850000,-31.84,2.1083,1.3421,-11.3414,
600243.SH,青海华鼎,2013-10-31,6.46,6.46,6.64,6.33,6.52,9850381,63970711,0.06,0.9288,6.4942,4.1589,1544262000,N/A,1544262000,236850000,0,236850000,-32.1357,2.1278,1.3546,-11.4468,
600243.SH,青海华鼎,2013-11-01,6.52,6.48,6.49,6.31,6.39,4638016,29676546,-0.13,-1.9939,6.3985,1.9582,1513471500,N/A,1513471500,236850000,0,236850000,-31.4949,2.0854,1.3276,-11.2185,
600243.SH,青海华鼎,2013-11-04,6.39,6.38,6.81,6.36,6.69,9384865,62612018,0.3,4.6948,6.6716,3.9624,1584526500,N/A,1584526500,236850000,0,236850000,-32.9736,2.1833,1.3899,-11.7452,
600243.SH,青海华鼎,2013-11-05,6.69,6.69,6.82,6.57,6.73,6421663,42899957,0.04,0.5979,6.6805,2.7113,1594000500,N/A,1594000500,236850000,0,236850000,-33.1707,2.1964,1.3982,-11.8154,
600243.SH,青海华鼎,2013-11-06,6.73,6.69,6.74,6.46,6.49,7259807,47725293,-0.24,-3.5661,6.5739,3.0651,1537156500,N/A,1537156500,236850000,0,236850000,-31.9878,2.1181,1.3483,-11.3941,
600243.SH,青海华鼎,2013-11-07,6.49,6.41,6.59,6.24,6.27,4592809,29488252,-0.22,-3.3898,6.4205,1.9391,1485049500,N/A,1485049500,236850000,0,236850000,-30.9035,2.0463,1.3026,-11.0079,
600243.SH,青海华鼎,2013-11-08,6.27,6.26,6.46,6.22,6.41,3754957,23838101,0.14,2.2329,6.3484,1.5854,1518208500,N/A,1518208500,236850000,0,236850000,-31.5935,2.0919,1.3317,-11.2536,
600243.SH,青海华鼎,2013-11-11,6.41,6.41,6.66,6.33,6.59,4903595,32274860,0.18,2.8081,6.5819,2.0703,1560841500,N/A,1560841500,236850000,0,236850000,-32.4807,2.1507,1.3691,-11.5697,
600243.SH,青海华鼎,2013-11-12,6.59,6.61,6.64,6.41,6.55,3604568,23443576,-0.04,-0.607,6.5039,1.5219,1551367500,N/A,1551367500,236850000,0,236850000,-32.2836,2.1376,1.3608,-11.4994,
600243.SH,青海华鼎,2013-11-13,6.55,6.5,6.51,6.16,6.18,4517305,28640673,-0.37,-5.6489,6.3402,1.9072,1463733000,N/A,1463733000,236850000,0,236850000,-30.4599,2.0169,1.2839,-10.8498,
600243.SH,青海华鼎,2013-11-14,6.18,6.18,6.36,6.07,6.29,3464259,21645379,0.11,1.7799,6.2482,1.4626,1489786500,N/A,1489786500,236850000,0,236850000,-31.0021,2.0528,1.3068,-11.043,
600243.SH,青海华鼎,2013-11-15,6.29,6.25,6.49,6.17,6.4,4336620,27821508,0.11,1.7488,6.4155,1.831,1515840000,N/A,1515840000,236850000,0,236850000,-31.5442,2.0887,1.3296,-11.2361,
600243.SH,青海华鼎,2013-11-18,6.4,6.4,6.54,6.3,6.46,3345474,21658572,0.06,0.9375,6.474,1.4125,1530051000,N/A,1530051000,236850000,0,236850000,-31.84,2.1083,1.3421,-11.3414,
600243.SH,青海华鼎,2013-11-19,6.46,6.46,6.61,6.42,6.57,3862303,25318229,0.11,1.7028,6.5552,1.6307,1556104500,N/A,1556104500,236850000,0,236850000,-32.3821,2.1442,1.365,-11.5345,
600243.SH,青海华鼎,2013-11-20,6.57,6.54,6.66,6.52,6.57,3972823,26113028,0,0,6.5729,1.6774,1556104500,N/A,1556104500,236850000,0,236850000,-32.3821,2.1442,1.365,-11.5345,
600243.SH,青海华鼎,2013-11-21,6.57,6.53,6.54,6.36,6.45,3693225,23753211,-0.12,-1.8265,6.4316,1.5593,1527682500,N/A,1527682500,236850000,0,236850000,-31.7907,2.105,1.34,-11.3239,
600243.SH,青海华鼎,2013-11-22,6.45,6.44,6.56,6.39,6.41,2221743,14346384,-0.04,-0.6202,6.4573,0.938,1518208500,N/A,1518208500,236850000,0,236850000,-31.5935,2.0919,1.3317,-11.2536,
600243.SH,青海华鼎,2013-11-25,6.41,6.39,6.9,6.36,6.76,9773386,65656840,0.35,5.4602,6.7179,4.1264,1601106000,N/A,1601106000,236850000,0,236850000,-33.3186,2.2062,1.4044,-11.8681,
600243.SH,青海华鼎,2013-11-26,6.76,6.74,6.82,6.63,6.8,4953844,33297018,0.04,0.5917,6.7215,2.0916,1610580000,N/A,1610580000,236850000,0,236850000,-33.5157,2.2192,1.4127,-11.9383,
600243.SH,青海华鼎,2013-11-27,6.8,6.78,6.96,6.73,6.86,6500260,44716799,0.06,0.8824,6.8792,2.7445,1624791000,N/A,1624791000,236850000,0,236850000,-33.8115,2.2388,1.4252,-12.0437,
600243.SH,青海华鼎,2013-11-28,6.86,6.93,6.93,6.75,6.82,4687523,31962015,-0.04,-0.5831,6.8185,1.9791,1615317000,N/A,1615317000,236850000,0,236850000,-33.6143,2.2258,1.4169,-11.9735,
600243.SH,青海华鼎,2013-11-29,6.82,6.85,6.86,6.7,6.78,3580624,24212121,-0.04,-0.5865,6.762,1.5118,1605843000,N/A,1605843000,236850000,0,236850000,-33.4172,2.2127,1.4086,-11.9032,
600243.SH,青海华鼎,2013-12-02,6.78,6.6,6.72,6.13,6.34,7042570,45044279,-0.44,-6.4897,6.396,2.9734,1501629000,N/A,1501629000,236850000,0,236850000,-31.2485,2.0691,1.3172,-11.1307,
600243.SH,青海华鼎,2013-12-03,6.34,6.28,6.55,6.25,6.51,4969367,31985469,0.17,2.6814,6.4365,2.0981,1541893500,N/A,1541893500,236850000,0,236850000,-32.0864,2.1246,1.3525,-11.4292,
600243.SH,青海华鼎,2013-12-04,6.51,6.5,6.61,6.46,6.52,3305732,21687501,0.01,0.1536,6.5606,1.3957,1544262000,N/A,1544262000,236850000,0,236850000,-32.1357,2.1278,1.3546,-11.4468,
600243.SH,青海华鼎,2013-12-05,6.52,6.52,6.52,6.52,6.52,N/A,N/A,0,0,N/A,N/A,1544262000,N/A,1544262000,236850000,0,236850000,-32.1357,2.1278,1.3546,-11.4468,
600243.SH,青海华鼎,2013-12-06,6.52,6.52,6.52,6.52,6.52,N/A,N/A,0,0,N/A,N/A,1544262000,N/A,1544262000,236850000,0,236850000,-32.1357,2.1278,1.3546,-11.4468,
600243.SH,青海华鼎,2013-12-09,6.52,6.52,6.52,6.52,6.52,N/A,N/A,0,0,N/A,N/A,1544262000,N/A,1544262000,236850000,0,236850000,-32.1357,2.1278,1.3546,-11.4468,
600243.SH,青海华鼎,2013-12-10,6.52,6.52,6.52,6.52,6.52,N/A,N/A,0,0,N/A,N/A,1544262000,N/A,1544262000,236850000,0,236850000,-32.1357,2.1278,1.3546,-11.4468,
600243.SH,青海华鼎,2013-12-11,6.52,6.52,6.52,6.52,6.52,N/A,N/A,0,0,N/A,N/A,1544262000,N/A,1544262000,236850000,0,236850000,-32.1357,2.1278,1.3546,-11.4468,
600243.SH,青海华鼎,2013-12-12,6.52,6.52,6.52,6.52,6.52,N/A,N/A,0,0,N/A,N/A,1544262000,N/A,1544262000,236850000,0,236850000,-32.1357,2.1278,1.3546,-11.4468,
600243.SH,青海华鼎,2013-12-13,6.52,6.52,6.52,6.52,6.52,N/A,N/A,0,0,N/A,N/A,1544262000,N/A,1544262000,236850000,0,236850000,-32.1357,2.1278,1.3546,-11.4468,
600243.SH,青海华鼎,2013-12-16,6.52,6.52,6.52,6.52,6.52,N/A,N/A,0,0,N/A,N/A,1544262000,N/A,1544262000,236850000,0,236850000,-32.1357,2.1278,1.3546,-11.4468,
600243.SH,青海华鼎,2013-12-17,6.52,6.52,6.52,6.52,6.52,N/A,N/A,0,0,N/A,N/A,1544262000,N/A,1544262000,236850000,0,236850000,-32.1357,2.1278,1.3546,-11.4468,
600243.SH,青海华鼎,2013-12-18,6.52,6.52,6.52,6.52,6.52,N/A,N/A,0,0,N/A,N/A,1544262000,N/A,1544262000,236850000,0,236850000,-32.1357,2.1278,1.3546,-11.4468,
600243.SH,青海华鼎,2013-12-19,6.52,6.52,6.52,6.52,6.52,N/A,N/A,0,0,N/A,N/A,1544262000,N/A,1544262000,236850000,0,236850000,-32.1357,2.1278,1.3546,-11.4468,
600243.SH,青海华鼎,2013-12-20,6.52,6.52,6.52,6.52,6.52,N/A,N/A,0,0,N/A,N/A,1544262000,N/A,1544262000,236850000,0,236850000,-32.1357,2.1278,1.3546,-11.4468,
600243.SH,青海华鼎,2013-12-23,6.52,6.52,6.52,6.52,6.52,N/A,N/A,0,0,N/A,N/A,1544262000,N/A,1544262000,236850000,0,236850000,-32.1357,2.1278,1.3546,-11.4468,
600243.SH,青海华鼎,2013-12-24,6.52,6.52,6.52,6.52,6.52,N/A,N/A,0,0,N/A,N/A,1544262000,N/A,1544262000,236850000,0,236850000,-32.1357,2.1278,1.3546,-11.4468,
600243.SH,青海华鼎,2013-12-25,6.52,6.52,6.52,6.52,6.52,N/A,N/A,0,0,N/A,N/A,1544262000,N/A,1544262000,236850000,0,236850000,-32.1357,2.1278,1.3546,-11.4468,
600243.SH,青海华鼎,2013-12-26,6.52,6.52,6.52,6.52,6.52,N/A,N/A,0,0,N/A,N/A,1544262000,N/A,1544262000,236850000,0,236850000,-32.1357,2.1278,1.3546,-11.4468,
600243.SH,青海华鼎,2013-12-27,6.52,6.52,6.52,6.52,6.52,N/A,N/A,0,0,N/A,N/A,1544262000,N/A,1544262000,236850000,0,236850000,-32.1357,2.1278,1.3546,-11.4468,
600243.SH,青海华鼎,2013-12-30,6.52,6.52,6.52,6.52,6.52,N/A,N/A,0,0,N/A,N/A,1544262000,N/A,1544262000,236850000,0,236850000,-32.1357,2.1278,1.3546,-11.4468,
600243.SH,青海华鼎,2013-12-31,6.52,6.52,6.52,6.52,6.52,N/A,N/A,0,0,N/A,N/A,1544262000,N/A,1544262000,236850000,0,236850000,-32.1357,2.1278,1.3546,-11.4468,
600243.SH,青海华鼎,2014-01-02,6.52,6.52,6.52,6.52,6.52,N/A,N/A,0,0,N/A,N/A,1544262000,N/A,1544262000,236850000,0,236850000,100.9735,2.0842,1.4102,12.7397,
600243.SH,青海华鼎,2014-01-03,6.52,6.52,6.52,6.52,6.52,N/A,N/A,0,0,N/A,N/A,1544262000,N/A,1544262000,236850000,0,236850000,100.9735,2.0842,1.4102,12.7397,
600243.SH,青海华鼎,2014-01-06,6.52,6.52,6.52,6.52,6.52,N/A,N/A,0,0,N/A,N/A,1544262000,N/A,1544262000,236850000,0,236850000,100.9735,2.0842,1.4102,12.7397,
600243.SH,青海华鼎,2014-01-07,6.52,6.52,6.52,6.52,6.52,N/A,N/A,0,0,N/A,N/A,1544262000,N/A,1544262000,236850000,0,236850000,100.9735,2.0842,1.4102,12.7397,
600243.SH,青海华鼎,2014-01-08,6.52,6.52,6.52,6.52,6.52,N/A,N/A,0,0,N/A,N/A,1544262000,N/A,1544262000,236850000,0,236850000,100.9735,2.0842,1.4102,12.7397,
600243.SH,青海华鼎,2014-01-09,6.52,6.52,6.52,6.52,6.52,N/A,N/A,0,0,N/A,N/A,1544262000,N/A,1544262000,236850000,0,236850000,100.9735,2.0842,1.4102,12.7397,
600243.SH,青海华鼎,2014-01-10,6.52,6.52,6.52,6.52,6.52,N/A,N/A,0,0,N/A,N/A,1544262000,N/A,1544262000,236850000,0,236850000,100.9735,2.0842,1.4102,12.7397,
600243.SH,青海华鼎,2014-01-13,6.52,6.52,6.52,6.52,6.52,N/A,N/A,0,0,N/A,N/A,1544262000,N/A,1544262000,236850000,0,236850000,100.9735,2.0842,1.4102,12.7397,
600243.SH,青海华鼎,2014-01-14,6.52,6.52,6.52,6.52,6.52,N/A,N/A,0,0,N/A,N/A,1544262000,N/A,1544262000,236850000,0,236850000,100.9735,2.0842,1.4102,12.7397,
600243.SH,青海华鼎,2014-01-15,6.52,6.52,6.52,6.52,6.52,N/A,N/A,0,0,N/A,N/A,1544262000,N/A,1544262000,236850000,0,236850000,100.9735,2.0842,1.4102,12.7397,
600243.SH,青海华鼎,2014-01-16,6.52,6.52,6.52,6.52,6.52,N/A,N/A,0,0,N/A,N/A,1544262000,N/A,1544262000,236850000,0,236850000,100.9735,2.0842,1.4102,12.7397,
600243.SH,青海华鼎,2014-01-17,6.52,6.52,6.52,6.52,6.52,N/A,N/A,0,0,N/A,N/A,1544262000,N/A,1544262000,236850000,0,236850000,100.9735,2.0842,1.4102,12.7397,
600243.SH,青海华鼎,2014-01-20,6.52,6.52,6.52,6.52,6.52,N/A,N/A,0,0,N/A,N/A,1544262000,N/A,1544262000,236850000,0,236850000,100.9735,2.0842,1.4102,12.7397,
600243.SH,青海华鼎,2014-01-21,6.52,6.52,6.52,6.52,6.52,N/A,N/A,0,0,N/A,N/A,1544262000,N/A,1544262000,236850000,0,236850000,100.9735,2.0842,1.4102,12.7397,
600243.SH,青海华鼎,2014-01-22,6.52,6.52,6.52,6.52,6.52,N/A,N/A,0,0,N/A,N/A,1544262000,N/A,1544262000,236850000,0,236850000,100.9735,2.0842,1.4102,12.7397,
600243.SH,青海华鼎,2014-01-23,6.52,6.52,6.52,6.52,6.52,N/A,N/A,0,0,N/A,N/A,1544262000,N/A,1544262000,236850000,0,236850000,100.9735,2.0842,1.4102,12.7397,
600243.SH,青海华鼎,2014-01-24,6.52,6.52,6.52,6.52,6.52,N/A,N/A,0,0,N/A,N/A,1544262000,N/A,1544262000,236850000,0,236850000,100.9735,2.0842,1.4102,12.7397,
600243.SH,青海华鼎,2014-01-27,6.52,6.52,6.52,6.52,6.52,N/A,N/A,0,0,N/A,N/A,1544262000,N/A,1544262000,236850000,0,236850000,100.9735,2.0842,1.4102,12.7397,
600243.SH,青海华鼎,2014-01-28,6.52,6.52,6.52,6.52,6.52,N/A,N/A,0,0,N/A,N/A,1544262000,N/A,1544262000,236850000,0,236850000,100.9735,2.0842,1.4102,12.7397,
600243.SH,青海华鼎,2014-01-29,6.52,6.52,6.52,6.52,6.52,N/A,N/A,0,0,N/A,N/A,1544262000,N/A,1544262000,236850000,0,236850000,100.9735,2.0842,1.4102,12.7397,
600243.SH,青海华鼎,2014-01-30,6.52,6.52,6.52,6.52,6.52,N/A,N/A,0,0,N/A,N/A,1544262000,N/A,1544262000,236850000,0,236850000,100.9735,2.0842,1.4102,12.7397,
600243.SH,青海华鼎,2014-02-07,6.52,6.52,6.52,6.52,6.52,N/A,N/A,0,0,N/A,N/A,1544262000,N/A,1544262000,236850000,0,236850000,100.9735,2.0842,1.4102,12.7397,
600243.SH,青海华鼎,2014-02-10,6.52,6.52,6.52,6.52,6.52,N/A,N/A,0,0,N/A,N/A,1544262000,N/A,1544262000,236850000,0,236850000,100.9735,2.0842,1.4102,12.7397,
600243.SH,青海华鼎,2014-02-11,6.52,6.52,6.52,6.52,6.52,N/A,N/A,0,0,N/A,N/A,1544262000,N/A,1544262000,236850000,0,236850000,100.9735,2.0842,1.4102,12.7397,
600243.SH,青海华鼎,2014-02-12,6.52,6.52,6.52,6.52,6.52,N/A,N/A,0,0,N/A,N/A,1544262000,N/A,1544262000,236850000,0,236850000,100.9735,2.0842,1.4102,12.7397,
600243.SH,青海华鼎,2014-02-13,6.52,6.52,6.52,6.52,6.52,N/A,N/A,0,0,N/A,N/A,1544262000,N/A,1544262000,236850000,0,236850000,100.9735,2.0842,1.4102,12.7397,
600243.SH,青海华鼎,2014-02-14,6.52,6.52,6.52,6.52,6.52,N/A,N/A,0,0,N/A,N/A,1544262000,N/A,1544262000,236850000,0,236850000,100.9735,2.0842,1.4102,12.7397,
600243.SH,青海华鼎,2014-02-17,6.52,6.52,6.52,6.52,6.52,N/A,N/A,0,0,N/A,N/A,1544262000,N/A,1544262000,236850000,0,236850000,100.9735,2.0842,1.4102,12.7397,
600243.SH,青海华鼎,2014-02-18,6.52,6.52,6.52,6.52,6.52,N/A,N/A,0,0,N/A,N/A,1544262000,N/A,1544262000,236850000,0,236850000,100.9735,2.0842,1.4102,12.7397,
600243.SH,青海华鼎,2014-02-19,6.52,6.52,6.52,6.52,6.52,N/A,N/A,0,0,N/A,N/A,1544262000,N/A,1544262000,236850000,0,236850000,100.9735,2.0842,1.4102,12.7397,
600243.SH,青海华鼎,2014-02-20,6.52,6.52,6.52,6.52,6.52,N/A,N/A,0,0,N/A,N/A,1544262000,N/A,1544262000,236850000,0,236850000,100.9735,2.0842,1.4102,12.7397,
600243.SH,青海华鼎,2014-02-21,6.52,6.52,6.52,6.52,6.52,N/A,N/A,0,0,N/A,N/A,1544262000,N/A,1544262000,236850000,0,236850000,100.9735,2.0842,1.4102,12.7397,
600243.SH,青海华鼎,2014-02-24,6.52,6.52,6.52,6.52,6.52,N/A,N/A,0,0,N/A,N/A,1544262000,N/A,1544262000,236850000,0,236850000,100.9735,2.0842,1.4102,12.7397,
600243.SH,青海华鼎,2014-02-25,6.52,6.52,6.52,6.52,6.52,N/A,N/A,0,0,N/A,N/A,1544262000,N/A,1544262000,236850000,0,236850000,100.9735,2.0842,1.4102,12.7397,
600243.SH,青海华鼎,2014-02-26,6.52,6.52,6.52,6.52,6.52,N/A,N/A,0,0,N/A,N/A,1544262000,N/A,1544262000,236850000,0,236850000,100.9735,2.0842,1.4102,12.7397,
600243.SH,青海华鼎,2014-02-27,6.52,6.52,6.52,6.52,6.52,N/A,N/A,0,0,N/A,N/A,1544262000,N/A,1544262000,236850000,0,236850000,100.9735,2.0842,1.4102,12.7397,
600243.SH,青海华鼎,2014-02-28,6.52,6.52,6.52,6.52,6.52,N/A,N/A,0,0,N/A,N/A,1544262000,N/A,1544262000,236850000,0,236850000,100.9735,2.0842,1.4102,12.7397,
600243.SH,青海华鼎,2014-03-03,6.52,6.52,6.52,6.52,6.52,N/A,N/A,0,0,N/A,N/A,1544262000,N/A,1544262000,236850000,0,236850000,100.9735,2.0842,1.4102,12.7397,
600243.SH,青海华鼎,2014-03-04,6.52,6.52,6.52,6.52,6.52,N/A,N/A,0,0,N/A,N/A,1544262000,N/A,1544262000,236850000,0,236850000,100.9735,2.0842,1.4102,12.7397,
600243.SH,青海华鼎,2014-03-05,6.52,6.52,6.52,6.52,6.52,N/A,N/A,0,0,N/A,N/A,1544262000,N/A,1544262000,236850000,0,236850000,100.9735,2.0842,1.4102,12.7397,
600243.SH,青海华鼎,2014-03-06,6.52,6.52,6.52,6.52,6.52,N/A,N/A,0,0,N/A,N/A,1544262000,N/A,1544262000,236850000,0,236850000,100.9735,2.0842,1.4102,12.7397,
600243.SH,青海华鼎,2014-03-07,6.52,6.52,6.52,6.52,6.52,N/A,N/A,0,0,N/A,N/A,1544262000,N/A,1544262000,236850000,0,236850000,100.9735,2.0842,1.4102,12.7397,
600243.SH,青海华鼎,2014-03-10,6.52,6.52,6.52,6.52,6.52,N/A,N/A,0,0,N/A,N/A,1544262000,N/A,1544262000,236850000,0,236850000,100.9735,2.0842,1.4102,12.7397,
600243.SH,青海华鼎,2014-03-11,6.52,6.52,6.52,6.52,6.52,N/A,N/A,0,0,N/A,N/A,1544262000,N/A,1544262000,236850000,0,236850000,100.9735,2.0842,1.4102,12.7397,
600243.SH,青海华鼎,2014-03-12,6.52,6.52,6.52,6.52,6.52,N/A,N/A,0,0,N/A,N/A,1544262000,N/A,1544262000,236850000,0,236850000,100.9735,2.0842,1.4102,12.7397,
600243.SH,青海华鼎,2014-03-13,6.52,6.52,6.52,6.52,6.52,N/A,N/A,0,0,N/A,N/A,1544262000,N/A,1544262000,236850000,0,236850000,100.9735,2.0842,1.4102,12.7397,
600243.SH,青海华鼎,2014-03-14,6.52,6.52,6.52,6.52,6.52,N/A,N/A,0,0,N/A,N/A,1544262000,N/A,1544262000,236850000,0,236850000,100.9735,2.0842,1.4102,12.7397,
600243.SH,青海华鼎,2014-03-17,6.52,6.52,6.52,6.52,6.52,N/A,N/A,0,0,N/A,N/A,1544262000,N/A,1544262000,236850000,0,236850000,100.9735,2.0842,1.4102,12.7397,
600243.SH,青海华鼎,2014-03-18,6.52,6.2,6.3,6,6.04,21000115,127753267,-0.48,-7.362,6.0835,8.8664,1430574000,N/A,1430574000,236850000,0,236850000,93.5399,1.9308,1.3064,11.8019,
600243.SH,青海华鼎,2014-03-19,6.04,5.98,6.03,5.9,6,10763956,64149680,-0.04,-0.6623,5.9597,4.5446,1421100000,N/A,1421100000,236850000,0,236850000,92.9204,1.918,1.2977,11.7237,
600243.SH,青海华鼎,2014-03-20,6,5.97,6.04,5.81,5.82,7467132,44496026,-0.18,-3,5.9589,3.1527,1378467000,N/A,1378467000,236850000,0,236850000,90.1328,1.8605,1.2588,11.372,
600243.SH,青海华鼎,2014-03-21,5.82,5.82,5.96,5.77,5.95,6210663,36429931,0.13,2.2337,5.8657,2.6222,1409257500,N/A,1409257500,236850000,0,236850000,92.1461,1.902,1.2869,11.626,
600243.SH,青海华鼎,2014-03-24,5.95,5.91,6,5.9,5.97,5480406,32636882,0.02,0.3361,5.9552,2.3139,1413994500,N/A,1413994500,236850000,0,236850000,92.4558,1.9084,1.2912,11.6651,
600243.SH,青海华鼎,2014-03-25,5.97,5.94,6.02,5.93,5.98,4830683,28896071,0.01,0.1675,5.9818,2.0396,1416363000,N/A,1416363000,236850000,0,236850000,92.6107,1.9116,1.2934,11.6846,
600243.SH,青海华鼎,2014-03-26,5.98,5.98,6,5.9,5.94,4642711,27685105,-0.04,-0.6689,5.9631,1.9602,1406889000,N/A,1406889000,236850000,0,236850000,91.9912,1.8988,1.2847,11.6065,
600243.SH,青海华鼎,2014-03-27,5.94,5.94,5.95,5.79,5.81,5283475,30912935,-0.13,-2.1886,5.8509,2.2307,1376098500,N/A,1376098500,236850000,0,236850000,89.9779,1.8573,1.2566,11.3524,
600243.SH,青海华鼎,2014-03-28,5.81,5.8,5.82,5.65,5.67,3964983,22797127,-0.14,-2.4096,5.7496,1.674,1342939500,N/A,1342939500,236850000,0,236850000,87.8098,1.8125,1.2263,11.0789,
600243.SH,青海华鼎,2014-03-31,5.67,5.66,5.72,5.63,5.68,2559945,14530065,0.01,0.1764,5.6759,1.0808,1345308000,N/A,1345308000,236850000,0,236850000,87.9647,1.8157,1.2285,11.0984,
600243.SH,青海华鼎,2014-04-01,5.68,5.7,5.96,5.67,5.93,5017445,29265464,0.25,4.4014,5.8327,2.1184,1404520500,N/A,1404520500,236850000,0,236850000,91.8364,1.8956,1.2826,11.5869,
600243.SH,青海华鼎,2014-04-02,5.93,5.91,5.98,5.86,5.89,3448696,20376474,-0.04,-0.6745,5.9085,1.4561,1395046500,N/A,1395046500,236850000,0,236850000,91.2169,1.8828,1.2739,11.5088,
600243.SH,青海华鼎,2014-04-03,5.89,5.96,5.99,5.85,5.89,3861945,22882093,0,0,5.925,1.6305,1395046500,N/A,1395046500,236850000,0,236850000,91.2169,1.8828,1.2739,11.5088,
600243.SH,青海华鼎,2014-04-04,5.89,5.87,5.95,5.81,5.92,2398080,14139211,0.03,0.5093,5.8961,1.0125,1402152000,N/A,1402152000,236850000,0,236850000,91.6815,1.8924,1.2804,11.5674,
600243.SH,青海华鼎,2014-04-08,5.92,5.9,5.99,5.87,5.98,2907518,17343772,0.06,1.0135,5.9651,1.2276,1416363000,N/A,1416363000,236850000,0,236850000,92.6107,1.9116,1.2934,11.6846,
600243.SH,青海华鼎,2014-04-09,5.98,5.98,6.01,5.96,5.99,2857289,17103779,0.01,0.1672,5.986,1.2064,1418731500,N/A,1418731500,236850000,0,236850000,92.7656,1.9148,1.2955,11.7042,
600243.SH,青海华鼎,2014-04-10,5.99,5.98,6.03,5.97,6.02,4757741,28546495,0.03,0.5008,6,2.0088,1425837000,N/A,1425837000,236850000,0,236850000,93.2302,1.9244,1.302,11.7628,
600243.SH,青海华鼎,2014-04-11,6.02,6.02,6.02,5.92,5.97,2573925,15339244,-0.05,-0.8306,5.9595,1.0867,1413994500,N/A,1413994500,236850000,0,236850000,92.4558,1.9084,1.2912,11.6651,
600243.SH,青海华鼎,2014-04-14,5.97,5.95,6,5.93,5.97,2688511,16017073,0,0,5.9576,1.1351,1413994500,N/A,1413994500,236850000,0,236850000,92.4558,1.9084,1.2912,11.6651,
600243.SH,青海华鼎,2014-04-15,5.97,5.96,6.12,5.94,6.01,5855020,35361399,0.04,0.67,6.0395,2.472,1423468500,N/A,1423468500,236850000,0,236850000,93.0753,1.9212,1.2999,11.7432,
600243.SH,青海华鼎,2014-04-16,6.01,5.95,6.07,5.91,6.04,6396410,38330598,0.03,0.4992,5.9925,2.7006,1430574000,N/A,1430574000,236850000,0,236850000,93.5399,1.9308,1.3064,11.8019,
600243.SH,青海华鼎,2014-04-17,6.04,6.03,6.16,6.02,6.11,7595892,46347963,0.07,1.1589,6.1017,3.207,1447153500,N/A,1447153500,236850000,0,236850000,94.624,1.9532,1.3215,11.9386,
600243.SH,青海华鼎,2014-04-18,6.11,6.07,6.19,6.04,6.1,4577957,27982949,-0.01,-0.1637,6.1125,1.9329,1444785000,N/A,1444785000,236850000,0,236850000,94.4691,1.95,1.3193,11.9191,
600243.SH,青海华鼎,2014-04-21,6.1,6.06,6.15,5.93,5.95,4462710,27022928,-0.15,-2.459,6.0553,1.8842,1409257500,N/A,1409257500,236850000,0,236850000,92.1461,1.902,1.2869,11.626,
600243.SH,青海华鼎,2014-04-22,5.95,5.95,6.1,5.9,6.05,3330864,19835733,0.1,1.6807,5.9551,1.4063,1432942500,N/A,1432942500,236850000,0,236850000,93.6948,1.934,1.3085,11.8214,
600243.SH,青海华鼎,2014-04-23,6.05,6.03,6.1,5.99,6.07,3125567,18900751,0.02,0.3306,6.0471,1.3196,1437679500,N/A,1437679500,236850000,0,236850000,94.0045,1.9404,1.3129,11.8605,
600243.SH,青海华鼎,2014-04-24,6.07,6.05,6.08,6.02,6.04,1821131,11019178,-0.03,-0.4942,6.0507,0.7689,1430574000,N/A,1430574000,236850000,0,236850000,93.5399,1.9308,1.3064,11.8019,
600243.SH,青海华鼎,2014-04-25,6.04,6.03,6.22,6.02,6.1,8191829,50295543,0.06,0.9934,6.1397,3.4587,1444785000,N/A,1444785000,236850000,0,236850000,94.4691,1.95,1.3193,11.9191,
600243.SH,青海华鼎,2014-04-28,6.1,6.08,6.08,5.78,5.96,4296746,25562683,-0.14,-2.2951,5.9493,1.8141,1411626000,N/A,1411626000,236850000,0,236850000,92.301,1.9052,1.2891,11.6455,
600243.SH,青海华鼎,2014-04-29,5.96,5.91,5.97,5.6,5.77,4262308,24541057,-0.19,-3.1879,5.7577,1.7996,1366624500,N/A,1366624500,236850000,0,236850000,89.3585,1.8445,1.248,11.2743,
600243.SH,青海华鼎,2014-04-30,5.77,5.76,5.8,5.64,5.73,2584288,14761851,-0.04,-0.6932,5.7122,1.0911,1357150500,N/A,1357150500,236850000,0,236850000,88.739,1.8317,1.2393,11.1961,
600243.SH,青海华鼎,2014-05-05,5.73,5.7,5.78,5.63,5.68,2652197,15120662,-0.05,-0.8726,5.7012,1.1198,1345308000,N/A,1345308000,236850000,0,236850000,87.9647,1.8157,1.2285,11.0984,
600243.SH,青海华鼎,2014-05-06,5.68,5.71,5.89,5.7,5.81,3041236,17686520,0.13,2.2887,5.8156,1.284,1376098500,N/A,1376098500,236850000,0,236850000,89.9779,1.8573,1.2566,11.3524,
600243.SH,青海华鼎,2014-05-07,5.81,5.77,5.96,5.76,5.8,3324952,19506815,-0.01,-0.1721,5.8668,1.4038,1373730000,N/A,1373730000,236850000,0,236850000,89.8231,1.8541,1.2545,11.3329,
600243.SH,青海华鼎,2014-05-08,5.8,5.78,5.91,5.73,5.81,2509937,14658374,0.01,0.1724,5.8401,1.0597,1376098500,N/A,1376098500,236850000,0,236850000,89.9779,1.8573,1.2566,11.3524,
600243.SH,青海华鼎,2014-05-09,5.81,5.78,5.88,5.68,5.83,2500697,14494794,0.02,0.3442,5.7963,1.0558,1380835500,N/A,1380835500,236850000,0,236850000,90.2877,1.8637,1.2609,11.3915,
600243.SH,青海华鼎,2014-05-12,5.83,5.88,5.96,5.84,5.94,2798954,16570082,0.11,1.8868,5.9201,1.1817,1406889000,N/A,1406889000,236850000,0,236850000,91.9912,1.8988,1.2847,11.6065,
600243.SH,青海华鼎,2014-05-13,5.94,5.93,6.03,5.92,6.02,3029130,18153195,0.08,1.3468,5.9929,1.2789,1425837000,N/A,1425837000,236850000,0,236850000,93.2302,1.9244,1.302,11.7628,
600243.SH,青海华鼎,2014-05-14,6.02,6.03,6.04,5.97,6.02,2115062,12687867,0,0,5.9988,0.893,1425837000,N/A,1425837000,236850000,0,236850000,93.2302,1.9244,1.302,11.7628,
600243.SH,青海华鼎,2014-05-15,6.02,6.01,6.02,5.8,5.86,3248815,19154420,-0.16,-2.6578,5.8958,1.3717,1387941000,N/A,1387941000,236850000,0,236850000,90.7523,1.8732,1.2674,11.4501,
600243.SH,青海华鼎,2014-05-16,5.86,5.86,5.89,5.8,5.85,1139529,6655109,-0.01,-0.1706,5.8402,0.4811,1385572500,N/A,1385572500,236850000,0,236850000,90.5974,1.8701,1.2653,11.4306,
600243.SH,青海华鼎,2014-05-19,5.85,5.85,5.96,5.81,5.95,966934,5680000,0.1,1.7094,5.8742,0.4082,1409257500,N/A,1409257500,236850000,0,236850000,92.1461,1.902,1.2869,11.626,
600243.SH,青海华鼎,2014-05-20,5.95,5.95,6.01,5.91,5.97,1165536,6945232,0.02,0.3361,5.9588,0.4921,1413994500,N/A,1413994500,236850000,0,236850000,92.4558,1.9084,1.2912,11.6651,
600243.SH,青海华鼎,2014-05-21,5.97,5.97,5.98,5.88,5.97,1021240,6059436,0,0,5.9334,0.4312,1413994500,N/A,1413994500,236850000,0,236850000,92.4558,1.9084,1.2912,11.6651,
600243.SH,青海华鼎,2014-05-22,5.97,5.97,6.03,5.93,5.97,1832549,10966640,0,0,5.9844,0.7737,1413994500,N/A,1413994500,236850000,0,236850000,92.4558,1.9084,1.2912,11.6651,
600243.SH,青海华鼎,2014-05-23,5.97,5.98,5.99,5.9,5.98,1153999,6858806,0.01,0.1675,5.9435,0.4872,1416363000,N/A,1416363000,236850000,0,236850000,92.6107,1.9116,1.2934,11.6846,
600243.SH,青海华鼎,2014-05-26,5.98,5.98,6,5.94,5.99,1225932,7319794,0.01,0.1672,5.9708,0.5176,1418731500,N/A,1418731500,236850000,0,236850000,92.7656,1.9148,1.2955,11.7042,
600243.SH,青海华鼎,2014-05-27,5.99,5.99,6.02,5.95,6,2062992,12356136,0.01,0.1669,5.9894,0.871,1421100000,N/A,1421100000,236850000,0,236850000,92.9204,1.918,1.2977,11.7237,
600243.SH,青海华鼎,2014-05-28,6,6,6.01,5.93,6.01,1497181,8955855,0.01,0.1667,5.9818,0.6321,1423468500,N/A,1423468500,236850000,0,236850000,93.0753,1.9212,1.2999,11.7432,
600243.SH,青海华鼎,2014-05-29,6.01,6.01,6.08,6,6.06,2749104,16616854,0.05,0.8319,6.0445,1.1607,1435311000,N/A,1435311000,236850000,0,236850000,93.8496,1.9372,1.3107,11.8409,
600243.SH,青海华鼎,2014-05-30,6.06,6.06,6.07,5.98,6.04,1610792,9693186,-0.02,-0.33,6.0177,0.6801,1430574000,N/A,1430574000,236850000,0,236850000,93.5399,1.9308,1.3064,11.8019,
600243.SH,青海华鼎,2014-06-03,6.04,6.04,6.05,5.97,5.99,1820504,10908166,-0.05,-0.8278,5.9918,0.7686,1418731500,N/A,1418731500,236850000,0,236850000,92.7656,1.9148,1.2955,11.7042,
600243.SH,青海华鼎,2014-06-04,5.99,5.99,5.99,5.88,5.92,1929261,11417627,-0.07,-1.1686,5.9181,0.8145,1402152000,N/A,1402152000,236850000,0,236850000,91.6815,1.8924,1.2804,11.5674,
600243.SH,青海华鼎,2014-06-05,5.92,5.92,6.01,5.91,6,1541215,9207148,0.08,1.3514,5.974,0.6507,1421100000,N/A,1421100000,236850000,0,236850000,92.9204,1.918,1.2977,11.7237,
600243.SH,青海华鼎,2014-06-06,6,5.99,6.04,5.98,6.02,1604858,9632586,0.02,0.3333,6.0021,0.6776,1425837000,N/A,1425837000,236850000,0,236850000,93.2302,1.9244,1.302,11.7628,
600243.SH,青海华鼎,2014-06-09,6.02,6.01,6.01,5.95,5.98,1394567,8334122,-0.04,-0.6645,5.9761,0.5888,1416363000,N/A,1416363000,236850000,0,236850000,92.6107,1.9116,1.2934,11.6846,
600243.SH,青海华鼎,2014-06-10,5.98,5.98,6.01,5.94,6,1312828,7837762,0.02,0.3344,5.9701,0.5543,1421100000,N/A,1421100000,236850000,0,236850000,92.9204,1.918,1.2977,11.7237,
600243.SH,青海华鼎,2014-06-11,6,5.99,6.03,5.98,6.02,1865718,11201896,0.02,0.3333,6.0041,0.7877,1425837000,N/A,1425837000,236850000,0,236850000,93.2302,1.9244,1.302,11.7628,
600243.SH,青海华鼎,2014-06-12,6.02,6,6.01,5.96,5.99,1924175,11503110,-0.03,-0.4983,5.9782,0.8124,1418731500,N/A,1418731500,236850000,0,236850000,92.7656,1.9148,1.2955,11.7042,
600243.SH,青海华鼎,2014-06-13,5.99,5.98,6.04,5.97,6.03,2999519,18039971,0.04,0.6678,6.0143,1.2664,1428205500,N/A,1428205500,236850000,0,236850000,93.385,1.9276,1.3042,11.7823,
600243.SH,青海华鼎,2014-06-16,6.03,6.04,6.12,6.01,6.09,3924182,23855808,0.06,0.995,6.0792,1.6568,1442416500,N/A,1442416500,236850000,0,236850000,94.3142,1.9468,1.3172,11.8995,
600243.SH,青海华鼎,2014-06-17,6.09,6.09,6.09,6.09,6.09,N/A,N/A,0,0,N/A,N/A,1442416500,N/A,1442416500,236850000,0,236850000,94.3142,1.9468,1.3172,11.8995,
600243.SH,青海华鼎,2014-06-18,6.09,6.09,6.09,6.09,6.09,N/A,N/A,0,0,N/A,N/A,1442416500,N/A,1442416500,236850000,0,236850000,94.3142,1.9468,1.3172,11.8995,
600243.SH,青海华鼎,2014-06-19,6.09,6.09,6.09,6.09,6.09,N/A,N/A,0,0,N/A,N/A,1442416500,N/A,1442416500,236850000,0,236850000,94.3142,1.9468,1.3172,11.8995,
600243.SH,青海华鼎,2014-06-20,6.09,6.09,6.09,6.09,6.09,N/A,N/A,0,0,N/A,N/A,1442416500,N/A,1442416500,236850000,0,236850000,94.3142,1.9468,1.3172,11.8995,
600243.SH,青海华鼎,2014-06-23,6.09,6.09,6.09,6.09,6.09,N/A,N/A,0,0,N/A,N/A,1442416500,N/A,1442416500,236850000,0,236850000,94.3142,1.9468,1.3172,11.8995,
600243.SH,青海华鼎,2014-06-24,6.09,6.09,6.09,6.09,6.09,N/A,N/A,0,0,N/A,N/A,1442416500,N/A,1442416500,236850000,0,236850000,94.3142,1.9468,1.3172,11.8995,
600243.SH,青海华鼎,2014-06-25,6.09,6.09,6.09,6.09,6.09,N/A,N/A,0,0,N/A,N/A,1442416500,N/A,1442416500,236850000,0,236850000,94.3142,1.9468,1.3172,11.8995,
600243.SH,青海华鼎,2014-06-26,6.09,6.09,6.09,6.09,6.09,N/A,N/A,0,0,N/A,N/A,1442416500,N/A,1442416500,236850000,0,236850000,94.3142,1.9468,1.3172,11.8995,
600243.SH,青海华鼎,2014-06-27,6.09,6.09,6.09,6.09,6.09,N/A,N/A,0,0,N/A,N/A,1442416500,N/A,1442416500,236850000,0,236850000,94.3142,1.9468,1.3172,11.8995,
600243.SH,青海华鼎,2014-06-30,6.09,6.09,6.09,6.09,6.09,N/A,N/A,0,0,N/A,N/A,1442416500,N/A,1442416500,236850000,0,236850000,94.3142,1.9468,1.3172,11.8995,
600243.SH,青海华鼎,2014-07-01,6.09,6.09,6.09,6.09,6.09,N/A,N/A,0,0,N/A,N/A,1442416500,N/A,1442416500,236850000,0,236850000,94.3142,1.9468,1.3172,11.8995,
600243.SH,青海华鼎,2014-07-02,6.09,6.3,6.7,6.3,6.7,19433304,129007580,0.61,10.0164,6.6385,8.2049,1586895000,N/A,1586895000,236850000,0,236850000,103.7611,2.1418,1.4491,13.0915,
600243.SH,青海华鼎,2014-07-03,6.7,6.86,7.19,6.63,6.71,28673502,197601808,0.01,0.1493,6.8914,12.1062,1589263500,N/A,1589263500,236850000,0,236850000,103.916,2.145,1.4513,13.111,
600243.SH,青海华鼎,2014-07-04,6.71,6.64,6.88,6.6,6.71,10909256,73153746,0,0,6.7057,4.606,1589263500,N/A,1589263500,236850000,0,236850000,103.916,2.145,1.4513,13.111,
600243.SH,青海华鼎,2014-07-07,6.71,6.61,6.89,6.61,6.77,7472205,50620796,0.06,0.8942,6.7745,3.1548,1603474500,N/A,1603474500,236850000,0,236850000,104.8452,2.1641,1.4643,13.2282,
600243.SH,青海华鼎,2014-07-08,6.77,6.71,6.86,6.6,6.74,6030384,40515166,-0.03,-0.4431,6.7185,2.5461,1596369000,N/A,1596369000,236850000,0,236850000,104.3806,2.1546,1.4578,13.1696,
600243.SH,青海华鼎,2014-07-09,6.74,6.77,6.83,6.65,6.7,7064429,47381106,-0.04,-0.5935,6.707,2.9827,1586895000,N/A,1586895000,236850000,0,236850000,103.7611,2.1418,1.4491,13.0915,
600243.SH,青海华鼎,2014-07-10,6.7,6.7,6.74,6.62,6.7,4199597,28027586,0,0,6.6739,1.7731,1586895000,N/A,1586895000,236850000,0,236850000,103.7611,2.1418,1.4491,13.0915,
600243.SH,青海华鼎,2014-07-11,6.7,6.7,6.88,6.67,6.75,4585460,31077426,0.05,0.7463,6.7774,1.936,1598737500,N/A,1598737500,236850000,0,236850000,104.5355,2.1578,1.4599,13.1892,
600243.SH,青海华鼎,2014-07-14,6.75,6.78,6.93,6.76,6.83,4652235,31844634,0.08,1.1852,6.845,1.9642,1617685500,N/A,1617685500,236850000,0,236850000,105.7744,2.1833,1.4772,13.3455,
600243.SH,青海华鼎,2014-07-15,6.83,6.81,6.87,6.6,6.72,6692609,44715958,-0.11,-1.6105,6.6814,2.8257,1591632000,N/A,1591632000,236850000,0,236850000,104.0709,2.1482,1.4534,13.1305,
600243.SH,青海华鼎,2014-07-16,6.72,6.7,6.7,6.55,6.6,3684440,24400499,-0.12,-1.7857,6.6226,1.5556,1563210000,N/A,1563210000,236850000,0,236850000,102.2125,2.1098,1.4275,12.8961,
600243.SH,青海华鼎,2014-07-17,6.6,6.55,6.65,6.55,6.64,2676260,17688618,0.04,0.6061,6.6095,1.1299,1572684000,N/A,1572684000,236850000,0,236850000,102.8319,2.1226,1.4361,12.9742,
600243.SH,青海华鼎,2014-07-18,6.64,6.58,6.71,6.58,6.69,2792322,18522983,0.05,0.753,6.6335,1.1789,1584526500,N/A,1584526500,236850000,0,236850000,103.6063,2.1386,1.4469,13.0719,
600243.SH,青海华鼎,2014-07-21,6.69,6.65,6.72,6.63,6.64,1676482,11206057,-0.05,-0.7474,6.6843,0.7078,1572684000,N/A,1572684000,236850000,0,236850000,102.8319,2.1226,1.4361,12.9742,
600243.SH,青海华鼎,2014-07-22,6.64,6.62,6.85,6.6,6.75,4627008,31161910,0.11,1.6566,6.7348,1.9536,1598737500,N/A,1598737500,236850000,0,236850000,104.5355,2.1578,1.4599,13.1892,
600243.SH,青海华鼎,2014-07-23,6.75,6.75,6.79,6.62,6.64,2882613,19306217,-0.11,-1.6296,6.6975,1.2171,1572684000,N/A,1572684000,236850000,0,236850000,102.8319,2.1226,1.4361,12.9742,
600243.SH,青海华鼎,2014-07-24,6.64,6.6,6.83,6.5,6.76,3744059,24877011,0.12,1.8072,6.6444,1.5808,1601106000,N/A,1601106000,236850000,0,236850000,104.6903,2.1609,1.4621,13.2087,
600243.SH,青海华鼎,2014-07-25,6.76,6.69,6.8,6.66,6.71,4229287,28351674,-0.05,-0.7396,6.7037,1.7856,1589263500,N/A,1589263500,236850000,0,236850000,103.916,2.145,1.4513,13.111,
600243.SH,青海华鼎,2014-07-28,6.71,6.69,6.85,6.69,6.82,7170298,48730010,0.11,1.6393,6.7961,3.0274,1615317000,N/A,1615317000,236850000,0,236850000,105.6196,2.1801,1.4751,13.3259,
600243.SH,青海华鼎,2014-07-29,6.82,6.83,7,6.75,7,5940482,41015060,0.18,2.6393,6.9043,2.5081,1657950000,N/A,1657950000,236850000,0,236850000,108.4072,2.2377,1.514,13.6776,
600243.SH,青海华鼎,2014-07-30,7,7.02,7.43,7,7.28,14175628,103391909,0.28,4,7.2936,5.9851,1724268000,N/A,1724268000,236850000,0,236850000,112.7435,2.3272,1.5746,14.2247,
600243.SH,青海华鼎,2014-07-31,7.28,7.23,7.38,7.12,7.3,7471345,54259428,0.02,0.2747,7.2623,3.1545,1729005000,N/A,1729005000,236850000,0,236850000,113.0532,2.3336,1.5789,14.2638,
600243.SH,青海华鼎,2014-08-01,7.3,7.3,7.42,6.98,7.08,8618988,61517487,-0.22,-3.0137,7.1374,3.639,1676898000,N/A,1676898000,236850000,0,236850000,109.6461,2.2632,1.5313,13.834,
600243.SH,青海华鼎,2014-08-04,7.08,7.11,7.15,7,7.12,4443932,31520247,0.04,0.565,7.0929,1.8763,1686372000,N/A,1686372000,236850000,0,236850000,110.2656,2.276,1.54,13.9121,
600243.SH,青海华鼎,2014-08-05,7.12,7.14,7.18,7.07,7.14,3630101,25900242,0.02,0.2809,7.1349,1.5327,1691109000,N/A,1691109000,236850000,0,236850000,110.5753,2.2824,1.5443,13.9512,
600243.SH,青海华鼎,2014-08-06,7.14,7.13,7.43,7.08,7.31,6654915,48593112,0.17,2.381,7.3018,2.8098,1731373500,N/A,1731373500,236850000,0,236850000,113.2081,2.3368,1.581,14.2834,
600243.SH,青海华鼎,2014-08-07,7.31,7.26,7.56,7.25,7.26,8979064,66480547,-0.05,-0.684,7.404,3.791,1719531000,N/A,1719531000,236850000,0,236850000,112.4337,2.3208,1.5702,14.1857,
600243.SH,青海华鼎,2014-08-08,7.26,7.23,7.41,7.21,7.36,3599386,26380892,0.1,1.3774,7.3293,1.5197,1743216000,N/A,1743216000,236850000,0,236850000,113.9824,2.3527,1.5919,14.3811,
600243.SH,青海华鼎,2014-08-11,7.36,7.46,7.56,7.36,7.51,5209369,38961118,0.15,2.038,7.479,2.1994,1778743500,N/A,1778743500,236850000,0,236850000,116.3054,2.4007,1.6243,14.6742,
600243.SH,青海华鼎,2014-08-12,7.51,7.48,7.6,7.4,7.58,5483918,41151418,0.07,0.9321,7.504,2.3154,1795323000,N/A,1795323000,236850000,0,236850000,117.3895,2.4231,1.6394,14.8109,
600243.SH,青海华鼎,2014-08-13,7.58,7.58,7.87,7.5,7.75,8562218,65861717,0.17,2.2427,7.6921,3.615,1835587500,N/A,1835587500,236850000,0,236850000,120.0222,2.4774,1.6762,15.1431,
600243.SH,青海华鼎,2014-08-14,7.75,7.7,7.83,7.51,7.59,4995885,38369547,-0.16,-2.0645,7.6802,2.1093,1797691500,N/A,1797691500,236850000,0,236850000,117.5443,2.4263,1.6416,14.8305,
600243.SH,青海华鼎,2014-08-15,7.59,7.56,7.73,7.52,7.64,4675919,35665429,0.05,0.6588,7.6275,1.9742,1809534000,N/A,1809534000,236850000,0,236850000,118.3187,2.4423,1.6524,14.9282,
600243.SH,青海华鼎,2014-08-18,7.64,7.73,7.98,7.73,7.83,5799630,45700971,0.19,2.4869,7.88,2.4487,1854535500,N/A,1854535500,236850000,0,236850000,121.2612,2.503,1.6935,15.2994,
600243.SH,青海华鼎,2014-08-19,7.83,7.8,7.85,7.63,7.8,6526432,50519979,-0.03,-0.3831,7.7408,2.7555,1847430000,N/A,1847430000,236850000,0,236850000,120.7966,2.4934,1.687,15.2408,
600243.SH,青海华鼎,2014-08-20,7.8,7.8,7.88,7.64,7.78,5298369,41168510,-0.02,-0.2564,7.77,2.237,1842693000,N/A,1842693000,236850000,0,236850000,120.4868,2.487,1.6827,15.2017,
600243.SH,青海华鼎,2014-08-21,7.78,7.72,7.78,7.55,7.58,5181605,39515825,-0.2,-2.5707,7.6262,2.1877,1795323000,N/A,1795323000,236850000,0,236850000,117.3895,2.4231,1.6394,14.8109,
600243.SH,青海华鼎,2014-08-22,7.58,7.58,7.67,7.52,7.64,4144647,31494389,0.06,0.7916,7.5988,1.7499,1809534000,N/A,1809534000,236850000,0,236850000,118.3187,2.4423,1.6524,14.9282,
600243.SH,青海华鼎,2014-08-25,7.64,7.65,7.85,7.5,7.72,6830378,52646844,0.08,1.0471,7.7077,2.8838,1828482000,N/A,1828482000,236850000,0,236850000,119.5576,2.4678,1.6697,15.0845,
600243.SH,青海华鼎,2014-08-26,7.72,7.72,7.88,7.56,7.62,5069828,39172457,-0.1,-1.2953,7.7266,2.1405,1804797000,N/A,1804797000,236850000,0,236850000,118.0089,2.4359,1.6481,14.8891,
600243.SH,青海华鼎,2014-08-27,7.62,7.43,7.82,7.43,7.77,6657777,51103785,0.15,1.9685,7.6758,2.811,1840324500,N/A,1840324500,236850000,0,236850000,120.332,2.4838,1.6805,15.1822,
600243.SH,青海华鼎,2014-08-28,7.77,7.77,8.5,7.77,7.99,10793926,88302541,0.22,2.8314,8.1808,4.5573,1892431500,N/A,1892431500,236850000,0,236850000,123.739,2.5541,1.7281,15.6121,
600243.SH,青海华鼎,2014-08-29,7.99,7.82,8.35,7.82,8.1,5065228,41049501,0.11,1.3767,8.1042,2.1386,1918485000,N/A,1918485000,236850000,0,236850000,125.4426,2.5893,1.7519,15.827,
600243.SH,青海华鼎,2014-09-01,8.1,8.15,8.36,8.15,8.21,4036290,33301783,0.11,1.358,8.2506,1.7042,1944538500,N/A,1944538500,236850000,0,236850000,127.1461,2.6245,1.7757,16.0419,
600243.SH,青海华鼎,2014-09-02,8.21,8.21,8.41,8.19,8.37,5513258,45945614,0.16,1.9488,8.3337,2.3277,1982434500,N/A,1982434500,236850000,0,236850000,129.624,2.6756,1.8103,16.3546,
600243.SH,青海华鼎,2014-09-03,8.37,8.35,8.44,8.2,8.3,8276794,68674721,-0.07,-0.8363,8.2973,3.4945,1965855000,N/A,1965855000,236850000,0,236850000,128.5399,2.6532,1.7952,16.2178,
600243.SH,青海华鼎,2014-09-04,8.3,8.28,9.13,8.28,9.08,15786837,139943067,0.78,9.3976,8.8645,6.6653,2150598000,N/A,2150598000,236850000,0,236850000,140.6196,2.9026,1.9639,17.7419,
600243.SH,青海华鼎,2014-09-05,9.08,9.08,9.23,8.9,9.05,6855436,62031025,-0.03,-0.3304,9.0484,2.8944,2143492500,N/A,2143492500,236850000,0,236850000,140.155,2.893,1.9574,17.6832,
600243.SH,青海华鼎,2014-09-09,9.05,9.06,9.24,9,9.09,4918004,44562531,0.04,0.442,9.0611,2.0764,2152966500,N/A,2152966500,236850000,0,236850000,140.7744,2.9058,1.966,17.7614,
600243.SH,青海华鼎,2014-09-10,9.09,9.02,9.29,9,9.18,5676320,52101950,0.09,0.9901,9.1788,2.3966,2174283000,N/A,2174283000,236850000,0,236850000,142.1683,2.9345,1.9855,17.9373,
600243.SH,青海华鼎,2014-09-11,9.18,9.22,9.48,8.79,8.96,9084625,83282365,-0.22,-2.3965,9.1674,3.8356,2122176000,N/A,2122176000,236850000,0,236850000,138.7612,2.8642,1.9379,17.5074,
600243.SH,青海华鼎,2014-09-12,8.96,8.92,9.18,8.76,9.13,5337623,47932788,0.17,1.8973,8.9802,2.2536,2162440500,N/A,2162440500,236850000,0,236850000,141.3939,2.9186,1.9747,17.8396,
600243.SH,青海华鼎,2014-09-15,9.13,9.13,9.55,9.02,9.49,6702836,62524719,0.36,3.943,9.3281,2.83,2247706500,N/A,2247706500,236850000,0,236850000,146.9691,3.0336,2.0525,18.543,
600243.SH,青海华鼎,2014-09-16,9.49,9.49,9.5,8.75,8.79,8712913,79569372,-0.7,-7.3762,9.1324,3.6787,2081911500,N/A,2081911500,236850000,0,236850000,136.1284,2.8099,1.9011,17.1752,
600243.SH,青海华鼎,2014-09-17,8.79,8.75,9,8.5,8.71,7261072,63159803,-0.08,-0.9101,8.6984,3.0657,2062963500,N/A,2062963500,236850000,0,236850000,134.8895,2.7843,1.8838,17.0189,
600243.SH,青海华鼎,2014-09-18,8.71,8.74,9.05,8.63,8.84,4535903,40329009,0.13,1.4925,8.8911,1.9151,2093754000,N/A,2093754000,236850000,0,236850000,136.9028,2.8259,1.912,17.2729,
600243.SH,青海华鼎,2014-09-19,8.84,8.84,9.22,8.8,9.17,4281904,38856412,0.33,3.733,9.0746,1.8079,2171914500,N/A,2171914500,236850000,0,236850000,142.0134,2.9313,1.9833,17.9177,
600243.SH,青海华鼎,2014-09-22,9.17,9.17,9.28,9.04,9.13,4710877,43030064,-0.04,-0.4362,9.1342,1.989,2162440500,N/A,2162440500,236850000,0,236850000,141.3939,2.9186,1.9747,17.8396,
600243.SH,青海华鼎,2014-09-23,9.13,9.13,9.9,9.04,9.63,11168079,105926639,0.5,5.4765,9.4848,4.7153,2280865500,N/A,2280865500,236850000,0,236850000,149.1373,3.0784,2.0828,18.8165,
600243.SH,青海华鼎,2014-09-24,9.63,9.73,9.77,9.4,9.7,5829691,56010847,0.07,0.7269,9.6079,2.4613,2297445000,N/A,2297445000,236850000,0,236850000,150.2214,3.1008,2.098,18.9533,
600243.SH,青海华鼎,2014-09-25,9.7,9.68,9.88,9.55,9.79,5084740,49280588,0.09,0.9278,9.6919,2.1468,2318761500,N/A,2318761500,236850000,0,236850000,151.6152,3.1295,2.1174,19.1292,
600243.SH,青海华鼎,2014-09-26,9.79,9.8,9.8,9.43,9.55,4308073,41210161,-0.24,-2.4515,9.5658,1.8189,2261917500,N/A,2261917500,236850000,0,236850000,147.8983,3.0528,2.0655,18.6602,
600243.SH,青海华鼎,2014-09-29,9.55,9.52,9.69,9.31,9.56,6808996,64372145,0.01,0.1047,9.454,2.8748,2264286000,N/A,2264286000,236850000,0,236850000,148.0532,3.056,2.0677,18.6798,
600243.SH,青海华鼎,2014-09-30,9.56,9.53,9.63,9.45,9.5,4173405,39757365,-0.06,-0.6276,9.5264,1.762,2250075000,N/A,2250075000,236850000,0,236850000,147.124,3.0368,2.0547,18.5625,
600243.SH,青海华鼎,2014-10-08,9.5,9.5,9.52,9.3,9.48,5725005,53771858,-0.02,-0.2105,9.3925,2.4171,2245338000,N/A,2245338000,236850000,0,236850000,146.8143,3.0304,2.0504,18.5234,
600243.SH,青海华鼎,2014-10-09,9.48,9.5,9.8,9.37,9.76,8034020,76918321,0.28,2.9536,9.5741,3.392,2311656000,N/A,2311656000,236850000,0,236850000,151.1506,3.1199,2.1109,19.0705,
600243.SH,青海华鼎,2014-10-10,9.76,9.7,10.1,9.5,10.07,9861296,96921450,0.31,3.1762,9.8285,4.1635,2385079500,N/A,2385079500,236850000,0,236850000,155.9514,3.219,2.178,19.6763,
600243.SH,青海华鼎,2014-10-13,10.07,9.98,10.28,9.8,10.1,7859575,78873261,0.03,0.2979,10.0353,3.3184,2392185000,N/A,2392185000,236850000,0,236850000,156.4161,3.2286,2.1845,19.7349,
600243.SH,青海华鼎,2014-10-14,10.1,10.12,10.12,9.77,10.01,6037201,59905037,-0.09,-0.8911,9.9227,2.549,2370868500,N/A,2370868500,236850000,0,236850000,155.0222,3.1999,2.165,19.559,
600243.SH,青海华鼎,2014-10-15,10.01,9.95,9.97,9.77,9.95,4376627,43138136,-0.06,-0.5994,9.8565,1.8478,2356657500,N/A,2356657500,236850000,0,236850000,154.093,3.1807,2.152,19.4418,
600243.SH,青海华鼎,2014-10-16,9.95,9.81,10.04,9.64,9.87,6872234,67478357,-0.08,-0.804,9.819,2.9015,2337709500,N/A,2337709500,236850000,0,236850000,152.8541,3.1551,2.1347,19.2855,
600243.SH,青海华鼎,2014-10-17,9.87,9.73,9.85,8.88,9.35,7842086,73547357,-0.52,-5.2685,9.3785,3.311,2214547500,N/A,2214547500,236850000,0,236850000,144.801,2.9889,2.0223,18.2694,
600243.SH,青海华鼎,2014-10-20,9.35,9.28,9.34,9.03,9.31,7129559,65295585,-0.04,-0.4278,9.1584,3.0102,2205073500,N/A,2205073500,236850000,0,236850000,144.1815,2.9761,2.0136,18.1913,
600243.SH,青海华鼎,2014-10-21,9.31,9.31,9.42,9.15,9.27,4060290,37641036,-0.04,-0.4296,9.2705,1.7143,2195599500,N/A,2195599500,236850000,0,236850000,143.5621,2.9633,2.005,18.1131,
600243.SH,青海华鼎,2014-10-22,9.27,9.2,9.39,8.83,8.92,6052194,54749174,-0.35,-3.7756,9.0462,2.5553,2112702000,N/A,2112702000,236850000,0,236850000,138.1417,2.8514,1.9293,17.4292,
600243.SH,青海华鼎,2014-10-23,8.92,8.8,8.87,8.59,8.66,5219147,45335662,-0.26,-2.9148,8.6864,2.2036,2051121000,N/A,2051121000,236850000,0,236850000,134.1151,2.7683,1.873,16.9212,
600243.SH,青海华鼎,2014-10-24,8.66,8.68,8.93,8.62,8.74,3413850,29923220,0.08,0.9238,8.7652,1.4414,2070069000,N/A,2070069000,236850000,0,236850000,135.3541,2.7939,1.8903,17.0775,
600243.SH,青海华鼎,2014-10-27,8.74,8.83,8.97,8.76,8.94,4208519,37425108,0.2,2.2883,8.8927,1.7769,2117439000,N/A,2117439000,236850000,0,236850000,138.4514,2.8578,1.9336,17.4683,
600243.SH,青海华鼎,2014-10-28,8.94,8.9,9.3,8.76,9.19,6685388,60888921,0.25,2.7964,9.1078,2.8226,2176651500,N/A,2176651500,236850000,0,236850000,142.3231,2.9377,1.9877,17.9568,
600243.SH,青海华鼎,2014-10-29,9.19,9.18,9.35,9,9.2,6519766,59873789,0.01,0.1088,9.1834,2.7527,2179020000,N/A,2179020000,236850000,0,236850000,142.478,2.9409,1.9898,17.9763,
600243.SH,青海华鼎,2014-10-30,9.2,9.11,9.2,9.01,9.06,7068721,64353450,-0.14,-1.5217,9.104,2.9845,2145861000,N/A,2145861000,236850000,0,236850000,140.3098,2.8962,1.9595,17.7028,
600243.SH,青海华鼎,2014-10-31,9.06,9.05,9.12,8.81,8.91,6431747,57568096,-0.15,-1.6556,8.9506,2.7155,2110333500,N/A,2110333500,236850000,0,236850000,137.9868,2.8482,1.9271,17.4097,
600243.SH,青海华鼎,2014-11-03,8.91,8.91,9.32,8.9,9.26,7870072,72202956,0.35,3.9282,9.1744,3.3228,2193231000,N/A,2193231000,236850000,0,236850000,143.4072,2.9601,2.0028,18.0936,
600243.SH,青海华鼎,2014-11-04,9.26,9.29,9.35,9.14,9.25,3953379,36458934,-0.01,-0.108,9.2222,1.6691,2190862500,N/A,2190862500,236850000,0,236850000,143.2523,2.9569,2.0006,18.074,
600243.SH,青海华鼎,2014-11-05,9.25,9.27,9.29,8.98,9.07,5327331,48337040,-0.18,-1.9459,9.0734,2.2492,2148229500,N/A,2148229500,236850000,0,236850000,140.4647,2.8994,1.9617,17.7223,
600243.SH,青海华鼎,2014-11-06,9.07,9.08,9.24,8.85,9.16,4232047,38271059,0.09,0.9923,9.0432,1.7868,2169546000,N/A,2169546000,236850000,0,236850000,141.8585,2.9281,1.9812,17.8982,
600243.SH,青海华鼎,2014-11-07,9.16,9.15,9.19,8.92,9,4369517,39568108,-0.16,-1.7467,9.0555,1.8448,2131650000,N/A,2131650000,236850000,0,236850000,139.3806,2.877,1.9466,17.5855,
600243.SH,青海华鼎,2014-11-10,9,9,9.07,8.79,8.87,4063929,36143308,-0.13,-1.4444,8.8937,1.7158,2100859500,N/A,2100859500,236850000,0,236850000,137.3674,2.8354,1.9185,17.3315,
600243.SH,青海华鼎,2014-11-11,8.87,8.81,8.89,8.09,8.1,10405881,87431438,-0.77,-8.6809,8.4021,4.3934,1918485000,N/A,1918485000,236850000,0,236850000,125.4426,2.5893,1.7519,15.827,
600243.SH,青海华鼎,2014-11-12,8.1,8.12,8.27,8,8.2,4700341,38323211,0.1,1.2346,8.1533,1.9845,1942170000,N/A,1942170000,236850000,0,236850000,126.9912,2.6213,1.7735,16.0224,
600243.SH,青海华鼎,2014-11-13,8.2,8.2,8.2,7.87,7.99,8272591,66219207,-0.21,-2.561,8.0047,3.4928,1892431500,N/A,1892431500,236850000,0,236850000,123.739,2.5541,1.7281,15.6121,
600243.SH,青海华鼎,2014-11-14,7.99,7.95,8.05,7.8,8,3782751,30077924,0.01,0.1252,7.9513,1.5971,1894800000,N/A,1894800000,236850000,0,236850000,123.8939,2.5573,1.7303,15.6316,
600243.SH,青海华鼎,2014-11-17,8,8.02,8.42,7.98,8.32,6202533,51308387,0.32,4,8.2722,2.6188,1970592000,N/A,1970592000,236850000,0,236850000,128.8497,2.6596,1.7995,16.2569,
600243.SH,青海华鼎,2014-11-18,8.32,8.45,8.45,8.2,8.24,3156448,26067296,-0.08,-0.9615,8.2584,1.3327,1951644000,N/A,1951644000,236850000,0,236850000,127.6107,2.6341,1.7822,16.1005,
600243.SH,青海华鼎,2014-11-19,8.24,8.23,8.36,8.17,8.29,2247842,18622302,0.05,0.6068,8.2845,0.9491,1963486500,N/A,1963486500,236850000,0,236850000,128.3851,2.65,1.793,16.1982,
600243.SH,青海华鼎,2014-11-20,8.29,8.26,8.41,8.22,8.38,4419626,36791898,0.09,1.0856,8.3247,1.866,1984803000,N/A,1984803000,236850000,0,236850000,129.7789,2.6788,1.8125,16.3741,
600243.SH,青海华鼎,2014-11-21,8.38,8.36,8.48,8.31,8.37,3278025,27468315,-0.01,-0.1193,8.3795,1.384,1982434500,N/A,1982434500,236850000,0,236850000,129.624,2.6756,1.8103,16.3546,
600243.SH,青海华鼎,2014-11-24,8.37,8.48,8.5,8.31,8.41,5598176,46975842,0.04,0.4779,8.3913,2.3636,1991908500,N/A,1991908500,236850000,0,236850000,130.2435,2.6884,1.819,16.4327,
600243.SH,青海华鼎,2014-11-25,8.41,8.42,8.79,8.33,8.71,9091895,78229369,0.3,3.5672,8.6043,3.8387,2062963500,N/A,2062963500,236850000,0,236850000,134.8895,2.7843,1.8838,17.0189,
600243.SH,青海华鼎,2014-11-26,8.71,8.7,8.94,8.69,8.77,8883021,78448470,0.06,0.6889,8.8313,3.7505,2077174500,N/A,2077174500,236850000,0,236850000,135.8187,2.8035,1.8968,17.1361,
600243.SH,青海华鼎,2014-11-27,8.77,8.8,9.21,8.66,9.16,10191444,90870405,0.39,4.447,8.9163,4.3029,2169546000,N/A,2169546000,236850000,0,236850000,141.8585,2.9281,1.9812,17.8982,
600243.SH,青海华鼎,2014-11-28,9.16,9.1,9.34,8.88,9.01,9918773,90211806,-0.15,-1.6376,9.0951,4.1878,2134018500,N/A,2134018500,236850000,0,236850000,139.5355,2.8802,1.9487,17.6051,
600243.SH,青海华鼎,2014-12-01,9.01,8.98,8.98,8.6,8.62,7610582,66658275,-0.39,-4.3285,8.7586,3.2132,2041647000,N/A,2041647000,236850000,0,236850000,133.4957,2.7555,1.8644,16.843,
600243.SH,青海华鼎,2014-12-02,8.62,8.62,8.96,8.62,8.77,6759546,59903623,0.15,1.7401,8.8621,2.8539,2077174500,N/A,2077174500,236850000,0,236850000,135.8187,2.8035,1.8968,17.1361,
600243.SH,青海华鼎,2014-12-03,8.77,8.77,9.07,8.72,9.05,8198551,73266354,0.28,3.1927,8.9365,3.4615,2143492500,N/A,2143492500,236850000,0,236850000,140.155,2.893,1.9574,17.6832,
600243.SH,青海华鼎,2014-12-04,9.05,9.13,9.33,9.03,9.18,10319018,94913564,0.13,1.4365,9.1979,4.3568,2174283000,N/A,2174283000,236850000,0,236850000,142.1683,2.9345,1.9855,17.9373,
600243.SH,青海华鼎,2014-12-05,9.18,9.2,9.21,8.3,8.72,9002855,79217963,-0.46,-5.0109,8.7992,3.8011,2065332000,N/A,2065332000,236850000,0,236850000,135.0444,2.7875,1.886,17.0384,
600243.SH,青海华鼎,2014-12-08,8.72,8.6,8.72,8.42,8.63,6806402,58698657,-0.09,-1.0321,8.624,2.8737,2044015500,N/A,2044015500,236850000,0,236850000,133.6505,2.7587,1.8665,16.8626,
600243.SH,青海华鼎,2014-12-09,8.63,8.58,8.6,7.88,7.88,13464491,111194607,-0.75,-8.6906,8.2584,5.6848,1866378000,N/A,1866378000,236850000,0,236850000,122.0355,2.519,1.7043,15.3971,
600243.SH,青海华鼎,2014-12-10,7.88,7.64,8.13,7.64,8.06,5774882,45949196,0.18,2.2843,7.9567,2.4382,1909011000,N/A,1909011000,236850000,0,236850000,124.8231,2.5765,1.7433,15.7488,
600243.SH,青海华鼎,2014-12-11,8.06,8.07,8.1,7.94,8.08,6206140,49778004,0.02,0.2481,8.0208,2.6203,1913748000,N/A,1913748000,236850000,0,236850000,125.1328,2.5829,1.7476,15.7879,
600243.SH,青海华鼎,2014-12-12,8.08,8.07,8.24,8.01,8.2,5083181,41417628,0.12,1.4851,8.148,2.1462,1942170000,N/A,1942170000,236850000,0,236850000,126.9912,2.6213,1.7735,16.0224,
600243.SH,青海华鼎,2014-12-15,8.2,8.18,8.4,8.14,8.39,4082000,33916926,0.19,2.3171,8.3089,1.7235,1987171500,N/A,1987171500,236850000,0,236850000,129.9337,2.682,1.8146,16.3936,
600243.SH,青海华鼎,2014-12-16,8.39,8.4,8.42,8.19,8.31,4728903,39193788,-0.08,-0.9535,8.2881,1.9966,1968223500,N/A,1968223500,236850000,0,236850000,128.6948,2.6564,1.7973,16.2373,
600243.SH,青海华鼎,2014-12-17,8.31,8.28,8.28,8,8.07,6510699,52672933,-0.24,-2.8881,8.0902,2.7489,1911379500,N/A,1911379500,236850000,0,236850000,124.978,2.5797,1.7454,15.7684,
600243.SH,青海华鼎,2014-12-18,8.07,8.06,8.13,8,8.07,3978182,32026115,0,0,8.0504,1.6796,1911379500,N/A,1911379500,236850000,0,236850000,124.978,2.5797,1.7454,15.7684,
600243.SH,青海华鼎,2014-12-19,8.07,8.08,8.27,7.98,8.11,6035265,49050872,0.04,0.4957,8.1274,2.5481,1920853500,N/A,1920853500,236850000,0,236850000,125.5974,2.5925,1.7541,15.8465,
600243.SH,青海华鼎,2014-12-22,8.11,8.12,8.17,7.35,7.38,7850007,59685569,-0.73,-9.0012,7.6033,3.3143,1747953000,N/A,1747953000,236850000,0,236850000,114.2921,2.3591,1.5962,14.4201,
600243.SH,青海华鼎,2014-12-23,7.38,7.47,7.55,7.35,7.44,3489568,26023791,0.06,0.813,7.4576,1.4733,1762164000,N/A,1762164000,236850000,0,236850000,115.2213,2.3783,1.6092,14.5374,
600243.SH,青海华鼎,2014-12-24,7.44,7.47,7.68,7.47,7.67,3667397,27816040,0.23,3.0914,7.5847,1.5484,1816639500,N/A,1816639500,236850000,0,236850000,118.7833,2.4518,1.6589,14.9868,
600243.SH,青海华鼎,2014-12-25,7.67,7.72,7.87,7.66,7.85,2455928,19135975,0.18,2.3468,7.7917,1.0369,1859272500,N/A,1859272500,236850000,0,236850000,121.5709,2.5094,1.6978,15.3385,
600243.SH,青海华鼎,2014-12-26,7.85,7.85,7.85,7.68,7.76,3013861,23312755,-0.09,-1.1465,7.7352,1.2725,1837956000,N/A,1837956000,236850000,0,236850000,120.1771,2.4806,1.6784,15.1626,
600243.SH,青海华鼎,2014-12-29,7.76,7.74,7.76,7.41,7.5,5100154,38663588,-0.26,-3.3505,7.5809,2.1533,1776375000,N/A,1776375000,236850000,0,236850000,116.1505,2.3975,1.6221,14.6546,
600243.SH,青海华鼎,2014-12-30,7.5,7.49,7.55,7.29,7.34,4059887,29906920,-0.16,-2.1333,7.3664,1.7141,1738479000,N/A,1738479000,236850000,0,236850000,113.6727,2.3464,1.5875,14.342,
600243.SH,青海华鼎,2014-12-31,7.34,7.45,7.63,7.39,7.58,4206643,31616463,0.24,3.2698,7.5158,1.7761,1795323000,N/A,1795323000,236850000,0,236850000,117.3895,2.4231,1.6394,14.8109,
600243.SH,青海华鼎,2015-01-05,7.58,7.57,7.8,7.39,7.77,6499364,49364360,0.19,2.5066,7.5953,2.7441,1840324500,N/A,1840324500,236850000,0,236850000,-341.6145,2.502,1.6347,-14.1657,
600243.SH,青海华鼎,2015-01-06,7.77,7.71,7.77,7.57,7.74,5186002,39731123,-0.03,-0.3861,7.6612,2.1896,1833219000,N/A,1833219000,236850000,0,236850000,-340.2956,2.4923,1.6284,-14.111,
600243.SH,青海华鼎,2015-01-07,7.74,7.79,7.83,7.65,7.81,5332663,41313077,0.07,0.9044,7.7472,2.2515,1849798500,N/A,1849798500,236850000,0,236850000,-343.3732,2.5149,1.6431,-14.2386,
600243.SH,青海华鼎,2015-01-08,7.81,7.78,7.9,7.68,7.74,4627220,36043419,-0.07,-0.8963,7.7894,1.9536,1833219000,N/A,1833219000,236850000,0,236850000,-340.2956,2.4923,1.6284,-14.111,
600243.SH,青海华鼎,2015-01-09,7.74,7.76,7.86,7.62,7.65,3359645,26102467,-0.09,-1.1628,7.7694,1.4185,1811902500,N/A,1811902500,236850000,0,236850000,-336.3386,2.4634,1.6095,-13.9469,
600243.SH,青海华鼎,2015-01-12,7.65,7.63,7.63,7.31,7.37,3242928,24117237,-0.28,-3.6601,7.4369,1.3692,1745584500,N/A,1745584500,236850000,0,236850000,-324.0282,2.3732,1.5505,-13.4364,
600243.SH,青海华鼎,2015-01-13,7.37,7.41,7.43,7.32,7.41,3399551,25044680,0.04,0.5427,7.3671,1.4353,1755058500,N/A,1755058500,236850000,0,236850000,-325.7868,2.3861,1.559,-13.5094,
600243.SH,青海华鼎,2015-01-14,7.41,7.47,7.47,7.3,7.33,2831679,20847191,-0.08,-1.0796,7.3621,1.1956,1736110500,N/A,1736110500,236850000,0,236850000,-322.2696,2.3603,1.5421,-13.3635,
600243.SH,青海华鼎,2015-01-15,7.33,7.36,7.45,7.3,7.43,3327236,24580020,0.1,1.3643,7.3875,1.4048,1759795500,N/A,1759795500,236850000,0,236850000,-326.6662,2.3925,1.5632,-13.5458,
600243.SH,青海华鼎,2015-01-16,7.43,7.44,7.54,7.39,7.53,3599292,26901984,0.1,1.3459,7.4742,1.5197,1783480500,N/A,1783480500,236850000,0,236850000,-331.0627,2.4247,1.5842,-13.7281,
600243.SH,青海华鼎,2015-01-19,7.53,7.38,7.72,7.33,7.43,6158606,46465127,-0.1,-1.328,7.5447,2.6002,1759795500,N/A,1759795500,236850000,0,236850000,-326.6662,2.3925,1.5632,-13.5458,
600243.SH,青海华鼎,2015-01-20,7.43,7.44,7.78,7.44,7.77,6178581,47454464,0.34,4.576,7.6805,2.6086,1840324500,N/A,1840324500,236850000,0,236850000,-341.6145,2.502,1.6347,-14.1657,
600243.SH,青海华鼎,2015-01-21,7.77,7.77,7.93,7.72,7.92,5349188,42048127,0.15,1.9305,7.8607,2.2585,1875852000,N/A,1875852000,236850000,0,236850000,-348.2094,2.5503,1.6663,-14.4392,
600243.SH,青海华鼎,2015-01-22,7.92,7.93,8.16,7.86,8.12,6801977,54723346,0.2,2.5253,8.0452,2.8719,1923222000,N/A,1923222000,236850000,0,236850000,-357.0026,2.6147,1.7083,-14.8038,
600243.SH,青海华鼎,2015-01-23,8.12,8.08,8.16,8.02,8.04,5326912,43051827,-0.08,-0.9852,8.0819,2.2491,1904274000,N/A,1904274000,236850000,0,236850000,-353.4853,2.5889,1.6915,-14.6579,
600243.SH,青海华鼎,2015-01-26,8.04,8.01,8.15,7.93,8.15,4770776,38361647,0.11,1.3682,8.041,2.0143,1930327500,N/A,1930327500,236850000,0,236850000,-358.3216,2.6244,1.7146,-14.8585,
600243.SH,青海华鼎,2015-01-27,8.15,8.15,8.3,8.12,8.19,6829361,56014934,0.04,0.4908,8.2021,2.8834,1939801500,N/A,1939801500,236850000,0,236850000,-360.0802,2.6372,1.7231,-14.9314,
600243.SH,青海华鼎,2015-01-28,8.19,8.19,8.25,8.07,8.08,3694885,30258162,-0.11,-1.3431,8.1892,1.56,1913748000,N/A,1913748000,236850000,0,236850000,-355.2439,2.6018,1.6999,-14.7309,
600243.SH,青海华鼎,2015-01-29,8.08,8.06,8.2,8,8.13,4390571,35643382,0.05,0.6188,8.1182,1.8537,1925590500,N/A,1925590500,236850000,0,236850000,-357.4422,2.6179,1.7104,-14.822,
600243.SH,青海华鼎,2015-01-30,8.13,8.11,8.22,8,8.16,4241344,34452669,0.03,0.369,8.1231,1.7907,1932696000,N/A,1932696000,236850000,0,236850000,-358.7612,2.6276,1.7167,-14.8767,
600243.SH,青海华鼎,2015-02-02,8.16,8.1,8.21,8.02,8.19,2859495,23302961,0.03,0.3676,8.1493,1.2073,1939801500,N/A,1939801500,236850000,0,236850000,-360.0802,2.6372,1.7231,-14.9314,
600243.SH,青海华鼎,2015-02-03,8.19,8.19,8.42,8.19,8.32,5413653,45094922,0.13,1.5873,8.3299,2.2857,1970592000,N/A,1970592000,236850000,0,236850000,-365.7957,2.6791,1.7504,-15.1684,
600243.SH,青海华鼎,2015-02-04,8.32,8.35,8.35,8.03,8.21,3591448,29691956,-0.11,-1.3221,8.2674,1.5163,1944538500,N/A,1944538500,236850000,0,236850000,-360.9595,2.6437,1.7273,-14.9679,
600243.SH,青海华鼎,2015-02-05,8.21,8.25,8.3,8.05,8.09,3775301,30761261,-0.12,-1.4616,8.148,1.594,1916116500,N/A,1916116500,236850000,0,236850000,-355.6836,2.605,1.702,-14.7491,
600243.SH,青海华鼎,2015-02-06,8.09,8.06,8.16,7.75,7.76,3566203,28501030,-0.33,-4.0791,7.992,1.5057,1837956000,N/A,1837956000,236850000,0,236850000,-341.1749,2.4988,1.6326,-14.1475,
600243.SH,青海华鼎,2015-02-09,7.76,7.75,7.84,7.6,7.81,2360312,18270440,0.05,0.6443,7.7407,0.9965,1849798500,N/A,1849798500,236850000,0,236850000,-343.3732,2.5149,1.6431,-14.2386,
600243.SH,青海华鼎,2015-02-10,7.81,7.81,7.89,7.75,7.84,1759871,13752447,0.03,0.3841,7.8145,0.743,1856904000,N/A,1856904000,236850000,0,236850000,-344.6921,2.5245,1.6494,-14.2933,
600243.SH,青海华鼎,2015-02-11,7.84,7.86,7.94,7.84,7.91,2281935,17985820,0.07,0.8929,7.8818,0.9635,1873483500,N/A,1873483500,236850000,0,236850000,-347.7698,2.5471,1.6642,-14.4209,
600243.SH,青海华鼎,2015-02-12,7.91,7.95,8.27,7.92,8.22,3647273,29670624,0.31,3.9191,8.135,1.5399,1946907000,N/A,1946907000,236850000,0,236850000,-361.3992,2.6469,1.7294,-14.9861,
600243.SH,青海华鼎,2015-02-13,8.22,8.22,8.37,8.2,8.23,3925903,32531717,0.01,0.1217,8.2864,1.6575,1949275500,N/A,1949275500,236850000,0,236850000,-361.8388,2.6501,1.7315,-15.0043,
600243.SH,青海华鼎,2015-02-16,8.23,8.23,8.32,8.2,8.29,4932024,40761952,0.06,0.729,8.2648,2.0823,1963486500,N/A,1963486500,236850000,0,236850000,-364.4768,2.6694,1.7441,-15.1137,
600243.SH,青海华鼎,2015-02-17,8.29,8.26,8.41,8.2,8.3,4108571,34162801,0.01,0.1206,8.315,1.7347,1965855000,N/A,1965855000,236850000,0,236850000,-364.9164,2.6727,1.7462,-15.132,
600243.SH,青海华鼎,2015-02-25,8.3,8.33,8.7,8.28,8.54,9110454,77409396,0.24,2.8916,8.4968,3.8465,2022699000,N/A,2022699000,236850000,0,236850000,-375.4682,2.7499,1.7967,-15.5695,
600243.SH,青海华鼎,2015-02-26,8.54,8.5,8.59,8.42,8.57,3917388,33404054,0.03,0.3513,8.5271,1.654,2029804500,N/A,2029804500,236850000,0,236850000,-376.7872,2.7596,1.803,-15.6242,
600243.SH,青海华鼎,2015-02-27,8.57,8.6,8.72,8.51,8.63,6430110,55643317,0.06,0.7001,8.6536,2.7148,2044015500,N/A,2044015500,236850000,0,236850000,-379.4252,2.7789,1.8156,-15.7336,
600243.SH,青海华鼎,2015-03-02,8.63,8.7,8.96,8.66,8.84,8047248,71202388,0.21,2.4334,8.848,3.3976,2093754000,N/A,2093754000,236850000,0,236850000,-388.658,2.8466,1.8598,-16.1164,
600243.SH,青海华鼎,2015-03-03,8.84,8.85,8.86,8.55,8.6,7764050,67192112,-0.24,-2.7149,8.6543,3.278,2036910000,N/A,2036910000,236850000,0,236850000,-378.1062,2.7693,1.8093,-15.6789,
600243.SH,青海华鼎,2015-03-04,8.6,8.6,9,8.55,8.99,10565312,93379650,0.39,4.5349,8.8383,4.4608,2129281500,N/A,2129281500,236850000,0,236850000,-395.2529,2.8949,1.8914,-16.3899,
600243.SH,青海华鼎,2015-03-05,8.99,8.88,9.55,8.88,9.18,19600288,181789590,0.19,2.1135,9.2748,8.2754,2174283000,N/A,2174283000,236850000,0,236850000,-403.6064,2.956,1.9313,-16.7363,
600243.SH,青海华鼎,2015-03-06,9.18,9.2,9.44,9.05,9.11,9577609,88516001,-0.07,-0.7625,9.242,4.0437,2157703500,N/A,2157703500,236850000,0,236850000,-400.5288,2.9335,1.9166,-16.6087,
600243.SH,青海华鼎,2015-03-09,9.11,9.05,9.2,8.77,9.19,9453493,85227467,0.08,0.8782,9.0154,3.9913,2176651500,N/A,2176651500,236850000,0,236850000,-404.046,2.9593,1.9334,-16.7545,
600243.SH,青海华鼎,2015-03-10,9.19,9.16,9.29,9.09,9.11,7882696,72422477,-0.08,-0.8705,9.1875,3.3281,2157703500,N/A,2157703500,236850000,0,236850000,-400.5288,2.9335,1.9166,-16.6087,
600243.SH,青海华鼎,2015-03-11,9.11,9,9.25,8.78,9.03,16010750,143503743,-0.08,-0.8782,8.963,6.7599,2138755500,N/A,2138755500,236850000,0,236850000,-397.0115,2.9077,1.8998,-16.4628,
600243.SH,青海华鼎,2015-03-12,9.03,8.95,9,8.78,8.82,8963248,79287289,-0.21,-2.3256,8.8458,3.7844,2089017000,N/A,2089017000,236850000,0,236850000,-387.7787,2.8401,1.8556,-16.08,
600243.SH,青海华鼎,2015-03-13,8.82,8.83,9.02,8.73,8.96,9033268,79973974,0.14,1.5873,8.8533,3.8139,2122176000,N/A,2122176000,236850000,0,236850000,-393.9339,2.8852,1.8851,-16.3352,
600243.SH,青海华鼎,2015-03-16,8.96,8.95,9.31,8.93,9.23,11709712,107318266,0.27,3.0134,9.1649,4.9439,2186125500,N/A,2186125500,236850000,0,236850000,-405.8047,2.9721,1.9419,-16.8275,
600243.SH,青海华鼎,2015-03-17,9.23,9.22,9.63,9.22,9.47,18111675,170561522,0.24,2.6002,9.4172,7.6469,2242969500,N/A,2242969500,236850000,0,236850000,-416.3565,3.0494,1.9924,-17.265,
600243.SH,青海华鼎,2015-03-18,9.47,9.45,9.58,9.38,9.53,12811632,121444806,0.06,0.6336,9.4793,5.4092,2257180500,N/A,2257180500,236850000,0,236850000,-418.9944,3.0687,2.005,-17.3744,
600243.SH,青海华鼎,2015-03-19,9.53,9.49,9.84,9.4,9.79,14997662,143805015,0.26,2.7282,9.5885,6.3321,2318761500,N/A,2318761500,236850000,0,236850000,-430.4255,3.1525,2.0597,-17.8484,
600243.SH,青海华鼎,2015-03-20,9.79,9.74,9.8,9.55,9.67,9884058,95418864,-0.12,-1.2257,9.6538,4.1731,2290339500,N/A,2290339500,236850000,0,236850000,-425.1496,3.1138,2.0344,-17.6296,
600243.SH,青海华鼎,2015-03-23,9.67,9.67,9.94,9.64,9.88,13061195,127552439,0.21,2.1717,9.7658,5.5145,2340078000,N/A,2340078000,236850000,0,236850000,-434.3825,3.1814,2.0786,-18.0125,
600243.SH,青海华鼎,2015-03-24,9.88,9.9,10.05,9.42,9.81,13300949,129898282,-0.07,-0.7085,9.7661,5.6158,2323498500,N/A,2323498500,236850000,0,236850000,-431.3048,3.1589,2.0639,-17.8849,
600243.SH,青海华鼎,2015-03-25,9.81,10.17,10.57,10,10.09,27527652,280740114,0.28,2.8542,10.1985,11.6224,2389816500,N/A,2389816500,236850000,0,236850000,-443.6153,3.2491,2.1228,-18.3954,
600243.SH,青海华鼎,2015-03-26,10.09,10.19,10.57,10.09,10.2,19488445,200806382,0.11,1.0902,10.3039,8.2282,2415870000,N/A,2415870000,236850000,0,236850000,-448.4515,3.2845,2.1459,-18.5959,
600243.SH,青海华鼎,2015-03-27,10.2,10.2,10.26,9.86,10.06,13613541,136813958,-0.14,-1.3725,10.0498,5.7477,2382711000,N/A,2382711000,236850000,0,236850000,-442.2963,3.2394,2.1165,-18.3407,
600243.SH,青海华鼎,2015-03-30,10.06,10.05,10.87,10.01,10.45,17944909,188524514,0.39,3.8767,10.5057,7.5765,2475082500,N/A,2475082500,236850000,0,236850000,-459.443,3.365,2.1985,-19.0517,
600243.SH,青海华鼎,2015-03-31,10.45,10.45,10.8,10.4,10.47,13157170,138968927,0.02,0.1914,10.5622,5.5551,2479819500,N/A,2479819500,236850000,0,236850000,-460.3223,3.3714,2.2027,-19.0881,
600243.SH,青海华鼎,2015-04-01,10.47,10.47,10.7,10.41,10.65,10048536,106423561,0.18,1.7192,10.591,4.2426,2522452500,N/A,2522452500,236850000,0,236850000,-468.2361,3.4294,2.2406,-19.4163,
600243.SH,青海华鼎,2015-04-02,10.65,10.7,11.72,10.52,11.67,26338376,292078967,1.02,9.5775,11.0895,11.1203,2764039500,N/A,2764039500,236850000,0,236850000,-513.0813,3.7578,2.4552,-21.2759,
600243.SH,青海华鼎,2015-04-03,11.67,11.5,12,11.36,11.78,15130656,177021551,0.11,0.9426,11.6995,6.3883,2790093000,N/A,2790093000,236850000,0,236850000,-517.9175,3.7933,2.4783,-21.4764,
600243.SH,青海华鼎,2015-04-07,11.78,11.76,12.76,11.65,12.6,18840231,232123182,0.82,6.961,12.3206,7.9545,2984310000,N/A,2984310000,236850000,0,236850000,-553.9695,4.0573,2.6509,-22.9714,
600243.SH,青海华鼎,2015-04-08,12.6,12.89,12.89,12.07,12.2,17733393,220328121,-0.4,-3.1746,12.4245,7.4872,2889570000,N/A,2889570000,236850000,0,236850000,-536.3832,3.9285,2.5667,-22.2422,
600243.SH,青海华鼎,2015-04-09,12.2,12.21,12.3,11.05,11.79,14840347,173111601,-0.41,-3.3607,11.6649,6.2657,2792461500,N/A,2792461500,236850000,0,236850000,-518.3572,3.7965,2.4805,-21.4947,
600243.SH,青海华鼎,2015-04-10,11.79,11.95,12.97,11.9,12.89,27185228,343409335,1.1,9.3299,12.6322,11.4778,3052996500,N/A,3052996500,236850000,0,236850000,-566.7196,4.1507,2.7119,-23.5001,
600243.SH,青海华鼎,2015-04-13,12.89,13,13.2,12.7,13,16934310,219032093,0.11,0.8534,12.9342,7.1498,3079050000,N/A,3079050000,236850000,0,236850000,-571.5559,4.1861,2.735,-23.7007,
600243.SH,青海华鼎,2015-04-14,13,13,13,12.57,12.73,11485398,146531637,-0.27,-2.0769,12.7581,4.8492,3015100500,N/A,3015100500,236850000,0,236850000,-559.6851,4.0992,2.6782,-23.2084,
600243.SH,青海华鼎,2015-04-15,12.73,12.68,12.68,11.88,11.89,11348821,138604847,-0.84,-6.5986,12.2131,4.7916,2816146500,N/A,2816146500,236850000,0,236850000,-522.7538,3.8287,2.5015,-21.677,
600243.SH,青海华鼎,2015-04-16,11.89,11.6,12.39,11.5,12.08,9206589,110669015,0.19,1.598,12.0206,3.8871,2861148000,N/A,2861148000,236850000,0,236850000,-531.1073,3.8899,2.5415,-22.0234,
600243.SH,青海华鼎,2015-04-17,12.08,12.15,12.31,11.77,11.91,11443417,137211072,-0.17,-1.4073,11.9904,4.8315,2820883500,N/A,2820883500,236850000,0,236850000,-523.6331,3.8351,2.5057,-21.7134,
600243.SH,青海华鼎,2015-04-20,11.91,11.7,11.97,11.4,11.41,10774866,125873481,-0.5,-4.1982,11.6821,4.5492,2702458500,N/A,2702458500,236850000,0,236850000,-501.6502,3.6741,2.4005,-20.8019,
600243.SH,青海华鼎,2015-04-21,11.41,11.45,12.55,11.43,12.48,18754453,227186613,1.07,9.3777,12.1137,7.9183,2955888000,N/A,2955888000,236850000,0,236850000,-548.6936,4.0187,2.6256,-22.7526,
600243.SH,青海华鼎,2015-04-22,12.48,12.36,13.19,12.2,12.67,24549798,311054055,0.19,1.5224,12.6703,10.3651,3000889500,N/A,3000889500,236850000,0,236850000,-557.0471,4.0798,2.6656,-23.099,
600243.SH,青海华鼎,2015-04-23,12.67,12.59,12.9,12.52,12.61,13931388,177008289,-0.06,-0.4736,12.7057,5.8819,2986678500,N/A,2986678500,236850000,0,236850000,-554.4092,4.0605,2.653,-22.9896,
600243.SH,青海华鼎,2015-04-24,12.61,12.4,13,12.32,12.99,17430033,222053779,0.38,3.0135,12.7397,7.3591,3076681500,N/A,3076681500,236850000,0,236850000,-571.1162,4.1829,2.7329,-23.6824,
600243.SH,青海华鼎,2015-04-27,12.99,12.99,13.6,12.73,12.93,16639671,218614573,-0.06,-0.4619,13.1382,7.0254,3062470500,N/A,3062470500,236850000,0,236850000,-568.4783,4.1636,2.7203,-23.573,
600243.SH,青海华鼎,2015-04-28,12.93,12.98,12.98,12.25,12.33,12623056,157784391,-0.6,-4.6404,12.4997,5.3296,2920360500,N/A,2920360500,236850000,0,236850000,-542.0987,3.9704,2.5941,-22.4792,
600243.SH,青海华鼎,2015-04-29,12.33,12.24,12.8,12.11,12.59,10143809,127774317,0.26,2.1087,12.5963,4.2828,2981941500,N/A,2981941500,236850000,0,236850000,-553.5299,4.0541,2.6488,-22.9532,
600243.SH,青海华鼎,2015-04-30,12.59,12.62,12.97,12.5,12.57,10136332,129108625,-0.02,-0.1589,12.7372,4.2796,2977204500,N/A,2977204500,236850000,0,236850000,-552.6505,4.0476,2.6446,-22.9167,
600243.SH,青海华鼎,2015-05-04,12.57,12.57,13.22,12.25,13.22,16315630,209893302,0.65,5.171,12.8646,6.8886,3131157000,N/A,3131157000,236850000,0,236850000,-581.2283,4.2569,2.7813,-24.1017,
600243.SH,青海华鼎,2015-05-05,13.22,13.17,14.31,13,13.43,24125326,330242480,0.21,1.5885,13.6886,10.1859,3180895500,N/A,3180895500,236850000,0,236850000,-590.4612,4.3246,2.8255,-24.4846,
600243.SH,青海华鼎,2015-05-06,13.43,13.45,14.02,13.1,13.36,17835170,242697326,-0.07,-0.5212,13.6078,7.5302,3164316000,N/A,3164316000,236850000,0,236850000,-587.3836,4.302,2.8108,-24.357,
600243.SH,青海华鼎,2015-05-07,13.36,13.05,13.25,12.28,12.41,12790663,162552515,-0.95,-7.1108,12.7087,5.4003,2939308500,N/A,2939308500,236850000,0,236850000,-545.616,3.9961,2.6109,-22.625,
600243.SH,青海华鼎,2015-05-08,12.41,12.4,12.85,12.4,12.71,10048131,126486285,0.3,2.4174,12.588,4.2424,3010363500,N/A,3010363500,236850000,0,236850000,-558.8058,4.0927,2.674,-23.1719,
600243.SH,青海华鼎,2015-05-11,12.71,12.91,13.66,12.63,13.53,15110351,199089393,0.82,6.4516,13.1757,6.3797,3204580500,N/A,3204580500,236850000,0,236850000,-594.8578,4.3568,2.8465,-24.6669,
600243.SH,青海华鼎,2015-05-12,13.53,13.55,13.93,13,13.91,17957254,244328359,0.38,2.8086,13.6061,7.5817,3294583500,N/A,3294583500,236850000,0,236850000,-611.5648,4.4791,2.9265,-25.3597,
600243.SH,青海华鼎,2015-05-13,13.91,13.7,14.68,13.52,14.49,20168894,289176915,0.58,4.1697,14.3378,8.5155,3431956500,N/A,3431956500,236850000,0,236850000,-637.065,4.6659,3.0485,-26.4171,
600243.SH,青海华鼎,2015-05-14,14.49,14.5,14.66,14.14,14.3,13035520,187237321,-0.19,-1.3112,14.3636,5.5037,3386955000,N/A,3386955000,236850000,0,236850000,-628.7114,4.6047,3.0085,-26.0707,
600243.SH,青海华鼎,2015-05-15,14.3,14.21,14.27,13.58,13.96,12485461,173704854,-0.34,-2.3776,13.9126,5.2715,3306426000,N/A,3306426000,236850000,0,236850000,-613.7631,4.4952,2.937,-25.4509,
600243.SH,青海华鼎,2015-05-18,13.96,14.04,14.42,13.65,14.15,13958794,196750409,0.19,1.361,14.0951,5.8935,3351427500,N/A,3351427500,236850000,0,236850000,-622.1166,4.5564,2.977,-25.7973,
600243.SH,青海华鼎,2015-05-19,14.15,14.04,14.63,13.83,14.49,16788439,239444408,0.34,2.4028,14.2625,7.0882,3431956500,N/A,3431956500,236850000,0,236850000,-637.065,4.6659,3.0485,-26.4171,
600243.SH,青海华鼎,2015-05-20,14.49,14.54,15.45,14.53,14.7,18275957,273336033,0.21,1.4493,14.956,7.7163,3481695000,N/A,3481695000,236850000,0,236850000,-646.2978,4.7335,3.0927,-26.8,
600243.SH,青海华鼎,2015-05-21,14.7,14.5,15.08,14.4,15.03,14014834,206896749,0.33,2.2449,14.7627,5.9172,3559855500,N/A,3559855500,236850000,0,236850000,-660.8065,4.8398,3.1621,-27.4016,
600243.SH,青海华鼎,2015-05-22,15.03,15.31,16.53,14.91,16.24,24511702,390823077,1.21,8.0506,15.9443,10.349,3846444000,N/A,3846444000,236850000,0,236850000,-714.0052,5.2294,3.4167,-29.6076,
600243.SH,青海华鼎,2015-05-25,16.24,16.11,17.43,15.98,17.36,22523120,380617627,1.12,6.8966,16.899,9.5094,4111716000,N/A,4111716000,236850000,0,236850000,-763.2469,5.5901,3.6523,-31.6495,
600243.SH,青海华鼎,2015-05-26,17.36,17.4,17.97,16.74,17.58,18855238,328660596,0.22,1.2673,17.4307,7.9608,4163823000,N/A,4163823000,236850000,0,236850000,-772.9194,5.6609,3.6986,-32.0506,
600243.SH,青海华鼎,2015-05-27,17.58,17.66,17.85,16.9,17.22,14131564,243154168,-0.36,-2.0478,17.2065,5.9665,4078557000,N/A,4078557000,236850000,0,236850000,-757.0917,5.545,3.6228,-31.3943,
600243.SH,青海华鼎,2015-05-28,17.22,16.9,17.69,15.56,15.64,16628646,279345383,-1.58,-9.1754,16.799,7.0207,3704334000,N/A,3704334000,236850000,0,236850000,-687.6257,5.0362,3.2904,-28.5137,
600243.SH,青海华鼎,2015-05-29,15.64,15.38,16.57,14.52,16.02,14683668,230107337,0.38,2.4297,15.671,6.1996,3794337000,N/A,3794337000,236850000,0,236850000,-704.3327,5.1586,3.3704,-29.2065,
600243.SH,青海华鼎,2015-06-01,16.02,15.99,16.94,15.62,16.86,11995024,198136419,0.84,5.2434,16.5182,5.0644,3993291000,N/A,3993291000,236850000,0,236850000,-741.264,5.4291,3.5471,-30.7379,
600243.SH,青海华鼎,2015-06-02,16.86,16.87,18.55,16.86,18.55,19596669,352229007,1.69,10.0237,17.9739,8.2739,4393567500,N/A,4393567500,236850000,0,236850000,-815.5662,5.9733,3.9027,-33.819,
600243.SH,青海华鼎,2015-06-03,18.55,18.8,19.5,17.62,18.48,17465048,326219205,-0.07,-0.3774,18.6784,7.3739,4376988000,N/A,4376988000,236850000,0,236850000,-812.4886,5.9507,3.8879,-33.6914,
600243.SH,青海华鼎,2015-06-04,18.48,18.28,18.33,16.68,18.21,13160068,232750734,-0.27,-1.461,17.6861,5.5563,4313038500,N/A,4313038500,236850000,0,236850000,-800.6179,5.8638,3.8311,-33.1991,
600243.SH,青海华鼎,2015-06-05,18.21,18.85,18.88,17.77,18.48,16872174,310185132,0.27,1.4827,18.3844,7.1236,4376988000,N/A,4376988000,236850000,0,236850000,-812.4886,5.9507,3.8879,-33.6914,
600243.SH,青海华鼎,2015-06-08,18.48,18.4,19.46,18.15,18.98,17511562,333853830,0.5,2.7056,19.0648,7.3935,4495413000,N/A,4495413000,236850000,0,236850000,-834.4716,6.1117,3.9931,-34.603,
600243.SH,青海华鼎,2015-06-09,18.98,18.98,19.39,18.33,18.42,11826088,220884804,-0.56,-2.9505,18.6778,4.9931,4362777000,N/A,4362777000,236850000,0,236850000,-809.8507,5.9314,3.8753,-33.582,
600243.SH,青海华鼎,2015-06-10,18.42,18.33,19.36,18.01,19.12,13014017,246598995,0.7,3.8002,18.9487,5.4946,4528572000,N/A,4528572000,236850000,0,236850000,-840.6268,6.1568,4.0226,-34.8582,
600243.SH,青海华鼎,2015-06-11,19.12,19,20.97,18.8,20.27,18688074,369184284,1.15,6.0146,19.7551,7.8903,4800949500,N/A,4800949500,236850000,0,236850000,-891.1875,6.5271,4.2645,-36.9548,
600243.SH,青海华鼎,2015-06-12,20.27,20.05,21.45,20.01,20.98,14082534,294948536,0.71,3.5027,20.9443,5.9458,4969113000,N/A,4969113000,236850000,0,236850000,-922.4032,6.7557,4.4139,-38.2492,
600243.SH,青海华鼎,2015-06-15,20.98,20.92,22.3,20.41,20.94,14069331,300993894,-0.04,-0.1907,21.3936,5.9402,4959639000,N/A,4959639000,236850000,0,236850000,-920.6446,6.7429,4.4055,-38.1763,
600243.SH,青海华鼎,2015-06-16,20.94,20.6,20.64,19.26,19.44,10872704,216173096,-1.5,-7.1633,19.8822,4.5905,4604364000,N/A,4604364000,236850000,0,236850000,-854.6958,6.2598,4.0899,-35.4416,
600243.SH,青海华鼎,2015-06-17,19.44,19.19,20.55,18.16,20.36,12751554,244835438,0.92,4.7325,19.2004,5.3838,4822266000,N/A,4822266000,236850000,0,236850000,-895.1444,6.5561,4.2835,-37.1189,
600243.SH,青海华鼎,2015-06-18,20.36,20.4,20.98,19.25,19.33,9574197,193680183,-1.03,-5.0589,20.2294,4.0423,4578310500,N/A,4578310500,236850000,0,236850000,-849.8596,6.2244,4.0668,-35.2411,
600243.SH,青海华鼎,2015-06-19,19.33,18.6,19,17.4,17.4,8974489,162158471,-1.93,-9.9845,18.0688,3.7891,4121190000,N/A,4121190000,236850000,0,236850000,-765.0055,5.6029,3.6607,-31.7224,
600243.SH,青海华鼎,2015-06-23,17.4,16.91,17.85,15.66,16.96,12480448,205870887,-0.44,-2.5287,16.4955,5.2693,4016976000,N/A,4016976000,236850000,0,236850000,-745.6606,5.4613,3.5681,-30.9202,
600243.SH,青海华鼎,2015-06-24,16.96,17.12,17.64,16.5,17.39,10418498,179930067,0.43,2.5354,17.2703,4.3988,4118821500,N/A,4118821500,236850000,0,236850000,-764.5659,5.5997,3.6586,-31.7042,
600243.SH,青海华鼎,2015-06-25,17.39,17.6,17.99,16.15,16.47,10579113,184252211,-0.92,-5.2904,17.4166,4.4666,3900919500,N/A,3900919500,236850000,0,236850000,-724.1173,5.3035,3.4651,-30.0269,
600243.SH,青海华鼎,2015-06-26,16.47,15.71,16.01,14.82,14.82,8209369,125062854,-1.65,-10.0182,15.2342,3.4661,3510117000,N/A,3510117000,236850000,0,236850000,-651.5737,4.7722,3.1179,-27.0187,
600243.SH,青海华鼎,2015-06-29,14.82,15.4,15.5,13.34,13.34,15535914,214300404,-1.48,-9.9865,13.7939,6.5594,3159579000,N/A,3159579000,236850000,0,236850000,-586.5042,4.2956,2.8065,-24.3205,
600243.SH,青海华鼎,2015-06-30,13.34,13.34,14.6,12.01,14.53,17971695,233577930,1.19,8.9205,12.997,7.5878,3441430500,N/A,3441430500,236850000,0,236850000,-638.8236,4.6788,3.0569,-26.49,
600243.SH,青海华鼎,2015-07-01,14.53,14.26,15.08,13.08,13.08,12430274,178638068,-1.45,-9.9794,14.3712,5.2482,3097998000,N/A,3097998000,236850000,0,236850000,-575.0731,4.2119,2.7518,-23.8465,
600243.SH,青海华鼎,2015-07-02,13.08,13.09,13.35,11.77,11.77,14240591,174106372,-1.31,-10.0153,12.2261,6.0125,2787724500,N/A,2787724500,236850000,0,236850000,-517.4779,3.79,2.4762,-21.4582,
600243.SH,青海华鼎,2015-07-03,11.77,10.9,11.71,10.59,10.59,13207209,142958192,-1.18,-10.0255,10.8243,5.5762,2508241500,N/A,2508241500,236850000,0,236850000,-465.5982,3.4101,2.228,-19.3069,
600243.SH,青海华鼎,2015-07-06,10.59,11.64,11.64,9.53,9.53,14211573,147327008,-1.06,-10.0094,10.3667,6.0002,2257180500,N/A,2257180500,236850000,0,236850000,-418.9944,3.0687,2.005,-17.3744,
600243.SH,青海华鼎,2015-07-07,9.53,8.62,8.98,8.58,8.58,4970800,42732651,-0.95,-9.9685,8.5967,2.0987,2032173000,N/A,2032173000,236850000,0,236850000,-377.2269,2.7628,1.8051,-15.6424,
600243.SH,青海华鼎,2015-07-08,8.58,8.58,8.58,8.58,8.58,N/A,N/A,0,0,N/A,N/A,2032173000,N/A,2032173000,236850000,0,236850000,-377.2269,2.7628,1.8051,-15.6424,
600243.SH,青海华鼎,2015-07-09,8.58,8.58,8.58,8.58,8.58,N/A,N/A,0,0,N/A,N/A,2032173000,N/A,2032173000,236850000,0,236850000,-377.2269,2.7628,1.8051,-15.6424,
600243.SH,青海华鼎,2015-07-10,8.58,8.58,8.58,8.58,8.58,N/A,N/A,0,0,N/A,N/A,2032173000,N/A,2032173000,236850000,0,236850000,-377.2269,2.7628,1.8051,-15.6424,
600243.SH,青海华鼎,2015-07-13,8.58,9.44,9.44,9.44,9.44,2119849,20011375,0.86,10.0233,9.44,0.895,2235864000,N/A,2235864000,236850000,0,236850000,-415.0375,3.0398,1.986,-17.2103,
600243.SH,青海华鼎,2015-07-14,9.44,10.38,10.38,10.38,10.38,536551,5569399,0.94,9.9576,10.38,0.2265,2458503000,N/A,2458503000,236850000,0,236850000,-456.3654,3.3424,2.1838,-18.9241,
600243.SH,青海华鼎,2015-07-15,10.38,11,11,9.34,9.34,21216865,214415732,-1.04,-10.0193,10.1059,8.9579,2212179000,N/A,2212179000,236850000,0,236850000,-410.6409,3.0076,1.965,-17.028,
600243.SH,青海华鼎,2015-07-16,9.34,8.87,10.26,8.41,9.41,23700087,221163010,0.07,0.7495,9.3317,10.0064,2228758500,N/A,2228758500,236850000,0,236850000,-413.7185,3.0301,1.9797,-17.1556,
600243.SH,青海华鼎,2015-07-17,9.41,9.62,10.35,9.53,10.35,24822067,250985452,0.94,9.9894,10.1114,10.4801,2451397500,N/A,2451397500,236850000,0,236850000,-455.0464,3.3328,2.1775,-18.8694,
600243.SH,青海华鼎,2015-07-20,10.35,10.55,11.39,10.33,11.39,29432509,321109232,1.04,10.0483,10.91,12.4266,2697721500,N/A,2697721500,236850000,0,236850000,-500.7709,3.6677,2.3963,-20.7654,
600243.SH,青海华鼎,2015-07-21,11.39,11.35,12.49,10.9,12.37,30766107,365881847,0.98,8.604,11.8924,12.9897,2929834500,N/A,2929834500,236850000,0,236850000,-543.8574,3.9832,2.6025,-22.5521,
600243.SH,青海华鼎,2015-07-22,12.37,12.1,12.68,11.92,12.39,23692217,291092469,0.02,0.1617,12.2864,10.003,2934571500,N/A,2934571500,236850000,0,236850000,-544.7367,3.9897,2.6067,-22.5885,
600243.SH,青海华鼎,2015-07-23,12.39,12.31,12.98,12.1,12.91,20066260,252999460,0.52,4.1969,12.6082,8.4721,3057733500,N/A,3057733500,236850000,0,236850000,-567.5989,4.1571,2.7161,-23.5366,
600243.SH,青海华鼎,2015-07-24,12.91,12.76,13.29,12.3,12.52,20660855,265067216,-0.39,-3.0209,12.8294,8.7232,2965362000,N/A,2965362000,236850000,0,236850000,-550.4523,4.0315,2.634,-22.8256,
600243.SH,青海华鼎,2015-07-27,12.52,12.02,12.66,11.27,11.27,16402954,194844129,-1.25,-9.984,11.8786,6.9255,2669299500,N/A,2669299500,236850000,0,236850000,-495.495,3.629,2.371,-20.5466,
600243.SH,青海华鼎,2015-07-28,11.27,10.18,11.19,10.14,10.26,20760084,215166269,-1.01,-8.9618,10.3644,8.7651,2430081000,N/A,2430081000,236850000,0,236850000,-451.0895,3.3038,2.1586,-18.7053,
600243.SH,青海华鼎,2015-07-29,10.26,10.49,11.29,9.98,11.29,16331350,173004302,1.03,10.039,10.5934,6.8952,2674036500,N/A,2674036500,236850000,0,236850000,-496.3743,3.6355,2.3753,-20.5831,
600243.SH,青海华鼎,2015-07-30,11.29,11.35,12.01,10.85,11.13,18284732,211646340,-0.16,-1.4172,11.575,7.72,2636140500,N/A,2636140500,236850000,0,236850000,-489.3397,3.584,2.3416,-20.2914,
600243.SH,青海华鼎,2015-07-31,11.13,10.8,11.57,10.39,10.73,12395804,137054057,-0.4,-3.5939,11.0565,5.2336,2541400500,N/A,2541400500,236850000,0,236850000,-471.7534,3.4551,2.2574,-19.5622,
600243.SH,青海华鼎,2015-08-03,10.73,10.5,10.78,9.69,9.89,12070801,122310136,-0.84,-7.8285,10.1327,5.0964,2342446500,N/A,2342446500,236850000,0,236850000,-434.8221,3.1847,2.0807,-18.0307,
600243.SH,青海华鼎,2015-08-04,9.89,9.94,10.88,9.6,10.87,12968521,134852708,0.98,9.909,10.3985,5.4754,2574559500,N/A,2574559500,236850000,0,236850000,-477.9086,3.5002,2.2869,-19.8174,
600243.SH,青海华鼎,2015-08-05,10.87,10.88,11.41,10.65,10.92,14607575,161155138,0.05,0.46,11.0323,6.1674,2586402000,N/A,2586402000,236850000,0,236850000,-480.1069,3.5163,2.2974,-19.9085,
600243.SH,青海华鼎,2015-08-06,10.92,10.65,11.33,10.43,11,11258583,123390528,0.08,0.7326,10.9597,4.7535,2605350000,N/A,2605350000,236850000,0,236850000,-483.6242,3.5421,2.3142,-20.0544,
600243.SH,青海华鼎,2015-08-07,11,11.12,11.98,11.12,11.93,16764040,194776875,0.93,8.4545,11.6187,7.0779,2825620500,N/A,2825620500,236850000,0,236850000,-524.5124,3.8416,2.5099,-21.7499,
600243.SH,青海华鼎,2015-08-10,11.93,11.93,12.62,11.85,12.45,14698420,180979724,0.52,4.3588,12.3129,6.2058,2948782500,N/A,2948782500,236850000,0,236850000,-547.3746,4.009,2.6193,-22.6979,
600243.SH,青海华鼎,2015-08-11,12.45,12.3,13.14,12.1,12.74,21398199,270296585,0.29,2.3293,12.6317,9.0345,3017469000,N/A,3017469000,236850000,0,236850000,-560.1247,4.1024,2.6803,-23.2266,
600243.SH,青海华鼎,2015-08-12,12.74,12.4,12.71,12.15,12.17,12703090,157740269,-0.57,-4.4741,12.4175,5.3633,2882464500,N/A,2882464500,236850000,0,236850000,-535.0642,3.9188,2.5604,-22.1875,
600243.SH,青海华鼎,2015-08-13,12.17,12,12.69,11.8,12.65,13951804,170366311,0.48,3.9441,12.2111,5.8906,2996152500,N/A,2996152500,236850000,0,236850000,-556.1678,4.0734,2.6614,-23.0626,
600243.SH,青海华鼎,2015-08-14,12.65,12.75,13.09,12.5,12.66,13125735,168142145,0.01,0.0791,12.8101,5.5418,2998521000,N/A,2998521000,236850000,0,236850000,-556.6075,4.0766,2.6635,-23.0808,
600243.SH,青海华鼎,2015-08-17,12.66,12.68,13.78,12.48,13.63,19648117,257715951,0.97,7.6619,13.1166,8.2956,3228265500,N/A,3228265500,236850000,0,236850000,-599.2543,4.389,2.8676,-24.8492,
600243.SH,青海华鼎,2015-08-18,13.63,13.6,13.76,12.27,12.27,18060123,235617123,-1.36,-9.978,13.0463,7.6251,2906149500,N/A,2906149500,236850000,0,236850000,-539.4608,3.951,2.5814,-22.3698,
600243.SH,青海华鼎,2015-08-19,12.27,11.7,12.68,11.04,12.29,14018348,165123595,0.02,0.163,11.7791,5.9187,2910886500,N/A,2910886500,236850000,0,236850000,-540.3401,3.9575,2.5856,-22.4062,
600243.SH,青海华鼎,2015-08-20,12.29,12.19,12.79,11.72,12.27,14388981,176714461,-0.02,-0.1627,12.2812,6.0751,2906149500,N/A,2906149500,236850000,0,236850000,-539.4608,3.951,2.5814,-22.3698,
600243.SH,青海华鼎,2015-08-21,12.27,12.3,12.58,11.04,11.15,13808749,164177989,-1.12,-9.128,11.8894,5.8302,2640877500,N/A,2640877500,236850000,0,236850000,-490.2191,3.5904,2.3458,-20.3279,
600243.SH,青海华鼎,2015-08-24,11.15,10.06,10.45,10.04,10.04,6600407,66605536,-1.11,-9.9552,10.0911,2.7867,2377974000,N/A,2377974000,236850000,0,236850000,-441.417,3.233,2.1123,-18.3042,
600243.SH,青海华鼎,2015-08-25,10.04,9.04,9.31,9.04,9.04,11286250,102180550,-1,-9.9602,9.0535,4.7651,2141124000,N/A,2141124000,236850000,0,236850000,-397.4512,2.911,1.9019,-16.4811,
600243.SH,青海华鼎,2015-08-26,9.04,9.04,9.04,9.04,9.04,N/A,N/A,0,0,N/A,N/A,2141124000,N/A,2141124000,236850000,0,236850000,-397.4512,2.911,1.9019,-16.4811,
600243.SH,青海华鼎,2015-08-27,9.04,9.04,9.04,9.04,9.04,N/A,N/A,0,0,N/A,N/A,2141124000,N/A,2141124000,236850000,0,236850000,-397.4512,2.911,1.9019,-16.4811,
600243.SH,青海华鼎,2015-08-28,9.04,9.04,9.04,9.04,9.04,N/A,N/A,0,0,N/A,N/A,2141124000,N/A,2141124000,236850000,0,236850000,-397.4512,2.911,1.9019,-16.4811,
600243.SH,青海华鼎,2015-08-31,9.04,9.04,9.04,9.04,9.04,N/A,N/A,0,0,N/A,N/A,2141124000,N/A,2141124000,236850000,0,236850000,-397.4512,2.911,1.9019,-16.4811,
600243.SH,青海华鼎,2015-09-01,9.04,9.04,9.04,9.04,9.04,N/A,N/A,0,0,N/A,N/A,2141124000,N/A,2141124000,236850000,0,236850000,-397.4512,2.911,1.9019,-16.4811,
600243.SH,青海华鼎,2015-09-02,9.04,9.04,9.04,9.04,9.04,N/A,N/A,0,0,N/A,N/A,2141124000,N/A,2141124000,236850000,0,236850000,-397.4512,2.911,1.9019,-16.4811,
600243.SH,青海华鼎,2015-09-07,9.04,9.04,9.04,9.04,9.04,N/A,N/A,0,0,N/A,N/A,2141124000,N/A,2141124000,236850000,0,236850000,-397.4512,2.911,1.9019,-16.4811,
600243.SH,青海华鼎,2015-09-08,9.04,9.04,9.04,9.04,9.04,N/A,N/A,0,0,N/A,N/A,2141124000,N/A,2141124000,236850000,0,236850000,-397.4512,2.911,1.9019,-16.4811,
600243.SH,青海华鼎,2015-09-09,9.04,9.04,9.04,9.04,9.04,N/A,N/A,0,0,N/A,N/A,2141124000,N/A,2141124000,236850000,0,236850000,-397.4512,2.911,1.9019,-16.4811,
600243.SH,青海华鼎,2015-09-10,9.04,9.04,9.04,9.04,9.04,N/A,N/A,0,0,N/A,N/A,2141124000,N/A,2141124000,236850000,0,236850000,-397.4512,2.911,1.9019,-16.4811,
600243.SH,青海华鼎,2015-09-11,9.04,9.04,9.04,9.04,9.04,N/A,N/A,0,0,N/A,N/A,2141124000,N/A,2141124000,236850000,0,236850000,-397.4512,2.911,1.9019,-16.4811,
600243.SH,青海华鼎,2015-09-14,9.04,9.04,9.04,9.04,9.04,N/A,N/A,0,0,N/A,N/A,2141124000,N/A,2141124000,236850000,0,236850000,-397.4512,2.911,1.9019,-16.4811,
600243.SH,青海华鼎,2015-09-15,9.04,9.04,9.04,9.04,9.04,N/A,N/A,0,0,N/A,N/A,2141124000,N/A,2141124000,236850000,0,236850000,-397.4512,2.911,1.9019,-16.4811,
600243.SH,青海华鼎,2015-09-16,9.04,9.04,9.04,9.04,9.04,N/A,N/A,0,0,N/A,N/A,2141124000,N/A,2141124000,236850000,0,236850000,-397.4512,2.911,1.9019,-16.4811,
600243.SH,青海华鼎,2015-09-17,9.04,9.04,9.04,9.04,9.04,N/A,N/A,0,0,N/A,N/A,2141124000,N/A,2141124000,236850000,0,236850000,-397.4512,2.911,1.9019,-16.4811,
600243.SH,青海华鼎,2015-09-18,9.04,9.04,9.04,9.04,9.04,N/A,N/A,0,0,N/A,N/A,2141124000,N/A,2141124000,236850000,0,236850000,-397.4512,2.911,1.9019,-16.4811,
600243.SH,青海华鼎,2015-09-21,9.04,9.04,9.04,9.04,9.04,N/A,N/A,0,0,N/A,N/A,2141124000,N/A,2141124000,236850000,0,236850000,-397.4512,2.911,1.9019,-16.4811,
600243.SH,青海华鼎,2015-09-22,9.04,9.04,9.04,9.04,9.04,N/A,N/A,0,0,N/A,N/A,2141124000,N/A,2141124000,236850000,0,236850000,-397.4512,2.911,1.9019,-16.4811,
600243.SH,青海华鼎,2015-09-23,9.04,9.04,9.04,9.04,9.04,N/A,N/A,0,0,N/A,N/A,2141124000,N/A,2141124000,236850000,0,236850000,-397.4512,2.911,1.9019,-16.4811,
600243.SH,青海华鼎,2015-09-24,9.04,9.04,9.04,9.04,9.04,N/A,N/A,0,0,N/A,N/A,2141124000,N/A,2141124000,236850000,0,236850000,-397.4512,2.911,1.9019,-16.4811,
600243.SH,青海华鼎,2015-09-25,9.04,9.04,9.04,9.04,9.04,N/A,N/A,0,0,N/A,N/A,2141124000,N/A,2141124000,236850000,0,236850000,-397.4512,2.911,1.9019,-16.4811,
600243.SH,青海华鼎,2015-09-28,9.04,9.04,9.04,9.04,9.04,N/A,N/A,0,0,N/A,N/A,2141124000,N/A,2141124000,236850000,0,236850000,-397.4512,2.911,1.9019,-16.4811,
600243.SH,青海华鼎,2015-09-29,9.04,9.04,9.04,9.04,9.04,N/A,N/A,0,0,N/A,N/A,2141124000,N/A,2141124000,236850000,0,236850000,-397.4512,2.911,1.9019,-16.4811,
600243.SH,青海华鼎,2015-09-30,9.04,9.04,9.04,9.04,9.04,N/A,N/A,0,0,N/A,N/A,2141124000,N/A,2141124000,236850000,0,236850000,-397.4512,2.911,1.9019,-16.4811,
600243.SH,青海华鼎,2015-10-08,9.04,9.04,9.04,9.04,9.04,N/A,N/A,0,0,N/A,N/A,2141124000,N/A,2141124000,236850000,0,236850000,-397.4512,2.911,1.9019,-16.4811,
600243.SH,青海华鼎,2015-10-09,9.04,9.04,9.04,9.04,9.04,N/A,N/A,0,0,N/A,N/A,2141124000,N/A,2141124000,236850000,0,236850000,-397.4512,2.911,1.9019,-16.4811,
600243.SH,青海华鼎,2015-10-12,9.04,9.04,9.04,9.04,9.04,N/A,N/A,0,0,N/A,N/A,2141124000,N/A,2141124000,236850000,0,236850000,-397.4512,2.911,1.9019,-16.4811,
600243.SH,青海华鼎,2015-10-13,9.04,9.04,9.04,9.04,9.04,N/A,N/A,0,0,N/A,N/A,2141124000,N/A,2141124000,236850000,0,236850000,-397.4512,2.911,1.9019,-16.4811,
600243.SH,青海华鼎,2015-10-14,9.04,9.04,9.04,9.04,9.04,N/A,N/A,0,0,N/A,N/A,2141124000,N/A,2141124000,236850000,0,236850000,-397.4512,2.911,1.9019,-16.4811,
600243.SH,青海华鼎,2015-10-15,9.04,9.04,9.04,9.04,9.04,N/A,N/A,0,0,N/A,N/A,2141124000,N/A,2141124000,236850000,0,236850000,-397.4512,2.911,1.9019,-16.4811,
600243.SH,青海华鼎,2015-10-16,9.04,9.04,9.04,9.04,9.04,N/A,N/A,0,0,N/A,N/A,2141124000,N/A,2141124000,236850000,0,236850000,-397.4512,2.911,1.9019,-16.4811,
600243.SH,青海华鼎,2015-10-19,9.04,9.04,9.04,9.04,9.04,N/A,N/A,0,0,N/A,N/A,2141124000,N/A,2141124000,236850000,0,236850000,-397.4512,2.911,1.9019,-16.4811,
600243.SH,青海华鼎,2015-10-20,9.04,9.04,9.04,9.04,9.04,N/A,N/A,0,0,N/A,N/A,2141124000,N/A,2141124000,236850000,0,236850000,-397.4512,2.911,1.9019,-16.4811,
600243.SH,青海华鼎,2015-10-21,9.04,9.04,9.04,9.04,9.04,N/A,N/A,0,0,N/A,N/A,2141124000,N/A,2141124000,236850000,0,236850000,-397.4512,2.911,1.9019,-16.4811,
600243.SH,青海华鼎,2015-10-22,9.04,9.04,9.04,9.04,9.04,N/A,N/A,0,0,N/A,N/A,2141124000,N/A,2141124000,236850000,0,236850000,-397.4512,2.911,1.9019,-16.4811,
600243.SH,青海华鼎,2015-10-23,9.04,9.04,9.04,9.04,9.04,N/A,N/A,0,0,N/A,N/A,2141124000,N/A,2141124000,236850000,0,236850000,-397.4512,2.911,1.9019,-16.4811,
600243.SH,青海华鼎,2015-10-26,9.04,9.04,9.04,9.04,9.04,N/A,N/A,0,0,N/A,N/A,2141124000,N/A,2141124000,236850000,0,236850000,-397.4512,2.911,1.9019,-16.4811,
600243.SH,青海华鼎,2015-10-27,9.04,9.04,9.04,9.04,9.04,N/A,N/A,0,0,N/A,N/A,2141124000,N/A,2141124000,236850000,0,236850000,-397.4512,2.911,1.9019,-16.4811,
600243.SH,青海华鼎,2015-10-28,9.04,9.04,9.04,9.04,9.04,N/A,N/A,0,0,N/A,N/A,2141124000,N/A,2141124000,236850000,0,236850000,-397.4512,2.911,1.9019,-16.4811,
600243.SH,青海华鼎,2015-10-29,9.04,9.94,9.94,9.94,9.94,417232,4147286,0.9,9.9558,9.94,0.1762,2354289000,N/A,2354289000,236850000,0,236850000,-437.0204,3.2008,2.0912,-18.1219,
600243.SH,青海华鼎,2015-10-30,9.94,10.93,10.93,10.93,10.93,4829818,52789911,0.99,9.9598,10.93,2.0392,2588770500,N/A,2588770500,236850000,0,236850000,-480.5466,3.5195,2.2995,-19.9268,
600243.SH,青海华鼎,2015-11-02,10.93,10.85,10.85,10.08,10.35,23263612,243877791,-0.58,-5.3065,10.4832,9.8221,2451397500,N/A,2451397500,236850000,0,236850000,-455.0464,3.3328,2.1775,-18.8694,
600243.SH,青海华鼎,2015-11-03,10.35,10.19,10.45,10,10.07,10234948,104719506,-0.28,-2.7053,10.2316,4.3213,2385079500,N/A,2385079500,236850000,0,236850000,-442.736,3.2426,2.1186,-18.3589,
600243.SH,青海华鼎,2015-11-04,10.07,10.13,10.59,10.1,10.56,15678988,162791077,0.49,4.8659,10.3828,6.6198,2501136000,N/A,2501136000,236850000,0,236850000,-464.2792,3.4004,2.2217,-19.2522,
600243.SH,青海华鼎,2015-11-05,10.56,10.5,10.85,10.43,10.67,16898079,179972257,0.11,1.0417,10.6505,7.1345,2527189500,N/A,2527189500,236850000,0,236850000,-469.1155,3.4358,2.2448,-19.4528,
600243.SH,青海华鼎,2015-11-06,10.67,10.68,11.43,10.61,11.21,17624990,195923658,0.54,5.0609,11.1162,7.4414,2655088500,N/A,2655088500,236850000,0,236850000,-492.857,3.6097,2.3584,-20.4373,
600243.SH,青海华鼎,2015-11-09,11.21,11.01,12.21,11.01,12.19,23272406,272996098,0.98,8.7422,11.7305,9.8258,2887201500,N/A,2887201500,236850000,0,236850000,-535.9435,3.9253,2.5646,-22.2239,
600243.SH,青海华鼎,2015-11-10,12.19,11.98,12.19,11.7,11.99,14460638,173334779,-0.2,-1.6407,11.9867,6.1054,2839831500,N/A,2839831500,236850000,0,236850000,-527.1504,3.8609,2.5225,-21.8593,
600243.SH,青海华鼎,2015-11-11,11.99,12.02,12.59,12.02,12.26,13389971,164241521,0.27,2.2519,12.266,5.6534,2903781000,N/A,2903781000,236850000,0,236850000,-539.0211,3.9478,2.5793,-22.3515,
600243.SH,青海华鼎,2015-11-12,12.26,12.43,12.5,11.85,12.12,12444152,151012676,-0.14,-1.1419,12.1352,5.254,2870622000,N/A,2870622000,236850000,0,236850000,-532.8659,3.9027,2.5499,-22.0963,
600243.SH,青海华鼎,2015-11-13,12.12,11.82,12.31,11.72,11.99,12297761,147612851,-0.13,-1.0726,12.0032,5.1922,2839831500,N/A,2839831500,236850000,0,236850000,-527.1504,3.8609,2.5225,-21.8593,
600243.SH,青海华鼎,2015-11-16,11.99,11.85,12.88,11.58,12.81,19671050,240949908,0.82,6.839,12.249,8.3053,3034048500,N/A,3034048500,236850000,0,236850000,-563.2024,4.1249,2.695,-23.3543,
600243.SH,青海华鼎,2015-11-17,12.81,12.78,13.4,12.68,12.77,19460810,252309082,-0.04,-0.3123,12.965,8.2165,3024574500,N/A,3024574500,236850000,0,236850000,-561.4437,4.112,2.6866,-23.2813,
600243.SH,青海华鼎,2015-11-18,12.77,12.75,13.3,12.6,12.68,11991038,155217310,-0.09,-0.7048,12.9444,5.0627,3003258000,N/A,3003258000,236850000,0,236850000,-557.4868,4.0831,2.6677,-23.1173,
600243.SH,青海华鼎,2015-11-19,12.68,12.25,13.07,12.25,13.01,13990956,177825986,0.33,2.6025,12.7101,5.9071,3081418500,N/A,3081418500,236850000,0,236850000,-571.9955,4.1893,2.7371,-23.7189,
600243.SH,青海华鼎,2015-11-20,13.01,12.86,14.04,12.86,13.84,20497833,278137694,0.83,6.3797,13.5691,8.6544,3278004000,N/A,3278004000,236850000,0,236850000,-608.4872,4.4566,2.9117,-25.2321,
600243.SH,青海华鼎,2015-11-23,13.84,13.86,14.33,13.5,13.6,19488978,271899339,-0.24,-1.7341,13.9514,8.2284,3221160000,N/A,3221160000,236850000,0,236850000,-597.9354,4.3793,2.8612,-24.7945,
600243.SH,青海华鼎,2015-11-24,13.6,13.45,14.16,13.45,14.09,10992816,151562325,0.49,3.6029,13.7874,4.6413,3337216500,N/A,3337216500,236850000,0,236850000,-619.4786,4.5371,2.9643,-25.6879,
600243.SH,青海华鼎,2015-11-25,14.09,14.13,15.48,13.92,15.2,21236023,313927068,1.11,7.8779,14.7828,8.966,3600120000,N/A,3600120000,236850000,0,236850000,-668.2807,4.8945,3.1979,-27.7115,
600243.SH,青海华鼎,2015-11-26,15.2,15.08,15.42,14.63,14.67,16633628,249363302,-0.53,-3.4868,14.9915,7.0229,3474589500,N/A,3474589500,236850000,0,236850000,-644.9788,4.7239,3.0864,-26.7453,
600243.SH,青海华鼎,2015-11-27,14.67,14.54,14.94,13.2,13.37,17573537,252154030,-1.3,-8.8616,14.3485,7.4197,3166684500,N/A,3166684500,236850000,0,236850000,-587.8232,4.3052,2.8129,-24.3752,
600243.SH,青海华鼎,2015-11-30,13.37,13.1,13.99,12.23,13.9,15198490,201990877,0.53,3.9641,13.2902,6.4169,3292215000,N/A,3292215000,236850000,0,236850000,-611.1251,4.4759,2.9244,-25.3415,
600243.SH,青海华鼎,2015-12-01,13.9,13.88,14.12,13.61,13.99,9256871,128159828,0.09,0.6475,13.8448,3.9083,3313531500,N/A,3313531500,236850000,0,236850000,-615.082,4.5049,2.9433,-25.5056,
600243.SH,青海华鼎,2015-12-02,13.99,13.85,14.14,12.89,13.45,8225185,111209453,-0.54,-3.8599,13.5206,3.4727,3185632500,N/A,3185632500,236850000,0,236850000,-591.3405,4.331,2.8297,-24.5211,
600243.SH,青海华鼎,2015-12-03,13.45,13.38,13.9,13.3,13.86,7953382,108570781,0.41,3.0483,13.6509,3.358,3282741000,N/A,3282741000,236850000,0,236850000,-609.3665,4.463,2.9159,-25.2685,
600243.SH,青海华鼎,2015-12-04,13.86,13.88,14.04,13.53,13.58,8984252,124128276,-0.28,-2.0202,13.8162,3.7932,3216423000,N/A,3216423000,236850000,0,236850000,-597.056,4.3729,2.857,-24.7581,
600243.SH,青海华鼎,2015-12-07,13.58,13.58,13.85,13.35,13.82,7641381,104367252,0.24,1.7673,13.6582,3.2263,3273267000,N/A,3273267000,236850000,0,236850000,-607.6078,4.4502,2.9075,-25.1956,
600243.SH,青海华鼎,2015-12-08,13.82,13.7,13.87,13.5,13.6,7384192,101030456,-0.22,-1.5919,13.682,3.1177,3221160000,N/A,3221160000,236850000,0,236850000,-597.9354,4.3793,2.8612,-24.7945,
600243.SH,青海华鼎,2015-12-09,13.6,13.56,13.87,13.45,13.79,6727325,92115229,0.19,1.3971,13.6927,2.8403,3266161500,N/A,3266161500,236850000,0,236850000,-606.2889,4.4405,2.9012,-25.1409,
600243.SH,青海华鼎,2015-12-10,13.79,13.77,14.7,13.6,14.53,19125989,272950642,0.74,5.3662,14.2712,8.0751,3441430500,N/A,3441430500,236850000,0,236850000,-638.8236,4.6788,3.0569,-26.49,
600243.SH,青海华鼎,2015-12-11,14.53,14.4,14.69,14.12,14.43,11493887,166071322,-0.1,-0.6882,14.4487,4.8528,3417745500,N/A,3417745500,236850000,0,236850000,-634.427,4.6466,3.0359,-26.3077,
600243.SH,青海华鼎,2015-12-14,14.43,14.21,14.59,13.77,14.48,10074539,141813386,0.05,0.3465,14.0764,4.2536,3429588000,N/A,3429588000,236850000,0,236850000,-636.6253,4.6627,3.0464,-26.3989,
600243.SH,青海华鼎,2015-12-15,14.48,14.36,14.62,14.29,14.39,9480222,137117495,-0.09,-0.6215,14.4635,4.0026,3408271500,N/A,3408271500,236850000,0,236850000,-632.6684,4.6337,3.0275,-26.2348,
600243.SH,青海华鼎,2015-12-16,14.39,14.5,14.58,14.08,14.14,7930662,113053575,-0.25,-1.7373,14.2553,3.3484,3349059000,N/A,3349059000,236850000,0,236850000,-621.6769,4.5532,2.9749,-25.779,
600243.SH,青海华鼎,2015-12-17,14.14,14.19,14.73,14.05,14.7,12742374,184375601,0.56,3.9604,14.4695,5.3799,3481695000,N/A,3481695000,236850000,0,236850000,-646.2978,4.7335,3.0927,-26.8,
600243.SH,青海华鼎,2015-12-18,14.7,14.8,14.82,14.3,14.44,9688054,140817145,-0.26,-1.7687,14.5351,4.0904,3420114000,N/A,3420114000,236850000,0,236850000,-634.8667,4.6498,3.038,-26.326,
600243.SH,青海华鼎,2015-12-21,14.44,14.45,14.8,14.14,14.62,11171995,160976917,0.18,1.2465,14.409,4.7169,3462747000,N/A,3462747000,236850000,0,236850000,-642.7805,4.7078,3.0758,-26.6541,
600243.SH,青海华鼎,2015-12-22,14.62,14.6,14.65,14.26,14.43,8780045,126289366,-0.19,-1.2996,14.3837,3.707,3417745500,N/A,3417745500,236850000,0,236850000,-634.427,4.6466,3.0359,-26.3077,
600243.SH,青海华鼎,2015-12-23,14.43,14.4,14.47,13.8,13.82,10509467,148653655,-0.61,-4.2273,14.1447,4.4372,3273267000,N/A,3273267000,236850000,0,236850000,-607.6078,4.4502,2.9075,-25.1956,
600243.SH,青海华鼎,2015-12-24,13.82,13.82,13.97,13.29,13.75,8856248,119916687,-0.07,-0.5065,13.5403,3.7392,3256687500,N/A,3256687500,236850000,0,236850000,-604.5302,4.4276,2.8928,-25.068,
600243.SH,青海华鼎,2015-12-25,13.75,13.68,14.33,13.68,14.26,10354859,146059972,0.51,3.7091,14.1055,4.3719,3377481000,N/A,3377481000,236850000,0,236850000,-626.9528,4.5918,3.0001,-25.9978,
600243.SH,青海华鼎,2015-12-28,14.26,14.25,14.44,13.7,13.74,10168126,143778977,-0.52,-3.6466,14.1402,4.2931,3254319000,N/A,6029799000,236850000,0,438850000,-1119.2955,8.1978,5.3561,-46.4137,
600243.SH,青海华鼎,2015-12-29,13.74,13.53,13.7,12.98,13.52,11152104,148008344,-0.22,-1.6012,13.2718,4.7085,3202212000,N/A,5933252000,236850000,0,438850000,-1101.3738,8.0665,5.2703,-45.6706,
600243.SH,青海华鼎,2015-12-30,13.52,13.5,13.65,13.36,13.48,5444957,73378578,-0.04,-0.2959,13.4764,2.2989,3192738000,N/A,5915698000,236850000,0,438850000,-1098.1153,8.0427,5.2547,-45.5354,
600243.SH,青海华鼎,2015-12-31,13.48,13.53,13.55,12.98,13.01,7832894,103102617,-0.47,-3.4866,13.1628,3.3071,3081418500,N/A,5709438500,236850000,0,438850000,-1059.8279,7.7622,5.0715,-43.9478,
600243.SH,青海华鼎,2016-01-04,13.01,13.02,13.09,11.71,11.71,6391551,77608437,-1.3,-9.9923,12.1423,2.6986,2773513500,N/A,5138933500,236850000,0,438850000,617.0135,2.8399,4.4358,6.9812,
600243.SH,青海华鼎,2016-01-05,11.71,10.6,11.53,10.54,10.88,11360596,123803103,-0.83,-7.088,10.8976,4.7965,2576928000,N/A,4774688000,236850000,0,438850000,573.2798,2.6386,4.1214,6.4864,
600243.SH,青海华鼎,2016-01-06,10.88,11.01,11.16,10.69,11.11,7003471,76665863,0.23,2.114,10.9468,2.9569,2631403500,N/A,4875623500,236850000,0,438850000,585.3988,2.6944,4.2085,6.6235,
600243.SH,青海华鼎,2016-01-07,11.11,10.8,10.96,10,10,1824700,18869055,-1.11,-9.991,10.3409,0.7704,2368500000,N/A,4388500000,236850000,0,438850000,526.9116,2.4252,3.788,5.9617,
600243.SH,青海华鼎,2016-01-08,10,10.18,10.4,9.05,9.84,8426746,83198399,-0.16,-1.6,9.8731,3.5578,2330604000,N/A,4318284000,236850000,0,438850000,518.481,2.3864,3.7274,5.8663,
600243.SH,青海华鼎,2016-01-11,9.84,9.65,9.65,8.86,8.86,7746875,71534964,-0.98,-9.9593,9.234,3.2708,2098491000,N/A,3888211000,236850000,0,438850000,466.8437,2.1487,3.3562,5.2821,
600243.SH,青海华鼎,2016-01-12,8.86,8.83,9.05,8.47,8.87,7441083,65586255,0.01,0.1129,8.8141,3.1417,2100859500,N/A,3892599500,236850000,0,438850000,467.3706,2.1512,3.36,5.288,
600243.SH,青海华鼎,2016-01-13,8.87,8.91,8.98,8.37,8.38,7997237,70151037,-0.49,-5.5242,8.7719,3.3765,1984803000,N/A,3677563000,236850000,0,438850000,441.5519,2.0323,3.1744,4.9959,
600243.SH,青海华鼎,2016-01-14,8.38,8.03,8.82,7.85,8.78,8279893,68989119,0.4,4.7733,8.3321,3.4958,2079543000,N/A,3853103000,236850000,0,438850000,462.6284,2.1293,3.3259,5.2344,
600243.SH,青海华鼎,2016-01-15,8.78,8.7,9.06,8.38,8.57,9077980,79264074,-0.21,-2.3918,8.7315,3.8328,2029804500,N/A,3760944500,236850000,0,438850000,451.5632,2.0784,3.2463,5.1092,
600243.SH,青海华鼎,2016-01-18,8.57,8.41,9,8.17,8.82,6562492,57384624,0.25,2.9172,8.7443,2.7707,2089017000,N/A,3870657000,236850000,0,438850000,464.736,2.139,3.341,5.2582,
600243.SH,青海华鼎,2016-01-19,8.82,8.82,9.44,8.72,9.31,7546232,68996585,0.49,5.5556,9.1432,3.1861,2205073500,N/A,4085693500,236850000,0,438850000,490.5547,2.2579,3.5266,5.5504,
600243.SH,青海华鼎,2016-01-20,9.31,9.19,9.41,8.99,9.09,6582491,60373226,-0.22,-2.3631,9.1718,2.7792,2152966500,N/A,3989146500,236850000,0,438850000,478.9626,2.2045,3.4433,5.4192,
600243.SH,青海华鼎,2016-01-21,9.09,8.96,9.18,8.5,8.5,5033718,44643160,-0.59,-6.4906,8.8688,2.1253,2013225000,N/A,3730225000,236850000,0,438850000,447.8749,2.0614,3.2198,5.0675,
600243.SH,青海华鼎,2016-01-22,8.5,8.65,8.77,8.28,8.66,4001135,34213729,0.16,1.8824,8.551,1.6893,2051121000,N/A,3800441000,236850000,0,438850000,456.3054,2.1002,3.2804,5.1629,
600243.SH,青海华鼎,2016-01-25,8.66,8.78,8.94,8.68,8.85,3506311,30828940,0.19,2.194,8.7924,1.4804,2096122500,N/A,3883822500,236850000,0,438850000,466.3168,2.1463,3.3524,5.2761,
600243.SH,青海华鼎,2016-01-26,8.85,8.79,8.79,7.97,7.97,5601267,46605051,-0.88,-9.9435,8.3204,2.3649,1887694500,N/A,3497634500,236850000,0,438850000,419.9485,1.9329,3.019,4.7515,
600243.SH,青海华鼎,2016-01-27,7.97,7.98,8.07,7.2,7.68,6476042,49040089,-0.29,-3.6386,7.5725,2.7342,1819008000,N/A,3370368000,236850000,0,438850000,404.6681,1.8626,2.9092,4.5786,
600243.SH,青海华鼎,2016-01-28,7.68,7.58,7.76,7.03,7.21,4330083,32257809,-0.47,-6.1198,7.4497,1.8282,1707688500,N/A,3164108500,236850000,0,438850000,379.9033,1.7486,2.7312,4.2984,
600243.SH,青海华鼎,2016-01-29,7.21,7.21,7.68,7.16,7.6,5342527,39999790,0.39,5.4092,7.4871,2.2557,1800060000,N/A,3335260000,236850000,0,438850000,400.4528,1.8432,2.8789,4.5309,
600243.SH,青海华鼎,2016-02-01,7.6,7.7,7.9,7.58,7.69,5482019,42549413,0.09,1.1842,7.7616,2.3146,1821376500,N/A,3374756500,236850000,0,438850000,405.195,1.865,2.913,4.5846,
600243.SH,青海华鼎,2016-02-02,7.69,7.73,8.09,7.68,8.05,5344385,42447879,0.36,4.6814,7.9425,2.2564,1906642500,N/A,3532742500,236850000,0,438850000,424.1638,1.9523,3.0494,4.7992,
600243.SH,青海华鼎,2016-02-03,8.05,8.1,8.37,8.01,8.17,5586400,45748974,0.12,1.4907,8.1893,2.3586,1935064500,N/A,3585404500,236850000,0,438850000,430.4868,1.9814,3.0948,4.8707,
600243.SH,青海华鼎,2016-02-04,8.17,8.1,8.54,8.04,8.46,6154214,51148687,0.29,3.5496,8.3112,2.5984,2003751000,N/A,3712671000,236850000,0,438850000,445.7672,2.0517,3.2047,5.0436,
600243.SH,青海华鼎,2016-02-05,8.46,8.39,8.82,8.39,8.52,5299528,45812223,0.06,0.7092,8.6446,2.2375,2017962000,N/A,3739002000,236850000,0,438850000,448.9287,2.0663,3.2274,5.0794,
600243.SH,青海华鼎,2016-02-15,8.52,8.03,9,8.03,8.82,5065103,43772841,0.3,3.5211,8.642,2.1385,2089017000,N/A,3870657000,236850000,0,438850000,464.736,2.139,3.341,5.2582,
600243.SH,青海华鼎,2016-02-16,8.82,8.87,9.08,8.75,9.04,5754910,51564999,0.22,2.4943,8.9602,2.4298,2141124000,N/A,3967204000,236850000,0,438850000,476.3281,2.1924,3.4244,5.3894,
600243.SH,青海华鼎,2016-02-17,9.04,9.03,9.28,8.93,9.2,6197687,56509145,0.16,1.7699,9.1178,2.6167,2179020000,N/A,4037420000,236850000,0,438850000,484.7587,2.2312,3.485,5.4848,
600243.SH,青海华鼎,2016-02-18,9.2,9.15,9.38,9,9.03,6815048,62755519,-0.17,-1.8478,9.2084,2.8774,2138755500,N/A,3962815500,236850000,0,438850000,475.8012,2.19,3.4206,5.3834,
600243.SH,青海华鼎,2016-02-19,9.03,8.99,9.12,8.91,9,3972458,35784173,-0.03,-0.3322,9.0081,1.6772,2131650000,N/A,3949650000,236850000,0,438850000,474.2204,2.1827,3.4092,5.3655,
600243.SH,青海华鼎,2016-02-22,9,9.14,9.23,9.01,9.2,5073175,46292756,0.2,2.2222,9.125,2.1419,2179020000,N/A,4037420000,236850000,0,438850000,484.7587,2.2312,3.485,5.4848,
600243.SH,青海华鼎,2016-02-23,9.2,9.2,9.25,9.01,9.22,4686293,42687951,0.02,0.2174,9.1091,1.9786,2183757000,N/A,4046197000,236850000,0,438850000,485.8125,2.236,3.4926,5.4967,
600243.SH,青海华鼎,2016-02-24,9.22,9.22,9.32,9.03,9.2,4631558,42449217,-0.02,-0.2169,9.1652,1.9555,2179020000,N/A,4037420000,236850000,0,438850000,484.7587,2.2312,3.485,5.4848,
600243.SH,青海华鼎,2016-02-25,9.2,9.15,9.27,8.28,8.28,8689708,76530365,-0.92,-10,8.807,3.6689,1961118000,N/A,3633678000,236850000,0,438850000,436.2828,2.0081,3.1365,4.9363,
600243.SH,青海华鼎,2016-02-26,8.28,8.28,8.33,7.86,8.1,6343492,51278365,-0.18,-2.1739,8.0836,2.6783,1918485000,N/A,3554685000,236850000,0,438850000,426.7984,1.9644,3.0683,4.829,
600243.SH,青海华鼎,2016-02-29,8.1,7.98,8.06,7.29,7.34,6476337,48643238,-0.76,-9.3827,7.5109,2.7344,1738479000,N/A,3221159000,236850000,0,438850000,386.7531,1.7801,2.7804,4.3759,
600243.SH,青海华鼎,2016-03-01,7.34,7.45,7.62,7.21,7.59,4730170,35463317,0.25,3.406,7.4973,1.9971,1797691500,N/A,3330871500,236850000,0,438850000,399.9259,1.8407,2.8751,4.5249,
600243.SH,青海华鼎,2016-03-02,7.59,7.6,8.09,7.58,8.07,5658429,44508000,0.48,6.3241,7.8658,2.389,1911379500,N/A,3541519500,236850000,0,438850000,425.2177,1.9571,3.0569,4.8111,
600243.SH,青海华鼎,2016-03-03,8.07,8,8.39,8,8.15,5695803,46976060,0.08,0.9913,8.2475,2.4048,1930327500,N/A,3576627500,236850000,0,438850000,429.4329,1.9765,3.0872,4.8588,
600243.SH,青海华鼎,2016-03-04,8.15,8.11,8.2,7.6,7.9,5196484,41314526,-0.25,-3.0675,7.9505,2.194,1871115000,N/A,3466915000,236850000,0,438850000,416.2602,1.9159,2.9925,4.7098,
600243.SH,青海华鼎,2016-03-07,7.9,8,8.6,7.94,8.57,8868144,74252275,0.67,8.481,8.3729,3.7442,2029804500,N/A,3760944500,236850000,0,438850000,451.5632,2.0784,3.2463,5.1092,
600243.SH,青海华鼎,2016-03-08,8.57,8.58,8.58,8.06,8.47,6482424,53839931,-0.1,-1.1669,8.3055,2.7369,2006119500,N/A,3717059500,236850000,0,438850000,446.2941,2.0541,3.2085,5.0496,
600243.SH,青海华鼎,2016-03-09,8.47,8.25,8.38,8,8.11,4306817,35247916,-0.36,-4.2503,8.1842,1.8184,1920853500,N/A,3559073500,236850000,0,438850000,427.3253,1.9668,3.0721,4.835,
600243.SH,青海华鼎,2016-03-10,8.11,8.2,8.22,7.95,8,3417957,27709357,-0.11,-1.3564,8.107,1.4431,1894800000,N/A,3510800000,236850000,0,438850000,421.5293,1.9402,3.0304,4.7694,
600243.SH,青海华鼎,2016-03-11,8,7.9,8.12,7.77,8.1,3406280,27163310,0.1,1.25,7.9745,1.4382,1918485000,N/A,3554685000,236850000,0,438850000,426.7984,1.9644,3.0683,4.829,
600243.SH,青海华鼎,2016-03-14,8.1,8.2,8.52,8.17,8.37,6629991,55522250,0.27,3.3333,8.3744,2.7992,1982434500,N/A,3673174500,236850000,0,438850000,441.025,2.0299,3.1706,4.99,
600243.SH,青海华鼎,2016-03-15,8.37,8.32,8.54,8.25,8.38,5013772,42192513,0.01,0.1195,8.4153,2.1169,1984803000,N/A,3677563000,236850000,0,438850000,441.5519,2.0323,3.1744,4.9959,
600243.SH,青海华鼎,2016-03-16,8.38,8.45,8.8,8.38,8.4,8083971,69243854,0.02,0.2387,8.5656,3.4131,1989540000,N/A,3686340000,236850000,0,438850000,442.6057,2.0372,3.1819,5.0078,
600243.SH,青海华鼎,2016-03-17,8.4,8.41,8.8,8.41,8.76,8434694,72895655,0.36,4.2857,8.6424,3.5612,2074806000,N/A,3844326000,236850000,0,438850000,461.5746,2.1245,3.3183,5.2225,
600243.SH,青海华鼎,2016-03-18,8.76,8.79,9.1,8.72,9.09,8781361,78602111,0.33,3.7671,8.951,3.7076,2152966500,N/A,3989146500,236850000,0,438850000,478.9626,2.2045,3.4433,5.4192,
600243.SH,青海华鼎,2016-03-21,9.09,9.19,9.35,9.04,9.24,9308348,85334182,0.15,1.6502,9.1675,3.9301,2188494000,N/A,4054974000,236850000,0,438850000,486.8663,2.2409,3.5001,5.5086,
600243.SH,青海华鼎,2016-03-22,9.24,9.09,9.43,9.05,9.33,7863063,73210909,0.09,0.974,9.3107,3.3198,2209810500,N/A,4094470500,236850000,0,438850000,491.6085,2.2627,3.5342,5.5623,
600243.SH,青海华鼎,2016-03-23,9.33,9.23,9.42,9.18,9.38,6629616,61568800,0.05,0.5359,9.2869,2.7991,2221653000,N/A,4116413000,236850000,0,438850000,494.2431,2.2748,3.5532,5.5921,
600243.SH,青海华鼎,2016-03-24,9.38,9.32,9.4,9.07,9.08,6488358,60047980,-0.3,-3.1983,9.2547,2.7394,2150598000,N/A,3984758000,236850000,0,438850000,478.4357,2.2021,3.4395,5.4132,
600243.SH,青海华鼎,2016-03-25,9.08,9.08,9.27,9.05,9.26,4501485,41162133,0.18,1.9824,9.1441,1.9006,2193231000,N/A,4063751000,236850000,0,438850000,487.9201,2.2457,3.5077,5.5206,
600243.SH,青海华鼎,2016-03-28,9.26,9.32,9.61,9.3,9.45,10902564,103075809,0.19,2.0518,9.4543,4.6032,2238232500,N/A,4147132500,236850000,0,438850000,497.9315,2.2918,3.5797,5.6338,
600243.SH,青海华鼎,2016-03-29,9.45,9.3,9.43,9.06,9.13,5627857,51860328,-0.32,-3.3862,9.2149,2.3761,2162440500,N/A,4006700500,236850000,0,438850000,481.0703,2.2142,3.4585,5.4431,
600243.SH,青海华鼎,2016-03-30,9.13,9.23,9.5,9.19,9.47,4716862,43996977,0.34,3.724,9.3276,1.9915,2242969500,N/A,4155909500,236850000,0,438850000,498.9853,2.2967,3.5873,5.6458,
600243.SH,青海华鼎,2016-03-31,9.47,9.5,9.79,9.49,9.75,7848502,76055292,0.28,2.9567,9.6904,3.3137,2309287500,N/A,4278787500,236850000,0,438850000,513.7388,2.3646,3.6933,5.8127,
600243.SH,青海华鼎,2016-04-01,9.75,9.85,10.23,9.64,9.74,12934519,128269673,-0.01,-0.1026,9.9168,5.4611,2306919000,N/A,4274399000,236850000,0,438850000,513.2119,2.3621,3.6895,5.8067,
600243.SH,青海华鼎,2016-04-05,9.74,9.7,10,9.51,9.92,10351474,101424383,0.18,1.848,9.7981,4.3705,2349552000,N/A,4353392000,236850000,0,438850000,522.6963,2.4058,3.7577,5.914,
600243.SH,青海华鼎,2016-04-06,9.92,9.92,10.04,9.76,9.89,7484973,74107449,-0.03,-0.3024,9.9008,3.1602,2342446500,N/A,4340226500,236850000,0,438850000,521.1156,2.3985,3.7463,5.8961,
600243.SH,青海华鼎,2016-04-07,9.89,9.9,10.41,9.73,10.05,11233708,112668896,0.16,1.6178,10.0295,4.743,2380342500,N/A,4410442500,236850000,0,438850000,529.5462,2.4373,3.807,5.9915,
600243.SH,青海华鼎,2016-04-08,10.05,9.94,10.03,9.65,9.86,7104728,69813813,-0.19,-1.8905,9.8264,2.9997,2335341000,N/A,4327061000,236850000,0,438850000,519.5348,2.3913,3.735,5.8783,
600243.SH,青海华鼎,2016-04-11,9.86,9.94,10.15,9.86,10.04,6858223,68804532,0.18,1.8256,10.0324,2.8956,2377974000,N/A,4406054000,236850000,0,438850000,529.0192,2.4349,3.8032,5.9856,
600243.SH,青海华鼎,2016-04-12,10.04,9.99,10.2,9.88,10.04,5589905,56045266,0,0,10.0262,2.3601,2377974000,N/A,4406054000,236850000,0,438850000,529.0192,2.4349,3.8032,5.9856,
600243.SH,青海华鼎,2016-04-13,10.04,10.1,10.27,10.05,10.13,8419631,85658514,0.09,0.8964,10.1737,3.5548,2399290500,N/A,4445550500,236850000,0,438850000,533.7614,2.4567,3.8373,6.0392,
600243.SH,青海华鼎,2016-04-14,10.13,10.24,10.56,10.12,10.53,10001389,103471504,0.4,3.9487,10.3457,4.2227,2494030500,N/A,4621090500,236850000,0,438850000,554.8379,2.5537,3.9888,6.2777,
600243.SH,青海华鼎,2016-04-15,10.53,10.56,11.05,10.4,10.88,13031626,139965964,0.35,3.3238,10.7405,5.5021,2576928000,N/A,4774688000,236850000,0,438850000,573.2798,2.6386,4.1214,6.4864,
600243.SH,青海华鼎,2016-04-18,10.88,10.8,11.38,10.72,11.03,15129770,167792846,0.15,1.3787,11.0902,6.3879,2612455500,N/A,4840515500,236850000,0,438850000,581.1835,2.675,4.1782,6.5758,
600243.SH,青海华鼎,2016-04-19,11.03,11.17,11.27,10.78,11.04,8570971,94141951,0.01,0.0907,10.9838,3.6187,2614824000,N/A,4844904000,236850000,0,438850000,581.7104,2.6774,4.182,6.5817,
600243.SH,青海华鼎,2016-04-20,11.04,11.13,11.35,9.94,10.19,15318255,161935927,-0.85,-7.6993,10.5714,6.4675,2413501500,N/A,4471881500,236850000,0,438850000,536.9229,2.4713,3.86,6.075,
600243.SH,青海华鼎,2016-04-21,10.19,10.17,10.34,9.95,9.99,7853973,79995081,-0.2,-1.9627,10.1853,3.316,2366131500,N/A,4384111500,236850000,0,438850000,526.3847,2.4228,3.7842,5.9558,
600243.SH,青海华鼎,2016-04-22,9.99,9.88,10.22,9.74,10.2,9358920,93012134,0.21,2.1021,9.9383,3.9514,2415870000,N/A,4476270000,236850000,0,438850000,537.4498,2.4737,3.8638,6.081,
600243.SH,青海华鼎,2016-04-25,10.2,10.03,10.15,9.9,10.06,4329490,43244887,-0.14,-1.3725,9.9884,1.8279,2382711000,N/A,4414831000,236850000,0,438850000,530.0731,2.4398,3.8107,5.9975,
600243.SH,青海华鼎,2016-04-26,10.06,10.07,10.3,10.05,10.29,5752553,58666165,0.23,2.2863,10.1983,2.4288,2437186500,N/A,4515766500,236850000,0,438850000,542.192,2.4955,3.8979,6.1346,
600243.SH,青海华鼎,2016-04-27,10.29,10.31,10.85,10.3,10.52,8576756,90916343,0.23,2.2352,10.6003,3.6212,2491662000,N/A,4616702000,236850000,0,438850000,554.311,2.5513,3.985,6.2717,
600243.SH,青海华鼎,2016-04-28,10.52,10.58,10.76,10.35,10.64,7479554,79020043,0.12,1.1407,10.5648,3.1579,2520084000,N/A,4669364000,236850000,0,438850000,560.6339,2.5804,4.0305,6.3433,
600243.SH,青海华鼎,2016-04-29,10.64,10.54,10.74,10.41,10.47,4302965,45615040,-0.17,-1.5977,10.6008,1.8167,2479819500,N/A,4594759500,236850000,0,438850000,551.6764,2.5392,3.9661,6.2419,
600243.SH,青海华鼎,2016-05-03,10.47,10.47,10.73,10.4,10.72,5125239,54391053,0.25,2.3878,10.6124,2.1639,2539032000,N/A,4704472000,236850000,0,438850000,564.8492,2.5998,4.0608,6.391,
600243.SH,青海华鼎,2016-05-04,10.72,10.7,11.03,10.56,10.92,6973869,76041312,0.2,1.8657,10.9037,2.9444,2586402000,N/A,4792242000,236850000,0,438850000,575.3875,2.6483,4.1365,6.5102,
600243.SH,青海华鼎,2016-05-05,10.92,10.84,10.97,10.71,10.85,4265255,46229246,-0.07,-0.641,10.8386,1.8008,2569822500,N/A,4761522500,236850000,0,438850000,571.6991,2.6313,4.11,6.4685,
600243.SH,青海华鼎,2016-05-06,10.85,10.82,10.94,9.97,9.98,10679309,110611666,-0.87,-8.0184,10.3576,4.5089,2363763000,N/A,4379723000,236850000,0,438850000,525.8578,2.4204,3.7804,5.9498,
600243.SH,青海华鼎,2016-05-09,9.98,9.81,9.98,9.19,9.33,5293001,50444973,-0.65,-6.513,9.5305,2.2347,2209810500,N/A,4094470500,236850000,0,438850000,491.6085,2.2627,3.5342,5.5623,
600243.SH,青海华鼎,2016-05-10,9.33,9.3,9.44,9.01,9.19,4175556,38527922,-0.14,-1.5005,9.227,1.763,2176651500,N/A,4033031500,236850000,0,438850000,484.2318,2.2288,3.4812,5.4788,
600243.SH,青海华鼎,2016-05-11,9.19,9.21,9.3,9.04,9.1,2918085,26780163,-0.09,-0.9793,9.1773,1.232,2155335000,N/A,3993535000,236850000,0,438850000,479.4896,2.2069,3.4471,5.4252,
600243.SH,青海华鼎,2016-05-12,9.1,8.99,8.99,8.42,8.86,3228102,28099034,-0.24,-2.6374,8.7045,1.3629,2098491000,N/A,3888211000,236850000,0,438850000,466.8437,2.1487,3.3562,5.2821,
600243.SH,青海华鼎,2016-05-13,8.86,8.79,8.97,8.65,8.78,2215688,19616499,-0.08,-0.9029,8.8535,0.9355,2079543000,N/A,3853103000,236850000,0,438850000,462.6284,2.1293,3.3259,5.2344,
600243.SH,青海华鼎,2016-05-16,8.78,8.78,9.11,8.7,9.09,2544110,22749205,0.31,3.5308,8.9419,1.0741,2152966500,N/A,3989146500,236850000,0,438850000,478.9626,2.2045,3.4433,5.4192,
600243.SH,青海华鼎,2016-05-17,9.09,9.17,9.18,8.92,9.03,2009247,18191141,-0.06,-0.6601,9.0537,0.8483,2138755500,N/A,3962815500,236850000,0,438850000,475.8012,2.19,3.4206,5.3834,
600243.SH,青海华鼎,2016-05-18,9.03,8.97,8.97,8.41,8.57,3821038,32858606,-0.46,-5.0941,8.5994,1.6133,2029804500,N/A,3760944500,236850000,0,438850000,451.5632,2.0784,3.2463,5.1092,
600243.SH,青海华鼎,2016-05-19,8.57,8.52,8.8,8.5,8.56,2481746,21447372,-0.01,-0.1167,8.642,1.0478,2027436000,N/A,3756556000,236850000,0,438850000,451.0363,2.076,3.2425,5.1032,
600243.SH,青海华鼎,2016-05-20,8.56,8.6,8.7,8.44,8.69,1871347,16101109,0.13,1.5187,8.604,0.7901,2058226500,N/A,3813606500,236850000,0,438850000,457.8862,2.1075,3.2918,5.1807,
600243.SH,青海华鼎,2016-05-23,8.69,8.71,8.9,8.65,8.87,2948432,25863160,0.18,2.0713,8.7718,1.2449,2100859500,N/A,3892599500,236850000,0,438850000,467.3706,2.1512,3.36,5.288,
600243.SH,青海华鼎,2016-05-24,8.87,8.79,8.87,8.67,8.72,1630429,14271164,-0.15,-1.6911,8.753,0.6884,2065332000,N/A,3826772000,236850000,0,438850000,459.4669,2.1148,3.3032,5.1986,
600243.SH,青海华鼎,2016-05-25,8.72,8.89,8.89,8.68,8.69,1797501,15761826,-0.03,-0.344,8.7687,0.7589,2058226500,N/A,3813606500,236850000,0,438850000,457.8862,2.1075,3.2918,5.1807,
600243.SH,青海华鼎,2016-05-26,8.69,8.75,8.75,8.38,8.67,3266373,27871860,-0.02,-0.2301,8.533,1.3791,2053489500,N/A,3804829500,236850000,0,438850000,456.8324,2.1027,3.2842,5.1688,
600243.SH,青海华鼎,2016-05-27,8.67,8.64,8.86,8.6,8.72,3089019,27014362,0.05,0.5767,8.7453,1.3042,2065332000,N/A,3826772000,236850000,0,438850000,459.4669,2.1148,3.3032,5.1986,
600243.SH,青海华鼎,2016-05-30,8.72,8.62,8.82,8.58,8.76,2080001,18184822,0.04,0.4587,8.7427,0.8782,2074806000,N/A,3844326000,236850000,0,438850000,461.5746,2.1245,3.3183,5.2225,
600243.SH,青海华鼎,2016-05-31,8.76,8.8,9.14,8.79,9.12,4354960,39323070,0.36,4.1096,9.0295,1.8387,2160072000,N/A,4002312000,236850000,0,438850000,480.5434,2.2118,3.4547,5.4371,
600243.SH,青海华鼎,2016-06-01,9.12,9.1,9.38,9.1,9.23,5249778,48649748,0.11,1.2061,9.267,2.2165,2186125500,N/A,4050585500,236850000,0,438850000,486.3394,2.2385,3.4963,5.5027,
600243.SH,青海华鼎,2016-06-02,9.23,9.25,9.98,9.24,9.78,7505588,71742505,0.55,5.9588,9.5585,3.1689,2316393000,N/A,4291953000,236850000,0,438850000,515.3195,2.3718,3.7047,5.8306,
600243.SH,青海华鼎,2016-06-03,9.78,9.76,9.76,9.46,9.53,5654349,54155651,-0.25,-2.5562,9.5777,2.3873,2257180500,N/A,4182240500,236850000,0,438850000,502.1467,2.3112,3.61,5.6815,
600243.SH,青海华鼎,2016-06-06,9.53,9.55,9.77,9.47,9.6,3506075,33645160,0.07,0.7345,9.5962,1.4803,2273760000,N/A,4212960000,236850000,0,438850000,505.8351,2.3282,3.6365,5.7233,
600243.SH,青海华鼎,2016-06-07,9.6,9.6,9.66,8.88,9.44,4011948,37871231,-0.16,-1.6667,9.4396,1.6939,2235864000,N/A,4142744000,236850000,0,438850000,497.4045,2.2894,3.5759,5.6279,
600243.SH,青海华鼎,2016-06-08,9.44,9.36,9.49,9.27,9.41,2958551,27795512,-0.03,-0.3178,9.395,1.2491,2228758500,N/A,4129578500,236850000,0,438850000,495.8238,2.2821,3.5645,5.61,
