代码,简称,日期,前收盘价(元),开盘价(元),最高价(元),最低价(元),收盘价(元),成交量(股),成交金额(元),涨跌(元),涨跌幅(%),均价(元),换手率(%),A股流通市值(元),B股流通市值(元),总市值(元),A股流通股本(股),B股流通股本(股),总股本(股),市盈率,市净率,市销率,市现率,
600693.SH,东百集团,1993-11-22,N/A,1.1599,1.1792,1.0942,1.1599,11145600,129795000,N/A,N/A,11.6454,46.1325,289920000,N/A,792960000,24160000,0,66080000,N/A,23.2997,3.4425,N/A,
600693.SH,东百集团,1993-11-23,1.1599,1.1802,1.2034,1.1348,1.1647,6596400,80281000,0.0048,0.4167,12.1704,27.303,291128000,N/A,796264000,24160000,0,66080000,N/A,23.3968,3.4568,N/A,
600693.SH,东百集团,1993-11-24,1.1647,1.1647,1.4015,1.1647,1.3629,10407100,139888000,0.1981,17.0124,13.4416,43.0757,340656000,N/A,931728000,24160000,0,66080000,N/A,27.3771,4.0449,N/A,
600693.SH,东百集团,1993-11-25,1.3629,1.3822,1.4305,1.3232,1.4015,8251500,117652000,0.0387,2.8369,14.2583,34.1536,350320000,N/A,958160000,24160000,0,66080000,N/A,28.1538,4.1597,N/A,
600693.SH,东百集团,1993-11-26,1.4015,1.4499,1.5465,1.3058,1.3822,4047300,59292000,-0.0193,-1.3793,14.6498,16.7521,345488000,N/A,944944000,24160000,0,66080000,N/A,27.7655,4.1023,N/A,
600693.SH,东百集团,1993-11-29,1.3822,1.3822,1.3822,1.3145,1.3638,2660400,37079000,-0.0184,-1.3287,13.9374,11.0116,340897600,N/A,932388800,24160000,0,66080000,N/A,27.3965,4.0478,N/A,
600693.SH,东百集团,1993-11-30,1.3638,1.3629,1.3851,1.3339,1.3455,1583500,22227000,-0.0184,-1.3466,14.0366,6.5542,336307200,N/A,919833600,24160000,0,66080000,N/A,27.0276,3.9933,N/A,
600693.SH,东百集团,1993-12-01,1.3455,1.358,1.36,1.3107,1.3136,1059600,14603000,-0.0319,-2.3707,13.7816,4.3858,328334400,N/A,898027200,24160000,0,66080000,N/A,26.3869,3.8986,N/A,
600693.SH,东百集团,1993-12-02,1.3136,1.3049,1.3445,1.3,1.3329,1607900,21952000,0.0193,1.4717,13.6526,6.6552,333166400,N/A,911243200,24160000,0,66080000,N/A,26.7752,3.956,N/A,
600693.SH,东百集团,1993-12-03,1.3329,1.3348,1.3484,1.3155,1.3377,1394600,19262000,0.0048,0.3626,13.8118,5.7724,334374400,N/A,914547200,24160000,0,66080000,N/A,26.8723,3.9703,N/A,
600693.SH,东百集团,1993-12-06,1.3377,1.3532,1.36,1.2759,1.3049,1166900,15987000,-0.0329,-2.4566,13.7004,4.8299,326160000,N/A,892080000,24160000,0,66080000,N/A,26.2121,3.8728,N/A,
600693.SH,东百集团,1993-12-07,1.3049,1.3339,1.3513,1.2836,1.2836,1689200,23027000,-0.0213,-1.6296,13.6319,6.9917,320844800,N/A,877542400,24160000,0,66080000,N/A,25.785,3.8097,N/A,
600693.SH,东百集团,1993-12-08,1.2836,1.3097,1.3387,1.2836,1.2904,1444400,19572000,0.0068,0.5271,13.5503,5.9785,322536000,N/A,882168000,24160000,0,66080000,N/A,25.9209,3.8298,N/A,
600693.SH,东百集团,1993-12-09,1.2904,1.329,1.329,1.2391,1.2662,1221300,16398000,-0.0242,-1.8727,13.4267,5.055,316496000,N/A,865648000,24160000,0,66080000,N/A,25.4355,3.758,N/A,
600693.SH,东百集团,1993-12-10,1.2662,1.2846,1.2952,1.2266,1.2672,759100,9919000,0.001,0.0763,13.0668,3.142,316737600,N/A,866308800,24160000,0,66080000,N/A,25.4549,3.7609,N/A,
600693.SH,东百集团,1993-12-13,1.2672,1.2759,1.2933,1.2179,1.2237,492900,6390000,-0.0435,-3.4325,12.9641,2.0401,305865600,N/A,836572800,24160000,0,66080000,N/A,24.5812,3.6318,N/A,
600693.SH,东百集团,1993-12-14,1.2237,1.2082,1.2372,1.1512,1.1773,662300,8144000,-0.0464,-3.7915,12.2965,2.7413,294268800,N/A,804854400,24160000,0,66080000,N/A,23.6492,3.4941,N/A,
600693.SH,东百集团,1993-12-15,1.1773,1.1792,1.2082,1.129,1.1947,608500,7374000,0.0174,1.4778,12.1183,2.5186,298617600,N/A,816748800,24160000,0,66080000,N/A,23.9987,3.5457,N/A,
600693.SH,东百集团,1993-12-16,1.1947,1.1986,1.2082,1.1309,1.1319,569700,6910000,-0.0628,-5.2589,12.1292,2.358,282913600,N/A,773796800,24160000,0,66080000,N/A,22.7366,3.3593,N/A,
600693.SH,东百集团,1993-12-17,1.1319,1.1193,1.1705,1.1116,1.1261,510400,5977000,-0.0058,-0.5124,11.7104,2.1126,281464000,N/A,769832000,24160000,0,66080000,N/A,22.6201,3.3421,N/A,
600693.SH,东百集团,1993-12-20,1.1261,1.0536,1.0545,0.8506,0.9656,855900,8476000,-0.1605,-14.2489,9.903,3.5426,241358400,N/A,660139200,24160000,0,66080000,N/A,19.397,2.8659,N/A,
600693.SH,东百集团,1993-12-21,0.9656,0.8989,1.0246,0.8989,1.0246,981500,10003000,0.059,6.1061,10.1915,4.0625,256096000,N/A,700448000,24160000,0,66080000,N/A,20.5814,3.0409,N/A,
600693.SH,东百集团,1993-12-22,1.0246,1.0149,1.0342,0.9762,0.9762,1097800,11444000,-0.0483,-4.717,10.4245,4.5439,244016000,N/A,667408000,24160000,0,66080000,N/A,19.6106,2.8974,N/A,
600693.SH,东百集团,1993-12-23,0.9762,0.984,1.0052,0.9762,0.9782,367400,N/A,0.0019,0.198,N/A,1.5207,244499200,N/A,668729600,24160000,0,66080000,N/A,19.6494,2.9032,N/A,
600693.SH,东百集团,1993-12-24,0.9782,0.9859,0.9956,0.9646,0.9685,267200,2699000,-0.0097,-0.9881,10.101,1.106,242083200,N/A,662121600,24160000,0,66080000,N/A,19.4552,2.8745,N/A,
600693.SH,东百集团,1993-12-27,0.9685,0.9762,0.9878,0.9714,0.9782,201700,2037000,0.0097,0.998,10.0992,0.8349,244499200,N/A,668729600,24160000,0,66080000,N/A,19.6494,2.9032,N/A,
600693.SH,东百集团,1993-12-28,0.9782,0.9811,1.0236,0.9646,0.9714,726400,7458000,-0.0068,-0.6917,10.2671,3.0066,242808000,N/A,664104000,24160000,0,66080000,N/A,19.5135,2.8831,N/A,
600693.SH,东百集团,1993-12-29,0.9714,0.9714,1.0004,0.9472,0.9521,258900,2578000,-0.0193,-1.99,9.9575,1.0716,237976000,N/A,650888000,24160000,0,66080000,N/A,19.1252,2.8257,N/A,
600693.SH,东百集团,1993-12-30,0.9521,0.9472,0.9646,0.9192,0.9395,172500,1681000,-0.0126,-1.3198,9.7449,0.714,234835200,N/A,642297600,24160000,0,66080000,N/A,18.8727,2.7884,N/A,
600693.SH,东百集团,1993-12-31,0.9395,0.9395,0.9559,0.9376,0.9472,235900,2307000,0.0077,0.823,9.7796,0.9764,236768000,N/A,647584000,24160000,0,66080000,N/A,19.0281,2.8114,N/A,
600693.SH,东百集团,1994-01-03,0.9472,0.9521,0.9888,0.9279,0.9327,186200,1815000,-0.0145,-1.5306,9.7476,0.7707,233144000,N/A,637672000,24160000,0,66080000,42.7873,4.9128,2.3064,N/A,
600693.SH,东百集团,1994-01-04,0.9327,0.9279,0.9327,0.8815,0.8873,218500,2034000,-0.0454,-4.8705,9.3089,0.9044,221788800,N/A,606614400,24160000,0,66080000,40.7033,4.6736,2.194,N/A,
600693.SH,东百集团,1994-01-05,0.8873,0.8709,0.8989,0.8506,0.8989,613300,5499000,0.0116,1.3072,8.9662,2.5385,224688000,N/A,614544000,24160000,0,66080000,41.2354,4.7346,2.2227,N/A,
600693.SH,东百集团,1994-01-06,0.8989,0.9086,0.9231,0.8796,0.9057,675300,6288000,0.0068,0.7527,9.3114,2.7951,226379200,N/A,619169600,24160000,0,66080000,41.5458,4.7703,2.2394,N/A,
600693.SH,东百集团,1994-01-07,0.9057,0.9182,0.9521,0.9057,0.9366,1071300,10239000,0.0309,3.4152,9.5575,4.4342,234110400,N/A,640315200,24160000,0,66080000,42.9646,4.9332,2.3159,N/A,
600693.SH,东百集团,1994-01-10,0.9366,0.9569,0.9946,0.9569,0.9849,823300,8327000,0.0483,5.16,10.1142,3.4077,246190400,N/A,673355200,24160000,0,66080000,45.1816,5.1877,2.4354,N/A,
600693.SH,东百集团,1994-01-11,0.9849,0.9927,0.9946,0.9192,0.955,562200,5594000,-0.03,-3.0422,9.9502,2.327,238700800,N/A,652870400,24160000,0,66080000,43.8071,5.0299,2.3613,N/A,
600693.SH,东百集团,1994-01-12,0.955,0.9472,0.9569,0.926,0.9318,254800,2487000,-0.0232,-2.4291,9.7606,1.0546,232902400,N/A,637011200,24160000,0,66080000,42.7429,4.9077,2.304,N/A,
600693.SH,东百集团,1994-01-13,0.9318,0.9327,0.9569,0.9182,0.9376,489500,4747000,0.0058,0.6224,9.6977,2.0261,234352000,N/A,640976000,24160000,0,66080000,43.009,4.9383,2.3183,N/A,
600693.SH,东百集团,1994-01-14,0.9376,0.9521,0.9569,0.8699,0.8796,976900,9046000,-0.058,-6.1856,9.2599,4.0435,219856000,N/A,601328000,24160000,0,66080000,40.3486,4.6328,2.1749,N/A,
600693.SH,东百集团,1994-01-17,0.8796,0.8796,0.9124,0.8747,0.8844,343400,3155000,0.0048,0.5495,9.1875,1.4214,221064000,N/A,604632000,24160000,0,66080000,40.5703,4.6583,2.1869,N/A,
600693.SH,东百集团,1994-01-18,0.8844,0.8815,0.8844,0.8458,0.8574,343600,3061000,-0.0271,-3.0601,8.9086,1.4222,214299200,N/A,586129600,24160000,0,66080000,39.3288,4.5157,2.1199,N/A,
600693.SH,东百集团,1994-01-19,0.8574,0.8332,0.8554,0.7829,0.8119,379000,3191000,-0.0454,-5.2988,8.4195,1.5687,202944000,N/A,555072000,24160000,0,66080000,37.2449,4.2765,2.0076,N/A,
600693.SH,东百集团,1994-01-20,0.8119,0.7839,0.8061,0.7733,0.7974,305400,2500000,-0.0145,-1.7857,8.186,1.2641,199320000,N/A,545160000,24160000,0,66080000,36.5798,4.2001,1.9718,N/A,
600693.SH,东百集团,1994-01-21,0.7974,0.7945,0.8313,0.7829,0.8313,364600,3098000,0.0338,4.2424,8.497,1.5091,207776000,N/A,568288000,24160000,0,66080000,38.1317,4.3783,2.0554,N/A,
600693.SH,东百集团,1994-01-24,0.8313,0.8525,0.8699,0.8458,0.8651,456500,4052000,0.0338,4.0698,8.8762,1.8895,216232000,N/A,591416000,24160000,0,66080000,39.6835,4.5565,2.1391,N/A,
600693.SH,东百集团,1994-01-25,0.8651,0.8651,0.8651,0.8235,0.8303,181200,1583000,-0.0348,-4.0223,8.7362,0.75,207534400,N/A,567627200,24160000,0,66080000,38.0873,4.3732,2.053,N/A,
600693.SH,东百集团,1994-01-26,0.8303,0.8216,0.8264,0.8071,0.8119,109000,922000,-0.0184,-2.2119,8.4587,0.4512,202944000,N/A,555072000,24160000,0,66080000,37.2449,4.2765,2.0076,N/A,
600693.SH,东百集团,1994-01-27,0.8119,0.8119,0.8264,0.8119,0.8216,123800,1048000,0.0097,1.1905,8.4653,0.5124,205360000,N/A,561680000,24160000,0,66080000,37.6883,4.3274,2.0315,N/A,
600693.SH,东百集团,1994-01-28,0.8216,0.8216,0.8274,0.7365,0.7974,170800,1418000,-0.0242,-2.9412,8.3021,0.707,199320000,N/A,545160000,24160000,0,66080000,36.5798,4.2001,1.9718,N/A,
600693.SH,东百集团,1994-01-31,0.7974,0.7781,0.7916,0.7588,0.7684,262400,2082000,-0.029,-3.6364,7.9345,1.0861,192072000,N/A,525336000,24160000,0,66080000,35.2496,4.0474,1.9001,N/A,
600693.SH,东百集团,1994-02-01,0.7684,0.7539,0.7684,0.6998,0.7491,137600,1069000,-0.0193,-2.5157,7.7689,0.5695,187240000,N/A,512120000,24160000,0,66080000,34.3628,3.9455,1.8523,N/A,
600693.SH,东百集团,1994-02-02,0.7491,0.7481,0.7733,0.7327,0.7597,127300,993000,0.0106,1.4194,7.8005,0.5269,189897600,N/A,519388800,24160000,0,66080000,34.8506,4.0015,1.8786,N/A,
600693.SH,东百集团,1994-02-03,0.7597,0.7733,0.7974,0.7636,0.78,272700,2219000,0.0203,2.6718,8.1371,1.1287,194971200,N/A,533265600,24160000,0,66080000,35.7817,4.1085,1.9287,N/A,
600693.SH,东百集团,1994-02-04,0.78,0.7829,0.8119,0.7829,0.8071,328100,2716000,0.0271,3.4696,8.278,1.358,201736000,N/A,551768000,24160000,0,66080000,37.0232,4.251,1.9957,N/A,
600693.SH,东百集团,1994-02-14,0.8071,0.9037,0.9037,0.8081,0.8081,391300,3371000,0.001,0.1198,8.6149,1.6196,201977600,N/A,552428800,24160000,0,66080000,37.0675,4.2561,1.9981,N/A,
600693.SH,东百集团,1994-02-15,0.8081,0.7926,0.8052,0.7733,0.8052,184800,1506000,-0.0029,-0.3589,8.1494,0.7649,201252800,N/A,550446400,24160000,0,66080000,36.9345,4.2408,1.9909,N/A,
600693.SH,东百集团,1994-02-16,0.8052,0.8168,0.8206,0.8023,0.8081,88800,742000,0.0029,0.3601,8.3559,0.3675,201977600,N/A,552428800,24160000,0,66080000,37.0675,4.2561,1.9981,N/A,
600693.SH,东百集团,1994-02-17,0.8081,0.7878,0.8023,0.7829,0.7965,67000,550000,-0.0116,-1.4354,8.209,0.2773,199078400,N/A,544499200,24160000,0,66080000,36.5355,4.195,1.9694,N/A,
600693.SH,东百集团,1994-02-18,0.7965,0.7965,0.7974,0.7829,0.7926,54200,444000,-0.0039,-0.4854,8.1919,0.2243,198112000,N/A,541856000,24160000,0,66080000,36.3581,4.1746,1.9598,N/A,
600693.SH,东百集团,1994-02-21,0.7926,0.7945,0.7945,0.7742,0.7781,105500,853000,-0.0145,-1.8293,8.0853,0.4367,194488000,N/A,531944000,24160000,0,66080000,35.693,4.0983,1.924,N/A,
600693.SH,东百集团,1994-02-22,0.7781,0.7684,0.8119,0.7636,0.7858,131000,1067000,0.0077,0.9938,8.145,0.5422,196420800,N/A,537230400,24160000,0,66080000,36.0477,4.139,1.9431,N/A,
600693.SH,东百集团,1994-02-23,0.7858,0.7878,0.7916,0.7684,0.78,130100,1050000,-0.0058,-0.738,8.0707,0.5385,194971200,N/A,533265600,24160000,0,66080000,35.7817,4.1085,1.9287,N/A,
600693.SH,东百集团,1994-02-24,0.78,0.7791,0.7858,0.7491,0.7771,110000,880000,-0.0029,-0.3717,8,0.4553,194246400,N/A,531283200,24160000,0,66080000,35.6487,4.0932,1.9216,N/A,
600693.SH,东百集团,1994-02-25,0.7771,0.7926,0.8119,0.7791,0.7878,242700,1980000,0.0106,1.3682,8.1582,1.0046,196904000,N/A,538552000,24160000,0,66080000,36.1364,4.1492,1.9479,N/A,
600693.SH,东百集团,1994-02-28,0.7878,0.7733,0.7829,0.7539,0.7559,216800,1724000,-0.0319,-4.0491,7.952,0.8974,188931200,N/A,516745600,24160000,0,66080000,34.6732,3.9812,1.869,N/A,
600693.SH,东百集团,1994-03-01,0.7559,0.752,0.7791,0.7433,0.7443,145700,1130000,-0.0116,-1.5345,7.7557,0.6031,186032000,N/A,508816000,24160000,0,66080000,34.1411,3.9201,1.8403,N/A,
600693.SH,东百集团,1994-03-02,0.7443,0.7443,0.753,0.7249,0.7249,197800,1507000,-0.0193,-2.5974,7.6188,0.8187,181200000,N/A,495600000,24160000,0,66080000,33.2544,3.8183,1.7925,N/A,
600693.SH,东百集团,1994-03-03,0.7249,0.7153,0.7298,0.6911,0.7056,184600,1360000,-0.0193,-2.6667,7.3673,0.7641,176368000,N/A,482384000,24160000,0,66080000,32.3676,3.7164,1.7447,N/A,
600693.SH,东百集团,1994-03-04,0.7056,0.6959,0.7056,0.6882,0.6921,171500,1230000,-0.0135,-1.9178,7.172,0.7099,172985600,N/A,473132800,24160000,0,66080000,31.7468,3.6452,1.7113,N/A,
600693.SH,东百集团,1994-03-07,0.6921,0.6766,0.6766,0.6312,0.6573,14100,96000,-0.0348,-5.0279,6.8085,0.0584,164288000,N/A,449344000,24160000,0,66080000,30.1506,3.4619,1.6252,N/A,
600693.SH,东百集团,1994-03-08,0.6573,0.6679,0.7249,0.6573,0.665,523100,3651000,0.0077,1.1765,6.9795,2.1651,166220800,N/A,454630400,24160000,0,66080000,30.5053,3.5026,1.6443,N/A,
600693.SH,东百集团,1994-03-09,0.665,0.6814,0.6911,0.6573,0.6573,271900,1887000,-0.0077,-1.1628,6.9401,1.1254,164288000,N/A,449344000,24160000,0,66080000,30.1506,3.4619,1.6252,N/A,
600693.SH,东百集团,1994-03-10,0.6573,0.6573,0.6669,0.6002,0.6118,573800,3734000,-0.0454,-6.9118,6.5075,2.375,152932800,N/A,418286400,24160000,0,66080000,28.0667,3.2226,1.5129,N/A,
600693.SH,东百集团,1994-03-11,0.6118,0.6186,0.6379,0.5973,0.6379,427100,2729000,0.0261,4.2654,6.3896,1.7678,159456000,N/A,436128000,24160000,0,66080000,29.2638,3.3601,1.5774,N/A,
600693.SH,东百集团,1994-03-14,0.6379,0.9666,0.9666,0.6766,0.8313,2024800,16736000,0.1933,30.303,8.2655,8.3808,207776000,N/A,568288000,24160000,0,66080000,38.1317,4.3783,2.0554,N/A,
600693.SH,东百集团,1994-03-15,0.8313,0.8699,0.8892,0.7259,0.7733,1707000,14398000,-0.058,-6.9767,8.4347,7.0654,193280000,N/A,528640000,24160000,0,66080000,35.4713,4.0728,1.912,N/A,
600693.SH,东百集团,1994-03-16,0.7733,0.7539,0.7916,0.7443,0.7878,987600,7958000,0.0145,1.875,8.0579,4.0877,196904000,N/A,538552000,24160000,0,66080000,36.1364,4.1492,1.9479,N/A,
600693.SH,东百集团,1994-03-17,0.7878,0.8119,0.8235,0.7617,0.7733,992600,8218000,-0.0145,-1.8405,8.2793,4.1084,193280000,N/A,528640000,24160000,0,66080000,35.4713,4.0728,1.912,N/A,
600693.SH,东百集团,1994-03-18,0.7733,0.7733,0.8593,0.7655,0.7762,1649400,13705000,0.0029,0.375,8.3091,6.827,194004800,N/A,530622400,24160000,0,66080000,35.6043,4.0881,1.9192,N/A,
600693.SH,东百集团,1994-03-21,0.7762,0.7636,0.7665,0.7153,0.723,496000,3787000,-0.0532,-6.8493,7.6351,2.053,180716800,N/A,494278400,24160000,0,66080000,33.1657,3.8081,1.7877,N/A,
600693.SH,东百集团,1994-03-22,0.723,0.7133,0.7346,0.694,0.7307,307800,2262142,0.0077,1.0695,7.3494,1.274,182649600,N/A,499564800,24160000,0,66080000,33.5204,3.8488,1.8069,N/A,
600693.SH,东百集团,1994-03-23,0.7307,0.7249,0.7249,0.6959,0.7027,291900,2129020,-0.028,-3.836,7.2937,1.2082,175643200,N/A,480401600,24160000,0,66080000,32.2346,3.7012,1.7375,N/A,
600693.SH,东百集团,1994-03-24,0.7027,0.6969,0.7346,0.6959,0.7075,306000,2252677,0.0048,0.6878,7.3617,1.2666,176851200,N/A,483705600,24160000,0,66080000,32.4563,3.7266,1.7495,N/A,
600693.SH,东百集团,1994-03-25,0.7075,0.7104,0.7211,0.7037,0.7133,226700,1665554,0.0058,0.8197,7.347,0.9383,178300800,N/A,487670400,24160000,0,66080000,32.7223,3.7572,1.7638,N/A,
600693.SH,东百集团,1994-03-28,0.7133,0.6863,0.7153,0.6776,0.694,256900,1862491,-0.0193,-2.71,7.2499,1.0633,173468800,N/A,474454400,24160000,0,66080000,31.8355,3.6553,1.716,N/A,
600693.SH,东百集团,1994-03-29,0.694,0.7008,0.7211,0.694,0.7172,282400,2083043,0.0232,3.3426,7.3762,1.1689,179267200,N/A,490313600,24160000,0,66080000,32.8996,3.7775,1.7734,N/A,
600693.SH,东百集团,1994-03-30,0.7172,0.7249,0.7617,0.7095,0.7588,528100,3976400,0.0416,5.7951,7.5296,2.1858,189656000,N/A,518728000,24160000,0,66080000,34.8062,3.9964,1.8762,N/A,
600693.SH,东百集团,1994-03-31,0.7588,0.7733,0.8351,0.7201,0.7346,5008700,41169705,-0.0242,-3.1847,8.2196,20.7314,183616000,N/A,502208000,24160000,0,66080000,33.6977,3.8692,1.8164,N/A,
600693.SH,东百集团,1994-04-01,0.7346,0.7346,0.7539,0.7133,0.7298,627800,4731126,-0.0048,-0.6579,7.536,2.5985,182408000,N/A,498904000,24160000,0,66080000,33.4761,3.8437,1.8045,N/A,
600693.SH,东百集团,1994-04-04,0.7298,0.7298,0.7539,0.7298,0.7394,475000,3656361,0.0097,1.3245,7.6976,1.9661,184824000,N/A,505512000,24160000,0,66080000,33.9194,3.8946,1.8284,N/A,
600693.SH,东百集团,1994-04-05,0.7394,0.7443,0.7994,0.7423,0.7597,3972600,31891314,0.0203,2.7451,8.0278,16.4429,189897600,N/A,519388800,24160000,0,66080000,34.8506,4.0015,1.8786,N/A,
600693.SH,东百集团,1994-04-06,0.7597,0.7694,0.781,0.7307,0.7733,1935500,15245595,0.0135,1.7812,7.8768,8.0112,193280000,N/A,528640000,24160000,0,66080000,35.4713,4.0728,1.912,N/A,
600693.SH,东百集团,1994-04-07,0.7733,0.7742,0.7829,0.7269,0.7346,963700,7420486,-0.0387,-5,7.7,3.9888,183616000,N/A,502208000,24160000,0,66080000,33.6977,3.8692,1.8164,N/A,
600693.SH,东百集团,1994-04-08,0.7346,0.7327,0.7462,0.7249,0.7346,401300,3042737,0,0,7.5822,1.661,183616000,N/A,502208000,24160000,0,66080000,33.6977,3.8692,1.8164,N/A,
600693.SH,东百集团,1994-04-11,0.7346,0.7327,0.7443,0.722,0.7249,219700,1661936,-0.0097,-1.3158,7.5646,0.9094,181200000,N/A,495600000,24160000,0,66080000,33.2544,3.8183,1.7925,N/A,
600693.SH,东百集团,1994-04-12,0.7249,0.7153,0.7433,0.7143,0.7278,148300,1116911,0.0029,0.4,7.5314,0.6138,181924800,N/A,497582400,24160000,0,66080000,33.3874,3.8335,1.7997,N/A,
600693.SH,东百集团,1994-04-13,0.7278,0.7423,0.752,0.7172,0.7201,220200,1670988,-0.0077,-1.0624,7.5885,0.9114,179992000,N/A,492296000,24160000,0,66080000,33.0327,3.7928,1.7806,N/A,
600693.SH,东百集团,1994-04-14,0.7201,0.7172,0.7172,0.6785,0.6901,251500,1810495,-0.03,-4.1611,7.1988,1.041,172502400,N/A,471811200,24160000,0,66080000,31.6581,3.635,1.7065,N/A,
600693.SH,东百集团,1994-04-15,0.6901,0.6834,0.6843,0.6186,0.6756,424300,2899890,-0.0145,-2.1008,6.8345,1.7562,168878400,N/A,461899200,24160000,0,66080000,30.9931,3.5586,1.6706,N/A,
600693.SH,东百集团,1994-04-18,0.6756,0.6573,0.665,0.6379,0.6573,287800,1951646,-0.0184,-2.7182,6.7813,1.1912,164288000,N/A,449344000,24160000,0,66080000,30.1506,3.4619,1.6252,N/A,
600693.SH,东百集团,1994-04-19,0.6573,0.6573,0.695,0.6476,0.6669,905500,6353644,0.0097,1.4706,7.0167,3.7479,166704000,N/A,455952000,24160000,0,66080000,30.594,3.5128,1.6491,N/A,
600693.SH,东百集团,1994-04-20,0.6669,0.6669,0.6766,0.6283,0.637,533000,3605433,-0.03,-4.4928,6.7644,2.2061,159214400,N/A,435467200,24160000,0,66080000,29.2195,3.355,1.575,N/A,
600693.SH,东百集团,1994-04-21,0.637,0.6283,0.694,0.6167,0.6863,501400,3418944,0.0493,7.739,6.8188,2.0753,171536000,N/A,469168000,24160000,0,66080000,31.4808,3.6146,1.6969,N/A,
600693.SH,东百集团,1994-04-22,0.6863,0.6863,0.6863,0.6863,0.6863,N/A,N/A,0,0,N/A,N/A,171536000,N/A,469168000,24160000,0,66080000,31.4808,3.6146,1.6969,N/A,
600693.SH,东百集团,1994-04-25,0.6863,0.5896,0.6476,0.5896,0.6234,402800,2625422,-0.0628,-9.1549,6.5179,1.6672,155832000,N/A,426216000,24160000,0,66080000,28.5987,3.2837,1.5416,N/A,
600693.SH,东百集团,1994-04-26,0.6234,0.6418,0.6621,0.6263,0.6553,259700,1725494,0.0319,5.1163,6.6442,1.0749,163804800,N/A,448022400,24160000,0,66080000,30.0619,3.4517,1.6204,N/A,
600693.SH,东百集团,1994-04-27,0.6553,0.6621,0.693,0.6457,0.6669,623800,4345347,0.0116,1.7699,6.9659,2.582,166704000,N/A,455952000,24160000,0,66080000,30.594,3.5128,1.6491,N/A,
600693.SH,东百集团,1994-04-28,0.6669,0.6814,0.6911,0.6476,0.6689,868100,6082380,0.0019,0.2899,7.0065,3.5931,167187200,N/A,457273600,24160000,0,66080000,30.6827,3.523,1.6539,N/A,
600693.SH,东百集团,1994-04-29,0.6689,0.6776,0.6814,0.6476,0.6669,858100,5850328,-0.0019,-0.289,6.8178,3.5517,166704000,N/A,455952000,24160000,0,66080000,30.594,3.5128,1.6491,N/A,
600693.SH,东百集团,1994-05-03,0.6669,0.6524,0.6814,0.6486,0.6814,200600,1390383,0.0145,2.1739,6.9311,0.8303,170328000,N/A,465864000,24160000,0,66080000,31.2591,3.5892,1.685,N/A,
600693.SH,东百集团,1994-05-04,0.6814,0.6882,0.6911,0.6689,0.6805,736200,5189505,-0.001,-0.1418,7.049,3.0472,170086400,N/A,465203200,24160000,0,66080000,31.2148,3.5841,1.6826,N/A,
600693.SH,东百集团,1994-05-05,0.6805,0.6698,0.6698,0.6379,0.6476,200800,1352743,-0.0329,-4.8295,6.7368,0.8311,161872000,N/A,442736000,24160000,0,66080000,29.7072,3.411,1.6013,N/A,
600693.SH,东百集团,1994-05-06,0.6476,0.6379,0.6428,0.6109,0.6292,194500,1262417,-0.0184,-2.8358,6.4906,0.805,157281600,N/A,430180800,24160000,0,66080000,28.8648,3.3143,1.5559,N/A,
600693.SH,东百集团,1994-05-09,0.6292,0.6292,0.6292,0.6292,0.6292,N/A,N/A,0,0,N/A,N/A,157281600,N/A,430180800,24160000,0,66080000,28.8648,3.3143,1.5559,N/A,
600693.SH,东百集团,1994-05-10,0.6292,0.6225,0.6573,0.6225,0.6457,178600,1199499,0.0164,2.6114,6.7161,0.7392,161388800,N/A,441414400,24160000,0,66080000,29.6185,3.4008,1.5965,N/A,
600693.SH,东百集团,1994-05-11,0.6457,0.6379,0.6737,0.6292,0.6379,317900,2158419,-0.0077,-1.1976,6.7896,1.3158,159456000,N/A,436128000,24160000,0,66080000,29.2638,3.3601,1.5774,N/A,
600693.SH,东百集团,1994-05-12,0.6379,0.6283,0.6515,0.6196,0.6196,124400,814460,-0.0184,-2.8788,6.5471,0.5149,154865600,N/A,423572800,24160000,0,66080000,28.4214,3.2633,1.532,N/A,
600693.SH,东百集团,1994-05-13,0.6196,0.6234,0.636,0.6186,0.6331,167700,1083858,0.0135,2.1841,6.4631,0.6941,158248000,N/A,432824000,24160000,0,66080000,29.0421,3.3346,1.5655,N/A,
600693.SH,东百集团,1994-05-16,0.6331,0.6573,0.6573,0.6331,0.636,104100,690746,0.0029,0.458,6.6354,0.4309,158972800,N/A,434806400,24160000,0,66080000,29.1752,3.3499,1.5726,N/A,
600693.SH,东百集团,1994-05-17,0.636,0.6476,0.6573,0.6341,0.6399,157300,1052344,0.0039,0.6079,6.69,0.6511,159939200,N/A,437449600,24160000,0,66080000,29.3525,3.3703,1.5822,N/A,
600693.SH,东百集团,1994-05-18,0.6399,0.6379,0.6379,0.6273,0.6283,102900,670188,-0.0116,-1.8127,6.513,0.4259,157040000,N/A,429520000,24160000,0,66080000,28.8204,3.3092,1.5535,N/A,
600693.SH,东百集团,1994-05-19,0.6283,0.6196,0.6302,0.6138,0.6263,78300,505335,-0.0019,-0.3077,6.4538,0.3241,156556800,N/A,428198400,24160000,0,66080000,28.7318,3.299,1.5487,N/A,
600693.SH,东百集团,1994-05-20,0.6263,0.6263,0.6283,0.6186,0.6263,124700,807084,0,0,6.4722,0.5161,156556800,N/A,428198400,24160000,0,66080000,28.7318,3.299,1.5487,N/A,
600693.SH,东百集团,1994-05-23,0.6263,0.5944,0.6176,0.5944,0.5973,249600,1549017,-0.029,-4.6296,6.206,1.0331,149308800,N/A,408374400,24160000,0,66080000,27.4016,3.1462,1.477,N/A,
600693.SH,东百集团,1994-05-24,0.5973,0.5973,0.606,0.5819,0.5819,214000,1314004,-0.0155,-2.589,6.1402,0.8858,145443200,N/A,397801600,24160000,0,66080000,26.6922,3.0648,1.4388,N/A,
600693.SH,东百集团,1994-05-25,0.5819,0.5896,0.6022,0.5848,0.5848,175300,1069187,0.0029,0.4983,6.0992,0.7256,146168000,N/A,399784000,24160000,0,66080000,26.8252,3.0801,1.446,N/A,
600693.SH,东百集团,1994-05-26,0.5848,0.5848,0.5944,0.5751,0.5751,154900,933414,-0.0097,-1.6529,6.0259,0.6411,143752000,N/A,393176000,24160000,0,66080000,26.3818,3.0292,1.4221,N/A,
600693.SH,东百集团,1994-05-27,0.5751,0.5751,0.579,0.5509,0.5596,174300,1011900,-0.0155,-2.6891,5.8055,0.7214,139886400,N/A,382603200,24160000,0,66080000,25.6724,2.9477,1.3838,N/A,
600693.SH,东百集团,1994-05-30,0.5596,0.5533,0.5533,0.5001,0.5054,139900,685474,-0.0543,-9.6959,4.8997,0.5212,127509000,N/A,345268000,26844000,0,72688000,23.1672,2.6601,1.2488,N/A,
600693.SH,东百集团,1994-05-31,0.5054,0.5022,0.5192,0.4905,0.5086,133800,635970,0.0032,0.6316,4.7531,0.4984,128314320,N/A,347448640,26844000,0,72688000,23.3135,2.6769,1.2567,N/A,
600693.SH,东百集团,1994-06-01,0.5086,0.5128,0.516,0.4979,0.4979,156000,744371,-0.0106,-2.0921,4.7716,0.5811,125629920,N/A,340179840,26844000,0,72688000,22.8258,2.6209,1.2304,N/A,
600693.SH,东百集团,1994-06-02,0.4979,0.4894,0.5022,0.4894,0.4905,64600,299322,-0.0074,-1.4957,4.6335,0.2406,123750840,N/A,335091680,26844000,0,72688000,22.4844,2.5817,1.212,N/A,
600693.SH,东百集团,1994-06-03,0.4905,0.4905,0.5054,0.4905,0.4937,76700,357647,0.0032,0.6508,4.6629,0.2857,124556160,N/A,337272320,26844000,0,72688000,22.6307,2.5985,1.2199,N/A,
600693.SH,东百集团,1994-06-06,0.4937,0.4852,0.4862,0.4639,0.4724,92800,415818,-0.0213,-4.3103,4.4808,0.3457,119187360,N/A,322734720,26844000,0,72688000,21.6552,2.4865,1.1673,N/A,
600693.SH,东百集团,1994-06-07,0.4724,0.4681,0.4692,0.4298,0.4469,105600,447580,-0.0255,-5.4054,4.2384,0.3934,112744800,N/A,305289600,26844000,0,72688000,20.4847,2.352,1.1042,N/A,
600693.SH,东百集团,1994-06-08,0.4469,0.4447,0.4575,0.4352,0.4564,128800,543803,0.0096,2.1429,4.2221,0.4798,115160760,N/A,311831520,26844000,0,72688000,20.9236,2.4025,1.1278,N/A,
600693.SH,东百集团,1994-06-09,0.4564,0.4575,0.4607,0.4341,0.4373,113700,476548,-0.0192,-4.1958,4.1913,0.4236,110328840,N/A,298747680,26844000,0,72688000,20.0457,2.3016,1.0805,N/A,
600693.SH,东百集团,1994-06-10,0.4373,0.4362,0.4362,0.4288,0.4288,97000,393504,-0.0085,-1.9465,4.0567,0.3613,108181320,N/A,292932640,26844000,0,72688000,19.6555,2.2568,1.0595,N/A,
600693.SH,东百集团,1994-06-13,0.4288,0.4001,0.4086,0.3894,0.3915,249400,930561,-0.0372,-8.6849,3.7312,0.9291,98785920,N/A,267491840,26844000,0,72688000,17.9485,2.0608,0.9675,N/A,
600693.SH,东百集团,1994-06-14,0.3915,0.3852,0.399,0.3841,0.3883,206000,754257,-0.0032,-0.8152,3.6614,0.6977,107762600,N/A,265311200,29524000,0,72688000,17.8022,2.044,0.9596,N/A,
600693.SH,东百集团,1994-06-15,0.3883,0.3862,0.4096,0.3862,0.4001,142100,534077,0.0117,3.0137,3.7585,0.4813,111010240,N/A,273306880,29524000,0,72688000,18.3387,2.1056,0.9885,N/A,
600693.SH,东百集团,1994-06-16,0.4001,0.4022,0.4149,0.4001,0.4107,210600,808437,0.0106,2.6596,3.8387,0.7133,113962640,N/A,280575680,29524000,0,72688000,18.8264,2.1616,1.0148,N/A,
600693.SH,东百集团,1994-06-17,0.4107,0.4203,0.4469,0.4096,0.4426,455100,1835191,0.0319,7.772,4.0325,1.5415,122819840,N/A,302382080,29524000,0,72688000,20.2896,2.3296,1.0937,N/A,
600693.SH,东百集团,1994-06-20,0.4426,0.4373,0.4532,0.4043,0.4064,546400,2237892,-0.0362,-8.1731,4.0957,1.8507,112781680,N/A,277668160,29524000,0,72688000,18.6313,2.1392,1.0043,N/A,
600693.SH,东百集团,1994-06-21,0.4064,0.4064,0.4075,0.3979,0.4032,165100,625091,-0.0032,-0.7853,3.7861,0.5592,111895960,N/A,275487520,29524000,0,72688000,18.485,2.1224,0.9964,N/A,
600693.SH,东百集团,1994-06-22,0.4032,0.4043,0.4224,0.4032,0.4149,125900,491077,0.0117,2.9024,3.9005,0.4264,115143600,N/A,283483200,29524000,0,72688000,19.0215,2.184,1.0253,N/A,
600693.SH,东百集团,1994-06-23,0.4149,0.4149,0.4224,0.4001,0.4075,219100,854052,-0.0074,-1.7949,3.898,0.7421,113076920,N/A,278395040,29524000,0,72688000,18.6801,2.1448,1.0069,N/A,
600693.SH,东百集团,1994-06-24,0.4075,0.4043,0.4086,0.3958,0.3979,209500,786851,-0.0096,-2.3499,3.7559,0.7096,110419760,N/A,271853120,29524000,0,72688000,18.2411,2.0944,0.9833,N/A,
600693.SH,东百集团,1994-06-27,0.3979,0.3915,0.3915,0.3788,0.3852,148300,537080,-0.0128,-3.2086,3.6216,0.5023,106876880,N/A,263130560,29524000,0,72688000,17.6558,2.0272,0.9517,N/A,
600693.SH,东百集团,1994-06-28,0.3852,0.383,0.3905,0.3809,0.3883,74400,270523,0.0032,0.8287,3.6361,0.252,107762600,N/A,265311200,29524000,0,72688000,17.8022,2.044,0.9596,N/A,
600693.SH,东百集团,1994-06-29,0.3883,0.4235,0.4235,0.3809,0.3883,111400,408722,0,0,3.669,0.3773,107762600,N/A,265311200,29524000,0,72688000,17.8022,2.044,0.9596,N/A,
600693.SH,东百集团,1994-06-30,0.3883,0.383,0.3915,0.3798,0.3905,119900,434348,0.0021,0.5479,3.6226,0.4061,108353080,N/A,266764960,29524000,0,72688000,17.8997,2.0552,0.9649,N/A,
600693.SH,东百集团,1994-07-01,0.3905,0.3937,0.3947,0.3735,0.3777,129900,470906,-0.0128,-3.2698,3.6251,0.44,104810200,N/A,258042400,29524000,0,72688000,17.3144,1.988,0.9333,N/A,
600693.SH,东百集团,1994-07-04,0.3777,0.366,0.3724,0.3586,0.3628,201900,692616,-0.0149,-3.9437,3.4305,0.6839,100676840,N/A,247866080,29524000,0,72688000,16.6316,1.9096,0.8965,N/A,
600693.SH,东百集团,1994-07-05,0.3628,0.3639,0.3713,0.3617,0.3713,114200,394791,0.0085,2.346,3.457,0.3868,103038760,N/A,253681120,29524000,0,72688000,17.0218,1.9544,0.9175,N/A,
600693.SH,东百集团,1994-07-06,0.3713,0.3724,0.3735,0.3617,0.3649,142400,492083,-0.0064,-1.7192,3.4556,0.4823,101267320,N/A,249319840,29524000,0,72688000,16.7292,1.9208,0.9018,N/A,
600693.SH,东百集团,1994-07-07,0.3649,0.3596,0.3607,0.3564,0.3564,179200,603886,-0.0085,-2.3324,3.3699,0.607,98905400,N/A,243504800,29524000,0,72688000,16.339,1.876,0.8807,N/A,
600693.SH,东百集团,1994-07-08,0.3564,0.3617,0.3671,0.3564,0.3671,205500,695622,0.0106,2.9851,3.385,0.696,101857800,N/A,250773600,29524000,0,72688000,16.8267,1.932,0.907,N/A,
600693.SH,东百集团,1994-07-11,0.3671,0.3671,0.3671,0.3543,0.3596,105600,358156,-0.0074,-2.029,3.3916,0.3577,99791120,N/A,245685440,29524000,0,72688000,16.4853,1.8928,0.8886,N/A,
600693.SH,东百集团,1994-07-12,0.3596,0.3596,0.3639,0.3575,0.3586,40400,136829,-0.0011,-0.2959,3.3869,0.1368,99495880,N/A,244958560,29524000,0,72688000,16.4365,1.8872,0.886,N/A,
600693.SH,东百集团,1994-07-13,0.3586,0.3617,0.3671,0.3596,0.366,87700,299677,0.0074,2.0772,3.4171,0.297,101562560,N/A,250046720,29524000,0,72688000,16.7779,1.9264,0.9044,N/A,
600693.SH,东百集团,1994-07-14,0.366,0.366,0.3692,0.3575,0.3607,126100,430678,-0.0053,-1.4535,3.4154,0.4271,100086360,N/A,246412320,29524000,0,72688000,16.5341,1.8984,0.8912,N/A,
600693.SH,东百集团,1994-07-15,0.3607,0.3575,0.3586,0.3351,0.3351,138600,454792,-0.0255,-7.0796,3.2813,0.4694,93000600,N/A,228967200,29524000,0,72688000,15.3635,1.764,0.8281,N/A,
600693.SH,东百集团,1994-07-18,0.3351,0.3213,0.3298,0.3171,0.3203,229900,692038,-0.0149,-4.4444,3.0102,0.7787,88867240,N/A,218790880,29524000,0,72688000,14.6807,1.6856,0.7913,N/A,
600693.SH,东百集团,1994-07-19,0.3203,0.3213,0.3256,0.3181,0.3213,107500,323750,0.0011,0.3322,3.0116,0.3641,89162480,N/A,219517760,29524000,0,72688000,14.7295,1.6912,0.794,N/A,
600693.SH,东百集团,1994-07-20,0.3213,0.3224,0.3224,0.3149,0.316,94100,281925,-0.0053,-1.6556,2.996,0.3187,87686280,N/A,215883360,29524000,0,72688000,14.4856,1.6632,0.7808,N/A,
600693.SH,东百集团,1994-07-21,0.316,0.3107,0.3107,0.3032,0.3054,106800,306842,-0.0106,-3.367,2.8731,0.3617,84733880,N/A,208614560,29524000,0,72688000,13.9979,1.6072,0.7545,N/A,
600693.SH,东百集团,1994-07-22,0.3054,0.2979,0.3086,0.2883,0.2883,216400,609299,-0.017,-5.5749,2.8156,0.733,80010040,N/A,196984480,29524000,0,72688000,13.2175,1.5176,0.7125,N/A,
600693.SH,东百集团,1994-07-25,0.2883,0.2851,0.3032,0.2745,0.3032,276000,753670,0.0149,5.1661,2.7307,0.9348,84143400,N/A,207160800,29524000,0,72688000,13.9003,1.596,0.7493,N/A,
600693.SH,东百集团,1994-07-26,0.3032,0.3064,0.3181,0.2958,0.3171,315200,903671,0.0138,4.5614,2.867,1.0676,87981520,N/A,216610240,29524000,0,72688000,14.5344,1.6688,0.7834,N/A,
600693.SH,东百集团,1994-07-27,0.3171,0.3139,0.3171,0.2873,0.2979,413700,1204760,-0.0192,-6.0403,2.9122,1.4012,82667200,N/A,203526400,29524000,0,72688000,13.6565,1.568,0.7361,N/A,
600693.SH,东百集团,1994-07-28,0.2979,0.2873,0.2915,0.2564,0.2596,276400,717230,-0.0383,-12.8571,2.5949,0.9362,72038560,N/A,177358720,29524000,0,72688000,11.9006,1.3664,0.6415,N/A,
600693.SH,东百集团,1994-07-29,0.2596,0.2564,0.2607,0.2522,0.2564,364600,875196,-0.0032,-1.2295,2.4004,1.2349,71152840,N/A,175178080,29524000,0,72688000,11.7543,1.3496,0.6336,N/A,
600693.SH,东百集团,1994-08-01,0.2564,0.3064,0.3883,0.2883,0.3522,1535300,4807847,0.0958,37.3444,3.1315,5.2002,97724440,N/A,240597280,29524000,0,72688000,16.1439,1.8536,0.8702,N/A,
600693.SH,东百集团,1994-08-02,0.3522,0.349,0.4032,0.3192,0.3351,2304700,7916021,-0.017,-4.8338,3.4347,7.8062,93000600,N/A,228967200,29524000,0,72688000,15.3635,1.764,0.8281,N/A,
600693.SH,东百集团,1994-08-03,0.3351,0.3724,0.4235,0.3522,0.4139,1681900,6068256,0.0787,23.4921,3.608,5.6967,114848360,N/A,282756320,29524000,0,72688000,18.9727,2.1784,1.0227,N/A,
600693.SH,东百集团,1994-08-04,0.4139,0.4681,0.5341,0.4586,0.4809,5487400,25793135,0.067,16.1954,4.7004,18.5862,133448480,N/A,328549760,29524000,0,72688000,22.0454,2.5313,1.1883,N/A,
600693.SH,东百集团,1994-08-05,0.4809,0.5107,0.6597,0.5107,0.6543,4877800,25937170,0.1734,36.0619,5.3174,16.5215,181572600,N/A,447031200,29524000,0,72688000,29.9954,3.4441,1.6168,N/A,
600693.SH,东百集团,1994-08-08,0.6543,0.6916,0.7235,0.5639,0.6863,4040300,25967953,0.0319,4.878,6.4272,13.6848,190429800,N/A,468837600,29524000,0,72688000,31.4586,3.6121,1.6957,N/A,
600693.SH,东百集团,1994-08-09,0.6863,0.6863,0.6863,0.5533,0.5724,2333100,13560498,-0.1138,-16.5891,5.8122,7.9024,158839120,N/A,391061440,29524000,0,72688000,26.2399,3.0129,1.4144,N/A,
600693.SH,东百集团,1994-08-10,0.5724,0.5639,0.7012,0.5118,0.6863,3489400,19923890,0.1138,19.8885,5.7098,11.8189,190429800,N/A,468837600,29524000,0,72688000,31.4586,3.6121,1.6957,N/A,
600693.SH,东百集团,1994-08-11,0.6863,0.7107,0.7182,0.5979,0.6224,3785800,23857692,-0.0638,-9.3023,6.3019,12.8228,172715400,N/A,425224800,29524000,0,72688000,28.5322,3.2761,1.538,N/A,
600693.SH,东百集团,1994-08-12,0.6224,0.6065,0.6597,0.5958,0.6171,1348000,7898788,-0.0053,-0.8547,5.8596,4.5658,171239200,N/A,421590400,29524000,0,72688000,28.2884,3.2481,1.5248,N/A,
600693.SH,东百集团,1994-08-15,0.6171,0.5979,0.6065,0.5735,0.5767,942900,5233244,-0.0404,-6.5517,5.5502,3.1937,160020080,N/A,393968960,29524000,0,72688000,26.435,3.0353,1.4249,N/A,
600693.SH,东百集团,1994-08-16,0.5767,0.5767,0.6331,0.5767,0.5958,1033900,5916801,0.0192,3.321,5.7228,3.5019,165334400,N/A,407052800,29524000,0,72688000,27.3129,3.1361,1.4723,N/A,
600693.SH,东百集团,1994-08-17,0.5958,0.6214,0.6235,0.6043,0.6171,835400,4814926,0.0213,3.5714,5.7636,2.8296,171239200,N/A,421590400,29524000,0,72688000,28.2884,3.2481,1.5248,N/A,
600693.SH,东百集团,1994-08-18,0.6171,0.6469,0.6788,0.6277,0.6692,3631100,22561732,0.0521,8.4483,6.2135,12.2988,185705960,N/A,457207520,29524000,0,72688000,30.6783,3.5225,1.6537,N/A,
600693.SH,东百集团,1994-08-19,0.6692,0.6543,0.665,0.6075,0.6192,1460900,8717559,-0.05,-7.4722,5.9673,4.9482,171829680,N/A,423044160,29524000,0,72688000,28.3859,3.2593,1.5301,N/A,
600693.SH,东百集团,1994-08-22,0.6192,0.5831,0.5958,0.5533,0.5831,1273600,6966687,-0.0362,-5.8419,5.4701,4.3138,161791520,N/A,398330240,29524000,0,72688000,26.7276,3.0689,1.4407,N/A,
600693.SH,东百集团,1994-08-23,0.5831,0.599,0.6065,0.5724,0.6065,721200,3985983,0.0234,4.0146,5.5269,2.4428,168286800,N/A,414321600,29524000,0,72688000,27.8006,3.1921,1.4985,N/A,
600693.SH,东百集团,1994-08-24,0.6065,0.6171,0.6416,0.5852,0.5852,1256400,7375323,-0.0213,-3.5088,5.8702,4.2555,162382000,N/A,399784000,29524000,0,72688000,26.8252,3.0801,1.446,N/A,
600693.SH,东百集团,1994-08-25,0.5852,0.5958,0.5969,0.5799,0.5948,628600,3483357,0.0096,1.6364,5.5415,2.1291,165039160,N/A,406325920,29524000,0,72688000,27.2641,3.1305,1.4696,N/A,
600693.SH,东百集团,1994-08-26,0.5948,0.6011,0.6277,0.5799,0.5809,900200,5091721,-0.0138,-2.3256,5.6562,3.049,161201040,N/A,396876480,29524000,0,72688000,26.6301,3.0577,1.4354,N/A,
600693.SH,东百集团,1994-08-29,0.5809,0.5831,0.5958,0.5703,0.5745,423000,2302879,-0.0064,-1.0989,5.4442,1.4327,159429600,N/A,392515200,29524000,0,72688000,26.3375,3.0241,1.4197,N/A,
600693.SH,东百集团,1994-08-30,0.5745,0.5724,0.6182,0.5724,0.5937,926800,5219837,0.0192,3.3333,5.6321,3.1391,164743920,N/A,405599040,29524000,0,72688000,27.2154,3.1249,1.467,N/A,
600693.SH,东百集团,1994-08-31,0.5937,0.6171,0.6522,0.6097,0.648,2995800,17852955,0.0543,9.1398,5.9593,10.147,179801160,N/A,442669920,29524000,0,72688000,29.7028,3.4105,1.6011,N/A,
600693.SH,东百集团,1994-09-01,0.648,0.6682,0.6788,0.6448,0.6448,2055300,12770527,-0.0032,-0.4926,6.2135,6.9615,178915440,N/A,440489280,29524000,0,72688000,29.5565,3.3937,1.5932,N/A,
600693.SH,东百集团,1994-09-02,0.6448,0.649,0.6597,0.6331,0.6575,1342400,8134660,0.0128,1.9802,6.0598,4.5468,182458320,N/A,449211840,29524000,0,72688000,30.1417,3.4609,1.6247,N/A,
600693.SH,东百集团,1994-09-05,0.6575,0.7001,0.7639,0.6926,0.7448,4365300,29782516,0.0872,13.2686,6.8226,14.7856,206668000,N/A,508816000,29524000,0,72688000,34.1411,3.9201,1.8403,N/A,
600693.SH,东百集团,1994-09-06,0.7448,0.7958,0.8086,0.7448,0.782,3996900,29178841,0.0372,5,7.3004,13.5378,217001400,N/A,534256800,29524000,0,72688000,35.8482,4.1161,1.9323,N/A,
600693.SH,东百集团,1994-09-07,0.782,0.7661,0.8682,0.7246,0.7448,4708500,35705492,-0.0372,-4.7619,7.5832,15.948,206668000,N/A,508816000,29524000,0,72688000,34.1411,3.9201,1.8403,N/A,
600693.SH,东百集团,1994-09-08,0.7448,0.7799,0.7948,0.7469,0.7767,2051700,14882901,0.0319,4.2857,7.2539,6.9493,215525200,N/A,530622400,29524000,0,72688000,35.6043,4.0881,1.9192,N/A,
600693.SH,东百集团,1994-09-09,0.7767,0.7873,0.7884,0.7235,0.7352,1132500,8106491,-0.0415,-5.3425,7.158,3.8359,204010840,N/A,502274080,29524000,0,72688000,33.7022,3.8697,1.8167,N/A,
600693.SH,东百集团,1994-09-12,0.7352,0.7767,0.8193,0.7501,0.798,2269800,16789480,0.0628,8.5384,7.3969,7.688,221430000,N/A,545160000,29524000,0,72688000,36.5798,4.2001,1.9718,N/A,
600693.SH,东百集团,1994-09-13,0.798,0.8278,0.8341,0.7788,0.798,3071600,23522232,0,0,7.658,10.4037,221430000,N/A,545160000,29524000,0,72688000,36.5798,4.2001,1.9718,N/A,
600693.SH,东百集团,1994-09-14,0.798,0.8033,0.8161,0.7395,0.7448,1862400,13680210,-0.0532,-6.6667,7.3455,6.3081,206668000,N/A,508816000,29524000,0,72688000,34.1411,3.9201,1.8403,N/A,
600693.SH,东百集团,1994-09-15,0.7448,0.7448,0.9448,0.7448,0.9448,9199500,71217453,0.2,26.8571,7.7414,31.1594,262173120,N/A,645469440,29524000,0,72688000,43.3105,4.9729,2.3346,N/A,
600693.SH,东百集团,1994-09-16,0.9448,0.9129,1.0533,0.8544,1.0533,16663100,151000000,0.1085,11.4865,9.0619,56.4392,292287600,N/A,719611200,29524000,0,72688000,48.2853,5.5441,2.6027,N/A,
600693.SH,东百集团,1994-09-19,1.0533,1.0214,1.0959,1.0054,1.0257,6206000,61348603,-0.0277,-2.6263,9.8854,21.0202,284611360,N/A,700712320,29524000,0,72688000,47.0172,5.3985,2.5344,N/A,
600693.SH,东百集团,1994-09-20,1.0257,1.0108,1.147,1.0108,1.147,4709900,47549678,0.1213,11.8257,10.0957,15.9528,318268720,N/A,783576640,29524000,0,72688000,52.5774,6.0369,2.8341,N/A,
600693.SH,东百集团,1994-09-21,1.147,1.147,1.3491,1.1129,1.3491,7123100,78928274,0.2022,17.6252,11.0806,24.1265,374364320,N/A,921683840,29524000,0,72688000,61.8442,7.1009,3.3336,N/A,
600693.SH,东百集团,1994-09-22,1.3491,1.2459,1.4055,1.2427,1.3066,10373400,129000000,-0.0426,-3.1546,12.4357,35.1355,362554720,N/A,892608640,29524000,0,72688000,59.8933,6.8769,3.2284,N/A,
600693.SH,东百集团,1994-09-23,1.3066,1.3066,1.314,1.1725,1.2108,4104600,47176516,-0.0958,-7.329,11.4936,13.9026,335983120,N/A,827189440,29524000,0,72688000,55.5037,6.3729,2.9918,N/A,
600693.SH,东百集团,1994-09-26,1.2108,1.1916,1.2214,1.1736,1.1948,2228600,25052966,-0.016,-1.3181,11.2416,7.5484,331554520,N/A,816286240,29524000,0,72688000,54.7721,6.2889,2.9524,N/A,
600693.SH,东百集团,1994-09-27,1.1948,1.197,1.2321,1.1938,1.2108,2675100,30515662,0.016,1.3357,11.4073,9.0608,335983120,N/A,827189440,29524000,0,72688000,55.5037,6.3729,2.9918,N/A,
600693.SH,东百集团,1994-09-28,1.2108,1.2289,1.2768,1.1767,1.2119,4027900,46512301,0.0011,0.0879,11.5475,13.6428,336278360,N/A,827916320,29524000,0,72688000,55.5525,6.3785,2.9945,N/A,
600693.SH,东百集团,1994-09-29,1.2119,1.197,1.2023,1.0225,1.1363,3283500,34892339,-0.0755,-6.2335,10.6266,11.1215,315316320,N/A,776307840,29524000,0,72688000,52.0896,5.9809,2.8078,N/A,
600693.SH,东百集团,1994-09-30,1.1363,1.0618,1.0821,0.9895,0.9895,1825900,17779231,-0.1468,-12.9213,9.7372,6.1845,274573200,N/A,675998400,29524000,0,72688000,45.3589,5.2081,2.445,N/A,
600693.SH,东百集团,1994-10-05,0.9895,0.9661,0.9661,0.8725,0.8735,1195000,10265082,-0.116,-11.7204,8.59,4.0476,242392040,N/A,596768480,29524000,0,72688000,40.0427,4.5977,2.1584,N/A,
600693.SH,东百集团,1994-10-06,0.8735,0.9044,0.9044,0.7565,0.7724,1030100,8320107,-0.1011,-11.5713,8.077,3.489,214344240,N/A,527714880,29524000,0,72688000,35.4092,4.0657,1.9087,N/A,
600693.SH,东百集团,1994-10-07,0.7724,0.7554,0.9331,0.5926,0.799,2694400,17897840,0.0266,3.4435,6.6426,9.1261,221725240,N/A,545886880,29524000,0,72688000,36.6286,4.2057,1.9744,N/A,
600693.SH,东百集团,1994-10-10,0.799,0.7554,1.0108,0.7448,0.9363,7578600,64588498,0.1373,17.1771,8.5225,25.6693,259811200,N/A,639654400,29524000,0,72688000,42.9203,4.9281,2.3135,N/A,
600693.SH,东百集团,1994-10-11,0.9363,0.9586,0.9874,0.9044,0.9182,3514700,31765407,-0.0181,-1.9318,9.0379,11.9046,254792120,N/A,627297440,29524000,0,72688000,42.0911,4.8329,2.2688,N/A,
600693.SH,东百集团,1994-10-12,0.9182,0.9267,0.9597,0.8948,0.915,1694900,14897175,-0.0032,-0.3476,8.7894,5.7408,253906400,N/A,625116800,29524000,0,72688000,41.9448,4.8161,2.261,N/A,
600693.SH,东百集团,1994-10-13,0.915,0.9129,0.915,0.798,0.8267,2460900,19669230,-0.0883,-9.6512,7.9927,8.3353,229401480,N/A,564785760,29524000,0,72688000,37.8967,4.3513,2.0427,N/A,
600693.SH,东百集团,1994-10-14,0.8267,0.7448,0.8937,0.7448,0.8629,2937600,23462079,0.0362,4.3758,7.9868,9.9499,239439640,N/A,589499680,29524000,0,72688000,39.5549,4.5417,2.1321,N/A,
600693.SH,东百集团,1994-10-17,0.8629,0.7852,0.8895,0.7852,0.8203,2801600,22581379,-0.0426,-4.9322,8.0602,9.4892,227630040,N/A,560424480,29524000,0,72688000,37.604,4.3177,2.027,N/A,
600693.SH,东百集团,1994-10-18,0.8203,0.8522,0.8693,0.8193,0.8278,702000,5525524,0.0074,0.9079,7.8711,2.3777,229696720,N/A,565512640,29524000,0,72688000,37.9454,4.3569,2.0454,N/A,
600693.SH,东百集团,1994-10-19,0.8278,0.8618,0.8916,0.8544,0.8778,1987000,16355901,0.05,6.0411,8.2315,6.7301,243573000,N/A,599676000,29524000,0,72688000,40.2378,4.6201,2.1689,N/A,
600693.SH,东百集团,1994-10-20,0.8778,0.8916,0.9522,0.8778,0.9522,2329800,19925988,0.0745,8.4848,8.5527,7.8912,264239800,N/A,650557600,29524000,0,72688000,43.6519,5.0121,2.353,N/A,
600693.SH,东百集团,1994-10-21,0.9522,0.9788,0.9969,0.8725,0.9012,3046500,27264003,-0.0511,-5.3631,8.9493,10.3187,250068280,N/A,615667360,29524000,0,72688000,41.3108,4.7433,2.2268,N/A,
600693.SH,东百集团,1994-10-24,0.9012,0.9469,1.0001,0.9257,0.9969,2826900,25653974,0.0958,10.6257,9.0749,9.5749,276639880,N/A,681086560,29524000,0,72688000,45.7004,5.2473,2.4634,N/A,
600693.SH,东百集团,1994-10-25,0.9969,1.0001,1.0012,0.9363,0.9597,1767200,15941616,-0.0372,-3.7353,9.0208,5.9856,266306480,N/A,655645760,29524000,0,72688000,43.9933,5.0513,2.3714,N/A,
600693.SH,东百集团,1994-10-26,0.9597,0.9363,0.9469,0.8576,0.8756,1006500,8450342,-0.0841,-8.7583,8.3958,3.4091,242982520,N/A,598222240,29524000,0,72688000,40.1402,4.6089,2.1637,N/A,
600693.SH,东百集团,1994-10-27,0.8756,0.8682,0.9895,0.8639,0.9895,2303100,20314296,0.1138,13.0012,8.8204,7.8008,274573200,N/A,675998400,29524000,0,72688000,45.3589,5.2081,2.445,N/A,
600693.SH,东百集团,1994-10-28,0.9895,0.9576,0.9799,0.9044,0.9363,1896400,17005033,-0.0532,-5.3763,8.967,6.4232,259811200,N/A,639654400,29524000,0,72688000,42.9203,4.9281,2.3135,N/A,
600693.SH,东百集团,1994-10-31,0.9363,0.9022,0.9682,0.8948,0.9416,1433600,12696172,0.0053,0.5682,8.8561,4.8557,261287400,N/A,643288800,29524000,0,72688000,43.1642,4.9561,2.3267,N/A,
600693.SH,东百集团,1994-11-01,0.9416,0.9576,0.9746,0.9331,0.9501,662800,5959341,0.0085,0.904,8.9912,2.245,263649320,N/A,649103840,29524000,0,72688000,43.5543,5.0009,2.3477,N/A,
600693.SH,东百集团,1994-11-02,0.9501,0.9469,0.9608,0.915,0.9214,304100,2684932,-0.0287,-3.0235,8.8291,1.03,255677840,N/A,629478080,29524000,0,72688000,42.2375,4.8497,2.2767,N/A,
600693.SH,东百集团,1994-11-03,0.9214,0.9257,0.9746,0.9257,0.9746,991300,9003142,0.0532,5.7737,9.0822,3.3576,270439840,N/A,665822080,29524000,0,72688000,44.6761,5.1297,2.4082,N/A,
600693.SH,东百集团,1994-11-04,0.9746,0.9682,0.9682,0.8884,0.8937,691100,5974193,-0.0809,-8.2969,8.6445,2.3408,248001600,N/A,610579200,29524000,0,72688000,40.9694,4.7041,2.2084,N/A,
600693.SH,东百集团,1994-11-07,0.8937,0.8884,0.931,0.8725,0.9129,427900,3670318,0.0192,2.1429,8.5775,1.4493,253315920,N/A,623663040,29524000,0,72688000,41.8473,4.8049,2.2557,N/A,
600693.SH,东百集团,1994-11-08,0.9129,0.9278,0.9735,0.9171,0.9352,1061400,9500689,0.0223,2.4476,8.9511,3.595,259515960,N/A,638927520,29524000,0,72688000,42.8715,4.9225,2.3109,N/A,
600693.SH,东百集团,1994-11-09,0.9352,0.9193,0.9554,0.9161,0.9384,594100,5289026,0.0032,0.3413,8.9026,2.0123,260401680,N/A,641108160,29524000,0,72688000,43.0178,4.9393,2.3188,N/A,
600693.SH,东百集团,1994-11-10,0.9384,0.9576,1.0182,0.9448,0.9863,4261600,39651815,0.0479,5.102,9.3044,14.4344,273687480,N/A,673817760,29524000,0,72688000,45.2126,5.1913,2.4371,N/A,
600693.SH,东百集团,1994-11-11,0.9863,1.0054,1.0108,0.9629,0.9959,2524800,23463992,0.0096,0.9709,9.2934,8.5517,276344640,N/A,680359680,29524000,0,72688000,45.6516,5.2417,2.4608,N/A,
600693.SH,东百集团,1994-11-14,0.9959,1.0001,1.0065,0.9693,0.9831,807600,7552840,-0.0128,-1.2821,9.3522,2.7354,272801760,N/A,671637120,29524000,0,72688000,45.0663,5.1745,2.4292,N/A,
600693.SH,东百集团,1994-11-15,0.9831,0.9576,0.9959,0.9576,0.9703,1136400,10386272,-0.0128,-1.2987,9.1396,3.8491,269258880,N/A,662914560,29524000,0,72688000,44.481,5.1073,2.3977,N/A,
600693.SH,东百集团,1994-11-16,0.9703,0.9597,0.9788,0.9597,0.9757,642100,5848148,0.0053,0.5482,9.1078,2.1748,270735080,N/A,666548960,29524000,0,72688000,44.7249,5.1353,2.4108,N/A,
600693.SH,东百集团,1994-11-17,0.9757,1.0097,1.0267,0.9788,0.9948,2875000,27241178,0.0192,1.9629,9.4752,9.7378,276049400,N/A,679632800,29524000,0,72688000,45.6028,5.2361,2.4581,N/A,
600693.SH,东百集团,1994-11-18,0.9948,0.9788,1.0001,0.9682,0.9735,652500,6034321,-0.0213,-2.139,9.248,2.2101,270144600,N/A,665095200,29524000,0,72688000,44.6273,5.1241,2.4056,N/A,
600693.SH,东百集团,1994-11-21,0.9735,0.9735,0.9863,0.964,0.964,125400,1143584,-0.0096,-0.9836,9.1195,0.4247,267487440,N/A,658553280,29524000,0,72688000,44.1884,5.0737,2.3819,N/A,
600693.SH,东百集团,1994-11-22,0.964,0.9682,0.9788,0.9448,0.9565,209000,1883195,-0.0074,-0.7726,9.0105,0.7079,265420760,N/A,653465120,29524000,0,72688000,43.847,5.0345,2.3635,N/A,
600693.SH,东百集团,1994-11-23,0.9565,0.9469,0.9522,0.9278,0.9448,250000,2214924,-0.0117,-1.2236,8.8597,0.8468,262173120,N/A,645469440,29524000,0,72688000,43.3105,4.9729,2.3346,N/A,
600693.SH,东百集团,1994-11-24,0.9448,0.9363,0.9469,0.9257,0.9331,84800,744070,-0.0117,-1.2387,8.7744,0.2872,258925480,N/A,637473760,29524000,0,72688000,42.774,4.9113,2.3057,N/A,
600693.SH,东百集团,1994-11-25,0.9331,0.9586,0.9682,0.9342,0.9374,107100,950340,0.0043,0.4561,8.8734,0.3628,260106440,N/A,640381280,29524000,0,72688000,42.9691,4.9337,2.3162,N/A,
600693.SH,东百集团,1994-11-28,0.9374,0.9384,0.9416,0.9225,0.9267,77500,679472,-0.0106,-1.1351,8.7674,0.2625,257154040,N/A,633112480,29524000,0,72688000,42.4813,4.8777,2.2899,N/A,
600693.SH,东百集团,1994-11-29,0.9267,0.9235,0.9469,0.915,0.9363,114700,994224,0.0096,1.0333,8.668,0.3885,259811200,N/A,639654400,29524000,0,72688000,42.9203,4.9281,2.3135,N/A,
600693.SH,东百集团,1994-11-30,0.9363,0.931,0.9448,0.931,0.932,38600,340310,-0.0043,-0.4545,8.8163,0.1307,258630240,N/A,636746880,29524000,0,72688000,42.7252,4.9057,2.303,N/A,
600693.SH,东百集团,1994-12-01,0.932,0.9342,0.9342,0.9171,0.9246,30500,265240,-0.0074,-0.7991,8.6964,0.1033,256563560,N/A,631658720,29524000,0,72688000,42.3838,4.8665,2.2846,N/A,
600693.SH,东百集团,1994-12-02,0.9246,0.915,0.9352,0.915,0.9203,36800,321164,-0.0043,-0.4603,8.7273,0.1246,255382600,N/A,628751200,29524000,0,72688000,42.1887,4.8441,2.2741,N/A,
600693.SH,东百集团,1994-12-05,0.9203,0.9054,0.915,0.8916,0.8991,86900,740392,-0.0213,-2.3121,8.52,0.2943,249477800,N/A,614213600,29524000,0,72688000,41.2132,4.7321,2.2215,N/A,
600693.SH,东百集团,1994-12-06,0.8991,0.9044,0.931,0.8937,0.9012,220300,1878521,0.0021,0.2367,8.5271,0.7462,250068280,N/A,615667360,29524000,0,72688000,41.3108,4.7433,2.2268,N/A,
600693.SH,东百集团,1994-12-07,0.9012,0.915,0.915,0.8895,0.9033,65500,553522,0.0021,0.2361,8.4507,0.2219,250658760,N/A,617121120,29524000,0,72688000,41.4083,4.7545,2.232,N/A,
600693.SH,东百集团,1994-12-08,0.9033,0.8948,0.8948,0.8725,0.8746,72300,600308,-0.0287,-3.1802,8.303,0.2449,242687280,N/A,597495360,29524000,0,72688000,40.0915,4.6033,2.1611,N/A,
600693.SH,东百集团,1994-12-09,0.8746,0.8725,0.8767,0.8533,0.8565,108800,883809,-0.0181,-2.0681,8.1232,0.3685,237668200,N/A,585138400,29524000,0,72688000,39.2623,4.5081,2.1164,N/A,
600693.SH,东百集团,1994-12-12,0.8565,0.8459,0.8501,0.8033,0.8033,97200,753283,-0.0532,-6.2112,7.7498,0.3292,222906200,N/A,548794400,29524000,0,72688000,36.8237,4.2281,1.9849,N/A,
600693.SH,东百集团,1994-12-13,0.8033,0.8405,0.8405,0.798,0.8299,125000,962841,0.0266,3.3113,7.7027,0.4234,230287200,N/A,566966400,29524000,0,72688000,38.043,4.3681,2.0506,N/A,
600693.SH,东百集团,1994-12-14,0.8299,0.8246,0.8246,0.8022,0.8054,88500,674022,-0.0245,-2.9487,7.6161,0.2998,223496680,N/A,550248160,29524000,0,72688000,36.9212,4.2393,1.9902,N/A,
600693.SH,东百集团,1994-12-15,0.8054,0.8278,0.8778,0.8086,0.8671,235200,1875069,0.0617,7.6618,7.9722,0.7966,240620600,N/A,592407200,29524000,0,72688000,39.75,4.5641,2.1427,N/A,
600693.SH,东百集团,1994-12-16,0.8671,0.8618,0.9682,0.8522,0.9448,897600,7853812,0.0777,8.9571,8.7498,3.0402,262173120,N/A,645469440,29524000,0,72688000,43.3105,4.9729,2.3346,N/A,
600693.SH,东百集团,1994-12-19,0.9448,0.9448,0.9544,0.8842,0.8937,405600,3522421,-0.0511,-5.4054,8.6845,1.3738,248001600,N/A,610579200,29524000,0,72688000,40.9694,4.7041,2.2084,N/A,
600693.SH,东百集团,1994-12-20,0.8937,0.948,1.181,0.9448,1.1267,10669800,109000000,0.233,26.0714,10.2157,36.1394,312659160,N/A,769765920,29524000,0,72688000,51.6507,5.9305,2.7841,N/A,
600693.SH,东百集团,1994-12-21,1.1267,1.1278,1.2555,1.048,1.065,13783100,147000000,-0.0617,-5.4769,10.6652,46.6844,295535240,N/A,727606880,29524000,0,72688000,48.8218,5.6057,2.6316,N/A,
600693.SH,东百集团,1994-12-22,1.065,1.0863,1.1384,1.0406,1.1225,7911900,80612718,0.0575,5.3946,10.1888,26.7982,311478200,N/A,766858400,29524000,0,72688000,51.4556,5.9081,2.7736,N/A,
600693.SH,东百集团,1994-12-23,1.1225,1.1491,1.1587,1.0969,1.1065,10117500,107000000,-0.016,-1.4218,10.5757,34.2687,307049600,N/A,755955200,29524000,0,72688000,50.724,5.8241,2.7342,N/A,
600693.SH,东百集团,1994-12-26,1.1065,1.1257,1.147,1.0618,1.0767,4566300,46361205,-0.0298,-2.6923,10.1529,15.4664,298782880,N/A,735602560,29524000,0,72688000,49.3583,5.6673,2.6606,N/A,
600693.SH,东百集团,1994-12-27,1.0767,1.1172,1.4885,1.1172,1.1938,17761400,209000000,0.117,10.8696,11.7671,60.1592,331259280,N/A,815559360,29524000,0,72688000,54.7234,6.2833,2.9498,N/A,
600693.SH,东百集团,1994-12-28,1.1938,1.1927,1.1938,1.0374,1.0544,5006300,52269039,-0.1394,-11.6756,10.4407,16.9567,292582840,N/A,720338080,29524000,0,72688000,48.3341,5.5497,2.6054,N/A,
600693.SH,东百集团,1994-12-29,1.0544,1.032,1.1172,1.0108,1.0267,7527200,74726495,-0.0277,-2.6236,9.9275,25.4952,284906600,N/A,701439200,29524000,0,72688000,47.066,5.4041,2.537,N/A,
600693.SH,东百集团,1994-12-30,1.0267,0.8546,0.9156,0.7752,0.7838,6532400,44017075,-0.2429,-23.6623,6.7383,17.4218,240721110,N/A,592654596,37495500,0,92313800,39.7666,4.566,2.1435,N/A,
600693.SH,东百集团,1995-01-03,0.7838,0.7459,0.7691,0.6861,0.7569,1438700,8738816,-0.0269,-3.4268,6.0741,3.837,232472100,N/A,572345560,37495500,0,92313800,24.8889,3.8394,2.0972,N/A,
600693.SH,东百集团,1995-01-04,0.7569,0.7508,0.7752,0.7264,0.7679,1280700,7942130,0.011,1.4516,6.2014,3.4156,235846695,N/A,580653802,37495500,0,92313800,25.2502,3.8952,2.1277,N/A,
600693.SH,东百集团,1995-01-05,0.7679,0.7594,0.7679,0.7423,0.7594,810400,4983446,-0.0085,-1.1129,6.1494,2.1613,233222010,N/A,574191836,37495500,0,92313800,24.9692,3.8518,2.104,N/A,
600693.SH,东百集团,1995-01-06,0.7594,0.7447,0.7508,0.7203,0.7411,1003800,6052220,-0.0183,-2.4116,6.0293,2.6771,227597685,N/A,560344766,37495500,0,92313800,24.3671,3.7589,2.0533,N/A,
600693.SH,东百集团,1995-01-09,0.7411,0.7203,0.7203,0.6959,0.702,612100,3542494,-0.0391,-5.2718,5.7874,1.6325,215599125,N/A,530804350,37495500,0,92313800,23.0825,3.5608,1.945,N/A,
600693.SH,东百集团,1995-01-10,0.702,0.6727,0.6776,0.6238,0.647,953300,5104127,-0.0549,-7.8261,5.3542,2.5424,198726150,N/A,489263140,37495500,0,92313800,21.276,3.2821,1.7928,N/A,
600693.SH,东百集团,1995-01-11,0.647,0.6593,0.6702,0.6361,0.6641,659000,3534602,0.0171,2.6415,5.3636,1.7575,203975520,N/A,502187072,37495500,0,92313800,21.838,3.3688,1.8402,N/A,
600693.SH,东百集团,1995-01-12,0.6641,0.6446,0.6593,0.6361,0.647,611400,3240409,-0.0171,-2.5735,5.3,1.6306,198726150,N/A,489263140,37495500,0,92313800,21.276,3.2821,1.7928,N/A,
600693.SH,东百集团,1995-01-13,0.647,0.6373,0.6556,0.6361,0.6531,560800,2974415,0.0061,0.9434,5.3039,1.4956,200600925,N/A,493878830,37495500,0,92313800,21.4767,3.3131,1.8097,N/A,
600693.SH,东百集团,1995-01-16,0.6531,0.6361,0.6678,0.6348,0.6678,697200,3723007,0.0147,2.243,5.3399,1.8594,205100385,N/A,504956486,37495500,0,92313800,21.9584,3.3874,1.8503,N/A,
600693.SH,东百集团,1995-01-17,0.6678,0.6715,0.6763,0.647,0.6702,1028000,5613608,0.0024,0.3656,5.4607,2.7417,205850295,N/A,506802762,37495500,0,92313800,22.0387,3.3998,1.8571,N/A,
600693.SH,东百集团,1995-01-18,0.6702,0.6544,0.6715,0.6495,0.6654,414300,2253344,-0.0049,-0.7286,5.4389,1.1049,204350475,N/A,503110210,37495500,0,92313800,21.8782,3.375,1.8435,N/A,
600693.SH,东百集团,1995-01-19,0.6654,0.6654,0.6654,0.6104,0.647,888700,4582697,-0.0183,-2.7523,5.1566,2.3702,198726150,N/A,489263140,37495500,0,92313800,21.276,3.2821,1.7928,N/A,
600693.SH,东百集团,1995-01-20,0.647,0.6348,0.6507,0.5884,0.6385,1031100,5312436,-0.0085,-1.3208,5.1522,2.7499,196101465,N/A,482801174,37495500,0,92313800,20.995,3.2388,1.7691,N/A,
600693.SH,东百集团,1995-01-23,0.6385,0.6226,0.6226,0.6104,0.6141,362700,1829244,-0.0244,-3.8241,5.0434,0.9673,188602365,N/A,464338414,37495500,0,92313800,20.1921,3.1149,1.7015,N/A,
600693.SH,东百集团,1995-01-24,0.6141,0.6226,0.6226,0.597,0.5982,360800,1786141,-0.0159,-2.5845,4.9505,0.9622,183727950,N/A,452337620,37495500,0,92313800,19.6703,3.0344,1.6575,N/A,
600693.SH,东百集团,1995-01-25,0.5982,0.6055,0.6141,0.5982,0.6043,318700,1576056,0.0061,1.0204,4.9453,0.85,185602725,N/A,456953310,37495500,0,92313800,19.871,3.0654,1.6744,N/A,
600693.SH,东百集团,1995-01-26,0.6043,0.5982,0.5982,0.586,0.586,471100,2274788,-0.0183,-3.0303,4.8287,1.2564,179978400,N/A,443106240,37495500,0,92313800,19.2688,2.9725,1.6237,N/A,
600693.SH,东百集团,1995-01-27,0.586,0.586,0.5909,0.5799,0.586,513400,2463267,0,0,4.7979,1.3692,179978400,N/A,443106240,37495500,0,92313800,19.2688,2.9725,1.6237,N/A,
600693.SH,东百集团,1995-02-06,0.586,0.5921,0.6019,0.5469,0.5494,265400,1190000,-0.0366,-6.25,4.4838,0.7078,168729750,N/A,415412100,37495500,0,92313800,18.0645,2.7867,1.5222,N/A,
600693.SH,东百集团,1995-02-07,0.5494,0.5384,0.5482,0.5286,0.5408,168800,740000,-0.0085,-1.5556,4.3839,0.4502,166105065,N/A,408950134,37495500,0,92313800,17.7835,2.7433,1.4985,N/A,
600693.SH,东百集团,1995-02-08,0.5408,0.5335,0.5445,0.5335,0.5384,181800,800000,-0.0024,-0.4515,4.4004,0.4849,165355155,N/A,407103858,37495500,0,92313800,17.7032,2.731,1.4917,N/A,
600693.SH,东百集团,1995-02-09,0.5384,0.5359,0.5591,0.5359,0.5555,282700,1280000,0.0171,3.1746,4.5278,0.754,170604525,N/A,420027790,37495500,0,92313800,18.2653,2.8177,1.5391,N/A,
600693.SH,东百集团,1995-02-10,0.5555,0.5616,0.5689,0.5457,0.5457,696700,3110000,-0.0098,-1.7582,4.4639,1.8581,167604885,N/A,412642686,37495500,0,92313800,17.9441,2.7681,1.512,N/A,
600693.SH,东百集团,1995-02-13,0.5457,0.5457,0.5567,0.5384,0.5567,212800,955182,0.011,2.0134,4.4886,0.5675,170979480,N/A,420950928,37495500,0,92313800,18.3054,2.8238,1.5425,N/A,
600693.SH,东百集团,1995-02-14,0.5567,0.5591,0.5652,0.5445,0.553,180600,814670,-0.0037,-0.6579,4.5109,0.4817,169854615,N/A,418181514,37495500,0,92313800,18.185,2.8053,1.5323,N/A,
600693.SH,东百集团,1995-02-15,0.553,0.5494,0.5518,0.5408,0.5457,179400,801167,-0.0073,-1.3245,4.4658,0.4785,167604885,N/A,412642686,37495500,0,92313800,17.9441,2.7681,1.512,N/A,
600693.SH,东百集团,1995-02-16,0.5457,0.5433,0.5433,0.5274,0.5311,310900,1359887,-0.0147,-2.6846,4.374,0.8292,163105425,N/A,401565030,37495500,0,92313800,17.4624,2.6938,1.4715,N/A,
600693.SH,东百集团,1995-02-17,0.5311,0.5311,0.5701,0.5189,0.5701,448300,1931682,0.0391,7.3563,4.3089,1.1956,175103985,N/A,431105446,37495500,0,92313800,18.747,2.892,1.5797,N/A,
600693.SH,东百集团,1995-02-20,0.5701,0.5347,0.5469,0.525,0.5408,317800,1408228,-0.0293,-5.1392,4.4312,0.8476,166105065,N/A,408950134,37495500,0,92313800,17.7835,2.7433,1.4985,N/A,
600693.SH,东百集团,1995-02-21,0.5408,0.5408,0.5445,0.5372,0.5445,135000,597331,0.0037,0.6772,4.4247,0.36,167229930,N/A,411719548,37495500,0,92313800,17.904,2.7619,1.5087,N/A,
600693.SH,东百集团,1995-02-22,0.5445,0.5469,0.6373,0.5445,0.6336,2216400,10993958,0.0891,16.3677,4.9603,5.9111,194601645,N/A,479108622,37495500,0,92313800,20.8344,3.214,1.7556,N/A,
600693.SH,东百集团,1995-02-23,0.6336,0.619,0.6519,0.608,0.6385,3442700,17818116,0.0049,0.7707,5.1756,9.1816,196101465,N/A,482801174,37495500,0,92313800,20.995,3.2388,1.7691,N/A,
600693.SH,东百集团,1995-02-24,0.6385,0.6446,0.6531,0.5933,0.6104,1901800,9620068,-0.0281,-4.3977,5.0584,5.0721,187477500,N/A,461569000,37495500,0,92313800,20.0717,3.0963,1.6913,N/A,
600693.SH,东百集团,1995-02-27,0.6104,0.6361,0.6507,0.6043,0.6165,1269100,6483363,0.0061,1,5.1086,3.3847,189352275,N/A,466184690,37495500,0,92313800,20.2724,3.1273,1.7082,N/A,
600693.SH,东百集团,1995-02-28,0.6165,0.5872,0.6043,0.5738,0.6043,1667300,7993506,-0.0122,-1.9802,4.7943,4.4467,185602725,N/A,456953310,37495500,0,92313800,19.871,3.0654,1.6744,N/A,
600693.SH,东百集团,1995-03-01,0.6043,0.5921,0.6165,0.5775,0.6104,1477700,7290794,0.0061,1.0101,4.9339,3.941,187477500,N/A,461569000,37495500,0,92313800,20.0717,3.0963,1.6913,N/A,
600693.SH,东百集团,1995-03-02,0.6104,0.6141,0.6165,0.5921,0.6031,622000,3077762,-0.0073,-1.2,4.9482,1.6589,185227770,N/A,456030172,37495500,0,92313800,19.8308,3.0592,1.671,N/A,
600693.SH,东百集团,1995-03-03,0.6031,0.608,0.6336,0.6031,0.6226,2357500,11982435,0.0195,3.2389,5.0827,6.2874,191227050,N/A,470800380,37495500,0,92313800,20.4731,3.1583,1.7252,N/A,
600693.SH,东百集团,1995-03-06,0.6226,0.6287,0.7227,0.6202,0.7142,4742100,25875542,0.0916,14.7059,5.4566,12.6471,219348675,N/A,540035730,37495500,0,92313800,23.4839,3.6227,1.9788,N/A,
600693.SH,东百集团,1995-03-07,0.7142,0.702,0.7642,0.6544,0.7484,9287800,55050000,0.0342,4.7863,5.9271,24.7704,229847415,N/A,565883594,37495500,0,92313800,24.6079,3.7961,2.0736,N/A,
600693.SH,东百集团,1995-03-08,0.7484,0.7325,0.8009,0.6959,0.7704,12499500,78094874,0.022,2.9364,6.2478,33.336,236596605,N/A,582500078,37495500,0,92313800,25.3305,3.9076,2.1345,N/A,
600693.SH,东百集团,1995-03-09,0.7704,0.7581,0.7777,0.7301,0.7398,5010200,30879208,-0.0305,-3.962,6.1633,13.3621,227222730,N/A,559421628,37495500,0,92313800,24.3269,3.7527,2.0499,N/A,
600693.SH,东百集团,1995-03-10,0.7398,0.7215,0.7325,0.6898,0.7069,4215400,24376100,-0.033,-4.4554,5.7826,11.2424,217098945,N/A,534496902,37495500,0,92313800,23.243,3.5855,1.9586,N/A,
600693.SH,东百集团,1995-03-13,0.7069,0.7313,0.7313,0.6922,0.7081,2042400,11876190,0.0012,0.1727,5.8148,5.4471,217473900,N/A,535420040,37495500,0,92313800,23.2832,3.5917,1.9619,N/A,
600693.SH,东百集团,1995-03-14,0.7081,0.7093,0.7301,0.702,0.7118,1987700,11667974,0.0037,0.5172,5.8701,5.3012,218598765,N/A,538189454,37495500,0,92313800,23.4036,3.6103,1.9721,N/A,
600693.SH,东百集团,1995-03-15,0.7118,0.7203,0.7203,0.6727,0.6849,1919800,10779620,-0.0269,-3.7736,5.615,5.1201,210349755,N/A,517880418,37495500,0,92313800,22.5205,3.4741,1.8977,N/A,
600693.SH,东百集团,1995-03-16,0.6849,0.6715,0.6947,0.6654,0.6934,1087500,6071389,0.0085,1.2478,5.5829,2.9003,212974440,N/A,524342384,37495500,0,92313800,22.8015,3.5174,1.9213,N/A,
600693.SH,东百集团,1995-03-17,0.6934,0.6837,0.7166,0.6812,0.7093,1943200,11171274,0.0159,2.2887,5.7489,5.1825,217848855,N/A,536343178,37495500,0,92313800,23.3233,3.5979,1.9653,N/A,
600693.SH,东百集团,1995-03-20,0.7093,0.7179,0.7362,0.702,0.7032,3730900,22086428,-0.0061,-0.8606,5.9199,9.9503,215974080,N/A,531727488,37495500,0,92313800,23.1226,3.567,1.9484,N/A,
600693.SH,东百集团,1995-03-21,0.7032,0.6959,0.7154,0.6849,0.7081,1102100,6311700,0.0049,0.6944,5.727,2.9393,217473900,N/A,535420040,37495500,0,92313800,23.2832,3.5917,1.9619,N/A,
600693.SH,东百集团,1995-03-22,0.7081,0.7105,0.7496,0.7081,0.7447,3098400,18631798,0.0366,5.1724,6.0134,8.2634,228722550,N/A,563114180,37495500,0,92313800,24.4875,3.7775,2.0634,N/A,
600693.SH,东百集团,1995-03-23,0.7447,0.7508,0.763,0.7349,0.7447,4488400,27618060,0,0,6.1532,11.9705,228722550,N/A,563114180,37495500,0,92313800,24.4875,3.7775,2.0634,N/A,
600693.SH,东百集团,1995-03-24,0.7447,0.7447,0.7508,0.7264,0.7423,2303900,13917759,-0.0024,-0.3279,6.041,6.1445,227972640,N/A,561267904,37495500,0,92313800,24.4072,3.7651,2.0566,N/A,
600693.SH,东百集团,1995-03-27,0.7423,0.7569,0.7752,0.7484,0.7667,3520800,21971850,0.0244,3.2895,6.2406,9.3899,235471740,N/A,579730664,37495500,0,92313800,25.2101,3.889,2.1243,N/A,
600693.SH,东百集团,1995-03-28,0.7667,0.7569,0.7667,0.7508,0.7569,1505700,9358230,-0.0098,-1.2739,6.2152,4.0157,232472100,N/A,572345560,37495500,0,92313800,24.8889,3.8394,2.0972,N/A,
600693.SH,东百集团,1995-03-29,0.7569,0.7508,0.7679,0.7386,0.7679,1433800,8800422,0.011,1.4516,6.1378,3.8239,235846695,N/A,580653802,37495500,0,92313800,25.2502,3.8952,2.1277,N/A,
600693.SH,东百集团,1995-03-30,0.7679,0.7752,0.7789,0.7447,0.7496,2194700,13615747,-0.0183,-2.3847,6.2039,5.8532,230222370,N/A,566806732,37495500,0,92313800,24.6481,3.8023,2.0769,N/A,
600693.SH,东百集团,1995-03-31,0.7496,0.7447,0.763,0.7398,0.7594,1499100,9252993,0.0098,1.3029,6.1724,3.9981,233222010,N/A,574191836,37495500,0,92313800,24.9692,3.8518,2.104,N/A,
600693.SH,东百集团,1995-04-03,0.7594,0.7606,0.7923,0.7508,0.7752,3541000,22379399,0.0159,2.09,6.3201,9.4438,238096425,N/A,586192630,37495500,0,92313800,25.4911,3.9323,2.148,N/A,
600693.SH,东百集团,1995-04-04,0.7752,0.7679,0.7789,0.7618,0.7716,1767500,11159359,-0.0037,-0.4724,6.3136,4.7139,236971560,N/A,583423216,37495500,0,92313800,25.3706,3.9138,2.1378,N/A,
600693.SH,东百集团,1995-04-05,0.7716,0.7679,0.774,0.752,0.7557,1511000,9463979,-0.0159,-2.057,6.2634,4.0298,232097145,N/A,571422422,37495500,0,92313800,24.8488,3.8332,2.0939,N/A,
600693.SH,东百集团,1995-04-06,0.7557,0.7447,0.7569,0.7423,0.7557,1235400,7580268,0,0,6.1359,3.2948,232097145,N/A,571422422,37495500,0,92313800,24.8488,3.8332,2.0939,N/A,
600693.SH,东百集团,1995-04-07,0.7557,0.7386,0.7752,0.7325,0.7557,2491300,15370677,0,0,6.1697,6.6443,232097145,N/A,571422422,37495500,0,92313800,24.8488,3.8332,2.0939,N/A,
600693.SH,东百集团,1995-04-10,0.7557,0.7679,0.7691,0.7435,0.7447,1212000,7482490,-0.011,-1.454,6.1737,3.2324,228722550,N/A,563114180,37495500,0,92313800,24.4875,3.7775,2.0634,N/A,
600693.SH,东百集团,1995-04-11,0.7447,0.7349,0.7447,0.7179,0.7203,1349000,8108951,-0.0244,-3.2787,6.0111,3.5978,221223450,N/A,544651420,37495500,0,92313800,23.6846,3.6537,1.9958,N/A,
600693.SH,东百集团,1995-04-12,0.7203,0.7118,0.7252,0.7056,0.7179,802900,4693857,-0.0024,-0.339,5.8461,2.1413,220473540,N/A,542805144,37495500,0,92313800,23.6043,3.6413,1.989,N/A,
600693.SH,东百集团,1995-04-13,0.7179,0.7203,0.7227,0.7008,0.7008,662600,3848345,-0.0171,-2.381,5.8079,1.7671,215224170,N/A,529881212,37495500,0,92313800,23.0423,3.5546,1.9416,N/A,
600693.SH,东百集团,1995-04-14,0.7008,0.691,0.7081,0.691,0.7081,615300,3525921,0.0073,1.0453,5.7304,1.641,217473900,N/A,535420040,37495500,0,92313800,23.2832,3.5917,1.9619,N/A,
600693.SH,东百集团,1995-04-17,0.7081,0.7069,0.7105,0.6934,0.6959,329900,1895986,-0.0122,-1.7241,5.7472,0.8798,213724350,N/A,526188660,37495500,0,92313800,22.8817,3.5298,1.9281,N/A,
600693.SH,东百集团,1995-04-18,0.6959,0.6959,0.7056,0.6947,0.6983,333700,1910101,0.0024,0.3509,5.724,0.89,214474260,N/A,528034936,37495500,0,92313800,22.962,3.5422,1.9349,N/A,
600693.SH,东百集团,1995-04-19,0.6983,0.6959,0.7142,0.6959,0.7056,248800,1432208,0.0073,1.049,5.7565,0.6635,216723990,N/A,533573764,37495500,0,92313800,23.2029,3.5794,1.9552,N/A,
600693.SH,东百集团,1995-04-20,0.7056,0.7081,0.7252,0.7056,0.7215,685700,4027881,0.0159,2.2491,5.8741,1.8288,221598405,N/A,545574558,37495500,0,92313800,23.7248,3.6599,1.9991,N/A,
600693.SH,东百集团,1995-04-21,0.7215,0.7264,0.7313,0.7093,0.7093,509600,3010822,-0.0122,-1.692,5.9082,1.3591,217848855,N/A,536343178,37495500,0,92313800,23.3233,3.5979,1.9653,N/A,
600693.SH,东百集团,1995-04-24,0.7093,0.6959,0.7056,0.691,0.6922,492100,2807177,-0.0171,-2.4096,5.7045,1.3124,212599485,N/A,523419246,37495500,0,92313800,22.7613,3.5112,1.918,N/A,
600693.SH,东百集团,1995-04-25,0.6922,0.6898,0.6983,0.6837,0.6971,303800,1723677,0.0049,0.7055,5.6737,0.8102,214099305,N/A,527111798,37495500,0,92313800,22.9219,3.536,1.9315,N/A,
600693.SH,东百集团,1995-04-26,0.6971,0.702,0.7044,0.6715,0.6715,487800,2740286,-0.0256,-3.6778,5.6176,1.301,206225250,N/A,507725900,37495500,0,92313800,22.0789,3.406,1.8605,N/A,
600693.SH,东百集团,1995-04-27,0.6715,0.6348,0.6959,0.5384,0.6385,1681900,8716702,-0.033,-4.9091,5.1827,4.4856,196101465,N/A,482801174,37495500,0,92313800,20.995,3.2388,1.7691,N/A,
600693.SH,东百集团,1995-04-28,0.6385,0.6568,0.6593,0.6324,0.6434,838100,4430464,0.0049,0.7648,5.2863,2.2352,197601285,N/A,486493726,37495500,0,92313800,21.1556,3.2635,1.7827,N/A,
600693.SH,东百集团,1995-05-02,0.6434,0.6361,0.6531,0.6361,0.6507,260200,1379785,0.0073,1.1385,5.3028,0.6939,199851015,N/A,492032554,37495500,0,92313800,21.3964,3.3007,1.803,N/A,
600693.SH,东百集团,1995-05-03,0.6507,0.6483,0.6556,0.6422,0.6458,304200,1620987,-0.0049,-0.7505,5.3287,0.8113,198351195,N/A,488340002,37495500,0,92313800,21.2359,3.2759,1.7894,N/A,
600693.SH,东百集团,1995-05-04,0.6458,0.6458,0.647,0.6287,0.6324,250300,1302564,-0.0134,-2.0794,5.204,0.6675,194226690,N/A,478185484,37495500,0,92313800,20.7943,3.2078,1.7522,N/A,
600693.SH,东百集团,1995-05-05,0.6324,0.63,0.6422,0.6287,0.6361,229400,1196378,0.0037,0.5792,5.2152,0.6118,195351555,N/A,480954898,37495500,0,92313800,20.9147,3.2264,1.7624,N/A,
600693.SH,东百集团,1995-05-08,0.6361,0.6361,0.6361,0.6361,0.6361,N/A,N/A,0,0,N/A,N/A,195351555,N/A,480954898,37495500,0,92313800,20.9147,3.2264,1.7624,N/A,
600693.SH,东百集团,1995-05-09,0.6361,0.6409,0.647,0.6361,0.6458,283300,1487939,0.0098,1.5355,5.2522,0.7556,198351195,N/A,488340002,37495500,0,92313800,21.2359,3.2759,1.7894,N/A,
600693.SH,东百集团,1995-05-10,0.6458,0.6458,0.6495,0.6226,0.6263,269700,1398057,-0.0195,-3.0246,5.1837,0.7193,192351915,N/A,473569794,37495500,0,92313800,20.5936,3.1768,1.7353,N/A,
600693.SH,东百集团,1995-05-11,0.6263,0.6324,0.6409,0.6238,0.6275,152400,785443,0.0012,0.1949,5.1538,0.4064,192726870,N/A,474492932,37495500,0,92313800,20.6337,3.183,1.7387,N/A,
600693.SH,东百集团,1995-05-12,0.6275,0.6397,0.6715,0.6251,0.6519,826000,4419917,0.0244,3.8911,5.351,2.2029,200225970,N/A,492955692,37495500,0,92313800,21.4366,3.3069,1.8063,N/A,
600693.SH,东百集团,1995-05-15,0.6519,0.6531,0.6531,0.6422,0.647,242400,1283933,-0.0049,-0.7491,5.2968,0.6465,198726150,N/A,489263140,37495500,0,92313800,21.276,3.2821,1.7928,N/A,
600693.SH,东百集团,1995-05-16,0.647,0.647,0.647,0.6385,0.6434,156800,826576,-0.0037,-0.566,5.2715,0.4182,197601285,N/A,486493726,37495500,0,92313800,21.1556,3.2635,1.7827,N/A,
600693.SH,东百集团,1995-05-17,0.6434,0.6434,0.6458,0.6348,0.6458,207000,1079945,0.0024,0.3795,5.2171,0.5521,198351195,N/A,488340002,37495500,0,92313800,21.2359,3.2759,1.7894,N/A,
600693.SH,东百集团,1995-05-18,0.6458,0.8302,0.8521,0.7325,0.8302,7773600,51031467,0.1843,28.5444,6.5647,20.7321,254969400,N/A,627733840,37495500,0,92313800,27.2975,4.211,2.3002,N/A,
600693.SH,东百集团,1995-05-19,0.8302,0.8302,1.111,0.8302,1.0988,12319100,101649380,0.2686,32.3529,8.2514,32.8549,337459500,N/A,830824200,37495500,0,92313800,36.1291,5.5734,3.0444,N/A,
600693.SH,东百集团,1995-05-22,1.0988,1.2208,1.233,1.1,1.1354,9490400,90526649,0.0366,3.3333,9.5388,25.3108,348708150,N/A,858518340,37495500,0,92313800,37.3334,5.7592,3.1459,N/A,
600693.SH,东百集团,1995-05-23,1.1354,0.9767,1.0743,0.9278,0.94,7150700,58657854,-0.1953,-17.2043,8.2031,19.0708,288715350,N/A,710816260,37495500,0,92313800,30.9104,4.7683,2.6046,N/A,
600693.SH,东百集团,1995-05-24,0.94,0.9767,0.9999,0.8973,0.951,3918600,30387803,0.011,1.1688,7.7548,10.4509,292089945,N/A,719124502,37495500,0,92313800,31.2717,4.8241,2.6351,N/A,
600693.SH,东百集团,1995-05-25,0.951,0.9584,0.9645,0.8546,0.8705,2253600,17017442,-0.0806,-8.4724,7.5512,6.0103,267342915,N/A,658197394,37495500,0,92313800,28.6223,4.4154,2.4118,N/A,
600693.SH,东百集团,1995-05-26,0.8705,0.8534,1.3918,0.8241,0.9828,4846200,37090357,0.1123,12.9032,7.6535,12.9248,301838775,N/A,743126090,37495500,0,92313800,32.3155,4.9851,2.723,N/A,
600693.SH,东百集团,1995-05-29,0.9828,0.9339,0.9767,0.9339,0.9657,2228100,17525159,-0.0171,-1.7391,7.8655,5.9423,296589405,N/A,730202158,37495500,0,92313800,31.7534,4.8984,2.6757,N/A,
600693.SH,东百集团,1995-05-30,0.9657,0.9535,1.0133,0.9535,0.9767,2282000,18443635,0.011,1.1378,8.0822,6.0861,299964000,N/A,738510400,37495500,0,92313800,32.1147,4.9541,2.7061,N/A,
600693.SH,东百集团,1995-05-31,0.9767,0.9559,0.9767,0.9376,0.9645,1327900,10386123,-0.0122,-1.25,7.8215,3.5415,296214450,N/A,729279020,37495500,0,92313800,31.7133,4.8922,2.6723,N/A,
600693.SH,东百集团,1995-06-01,0.9645,0.9767,0.9828,0.9523,0.9669,915300,7231125,0.0024,0.2532,7.9003,2.4411,296964360,N/A,731125296,37495500,0,92313800,31.7936,4.9046,2.6791,N/A,
600693.SH,东百集团,1995-06-02,0.9669,0.9669,0.9889,0.9669,0.9755,1244600,9972736,0.0085,0.8838,8.0128,3.3193,299589045,N/A,737587262,37495500,0,92313800,32.0746,4.9479,2.7027,N/A,
600693.SH,东百集团,1995-06-05,0.9755,0.9645,0.9755,0.9291,0.9339,1119500,8671782,-0.0415,-4.2553,7.7461,2.9857,286840575,N/A,706200570,37495500,0,92313800,30.7097,4.7374,2.5877,N/A,
600693.SH,东百集团,1995-06-06,0.9339,0.9034,0.9339,0.8985,0.9339,751900,5643296,0,0,7.5054,2.0053,286840575,N/A,706200570,37495500,0,92313800,30.7097,4.7374,2.5877,N/A,
600693.SH,东百集团,1995-06-07,0.9339,0.954,0.9891,0.9227,0.9778,692600,5236328,0.0439,4.698,7.5604,1.8472,292464900,N/A,720047640,37495500,0,92313800,31.3119,4.8303,2.6385,N/A,
600693.SH,东百集团,1995-06-08,0.9778,0.9653,0.9904,0.9289,0.9427,1433600,11129406,-0.0351,-3.5897,7.7633,3.8234,281966160,N/A,694199776,37495500,0,92313800,30.1878,4.6569,2.5438,N/A,
600693.SH,东百集团,1995-06-09,0.9427,0.9427,0.9703,0.939,0.9527,511500,3892864,0.01,1.0638,7.6107,1.3642,284965800,N/A,701584880,37495500,0,92313800,30.509,4.7064,2.5708,N/A,
600693.SH,东百集团,1995-06-12,0.9527,0.9302,0.9553,0.9214,0.9302,539100,4006986,-0.0226,-2.3684,7.4327,1.4378,278216610,N/A,684968396,37495500,0,92313800,29.7864,4.5949,2.5099,N/A,
600693.SH,东百集团,1995-06-13,0.9302,0.9277,0.9402,0.9252,0.9277,330900,2461136,-0.0025,-0.2695,7.4377,0.8825,277466700,N/A,683122120,37495500,0,92313800,29.7061,4.5826,2.5032,N/A,
600693.SH,东百集团,1995-06-14,0.9277,0.9277,0.9402,0.9126,0.9202,413000,3042832,-0.0075,-0.8108,7.3676,1.1015,275216970,N/A,677583292,37495500,0,92313800,29.4653,4.5454,2.4829,N/A,
600693.SH,东百集团,1995-06-15,0.9202,0.9214,0.9214,0.8111,0.8412,2281600,15443947,-0.079,-8.5831,6.7689,6.085,251594805,N/A,619425598,37495500,0,92313800,26.9362,4.1553,2.2698,N/A,
600693.SH,东百集团,1995-06-16,0.8412,0.8149,0.8688,0.8123,0.8424,959100,6496844,0.0013,0.149,6.7739,2.5579,251969760,N/A,620348736,37495500,0,92313800,26.9764,4.1615,2.2731,N/A,
600693.SH,东百集团,1995-06-19,0.8424,0.8274,0.8274,0.8149,0.8236,662800,4350467,-0.0188,-2.2321,6.5638,1.7677,246345435,N/A,606501666,37495500,0,92313800,26.3742,4.0686,2.2224,N/A,
600693.SH,东百集团,1995-06-20,0.8236,0.8487,0.8487,0.8149,0.8274,570800,3792828,0.0038,0.4566,6.6448,1.5223,247470300,N/A,609271080,37495500,0,92313800,26.4947,4.0871,2.2325,N/A,
600693.SH,东百集团,1995-06-21,0.8274,0.8249,0.8487,0.8249,0.8437,445100,2979106,0.0163,1.9697,6.6931,1.1871,252344715,N/A,621271874,37495500,0,92313800,27.0165,4.1677,2.2765,N/A,
600693.SH,东百集团,1995-06-22,0.8437,0.8362,0.8437,0.8149,0.8236,507600,3350239,-0.0201,-2.3774,6.6002,1.3538,246345435,N/A,606501666,37495500,0,92313800,26.3742,4.0686,2.2224,N/A,
600693.SH,东百集团,1995-06-23,0.8236,0.8261,0.8349,0.8236,0.8324,376100,2492418,0.0088,1.0654,6.627,1.0031,248970120,N/A,612963632,37495500,0,92313800,26.6552,4.1119,2.2461,N/A,
600693.SH,东百集团,1995-06-26,0.8324,0.8399,0.8437,0.8274,0.8362,372600,2482925,0.0038,0.4518,6.6638,0.9937,250094985,N/A,615733046,37495500,0,92313800,26.7757,4.1305,2.2562,N/A,
600693.SH,东百集团,1995-06-27,0.8362,0.8387,0.8474,0.8274,0.8311,414800,2776021,-0.005,-0.5997,6.6924,1.1063,248595165,N/A,612040494,37495500,0,92313800,26.6151,4.1057,2.2427,N/A,
600693.SH,东百集团,1995-06-28,0.8311,0.8211,0.8337,0.8161,0.8274,280800,1849177,-0.0038,-0.4525,6.5854,0.7489,247470300,N/A,609271080,37495500,0,92313800,26.4947,4.0871,2.2325,N/A,
600693.SH,东百集团,1995-06-29,0.8274,0.8149,0.8324,0.8149,0.8211,280000,1834247,-0.0063,-0.7576,6.5509,0.7468,245595525,N/A,604655390,37495500,0,92313800,26.2939,4.0562,2.2156,N/A,
600693.SH,东百集团,1995-06-30,0.8211,0.8149,0.8149,0.7722,0.7873,744700,4708405,-0.0338,-4.1221,6.3226,1.9861,235471740,N/A,579730664,37495500,0,92313800,25.2101,3.889,2.1243,N/A,
600693.SH,东百集团,1995-07-03,0.7873,0.7747,0.7772,0.7534,0.7547,622000,3776890,-0.0326,-4.1401,6.0722,1.6589,225722910,N/A,555729076,37495500,0,92313800,24.1663,3.728,2.0364,N/A,
600693.SH,东百集团,1995-07-04,0.7547,0.7547,0.7772,0.7421,0.7772,553700,3351924,0.0226,2.99,6.0537,1.4767,232472100,N/A,572345560,37495500,0,92313800,24.8889,3.8394,2.0972,N/A,
600693.SH,东百集团,1995-07-05,0.7772,0.771,0.8337,0.771,0.8161,1111300,7107496,0.0389,5,6.3957,2.9638,244095705,N/A,600962838,37495500,0,92313800,26.1334,4.0314,2.2021,N/A,
600693.SH,东百集团,1995-07-06,0.8161,0.8261,0.865,0.8161,0.8399,2881400,19394142,0.0238,2.9186,6.7308,7.6847,251219850,N/A,618502460,37495500,0,92313800,26.8961,4.1491,2.2664,N/A,
600693.SH,东百集团,1995-07-07,0.8399,0.8399,0.8775,0.8211,0.8763,2080400,14157855,0.0364,4.3284,6.8054,5.5484,262093545,N/A,645273462,37495500,0,92313800,28.0602,4.3287,2.3645,N/A,
600693.SH,东百集团,1995-07-10,0.8763,0.8775,0.8876,0.8512,0.8625,1485600,10237885,-0.0138,-1.5737,6.8914,3.9621,257969040,N/A,635118944,37495500,0,92313800,27.6187,4.2605,2.3273,N/A,
600693.SH,东百集团,1995-07-11,0.8625,0.865,0.8713,0.8224,0.8224,763500,5121615,-0.0401,-4.6512,6.7081,2.0362,245970480,N/A,605578528,37495500,0,92313800,26.3341,4.0624,2.219,N/A,
600693.SH,东百集团,1995-07-12,0.8224,0.8211,0.8399,0.8149,0.8274,478000,3155695,0.005,0.6098,6.6019,1.2748,247470300,N/A,609271080,37495500,0,92313800,26.4947,4.0871,2.2325,N/A,
600693.SH,东百集团,1995-07-13,0.8274,0.8274,0.8374,0.8211,0.8349,556600,3685173,0.0075,0.9091,6.6209,1.4844,249720030,N/A,614809908,37495500,0,92313800,26.7355,4.1243,2.2528,N/A,
600693.SH,东百集团,1995-07-14,0.8349,0.8399,0.8437,0.8211,0.8261,331500,2205846,-0.0088,-1.0511,6.6541,0.8841,247095345,N/A,608347942,37495500,0,92313800,26.4545,4.081,2.2292,N/A,
600693.SH,东百集团,1995-07-17,0.8261,0.8249,0.8888,0.8186,0.8763,2742600,19143112,0.0501,6.0698,6.9799,7.3145,262093545,N/A,645273462,37495500,0,92313800,28.0602,4.3287,2.3645,N/A,
600693.SH,东百集团,1995-07-18,0.8763,0.8775,0.8963,0.8462,0.8675,1269100,8783913,-0.0088,-1.0014,6.9214,3.3847,259468860,N/A,638811496,37495500,0,92313800,27.7792,4.2853,2.3408,N/A,
600693.SH,东百集团,1995-07-19,0.8675,0.8688,0.8775,0.8274,0.8274,1387100,9472722,-0.0401,-4.6243,6.8292,3.6994,247470300,N/A,609271080,37495500,0,92313800,26.4947,4.0871,2.2325,N/A,
600693.SH,东百集团,1995-07-20,0.8274,0.8274,0.8575,0.8274,0.8362,578000,3859837,0.0088,1.0606,6.6779,1.5415,250094985,N/A,615733046,37495500,0,92313800,26.7757,4.1305,2.2562,N/A,
600693.SH,东百集团,1995-07-21,0.8362,0.8374,0.8525,0.8374,0.8399,401000,2694314,0.0038,0.4498,6.719,1.0695,251219850,N/A,618502460,37495500,0,92313800,26.8961,4.1491,2.2664,N/A,
600693.SH,东百集团,1995-07-24,0.8399,0.8525,0.8637,0.8274,0.8474,760400,5116006,0.0075,0.8955,6.728,2.028,253469580,N/A,624041288,37495500,0,92313800,27.1369,4.1862,2.2867,N/A,
600693.SH,东百集团,1995-07-25,0.8474,0.8462,0.8901,0.8462,0.855,1147000,7939621,0.0075,0.8876,6.9221,3.059,255719310,N/A,629580116,37495500,0,92313800,27.3778,4.2234,2.307,N/A,
600693.SH,东百集团,1995-07-26,0.855,0.8525,0.8825,0.8374,0.8399,1507000,10450562,-0.015,-1.7595,6.9347,4.0191,251219850,N/A,618502460,37495500,0,92313800,26.8961,4.1491,2.2664,N/A,
600693.SH,东百集团,1995-07-27,0.8399,0.8362,0.85,0.8337,0.8437,409400,2743171,0.0038,0.4478,6.7005,1.0919,252344715,N/A,621271874,37495500,0,92313800,27.0165,4.1677,2.2765,N/A,
600693.SH,东百集团,1995-07-28,0.8437,0.8462,0.85,0.8337,0.8399,435100,2915091,-0.0038,-0.4458,6.6998,1.1604,251219850,N/A,618502460,37495500,0,92313800,26.8961,4.1491,2.2664,N/A,
600693.SH,东百集团,1995-07-31,0.8399,0.8399,0.8512,0.8387,0.8412,246900,1656339,0.0013,0.1493,6.7085,0.6585,251594805,N/A,619425598,37495500,0,92313800,26.9362,4.1553,2.2698,N/A,
600693.SH,东百集团,1995-08-01,0.8412,0.8487,0.8763,0.8349,0.865,643300,4415317,0.0238,2.8316,6.8635,1.7157,258718950,N/A,636965220,37495500,0,92313800,27.699,4.2729,2.334,N/A,
600693.SH,东百集团,1995-08-02,0.865,0.8775,0.9026,0.8462,0.8525,2352900,16584684,-0.0125,-1.4493,7.0486,6.2752,254969400,N/A,627733840,37495500,0,92313800,27.2975,4.211,2.3002,N/A,
600693.SH,东百集团,1995-08-03,0.8525,0.8424,0.8587,0.8424,0.8525,437100,2966137,0,0,6.7859,1.1657,254969400,N/A,627733840,37495500,0,92313800,27.2975,4.211,2.3002,N/A,
600693.SH,东百集团,1995-08-04,0.8525,0.8587,0.8625,0.85,0.8587,474400,3232368,0.0063,0.7353,6.8136,1.2652,256844175,N/A,632349530,37495500,0,92313800,27.4982,4.242,2.3171,N/A,
600693.SH,东百集团,1995-08-07,0.8587,0.8399,0.8587,0.8399,0.8587,474000,3215552,0,0,6.7839,1.2642,256844175,N/A,632349530,37495500,0,92313800,27.4982,4.242,2.3171,N/A,
600693.SH,东百集团,1995-08-08,0.8587,0.875,0.875,0.8462,0.8525,395800,2707140,-0.0063,-0.7299,6.8397,1.0556,254969400,N/A,627733840,37495500,0,92313800,27.2975,4.211,2.3002,N/A,
600693.SH,东百集团,1995-08-09,0.8525,0.8525,0.8525,0.8399,0.8525,333000,2247156,0,0,6.7482,0.8881,254969400,N/A,627733840,37495500,0,92313800,27.2975,4.211,2.3002,N/A,
600693.SH,东百集团,1995-08-10,0.8525,0.85,0.8838,0.8399,0.865,1133500,7749738,0.0125,1.4706,6.837,3.023,258718950,N/A,636965220,37495500,0,92313800,27.699,4.2729,2.334,N/A,
600693.SH,东百集团,1995-08-11,0.865,0.8688,0.8775,0.8525,0.86,995900,6824411,-0.005,-0.5797,6.8525,2.6561,257219130,N/A,633272668,37495500,0,92313800,27.5384,4.2482,2.3205,N/A,
600693.SH,东百集团,1995-08-14,0.86,0.865,0.9252,0.865,0.9126,3339000,23885107,0.0527,6.1224,7.1534,8.9051,272967240,N/A,672044464,37495500,0,92313800,29.2244,4.5082,2.4626,N/A,
600693.SH,东百集团,1995-08-15,0.9126,0.9126,0.9139,0.8587,0.8625,1634800,11577430,-0.0501,-5.4945,7.0819,4.36,257969040,N/A,635118944,37495500,0,92313800,27.6187,4.2605,2.3273,N/A,
600693.SH,东百集团,1995-08-16,0.8625,0.865,0.8775,0.8525,0.8713,1002400,6927201,0.0088,1.0174,6.9106,2.6734,260593725,N/A,641580910,37495500,0,92313800,27.8997,4.3039,2.3509,N/A,
600693.SH,东百集团,1995-08-17,0.8713,0.8838,0.8926,0.8625,0.8738,1434800,10100578,0.0025,0.2878,7.0397,3.8266,261343635,N/A,643427186,37495500,0,92313800,27.98,4.3163,2.3577,N/A,
600693.SH,东百集团,1995-08-18,0.8738,0.8838,0.8838,0.8525,0.8562,822900,5652675,-0.0176,-2.0086,6.8692,2.1947,256094265,N/A,630503254,37495500,0,92313800,27.418,4.2296,2.3103,N/A,
600693.SH,东百集团,1995-08-21,0.8562,0.8474,0.8512,0.8337,0.8362,426600,2861521,-0.0201,-2.3426,6.7077,1.1377,250094985,N/A,615733046,37495500,0,92313800,26.7757,4.1305,2.2562,N/A,
600693.SH,东百集团,1995-08-22,0.8362,0.8462,0.8462,0.8274,0.8311,321600,2133431,-0.005,-0.5997,6.6338,0.8577,248595165,N/A,612040494,37495500,0,92313800,26.6151,4.1057,2.2427,N/A,
600693.SH,东百集团,1995-08-23,0.8311,0.8311,0.8424,0.8261,0.8324,384800,2554882,0.0013,0.1508,6.6395,1.0263,248970120,N/A,612963632,37495500,0,92313800,26.6552,4.1119,2.2461,N/A,
600693.SH,东百集团,1995-08-24,0.8324,0.8337,0.8399,0.8261,0.8399,280500,1858770,0.0075,0.9036,6.6266,0.7481,251219850,N/A,618502460,37495500,0,92313800,26.8961,4.1491,2.2664,N/A,
600693.SH,东百集团,1995-08-25,0.8399,0.8449,0.8449,0.8249,0.8274,199900,1325843,-0.0125,-1.4925,6.6325,0.5331,247470300,N/A,609271080,37495500,0,92313800,26.4947,4.0871,2.2325,N/A,
600693.SH,东百集团,1995-08-28,0.8274,0.8274,0.8274,0.8149,0.8211,173500,1135616,-0.0063,-0.7576,6.5453,0.4627,245595525,N/A,604655390,37495500,0,92313800,26.2939,4.0562,2.2156,N/A,
600693.SH,东百集团,1995-08-29,0.8211,0.8236,0.8387,0.8123,0.8123,221600,1453474,-0.0088,-1.0687,6.559,0.591,242970840,N/A,598193424,37495500,0,92313800,26.0129,4.0128,2.192,N/A,
600693.SH,东百集团,1995-08-30,0.8123,0.8161,0.8274,0.8061,0.8086,187000,1214394,-0.0038,-0.463,6.4941,0.4987,241845975,N/A,595424010,37495500,0,92313800,25.8925,3.9943,2.1818,N/A,
600693.SH,东百集团,1995-08-31,0.8086,0.8023,0.8136,0.8023,0.8111,201300,1296294,0.0025,0.3101,6.4396,0.5369,242595885,N/A,597270286,37495500,0,92313800,25.9728,4.0066,2.1886,N/A,
600693.SH,东百集团,1995-09-01,0.8111,0.8274,0.8299,0.8149,0.8186,165600,1083139,0.0075,0.9274,6.5407,0.4417,244845615,N/A,602809114,37495500,0,92313800,26.2137,4.0438,2.2089,N/A,
600693.SH,东百集团,1995-09-04,0.8186,0.8261,0.8337,0.8149,0.8337,306200,2017753,0.015,1.8377,6.5897,0.8166,249345075,N/A,613886770,37495500,0,92313800,26.6954,4.1181,2.2495,N/A,
600693.SH,东百集团,1995-09-05,0.8337,0.8274,0.8525,0.8274,0.8362,627000,4205211,0.0025,0.3008,6.7069,1.6722,250094985,N/A,615733046,37495500,0,92313800,26.7757,4.1305,2.2562,N/A,
600693.SH,东百集团,1995-09-06,0.8362,0.8374,0.8901,0.8023,0.8813,2206700,15317885,0.0451,5.3973,6.9415,5.8852,263593365,N/A,648966014,37495500,0,92313800,28.2208,4.3534,2.378,N/A,
600693.SH,东百集团,1995-09-07,0.8813,0.8888,0.8901,0.8525,0.8525,1089900,7532258,-0.0288,-3.2717,6.911,2.9067,254969400,N/A,627733840,37495500,0,92313800,27.2975,4.211,2.3002,N/A,
600693.SH,东百集团,1995-09-08,0.8525,0.8399,0.8525,0.8274,0.8362,501500,3346204,-0.0163,-1.9118,6.6724,1.3375,250094985,N/A,615733046,37495500,0,92313800,26.7757,4.1305,2.2562,N/A,
600693.SH,东百集团,1995-09-11,0.8362,0.8299,0.8512,0.8299,0.8449,456800,3054951,0.0088,1.0495,6.6877,1.2183,252719670,N/A,622195012,37495500,0,92313800,27.0567,4.1738,2.2799,N/A,
600693.SH,东百集团,1995-09-12,0.8449,0.875,0.8876,0.8311,0.8362,599200,4051012,-0.0088,-1.0386,6.7607,1.5981,250094985,N/A,615733046,37495500,0,92313800,26.7757,4.1305,2.2562,N/A,
600693.SH,东百集团,1995-09-13,0.8362,0.8274,0.8349,0.8249,0.8311,432300,2857604,-0.005,-0.5997,6.6102,1.1529,248595165,N/A,612040494,37495500,0,92313800,26.6151,4.1057,2.2427,N/A,
600693.SH,东百集团,1995-09-14,0.8311,0.8337,0.8349,0.8186,0.8199,438800,2885697,-0.0113,-1.3575,6.5763,1.1703,245220570,N/A,603732252,37495500,0,92313800,26.2538,4.05,2.2123,N/A,
600693.SH,东百集团,1995-09-15,0.8199,0.8224,0.8274,0.8211,0.8249,227900,1498752,0.005,0.6116,6.5764,0.6078,246720390,N/A,607424804,37495500,0,92313800,26.4144,4.0748,2.2258,N/A,
600693.SH,东百集团,1995-09-18,0.8249,0.8149,0.8249,0.8136,0.8161,243600,1587119,-0.0088,-1.0638,6.5153,0.6497,244095705,N/A,600962838,37495500,0,92313800,26.1334,4.0314,2.2021,N/A,
600693.SH,东百集团,1995-09-19,0.8161,0.8161,0.8161,0.7998,0.8011,286900,1849111,-0.015,-1.8433,6.4451,0.7652,239596245,N/A,589885182,37495500,0,92313800,25.6516,3.9571,2.1615,N/A,
600693.SH,东百集团,1995-09-20,0.8011,0.7935,0.8023,0.7722,0.7835,424200,2646310,-0.0176,-2.1909,6.2384,1.1313,234346875,N/A,576961250,37495500,0,92313800,25.0896,3.8704,2.1142,N/A,
600693.SH,东百集团,1995-09-21,0.7835,0.7873,0.8011,0.7873,0.7935,218800,1380494,0.01,1.28,6.3094,0.5835,237346515,N/A,584346354,37495500,0,92313800,25.4108,3.9199,2.1412,N/A,
600693.SH,东百集团,1995-09-22,0.7935,0.7898,0.7923,0.786,0.7898,168300,1059951,-0.0038,-0.4739,6.298,0.4489,236221650,N/A,581576940,37495500,0,92313800,25.2904,3.9014,2.1311,N/A,
600693.SH,东百集团,1995-09-25,0.7898,0.7797,0.786,0.7722,0.7785,136100,845870,-0.0113,-1.4286,6.2151,0.363,232847055,N/A,573268698,37495500,0,92313800,24.9291,3.8456,2.1006,N/A,
600693.SH,东百集团,1995-09-26,0.7785,0.7772,0.7848,0.7772,0.7835,86800,541310,0.005,0.6441,6.2363,0.2315,234346875,N/A,576961250,37495500,0,92313800,25.0896,3.8704,2.1142,N/A,
600693.SH,东百集团,1995-09-27,0.7835,0.7772,0.7785,0.7534,0.7584,340500,2072179,-0.0251,-3.2,6.0857,0.9081,226847775,N/A,558498490,37495500,0,92313800,24.2868,3.7466,2.0465,N/A,
600693.SH,东百集团,1995-09-28,0.7584,0.7534,0.771,0.7522,0.7647,338300,2041882,0.0063,0.8264,6.0357,0.9022,228722550,N/A,563114180,37495500,0,92313800,24.4875,3.7775,2.0634,N/A,
600693.SH,东百集团,1995-09-29,0.7647,0.7685,0.7835,0.766,0.7747,262500,1619486,0.01,1.3115,6.1695,0.7001,231722190,N/A,570499284,37495500,0,92313800,24.8086,3.8271,2.0905,N/A,
600693.SH,东百集团,1995-10-04,0.7747,0.7747,0.776,0.7534,0.7647,146000,892229,-0.01,-1.2945,6.1112,0.3894,228722550,N/A,563114180,37495500,0,92313800,24.4875,3.7775,2.0634,N/A,
600693.SH,东百集团,1995-10-05,0.7647,0.7672,0.771,0.7559,0.771,115200,702922,0.0063,0.8197,6.1018,0.3072,230597325,N/A,567729870,37495500,0,92313800,24.6882,3.8085,2.0803,N/A,
600693.SH,东百集团,1995-10-06,0.771,0.766,0.7772,0.7609,0.7635,187700,1150448,-0.0075,-0.9756,6.1292,0.5006,228347595,N/A,562191042,37495500,0,92313800,24.4473,3.7713,2.06,N/A,
600693.SH,东百集团,1995-10-09,0.7635,0.7572,0.7572,0.7459,0.7472,334100,2002377,-0.0163,-2.1346,5.9933,0.891,223473180,N/A,550190248,37495500,0,92313800,23.9255,3.6908,2.0161,N/A,
600693.SH,东百集团,1995-10-10,0.7472,0.7421,0.7647,0.7421,0.7446,223400,1335771,-0.0025,-0.3356,5.9793,0.5958,222723270,N/A,548343972,37495500,0,92313800,23.8452,3.6784,2.0093,N/A,
600693.SH,东百集团,1995-10-11,0.7446,0.7396,0.7396,0.7208,0.7309,394200,2291783,-0.0138,-1.8519,5.8138,1.0513,218598765,N/A,538189454,37495500,0,92313800,23.4036,3.6103,1.9721,N/A,
600693.SH,东百集团,1995-10-12,0.7309,0.7334,0.7459,0.7271,0.7334,459600,2690837,0.0025,0.3431,5.8547,1.2257,219348675,N/A,540035730,37495500,0,92313800,23.4839,3.6227,1.9788,N/A,
600693.SH,东百集团,1995-10-13,0.7334,0.7296,0.7497,0.7271,0.7396,360700,2126857,0.0063,0.8547,5.8965,0.962,221223450,N/A,544651420,37495500,0,92313800,23.6846,3.6537,1.9958,N/A,
600693.SH,东百集团,1995-10-16,0.7396,0.7509,0.7534,0.7359,0.7396,189300,1121372,0,0,5.9238,0.5049,221223450,N/A,544651420,37495500,0,92313800,23.6846,3.6537,1.9958,N/A,
600693.SH,东百集团,1995-10-17,0.7396,0.7459,0.7459,0.7334,0.7396,133100,785422,0,0,5.901,0.355,221223450,N/A,544651420,37495500,0,92313800,23.6846,3.6537,1.9958,N/A,
600693.SH,东百集团,1995-10-18,0.7396,0.7396,0.7873,0.7371,0.771,467800,2838457,0.0313,4.2373,6.0677,1.2476,230597325,N/A,567729870,37495500,0,92313800,24.6882,3.8085,2.0803,N/A,
600693.SH,东百集团,1995-10-19,0.771,0.771,0.7835,0.7296,0.7396,395700,2398711,-0.0313,-4.065,6.0619,1.0553,221223450,N/A,544651420,37495500,0,92313800,23.6846,3.6537,1.9958,N/A,
600693.SH,东百集团,1995-10-20,0.7396,0.7334,0.7747,0.7296,0.7685,404600,2409601,0.0288,3.8983,5.9555,1.0791,229847415,N/A,565883594,37495500,0,92313800,24.6079,3.7961,2.0736,N/A,
600693.SH,东百集团,1995-10-23,0.7685,0.771,0.776,0.7522,0.766,475000,2906705,-0.0025,-0.3263,6.1194,1.2668,229097505,N/A,564037318,37495500,0,92313800,24.5276,3.7837,2.0668,N/A,
600693.SH,东百集团,1995-10-24,0.766,0.771,0.7747,0.7635,0.766,291800,1791169,0,0,6.1383,0.7782,229097505,N/A,564037318,37495500,0,92313800,24.5276,3.7837,2.0668,N/A,
600693.SH,东百集团,1995-10-25,0.766,0.8149,0.8625,0.791,0.8462,2452300,16231282,0.0802,10.4746,6.6188,6.5403,253094625,N/A,623118150,37495500,0,92313800,27.0968,4.18,2.2833,N/A,
600693.SH,东百集团,1995-10-26,0.8462,0.8399,0.8399,0.7898,0.796,998800,6509378,-0.0501,-5.9259,6.5172,2.6638,238096425,N/A,586192630,37495500,0,92313800,25.4911,3.9323,2.148,N/A,
600693.SH,东百集团,1995-10-27,0.796,0.7785,0.7923,0.7697,0.7735,540800,3352825,-0.0226,-2.8346,6.1998,1.4423,231347235,N/A,569576146,37495500,0,92313800,24.7685,3.8209,2.0871,N/A,
600693.SH,东百集团,1995-10-30,0.7735,0.7622,0.7722,0.7597,0.7697,276400,1692830,-0.0038,-0.4862,6.1246,0.7372,230222370,N/A,566806732,37495500,0,92313800,24.6481,3.8023,2.0769,N/A,
600693.SH,东百集团,1995-10-31,0.7697,0.7697,0.776,0.7597,0.7722,224100,1378705,0.0025,0.3257,6.1522,0.5977,230972280,N/A,568653008,37495500,0,92313800,24.7283,3.8147,2.0837,N/A,
600693.SH,东百集团,1995-11-01,0.7722,0.771,0.7873,0.7647,0.7747,337100,2082590,0.0025,0.3247,6.178,0.899,231722190,N/A,570499284,37495500,0,92313800,24.8086,3.8271,2.0905,N/A,
600693.SH,东百集团,1995-11-02,0.7747,0.7835,0.7835,0.7722,0.7747,129900,804906,0,0,6.1964,0.3464,231722190,N/A,570499284,37495500,0,92313800,24.8086,3.8271,2.0905,N/A,
600693.SH,东百集团,1995-11-03,0.7747,0.7747,0.7873,0.7747,0.7835,231700,1441659,0.0088,1.1327,6.2221,0.6179,234346875,N/A,576961250,37495500,0,92313800,25.0896,3.8704,2.1142,N/A,
600693.SH,东百集团,1995-11-06,0.7835,0.7848,0.7935,0.7823,0.791,333500,2095104,0.0075,0.96,6.2822,0.8894,236596605,N/A,582500078,37495500,0,92313800,25.3305,3.9076,2.1345,N/A,
600693.SH,东百集团,1995-11-07,0.791,0.791,0.7923,0.781,0.7823,173100,1085379,-0.0088,-1.1094,6.2702,0.4617,233971920,N/A,576038112,37495500,0,92313800,25.0495,3.8642,2.1108,N/A,
600693.SH,东百集团,1995-11-08,0.7823,0.7772,0.781,0.7609,0.7647,368000,2249952,-0.0176,-2.2436,6.114,0.9815,228722550,N/A,563114180,37495500,0,92313800,24.4875,3.7775,2.0634,N/A,
600693.SH,东百集团,1995-11-09,0.7647,0.7635,0.7722,0.7559,0.7685,215800,1311871,0.0038,0.4918,6.0791,0.5755,229847415,N/A,565883594,37495500,0,92313800,24.6079,3.7961,2.0736,N/A,
600693.SH,东百集团,1995-11-10,0.7685,0.771,0.771,0.7547,0.7622,177100,1080488,-0.0063,-0.8157,6.101,0.4723,227972640,N/A,561267904,37495500,0,92313800,24.4072,3.7651,2.0566,N/A,
600693.SH,东百集团,1995-11-13,0.7622,0.7672,0.7672,0.7371,0.7421,230400,1374170,-0.0201,-2.6316,5.9643,0.6145,221973360,N/A,546497696,37495500,0,92313800,23.7649,3.666,2.0025,N/A,
600693.SH,东百集团,1995-11-14,0.7421,0.7396,0.7509,0.7396,0.7472,181200,1077421,0.005,0.6757,5.946,0.4833,223473180,N/A,550190248,37495500,0,92313800,23.9255,3.6908,2.0161,N/A,
600693.SH,东百集团,1995-11-15,0.7472,0.7459,0.7497,0.7334,0.7472,187000,1108027,0,0,5.9253,0.4987,223473180,N/A,550190248,37495500,0,92313800,23.9255,3.6908,2.0161,N/A,
600693.SH,东百集团,1995-11-16,0.7472,0.7459,0.771,0.7459,0.7459,129400,774452,-0.0013,-0.1678,5.9849,0.3451,223098225,N/A,549267110,37495500,0,92313800,23.8853,3.6846,2.0127,N/A,
600693.SH,东百集团,1995-11-17,0.7459,0.7396,0.7484,0.7334,0.7409,105430,625148,-0.005,-0.6723,5.9295,0.2812,221598405,N/A,545574558,37495500,0,92313800,23.7248,3.6599,1.9991,N/A,
600693.SH,东百集团,1995-11-20,0.7409,0.7284,0.7459,0.7284,0.7434,97700,577436,0.0025,0.3384,5.9103,0.2606,222348315,N/A,547420834,37495500,0,92313800,23.805,3.6722,2.0059,N/A,
600693.SH,东百集团,1995-11-21,0.7434,0.7584,0.7584,0.7459,0.7484,51800,310053,0.005,0.6745,5.9856,0.1381,223848135,N/A,551113386,37495500,0,92313800,23.9656,3.697,2.0194,N/A,
600693.SH,东百集团,1995-11-22,0.7484,0.7459,0.7522,0.7334,0.7346,87400,519135,-0.0138,-1.8425,5.9398,0.2331,219723630,N/A,540958868,37495500,0,92313800,23.524,3.6289,1.9822,N/A,
600693.SH,东百集团,1995-11-23,0.7346,0.7396,0.7509,0.7346,0.7371,90200,531835,0.0025,0.3413,5.8962,0.2406,220473540,N/A,542805144,37495500,0,92313800,23.6043,3.6413,1.989,N/A,
600693.SH,东百集团,1995-11-24,0.7371,0.7446,0.7459,0.7346,0.7396,113800,671584,0.0025,0.3401,5.9014,0.3035,221223450,N/A,544651420,37495500,0,92313800,23.6846,3.6537,1.9958,N/A,
600693.SH,东百集团,1995-11-27,0.7396,0.7346,0.7359,0.7271,0.7284,85900,501513,-0.0113,-1.5254,5.8383,0.2291,217848855,N/A,536343178,37495500,0,92313800,23.3233,3.5979,1.9653,N/A,
600693.SH,东百集团,1995-11-28,0.7284,0.7271,0.7334,0.7258,0.7334,110900,644491,0.005,0.6885,5.8115,0.2958,219348675,N/A,540035730,37495500,0,92313800,23.4839,3.6227,1.9788,N/A,
600693.SH,东百集团,1995-11-29,0.7334,0.7271,0.7334,0.7271,0.7271,64200,373270,-0.0063,-0.8547,5.8142,0.1712,217473900,N/A,535420040,37495500,0,92313800,23.2832,3.5917,1.9619,N/A,
600693.SH,东百集团,1995-11-30,0.7271,0.7271,0.7522,0.7121,0.7284,110100,638027,0.0013,0.1724,5.795,0.2936,217848855,N/A,536343178,37495500,0,92313800,23.3233,3.5979,1.9653,N/A,
600693.SH,东百集团,1995-12-01,0.7284,0.7221,0.7271,0.7146,0.7233,80400,463078,-0.005,-0.6885,5.7597,0.2144,216349035,N/A,532650626,37495500,0,92313800,23.1628,3.5732,1.9518,N/A,
600693.SH,东百集团,1995-12-04,0.7233,0.7271,0.7296,0.7146,0.7271,56000,324335,0.0038,0.5199,5.7917,0.1494,217473900,N/A,535420040,37495500,0,92313800,23.2832,3.5917,1.9619,N/A,
600693.SH,东百集团,1995-12-05,0.7271,0.7296,0.7296,0.7246,0.7258,34500,200256,-0.0013,-0.1724,5.8045,0.092,217098945,N/A,534496902,37495500,0,92313800,23.243,3.5855,1.9586,N/A,
600693.SH,东百集团,1995-12-06,0.7258,0.7258,0.7271,0.7158,0.7208,40400,232892,-0.005,-0.6908,5.7647,0.1077,215599125,N/A,530804350,37495500,0,92313800,23.0825,3.5608,1.945,N/A,
600693.SH,东百集团,1995-12-07,0.7208,0.7484,0.7484,0.7208,0.7221,28800,166793,0.0013,0.1739,5.7914,0.0768,215974080,N/A,531727488,37495500,0,92313800,23.1226,3.567,1.9484,N/A,
600693.SH,东百集团,1995-12-08,0.7221,0.7233,0.7421,0.7233,0.7284,120000,700896,0.0063,0.8681,5.8408,0.32,217848855,N/A,536343178,37495500,0,92313800,23.3233,3.5979,1.9653,N/A,
600693.SH,东百集团,1995-12-11,0.7284,0.7284,0.7321,0.7146,0.7196,79400,456817,-0.0088,-1.2048,5.7534,0.2118,215224170,N/A,529881212,37495500,0,92313800,23.0423,3.5546,1.9416,N/A,
600693.SH,东百集团,1995-12-12,0.7196,0.7146,0.7421,0.7033,0.7396,129400,742761,0.0201,2.7875,5.74,0.3451,221223450,N/A,544651420,37495500,0,92313800,23.6846,3.6537,1.9958,N/A,
600693.SH,东百集团,1995-12-13,0.7396,0.7371,0.7371,0.7146,0.7183,74600,430382,-0.0213,-2.8814,5.7692,0.199,214849215,N/A,528958074,37495500,0,92313800,23.0022,3.5484,1.9383,N/A,
600693.SH,东百集团,1995-12-14,0.7183,0.7095,0.7183,0.7095,0.7108,64500,367564,-0.0075,-1.0471,5.6987,0.172,212599485,N/A,523419246,37495500,0,92313800,22.7613,3.5112,1.918,N/A,
600693.SH,东百集团,1995-12-15,0.7108,0.7083,0.7246,0.7058,0.7083,70900,402310,-0.0025,-0.3527,5.6743,0.1891,211849575,N/A,521572970,37495500,0,92313800,22.681,3.4988,1.9112,N/A,
600693.SH,东百集团,1995-12-18,0.7083,0.7058,0.7058,0.6907,0.6907,80600,447525,-0.0176,-2.4779,5.5524,0.215,206600205,N/A,508649038,37495500,0,92313800,22.119,3.4121,1.8638,N/A,
600693.SH,东百集团,1995-12-19,0.6907,0.6983,0.702,0.6895,0.6945,48800,270334,0.0038,0.5445,5.5396,0.1301,207725070,N/A,511418452,37495500,0,92313800,22.2395,3.4307,1.874,N/A,
600693.SH,东百集团,1995-12-20,0.6945,0.6945,0.702,0.6907,0.702,54700,304327,0.0075,1.083,5.5636,0.1459,209974800,N/A,516957280,37495500,0,92313800,22.4803,3.4679,1.8943,N/A,
600693.SH,东百集团,1995-12-21,0.702,0.697,0.7083,0.6958,0.697,83900,470087,-0.005,-0.7143,5.6029,0.2238,208474980,N/A,513264728,37495500,0,92313800,22.3197,3.4431,1.8808,N/A,
600693.SH,东百集团,1995-12-22,0.697,0.6932,0.7083,0.6895,0.6932,74100,410844,-0.0038,-0.5396,5.5445,0.1976,207350115,N/A,510495314,37495500,0,92313800,22.1993,3.4245,1.8706,N/A,
600693.SH,东百集团,1995-12-25,0.6932,0.6907,0.6907,0.677,0.6795,54000,294862,-0.0138,-1.9892,5.4604,0.144,203225610,N/A,500340796,37495500,0,92313800,21.7577,3.3564,1.8334,N/A,
600693.SH,东百集团,1995-12-26,0.6795,0.677,0.677,0.6632,0.6632,70700,376669,-0.0163,-2.3985,5.3277,0.1886,198351195,N/A,488340002,37495500,0,92313800,21.2359,3.2759,1.7894,N/A,
600693.SH,东百集团,1995-12-27,0.6632,0.6419,0.6456,0.6155,0.6331,162900,817278,-0.0301,-4.5369,5.0171,0.4345,189352275,N/A,466184690,37495500,0,92313800,20.2724,3.1273,1.7082,N/A,
600693.SH,东百集团,1995-12-28,0.6331,0.623,0.6331,0.6205,0.6218,166000,829364,-0.0113,-1.7822,4.9962,0.4427,185977680,N/A,457876448,37495500,0,92313800,19.9111,3.0716,1.6778,N/A,
600693.SH,东百集团,1995-12-29,0.6218,0.6205,0.6331,0.6205,0.6268,133400,666812,0.005,0.8065,4.9986,0.3558,187477500,N/A,461569000,37495500,0,92313800,20.0717,3.0963,1.6913,N/A,
600693.SH,东百集团,1996-01-02,0.6268,0.6193,0.6193,0.603,0.608,89000,431710,-0.0188,-3,4.8507,0.2374,181853175,N/A,447721930,37495500,0,92313800,15.8681,2.0112,1.2534,N/A,
600693.SH,东百集团,1996-01-03,0.608,0.6017,0.6017,0.5905,0.6017,79900,381891,-0.0063,-1.0309,4.7796,0.2131,179978400,N/A,443106240,37495500,0,92313800,15.7045,1.9904,1.2405,N/A,
600693.SH,东百集团,1996-01-04,0.6017,0.5892,0.6256,0.5892,0.6243,101600,499655,0.0226,3.75,4.9179,0.271,186727590,N/A,459722724,37495500,0,92313800,16.2934,2.0651,1.287,N/A,
600693.SH,东百集团,1996-01-05,0.6243,0.6268,0.6494,0.6017,0.608,177900,887836,-0.0163,-2.6104,4.9906,0.4745,181853175,N/A,447721930,37495500,0,92313800,15.8681,2.0112,1.2534,N/A,
600693.SH,东百集团,1996-01-08,0.608,0.608,0.6143,0.5892,0.6105,80400,388381,0.0025,0.4124,4.8306,0.2144,182603085,N/A,449568206,37495500,0,92313800,15.9335,2.0194,1.2586,N/A,
600693.SH,东百集团,1996-01-09,0.6105,0.6205,0.6331,0.6143,0.6306,122200,611528,0.0201,3.2854,5.0043,0.3259,188602365,N/A,464338414,37495500,0,92313800,16.457,2.0858,1.2999,N/A,
600693.SH,东百集团,1996-01-10,0.6306,0.6205,0.6256,0.6042,0.613,93800,459327,-0.0176,-2.7833,4.8969,0.2502,183352995,N/A,451414482,37495500,0,92313800,15.999,2.0277,1.2638,N/A,
600693.SH,东百集团,1996-01-11,0.613,0.6205,0.6205,0.6105,0.6118,66100,324512,-0.0013,-0.2045,4.9094,0.1763,182978040,N/A,450491344,37495500,0,92313800,15.9662,2.0236,1.2612,N/A,
600693.SH,东百集团,1996-01-12,0.6118,0.6168,0.6168,0.6042,0.613,65400,319212,0.0013,0.2049,4.8809,0.1744,183352995,N/A,451414482,37495500,0,92313800,15.999,2.0277,1.2638,N/A,
600693.SH,东百集团,1996-01-15,0.613,0.6042,0.618,0.6042,0.613,67900,331281,0,0,4.879,0.1811,183352995,N/A,451414482,37495500,0,92313800,15.999,2.0277,1.2638,N/A,
600693.SH,东百集团,1996-01-16,0.613,0.6118,0.618,0.6118,0.6118,48000,235224,-0.0013,-0.2045,4.9005,0.128,182978040,N/A,450491344,37495500,0,92313800,15.9662,2.0236,1.2612,N/A,
600693.SH,东百集团,1996-01-17,0.6118,0.6017,0.6519,0.5992,0.603,91500,440878,-0.0088,-1.4344,4.8183,0.244,180353355,N/A,444029378,37495500,0,92313800,15.7372,1.9946,1.2431,N/A,
600693.SH,东百集团,1996-01-18,0.603,0.6017,0.6017,0.5854,0.5879,167000,788191,-0.015,-2.4948,4.7197,0.4454,175853895,N/A,432951722,37495500,0,92313800,15.3446,1.9448,1.2121,N/A,
600693.SH,东百集团,1996-01-19,0.5879,0.5767,0.5955,0.5767,0.5892,70600,332255,0.0013,0.2132,4.7062,0.1883,176228850,N/A,433874860,37495500,0,92313800,15.3773,1.949,1.2147,N/A,
600693.SH,东百集团,1996-01-22,0.5892,0.5792,0.5879,0.5779,0.5842,40500,188209,-0.005,-0.8511,4.6471,0.108,174729030,N/A,430182308,37495500,0,92313800,15.2465,1.9324,1.2043,N/A,
600693.SH,东百集团,1996-01-23,0.5842,0.5867,0.5955,0.5829,0.5829,37800,176868,-0.0013,-0.2146,4.679,0.1008,174354075,N/A,429259170,37495500,0,92313800,15.2137,1.9282,1.2017,N/A,
600693.SH,东百集团,1996-01-24,0.5829,0.5892,0.5892,0.5779,0.5842,54700,253986,0.0013,0.2151,4.6433,0.1459,174729030,N/A,430182308,37495500,0,92313800,15.2465,1.9324,1.2043,N/A,
600693.SH,东百集团,1996-01-25,0.5842,0.5892,0.6055,0.5817,0.5817,131700,624212,-0.0025,-0.4292,4.7397,0.3512,173979120,N/A,428336032,37495500,0,92313800,15.181,1.9241,1.1992,N/A,
600693.SH,东百集团,1996-01-26,0.5817,0.5767,0.5955,0.5767,0.5892,59500,277717,0.0075,1.2931,4.6675,0.1587,176228850,N/A,433874860,37495500,0,92313800,15.3773,1.949,1.2147,N/A,
600693.SH,东百集团,1996-01-29,0.5892,0.5942,0.5992,0.5917,0.5992,85200,404443,0.01,1.7021,4.747,0.2272,179228490,N/A,441259964,37495500,0,92313800,15.6391,1.9821,1.2353,N/A,
600693.SH,东百集团,1996-01-30,0.5992,0.5992,0.5992,0.5992,0.5992,N/A,N/A,0,0,N/A,N/A,179228490,N/A,441259964,37495500,0,92313800,15.6391,1.9821,1.2353,N/A,
600693.SH,东百集团,1996-01-31,0.5992,0.608,0.618,0.603,0.6168,236800,1153613,0.0176,2.9289,4.8717,0.6315,184477860,N/A,454183896,37495500,0,92313800,16.0971,2.0402,1.2715,N/A,
600693.SH,东百集团,1996-02-01,0.6168,0.6017,0.6243,0.598,0.613,124500,610371,-0.0038,-0.6098,4.9026,0.332,183352995,N/A,451414482,37495500,0,92313800,15.999,2.0277,1.2638,N/A,
600693.SH,东百集团,1996-02-02,0.613,0.6017,0.608,0.5955,0.6017,101000,483363,-0.0113,-1.8405,4.7858,0.2694,179978400,N/A,443106240,37495500,0,92313800,15.7045,1.9904,1.2405,N/A,
600693.SH,东百集团,1996-02-05,0.6017,0.5917,0.5992,0.5829,0.5854,68200,322287,-0.0163,-2.7083,4.7256,0.1819,175103985,N/A,431105446,37495500,0,92313800,15.2792,1.9365,1.2069,N/A,
600693.SH,东百集团,1996-02-06,0.5854,0.5804,0.598,0.5804,0.5817,69900,325029,-0.0038,-0.6424,4.6499,0.1864,173979120,N/A,428336032,37495500,0,92313800,15.181,1.9241,1.1992,N/A,
600693.SH,东百集团,1996-02-07,0.5817,0.5992,0.6017,0.5792,0.5917,52000,245225,0.01,1.7241,4.7159,0.1387,176978760,N/A,435721136,37495500,0,92313800,15.4428,1.9572,1.2198,N/A,
600693.SH,东百集团,1996-02-08,0.5917,0.5867,0.593,0.5767,0.5842,38500,180711,-0.0075,-1.2712,4.6938,0.1027,174729030,N/A,430182308,37495500,0,92313800,15.2465,1.9324,1.2043,N/A,
600693.SH,东百集团,1996-02-09,0.5842,0.5892,0.6017,0.5792,0.593,28800,135655,0.0088,1.5021,4.7102,0.0768,177353715,N/A,436644274,37495500,0,92313800,15.4755,1.9614,1.2224,N/A,
600693.SH,东百集团,1996-02-12,0.593,0.5917,0.5942,0.5829,0.5892,42300,199121,-0.0038,-0.6342,4.7074,0.1128,176228850,N/A,433874860,37495500,0,92313800,15.3773,1.949,1.2147,N/A,
600693.SH,东百集团,1996-02-13,0.5892,0.6005,0.6005,0.5892,0.5905,60500,286129,0.0013,0.2128,4.7294,0.1614,176603805,N/A,434797998,37495500,0,92313800,15.41,1.9531,1.2172,N/A,
600693.SH,东百集团,1996-02-14,0.5905,0.598,0.598,0.5767,0.5879,100400,471557,-0.0025,-0.4246,4.6968,0.2678,175853895,N/A,432951722,37495500,0,92313800,15.3446,1.9448,1.2121,N/A,
600693.SH,东百集团,1996-02-15,0.5879,0.5892,0.5992,0.5892,0.5955,57100,270332,0.0075,1.2793,4.7344,0.1523,178103625,N/A,438490550,37495500,0,92313800,15.5409,1.9697,1.2276,N/A,
600693.SH,东百集团,1996-02-16,0.5955,0.598,0.6143,0.598,0.613,241900,1175208,0.0176,2.9474,4.8582,0.6451,183352995,N/A,451414482,37495500,0,92313800,15.999,2.0277,1.2638,N/A,
600693.SH,东百集团,1996-03-04,0.613,0.6519,0.6795,0.6331,0.6744,682100,3584426,0.0614,10.0204,5.255,1.8192,201725790,N/A,496648244,37495500,0,92313800,17.6021,2.2309,1.3904,N/A,
600693.SH,东百集团,1996-03-05,0.6744,0.6644,0.6807,0.6393,0.6393,528000,2787047,-0.0351,-5.2045,5.2785,1.4082,191227050,N/A,470800380,37495500,0,92313800,16.686,2.1148,1.318,N/A,
600693.SH,东百集团,1996-03-06,0.6393,0.6281,0.6419,0.6168,0.6193,286100,1434170,-0.0201,-3.1373,5.0128,0.763,185227770,N/A,456030172,37495500,0,92313800,16.1626,2.0485,1.2767,N/A,
600693.SH,东百集团,1996-03-07,0.6193,0.6268,0.6268,0.6168,0.6268,104200,517234,0.0075,1.2146,4.9639,0.2779,187477500,N/A,461569000,37495500,0,92313800,16.3589,2.0734,1.2922,N/A,
600693.SH,东百集团,1996-03-08,0.6268,0.6168,0.6268,0.613,0.6205,122300,603715,-0.0063,-1,4.9363,0.3262,185602725,N/A,456953310,37495500,0,92313800,16.1953,2.0526,1.2793,N/A,
600693.SH,东百集团,1996-03-11,0.6205,0.6268,0.6293,0.6205,0.6205,123900,617904,0,0,4.9871,0.3304,185602725,N/A,456953310,37495500,0,92313800,16.1953,2.0526,1.2793,N/A,
600693.SH,东百集团,1996-03-12,0.6205,0.6193,0.6205,0.608,0.6168,79200,386936,-0.0038,-0.6061,4.8856,0.2112,184477860,N/A,454183896,37495500,0,92313800,16.0971,2.0402,1.2715,N/A,
600693.SH,东百集团,1996-03-13,0.6168,0.608,0.6519,0.6017,0.6168,72900,357184,0,0,4.8996,0.1944,184477860,N/A,454183896,37495500,0,92313800,16.0971,2.0402,1.2715,N/A,
600693.SH,东百集团,1996-03-14,0.6168,0.6306,0.6306,0.608,0.613,80400,394892,-0.0038,-0.6098,4.9116,0.2144,183352995,N/A,451414482,37495500,0,92313800,15.999,2.0277,1.2638,N/A,
600693.SH,东百集团,1996-03-15,0.613,0.608,0.613,0.6042,0.6093,38500,187275,-0.0038,-0.6135,4.8643,0.1027,182228130,N/A,448645068,37495500,0,92313800,15.9008,2.0153,1.256,N/A,
600693.SH,东百集团,1996-03-18,0.6093,0.6118,0.6143,0.6017,0.6143,52400,255596,0.005,0.823,4.8778,0.1398,183727950,N/A,452337620,37495500,0,92313800,16.0317,2.0319,1.2664,N/A,
600693.SH,东百集团,1996-03-19,0.6143,0.6118,0.6205,0.6118,0.6155,49600,244338,0.0013,0.2041,4.9262,0.1323,184102905,N/A,453260758,37495500,0,92313800,16.0644,2.036,1.2689,N/A,
600693.SH,东百集团,1996-03-20,0.6155,0.613,0.6218,0.613,0.6205,45700,225419,0.005,0.8147,4.9326,0.1219,185602725,N/A,456953310,37495500,0,92313800,16.1953,2.0526,1.2793,N/A,
600693.SH,东百集团,1996-03-21,0.6205,0.6193,0.6243,0.6193,0.6205,95400,473825,0,0,4.9667,0.2544,185602725,N/A,456953310,37495500,0,92313800,16.1953,2.0526,1.2793,N/A,
600693.SH,东百集团,1996-03-22,0.6205,0.6143,0.6205,0.608,0.6143,49200,242171,-0.0063,-1.0101,4.9222,0.1312,183727950,N/A,452337620,37495500,0,92313800,16.0317,2.0319,1.2664,N/A,
600693.SH,东百集团,1996-03-25,0.6143,0.6143,0.6268,0.6143,0.6205,90000,443921,0.0063,1.0204,4.9325,0.24,185602725,N/A,456953310,37495500,0,92313800,16.1953,2.0526,1.2793,N/A,
600693.SH,东百集团,1996-03-26,0.6205,0.6168,0.6193,0.6143,0.6143,101900,501105,-0.0063,-1.0101,4.9176,0.2718,183727950,N/A,452337620,37495500,0,92313800,16.0317,2.0319,1.2664,N/A,
600693.SH,东百集团,1996-03-27,0.6143,0.608,0.613,0.5992,0.6105,33400,161848,-0.0038,-0.6122,4.8457,0.0891,182603085,N/A,449568206,37495500,0,92313800,15.9335,2.0194,1.2586,N/A,
600693.SH,东百集团,1996-03-28,0.6105,0.608,0.6118,0.6067,0.6067,61000,296041,-0.0038,-0.616,4.8531,0.1627,181478220,N/A,446798792,37495500,0,92313800,15.8354,2.007,1.2508,N/A,
600693.SH,东百集团,1996-03-29,0.6067,0.6017,0.608,0.6017,0.603,89900,433307,-0.0038,-0.6198,4.8199,0.2398,180353355,N/A,444029378,37495500,0,92313800,15.7372,1.9946,1.2431,N/A,
600693.SH,东百集团,1996-04-01,0.603,0.6143,0.6205,0.608,0.6118,144778,708965,0.0088,1.4553,4.8969,0.3861,182978040,N/A,450491344,37495500,0,92313800,15.9662,2.0236,1.2612,N/A,
600693.SH,东百集团,1996-04-02,0.6118,0.603,0.6042,0.6005,0.6017,91600,440503,-0.01,-1.6393,4.809,0.2443,179978400,N/A,443106240,37495500,0,92313800,15.7045,1.9904,1.2405,N/A,
600693.SH,东百集团,1996-04-03,0.6017,0.5905,0.608,0.5905,0.6017,43100,206850,0,0,4.7993,0.1149,179978400,N/A,443106240,37495500,0,92313800,15.7045,1.9904,1.2405,N/A,
600693.SH,东百集团,1996-04-04,0.6017,0.6017,0.608,0.6017,0.6042,55400,267000,0.0025,0.4167,4.8195,0.1478,180728310,N/A,444952516,37495500,0,92313800,15.7699,1.9987,1.2457,N/A,
600693.SH,东百集团,1996-04-05,0.6042,0.6193,0.6393,0.6017,0.6318,105600,520554,0.0276,4.5643,4.9295,0.2816,188977320,N/A,465261552,37495500,0,92313800,16.4897,2.0899,1.3025,N/A,
600693.SH,东百集团,1996-04-08,0.6318,0.6318,0.6356,0.6218,0.623,221200,1106434,-0.0088,-1.3889,5.002,0.5899,186352635,N/A,458799586,37495500,0,92313800,16.2607,2.0609,1.2844,N/A,
600693.SH,东百集团,1996-04-09,0.623,0.6268,0.6281,0.6205,0.6205,53600,266490,-0.0025,-0.4024,4.9718,0.143,185602725,N/A,456953310,37495500,0,92313800,16.1953,2.0526,1.2793,N/A,
600693.SH,东百集团,1996-04-10,0.6205,0.6168,0.6268,0.6143,0.6205,85800,425101,0,0,4.9546,0.2288,185602725,N/A,456953310,37495500,0,92313800,16.1953,2.0526,1.2793,N/A,
600693.SH,东百集团,1996-04-11,0.6205,0.618,0.6205,0.6155,0.6193,67400,333020,-0.0013,-0.202,4.9409,0.1798,185227770,N/A,456030172,37495500,0,92313800,16.1626,2.0485,1.2767,N/A,
600693.SH,东百集团,1996-04-12,0.6193,0.6205,0.6293,0.618,0.6243,191200,953846,0.005,0.8097,4.9887,0.5099,186727590,N/A,459722724,37495500,0,92313800,16.2934,2.0651,1.287,N/A,
600693.SH,东百集团,1996-04-15,0.6243,0.6143,0.6331,0.6143,0.6205,98800,492401,-0.0038,-0.6024,4.9838,0.2635,185602725,N/A,456953310,37495500,0,92313800,16.1953,2.0526,1.2793,N/A,
600693.SH,东百集团,1996-04-16,0.6205,0.6205,0.6318,0.6205,0.6281,197800,989754,0.0075,1.2121,5.0038,0.5275,187852455,N/A,462492138,37495500,0,92313800,16.3916,2.0775,1.2948,N/A,
600693.SH,东百集团,1996-04-17,0.6281,0.6318,0.6406,0.6268,0.6381,365200,1855963,0.01,1.5968,5.082,0.974,190852095,N/A,469877242,37495500,0,92313800,16.6533,2.1107,1.3155,N/A,
600693.SH,东百集团,1996-04-18,0.6381,0.6293,0.6356,0.6193,0.6356,213700,1069254,-0.0025,-0.3929,5.0035,0.5699,190102185,N/A,468030966,37495500,0,92313800,16.5879,2.1024,1.3103,N/A,
600693.SH,东百集团,1996-04-19,0.6356,0.6393,0.6657,0.6368,0.6581,593100,3101955,0.0226,3.5503,5.2301,1.5818,196851375,N/A,484647450,37495500,0,92313800,17.1768,2.177,1.3568,N/A,
600693.SH,东百集团,1996-04-22,0.6581,0.6644,0.702,0.6494,0.6657,970400,5231744,0.0075,1.1429,5.3913,2.588,199101105,N/A,490186278,37495500,0,92313800,17.3731,2.2019,1.3723,N/A,
600693.SH,东百集团,1996-04-23,0.6657,0.6619,0.6832,0.6519,0.6782,601400,3234118,0.0125,1.8832,5.3776,1.6039,202850655,N/A,499417658,37495500,0,92313800,17.7003,2.2434,1.3982,N/A,
600693.SH,东百集团,1996-04-24,0.6782,0.6958,0.7271,0.6958,0.7233,1136500,6501511,0.0451,6.6543,5.7206,3.031,216349035,N/A,532650626,37495500,0,92313800,18.8781,2.3927,1.4912,N/A,
600693.SH,东百集团,1996-04-25,0.7233,0.7334,0.7647,0.687,0.7058,1452400,8530083,-0.0176,-2.4263,5.8731,3.8735,211099665,N/A,519726694,37495500,0,92313800,18.4201,2.3346,1.455,N/A,
600693.SH,东百集团,1996-04-26,0.7058,0.7008,0.7772,0.7008,0.771,1953200,11792720,0.0652,9.2362,6.0376,5.2092,230597325,N/A,567729870,37495500,0,92313800,20.1214,2.5502,1.5894,N/A,
600693.SH,东百集团,1996-04-29,0.771,0.7735,0.8901,0.7735,0.875,2684800,17772424,0.1041,13.4959,6.6196,7.1603,261718590,N/A,644350324,37495500,0,92313800,22.837,2.8944,1.8039,N/A,
600693.SH,东百集团,1996-04-30,0.875,0.8838,0.8876,0.7785,0.7835,2188300,14613940,-0.0915,-10.4585,6.6782,5.8362,234346875,N/A,576961250,37495500,0,92313800,20.4486,2.5917,1.6152,N/A,
600693.SH,东百集团,1996-05-02,0.7835,0.88,0.9202,0.7835,0.7935,2199200,14333495,0.01,1.28,6.5176,5.8652,237346515,N/A,584346354,37495500,0,92313800,20.7103,2.6249,1.6359,N/A,
600693.SH,东百集团,1996-05-03,0.7935,0.7898,0.8086,0.7547,0.766,834100,5157399,-0.0276,-3.4755,6.1832,2.2245,229097505,N/A,564037318,37495500,0,92313800,19.9905,2.5336,1.5791,N/A,
600693.SH,东百集团,1996-05-06,0.766,0.7772,0.875,0.7772,0.8462,3106800,20957455,0.0802,10.4746,6.7457,8.2858,253094625,N/A,623118150,37495500,0,92313800,22.0845,2.799,1.7445,N/A,
600693.SH,东百集团,1996-05-07,0.8462,0.8612,0.865,0.8149,0.8374,1338900,8914230,-0.0088,-1.037,6.6579,3.5708,250469940,N/A,616656184,37495500,0,92313800,21.8554,2.77,1.7264,N/A,
600693.SH,东百集团,1996-05-08,0.8374,0.8149,0.8299,0.7998,0.8086,675200,4389344,-0.0288,-3.4431,6.5008,1.8007,241845975,N/A,595424010,37495500,0,92313800,21.1029,2.6746,1.6669,N/A,
600693.SH,东百集团,1996-05-09,0.8086,0.7935,0.8199,0.771,0.786,825600,5214949,-0.0226,-2.7907,6.3166,2.2019,235096785,N/A,578807526,37495500,0,92313800,20.514,2.6,1.6204,N/A,
600693.SH,东百集团,1996-05-10,0.786,0.7885,0.7898,0.7572,0.7873,479100,2933228,0.0013,0.1595,6.1224,1.2778,235471740,N/A,579730664,37495500,0,92313800,20.5467,2.6041,1.623,N/A,
600693.SH,东百集团,1996-05-13,0.7873,0.7998,0.8123,0.7747,0.7873,270100,1695868,0,0,6.2787,0.7204,235471740,N/A,579730664,37495500,0,92313800,20.5467,2.6041,1.623,N/A,
600693.SH,东百集团,1996-05-14,0.7873,0.8149,0.8149,0.7772,0.7835,341200,2153545,-0.0038,-0.4777,6.3117,0.91,234346875,N/A,576961250,37495500,0,92313800,20.4486,2.5917,1.6152,N/A,
600693.SH,东百集团,1996-05-15,0.7835,0.7622,0.796,0.7622,0.796,293700,1835303,0.0125,1.6,6.2489,0.7833,238096425,N/A,586192630,37495500,0,92313800,20.7757,2.6332,1.6411,N/A,
600693.SH,东百集团,1996-05-16,0.796,0.8098,0.8123,0.7835,0.7885,667500,4246856,-0.0075,-0.9449,6.3623,1.7802,235846695,N/A,580653802,37495500,0,92313800,20.5794,2.6083,1.6256,N/A,
600693.SH,东百集团,1996-05-17,0.7885,0.786,0.8023,0.7797,0.8023,497400,3141912,0.0138,1.7488,6.3167,1.3266,239971200,N/A,590808320,37495500,0,92313800,20.9393,2.6539,1.654,N/A,
600693.SH,东百集团,1996-05-20,0.8023,0.8023,0.8023,0.8023,0.8023,N/A,N/A,0,0,N/A,N/A,239971200,N/A,590808320,37495500,0,92313800,20.9393,2.6539,1.654,N/A,
600693.SH,东百集团,1996-05-21,0.8023,0.7898,0.7898,0.7346,0.7346,598800,3642370,-0.0677,-8.4375,6.0828,1.597,219723630,N/A,540958868,37495500,0,92313800,19.1726,2.43,1.5145,N/A,
600693.SH,东百集团,1996-05-22,0.7346,0.7258,0.7522,0.7246,0.7434,332700,1959799,0.0088,1.1945,5.8906,0.8873,222348315,N/A,547420834,37495500,0,92313800,19.4016,2.459,1.5325,N/A,
600693.SH,东百集团,1996-05-23,0.7434,0.7396,0.7396,0.702,0.707,319000,1827859,-0.0364,-4.8904,5.73,0.8508,211474620,N/A,520649832,37495500,0,92313800,18.4528,2.3387,1.4576,N/A,
600693.SH,东百集团,1996-05-24,0.707,0.6895,0.707,0.6895,0.702,225800,1264349,-0.005,-0.7092,5.5994,0.6022,209974800,N/A,516957280,37495500,0,92313800,18.3219,2.3222,1.4473,N/A,
600693.SH,东百集团,1996-05-27,0.702,0.702,0.707,0.6368,0.6895,163500,906121,-0.0125,-1.7857,5.542,0.4361,206225250,N/A,507725900,37495500,0,92313800,17.9947,2.2807,1.4214,N/A,
600693.SH,东百集团,1996-05-28,0.6895,0.6895,0.7033,0.687,0.7033,129700,722282,0.0138,2,5.5689,0.3459,210349755,N/A,517880418,37495500,0,92313800,18.3546,2.3263,1.4498,N/A,
600693.SH,东百集团,1996-05-29,0.7033,0.7008,0.7509,0.6995,0.7509,365700,2098781,0.0476,6.7736,5.7391,0.9753,224598045,N/A,552959662,37495500,0,92313800,19.5979,2.4839,1.548,N/A,
600693.SH,东百集团,1996-05-30,0.7509,0.7246,0.7309,0.687,0.6983,182900,1037097,-0.0527,-7.0117,5.6703,0.4878,208849935,N/A,514187866,37495500,0,92313800,18.2238,2.3097,1.4395,N/A,
600693.SH,东百集团,1996-05-31,0.6983,0.6983,0.7321,0.6895,0.7095,170200,971322,0.0113,1.6158,5.7069,0.4539,212224530,N/A,522496108,37495500,0,92313800,18.5182,2.347,1.4628,N/A,
600693.SH,东百集团,1996-06-03,0.7095,0.7083,0.7133,0.6895,0.6932,286200,1591920,-0.0163,-2.2968,5.5623,0.7633,207350115,N/A,510495314,37495500,0,92313800,18.0929,2.2931,1.4292,N/A,
600693.SH,东百集团,1996-06-04,0.6932,0.6895,0.7133,0.6895,0.6983,284700,1581184,0.005,0.7233,5.5539,0.7593,208849935,N/A,514187866,37495500,0,92313800,18.2238,2.3097,1.4395,N/A,
600693.SH,东百集团,1996-06-05,0.6983,0.7083,0.7396,0.6958,0.7396,386300,2221282,0.0414,5.9246,5.7501,1.0303,221223450,N/A,544651420,37495500,0,92313800,19.3035,2.4466,1.5248,N/A,
600693.SH,东百集团,1996-06-06,0.7396,0.7472,0.786,0.7271,0.7334,803500,4843687,-0.0063,-0.8475,6.0282,2.1429,219348675,N/A,540035730,37495500,0,92313800,19.1399,2.4258,1.5119,N/A,
600693.SH,东百集团,1996-06-07,0.7334,0.7522,0.776,0.7334,0.7409,1081300,6457868,0.0075,1.0256,5.9723,2.8838,221598405,N/A,545574558,37495500,0,92313800,19.3362,2.4507,1.5274,N/A,
600693.SH,东百集团,1996-06-10,0.7409,0.7534,0.776,0.7421,0.7747,1288300,7820727,0.0338,4.5685,6.0706,3.4359,231722190,N/A,570499284,37495500,0,92313800,20.2195,2.5627,1.5972,N/A,
600693.SH,东百集团,1996-06-11,0.7747,0.7873,0.8048,0.7534,0.7597,964500,6008440,-0.015,-1.9417,6.2296,2.5723,227222730,N/A,559421628,37495500,0,92313800,19.8269,2.5129,1.5661,N/A,
600693.SH,东百集团,1996-06-12,0.7597,0.7672,0.7772,0.7309,0.7384,1109900,6656661,-0.0213,-2.8053,5.9975,2.9601,220848495,N/A,543728282,37495500,0,92313800,19.2707,2.4424,1.5222,N/A,
600693.SH,东百集团,1996-06-13,0.7384,0.7396,0.7434,0.7271,0.7346,500300,2921907,-0.0038,-0.5093,5.8403,1.3343,219723630,N/A,540958868,37495500,0,92313800,19.1726,2.43,1.5145,N/A,
600693.SH,东百集团,1996-06-14,0.7346,0.7396,0.7735,0.7396,0.7522,835000,5017757,0.0176,2.3891,6.0093,2.2269,224973000,N/A,553882800,37495500,0,92313800,19.6306,2.488,1.5506,N/A,
600693.SH,东百集团,1996-06-17,0.7522,0.7484,0.7522,0.7146,0.7258,275600,1622777,-0.0263,-3.5,5.8882,0.735,217098945,N/A,534496902,37495500,0,92313800,18.9436,2.4009,1.4964,N/A,
600693.SH,东百集团,1996-06-18,0.7258,0.7208,0.7371,0.7121,0.7359,359700,2074772,0.01,1.3817,5.7681,0.9593,220098585,N/A,541882006,37495500,0,92313800,19.2053,2.4341,1.517,N/A,
600693.SH,东百集团,1996-06-19,0.7359,0.7522,0.7522,0.7271,0.7396,556300,3286438,0.0038,0.5111,5.9077,1.4836,221223450,N/A,544651420,37495500,0,92313800,19.3035,2.4466,1.5248,N/A,
600693.SH,东百集团,1996-06-20,0.7396,0.7396,0.7396,0.7271,0.7296,326600,1900450,-0.01,-1.3559,5.8189,0.871,218223810,N/A,537266316,37495500,0,92313800,19.0417,2.4134,1.5041,N/A,
600693.SH,东百集团,1996-06-21,0.7296,0.7396,0.7497,0.7271,0.7284,226800,1324897,-0.0013,-0.1718,5.8417,0.6049,217848855,N/A,536343178,37495500,0,92313800,19.009,2.4092,1.5015,N/A,
600693.SH,东百集团,1996-06-24,0.7284,0.7284,0.7522,0.7208,0.7334,346700,2025065,0.005,0.6885,5.841,0.9246,219348675,N/A,540035730,37495500,0,92313800,19.1399,2.4258,1.5119,N/A,
600693.SH,东百集团,1996-06-25,0.7334,0.7208,0.7258,0.7208,0.7208,439900,2532986,-0.0125,-1.7094,5.7581,1.1732,215599125,N/A,530804350,37495500,0,92313800,18.8127,2.3844,1.486,N/A,
600693.SH,东百集团,1996-06-26,0.7208,0.7208,0.7459,0.7196,0.7396,459000,2682629,0.0188,2.6087,5.8445,1.2241,221223450,N/A,544651420,37495500,0,92313800,19.3035,2.4466,1.5248,N/A,
600693.SH,东百集团,1996-06-27,0.7396,0.7484,0.7522,0.7246,0.7309,363800,2127862,-0.0088,-1.1864,5.849,0.9702,218598765,N/A,538189454,37495500,0,92313800,19.0744,2.4175,1.5067,N/A,
600693.SH,东百集团,1996-06-28,0.7309,0.7284,0.7334,0.7146,0.7183,328600,1889882,-0.0125,-1.7153,5.7513,0.8764,214849215,N/A,528958074,37495500,0,92313800,18.7472,2.3761,1.4809,N/A,
600693.SH,东百集团,1996-07-01,0.7183,0.6895,0.7121,0.6895,0.6958,440200,2453049,-0.0226,-3.1414,5.5726,1.174,208100025,N/A,512341590,37495500,0,92313800,18.1583,2.3014,1.4343,N/A,
600693.SH,东百集团,1996-07-02,0.6958,0.6958,0.697,0.6782,0.6845,153900,842614,-0.0113,-1.6216,5.4751,0.4104,204725430,N/A,504033348,37495500,0,92313800,17.8639,2.2641,1.4111,N/A,
600693.SH,东百集团,1996-07-03,0.6845,0.6895,0.692,0.6744,0.6832,281700,1530971,-0.0013,-0.1832,5.4348,0.7513,204350475,N/A,503110210,37495500,0,92313800,17.8312,2.26,1.4085,N/A,
600693.SH,东百集团,1996-07-04,0.6832,0.677,0.6857,0.6531,0.6581,402200,2135085,-0.0251,-3.6697,5.3085,1.0727,196851375,N/A,484647450,37495500,0,92313800,17.1768,2.177,1.3568,N/A,
600693.SH,东百集团,1996-07-05,0.6581,0.6682,0.6995,0.6619,0.6782,397900,2161180,0.0201,3.0476,5.4315,1.0612,202850655,N/A,499417658,37495500,0,92313800,17.7003,2.2434,1.3982,N/A,
600693.SH,东百集团,1996-07-08,0.6782,0.6832,0.6958,0.6519,0.6607,415900,2193000,-0.0176,-2.5878,5.2729,1.1092,197601285,N/A,486493726,37495500,0,92313800,17.2422,2.1853,1.362,N/A,
600693.SH,东百集团,1996-07-09,0.6607,0.6644,0.677,0.6519,0.6619,321600,1693947,0.0013,0.1898,5.2672,0.8577,197976240,N/A,487416864,37495500,0,92313800,17.275,2.1895,1.3646,N/A,
600693.SH,东百集团,1996-07-10,0.6619,0.6644,0.6907,0.6644,0.6732,396000,2138512,0.0113,1.7045,5.4003,1.0561,201350835,N/A,495725106,37495500,0,92313800,17.5694,2.2268,1.3878,N/A,
600693.SH,东百集团,1996-07-11,0.6732,0.6719,0.7095,0.6719,0.677,780700,4335531,0.0038,0.5587,5.5534,2.0821,202475700,N/A,498494520,37495500,0,92313800,17.6676,2.2392,1.3956,N/A,
600693.SH,东百集团,1996-07-12,0.677,0.6832,0.6832,0.6707,0.6744,306000,1642895,-0.0025,-0.3704,5.3689,0.8161,201725790,N/A,496648244,37495500,0,92313800,17.6021,2.2309,1.3904,N/A,
600693.SH,东百集团,1996-07-15,0.6744,0.6706,0.7025,0.6706,0.6783,231600,1240310,0.0038,0.5681,5.3554,0.6177,199101105,N/A,490186278,37495500,0,92313800,17.3731,2.2019,1.3723,N/A,
600693.SH,东百集团,1996-07-16,0.6783,0.6834,0.7255,0.6834,0.7153,453100,2496128,0.037,5.4614,5.509,1.2084,209974800,N/A,516957280,37495500,0,92313800,18.3219,2.3222,1.4473,N/A,
600693.SH,东百集团,1996-07-17,0.7153,0.7281,0.7536,0.7179,0.7281,1140300,6598110,0.0128,1.7857,5.7863,3.0412,213724350,N/A,526188660,37495500,0,92313800,18.6491,2.3636,1.4731,N/A,
600693.SH,东百集团,1996-07-18,0.7281,0.7166,0.76,0.7166,0.7358,496000,2875388,0.0077,1.0526,5.7972,1.3228,215974080,N/A,531727488,37495500,0,92313800,18.8454,2.3885,1.4886,N/A,
600693.SH,东百集团,1996-07-19,0.7358,0.7409,0.792,0.7409,0.7894,1721700,10353229,0.0536,7.2917,6.0134,4.5918,231722190,N/A,570499284,37495500,0,92313800,20.2195,2.5627,1.5972,N/A,
600693.SH,东百集团,1996-07-22,0.7894,0.8558,0.8558,0.8047,0.8201,1565300,10031940,0.0307,3.8835,6.409,4.1746,240721110,N/A,592654596,37495500,0,92313800,21.0048,2.6622,1.6592,N/A,
600693.SH,东百集团,1996-07-23,0.8201,0.8277,0.8533,0.7932,0.815,1288500,8237949,-0.0051,-0.6231,6.3934,3.4364,239221290,N/A,588962044,37495500,0,92313800,20.8739,2.6456,1.6488,N/A,
600693.SH,东百集团,1996-07-24,0.815,0.8239,0.8277,0.8022,0.8111,731600,4648720,-0.0038,-0.4702,6.3542,1.9512,238096425,N/A,586192630,37495500,0,92313800,20.7757,2.6332,1.6411,N/A,
600693.SH,东百集团,1996-07-25,0.8111,0.8086,0.815,0.7664,0.7817,687400,4278725,-0.0294,-3.622,6.2245,1.8333,229472460,N/A,564960456,37495500,0,92313800,20.0232,2.5378,1.5816,N/A,
600693.SH,东百集团,1996-07-26,0.7817,0.7792,0.7792,0.7536,0.7613,710800,4282320,-0.0204,-2.6144,6.0246,1.8957,223473180,N/A,550190248,37495500,0,92313800,19.4998,2.4714,1.5403,N/A,
600693.SH,东百集团,1996-07-29,0.7613,0.7639,0.8022,0.7473,0.7971,423900,2509143,0.0358,4.698,5.9192,1.1305,233971920,N/A,576038112,37495500,0,92313800,20.4159,2.5875,1.6127,N/A,
600693.SH,东百集团,1996-07-30,0.7971,0.7894,0.7958,0.7613,0.7639,360400,2201100,-0.0332,-4.1667,6.1074,0.9612,224223090,N/A,552036524,37495500,0,92313800,19.5652,2.4797,1.5455,N/A,
600693.SH,东百集团,1996-07-31,0.7639,0.7651,0.8175,0.7651,0.7792,1238400,7655565,0.0153,2.0067,6.1818,3.3028,228722550,N/A,563114180,37495500,0,92313800,19.9578,2.5295,1.5765,N/A,
600693.SH,东百集团,1996-08-01,0.7792,0.7792,0.783,0.7562,0.7728,366900,2216211,-0.0064,-0.8197,6.0404,0.9785,226847775,N/A,558498490,37495500,0,92313800,19.7942,2.5088,1.5636,N/A,
600693.SH,东百集团,1996-08-02,0.7728,0.783,0.8035,0.7562,0.7766,527100,3175899,0.0038,0.4959,6.0252,1.4058,227972640,N/A,561267904,37495500,0,92313800,19.8924,2.5212,1.5713,N/A,
600693.SH,东百集团,1996-08-05,0.7766,0.7817,0.792,0.7575,0.769,1188300,7143502,-0.0077,-0.9868,6.0115,3.1692,225722910,N/A,555729076,37495500,0,92313800,19.6961,2.4963,1.5558,N/A,
600693.SH,东百集团,1996-08-06,0.769,0.8105,0.8105,0.7828,0.7967,904900,5194967,0.0277,3.6036,5.7409,1.8564,280278575,N/A,690045425,48744100,0,120007900,24.4565,3.0997,1.9318,N/A,
600693.SH,东百集团,1996-08-07,0.7967,0.8008,0.8036,0.7717,0.7898,399000,2269287,-0.0069,-0.8696,5.6874,0.8186,277841370,N/A,684045030,48744100,0,120007900,24.2438,3.0727,1.915,N/A,
600693.SH,东百集团,1996-08-08,0.7898,0.7967,0.7967,0.7759,0.787,326300,1855451,-0.0028,-0.3509,5.6863,0.6694,276866488,N/A,681644872,48744100,0,120007900,24.1588,3.0619,1.9083,N/A,
600693.SH,东百集团,1996-08-09,0.787,0.787,0.7898,0.7773,0.787,358700,2032425,0,0,5.6661,0.7359,276866488,N/A,681644872,48744100,0,120007900,24.1588,3.0619,1.9083,N/A,
600693.SH,东百集团,1996-08-12,0.787,0.7967,0.8244,0.7911,0.8175,1045300,6116253,0.0305,3.8732,5.8512,2.1445,287590190,N/A,708046610,48744100,0,120007900,25.0945,3.1805,1.9822,N/A,
600693.SH,东百集团,1996-08-13,0.8175,0.8202,0.823,0.8022,0.8036,417300,2434053,-0.0139,-1.6949,5.8329,0.8561,282715780,N/A,696045820,48744100,0,120007900,24.6691,3.1266,1.9486,N/A,
600693.SH,东百集团,1996-08-14,0.8036,0.8105,0.8175,0.8008,0.8008,279800,1626000,-0.0028,-0.3448,5.8113,0.574,281740898,N/A,693645662,48744100,0,120007900,24.5841,3.1158,1.9419,N/A,
600693.SH,东百集团,1996-08-15,0.8008,0.8078,0.8105,0.8036,0.8036,490500,2858425,0.0028,0.346,5.8276,1.0063,282715780,N/A,696045820,48744100,0,120007900,24.6691,3.1266,1.9486,N/A,
600693.SH,东百集团,1996-08-16,0.8036,0.7967,0.7981,0.7745,0.7787,366200,2066207,-0.0249,-3.1034,5.6423,0.7513,273941842,N/A,674444398,48744100,0,120007900,23.9036,3.0296,1.8882,N/A,
600693.SH,东百集团,1996-08-19,0.7787,0.7648,0.7814,0.7496,0.7704,329600,1837000,-0.0083,-1.0676,5.5734,0.6762,271017196,N/A,667243924,48744100,0,120007900,23.6484,2.9972,1.868,N/A,
600693.SH,东百集团,1996-08-20,0.7704,0.8147,0.8687,0.805,0.8424,4902800,29781553,0.072,9.3525,6.0744,10.0582,296364128,N/A,729648032,48744100,0,120007900,25.8601,3.2776,2.0427,N/A,
600693.SH,东百集团,1996-08-21,0.8424,0.8424,0.8881,0.8396,0.866,4037900,25184076,0.0236,2.7961,6.2369,8.2839,304650625,N/A,750049375,48744100,0,120007900,26.5831,3.3692,2.0998,N/A,
600693.SH,东百集团,1996-08-22,0.866,0.884,0.8867,0.8396,0.8438,2004000,12380563,-0.0222,-2.56,6.1779,4.1113,296851569,N/A,730848111,48744100,0,120007900,25.9026,3.2829,2.0461,N/A,
600693.SH,东百集团,1996-08-23,0.8438,0.8535,0.8715,0.8078,0.8535,2804000,16919751,0.0097,1.1494,6.0341,5.7525,300263656,N/A,739248664,48744100,0,120007900,26.2003,3.3207,2.0696,N/A,
600693.SH,东百集团,1996-08-26,0.8535,0.8521,0.8964,0.8452,0.8673,2886700,18212465,0.0139,1.6234,6.3091,5.9222,305138066,N/A,751249454,48744100,0,120007900,26.6257,3.3746,2.1032,N/A,
600693.SH,东百集团,1996-08-27,0.8673,0.8673,0.9172,0.8632,0.9172,3783400,24424001,0.0499,5.7508,6.4556,7.7618,322685942,N/A,794452298,48744100,0,120007900,28.1569,3.5687,2.2241,N/A,
600693.SH,东百集团,1996-08-28,0.9172,0.9145,0.9325,0.8729,0.8992,2750500,17962907,-0.018,-1.9637,6.5308,5.6427,316349209,N/A,778851271,48744100,0,120007900,27.6039,3.4986,2.1804,N/A,
600693.SH,东百集团,1996-08-29,0.8992,0.8992,0.9061,0.866,0.8826,1650500,10502962,-0.0166,-1.849,6.3635,3.3861,310499917,N/A,764450323,48744100,0,120007900,27.0935,3.4339,2.1401,N/A,
600693.SH,东百集团,1996-08-30,0.8826,0.8867,0.9075,0.8729,0.8978,2045800,13211769,0.0152,1.7268,6.458,4.197,315861768,N/A,777651192,48744100,0,120007900,27.5614,3.4932,2.1771,N/A,
600693.SH,东百集团,1996-09-02,0.8978,0.9006,0.9241,0.8937,0.9034,2104500,13809056,0.0055,0.6173,6.5617,4.3174,317811532,N/A,782451508,48744100,0,120007900,27.7315,3.5147,2.1905,N/A,
600693.SH,东百集团,1996-09-03,0.9034,0.9075,0.9311,0.8798,0.8798,1719200,11268000,-0.0236,-2.6074,6.5542,3.527,309525035,N/A,762050165,48744100,0,120007900,27.0085,3.4231,2.1334,N/A,
600693.SH,东百集团,1996-09-04,0.8798,0.884,0.8937,0.866,0.8854,1137400,7197588,0.0055,0.6299,6.3281,2.3334,311474799,N/A,766850481,48744100,0,120007900,27.1786,3.4447,2.1469,N/A,
600693.SH,东百集团,1996-09-05,0.8854,0.9006,0.9491,0.8895,0.8951,2814500,18665734,0.0097,1.0955,6.632,5.774,314886886,N/A,775251034,48744100,0,120007900,27.4763,3.4824,2.1704,N/A,
600693.SH,东百集团,1996-09-06,0.8951,0.8951,0.9089,0.8563,0.8701,1338400,8495502,-0.0249,-2.7864,6.3475,2.7458,306112948,N/A,753649612,48744100,0,120007900,26.7107,3.3854,2.1099,N/A,
600693.SH,东百集团,1996-09-09,0.8701,0.859,0.8867,0.8563,0.8715,729700,4581609,0.0014,0.1592,6.2788,1.497,306600389,N/A,754849691,48744100,0,120007900,26.7533,3.3908,2.1133,N/A,
600693.SH,东百集团,1996-09-10,0.8715,0.859,0.866,0.8313,0.8313,1294100,7938858,-0.0402,-4.6105,6.1347,2.6549,292464600,N/A,720047400,48744100,0,120007900,25.5198,3.2344,2.0158,N/A,
600693.SH,东百集团,1996-09-11,0.8313,0.8272,0.8507,0.8175,0.8355,862900,5206621,0.0042,0.5,6.0339,1.7703,293926923,N/A,723647637,48744100,0,120007900,25.6474,3.2506,2.0259,N/A,
600693.SH,东百集团,1996-09-12,0.8355,0.8521,0.859,0.8147,0.8147,745800,4478024,-0.0208,-2.4876,6.0043,1.53,286615308,N/A,705646452,48744100,0,120007900,25.0094,3.1697,1.9755,N/A,
600693.SH,东百集团,1996-09-13,0.8147,0.8147,0.8382,0.8078,0.8369,502800,2982428,0.0222,2.7211,5.9316,1.0315,294414364,N/A,724847716,48744100,0,120007900,25.6899,3.256,2.0293,N/A,
600693.SH,东百集团,1996-09-16,0.8369,0.8188,0.8438,0.8188,0.8369,709700,4271091,0,0,6.0182,1.456,294414364,N/A,724847716,48744100,0,120007900,25.6899,3.256,2.0293,N/A,
600693.SH,东百集团,1996-09-17,0.8369,0.8369,0.8438,0.8175,0.8258,620900,3734094,-0.0111,-1.3245,6.014,1.2738,290514836,N/A,715247084,48744100,0,120007900,25.3497,3.2129,2.0024,N/A,
600693.SH,东百集团,1996-09-18,0.8258,0.8188,0.8618,0.8119,0.823,1784400,10761974,-0.0028,-0.3356,6.0311,3.6608,289539954,N/A,712846926,48744100,0,120007900,25.2646,3.2021,1.9957,N/A,
600693.SH,东百集团,1996-09-19,0.823,0.8091,0.8244,0.805,0.8202,571700,3362028,-0.0028,-0.3367,5.8808,1.1729,288565072,N/A,710446768,48744100,0,120007900,25.1795,3.1913,1.9889,N/A,
600693.SH,东百集团,1996-09-20,0.8202,0.8202,0.8563,0.8175,0.8521,1295700,7843250,0.0319,3.8851,6.0533,2.6582,299776215,N/A,738048585,48744100,0,120007900,26.1578,3.3153,2.0662,N/A,
600693.SH,东百集团,1996-09-23,0.8521,0.8618,0.8937,0.8507,0.8937,2824000,17761519,0.0416,4.878,6.2895,5.7935,314399445,N/A,774050955,48744100,0,120007900,27.4338,3.477,2.167,N/A,
600693.SH,东百集团,1996-09-24,0.8937,0.9048,0.9117,0.8743,0.8798,2727000,17575206,-0.0139,-1.5504,6.4449,5.5945,309525035,N/A,762050165,48744100,0,120007900,27.0085,3.4231,2.1334,N/A,
600693.SH,东百集团,1996-09-25,0.8798,0.8881,0.9006,0.8521,0.8618,1548100,9740212,-0.018,-2.0472,6.2917,3.176,303188302,N/A,746449138,48744100,0,120007900,26.4555,3.353,2.0897,N/A,
600693.SH,东百集团,1996-09-26,0.8618,0.8646,0.9006,0.8646,0.8826,1737700,11110306,0.0208,2.4116,6.3937,3.5649,310499917,N/A,764450323,48744100,0,120007900,27.0935,3.4339,2.1401,N/A,
600693.SH,东百集团,1996-09-27,0.8826,0.9006,0.9006,0.8729,0.8881,1372600,8773484,0.0055,0.6279,6.3919,2.8159,312449681,N/A,769250639,48744100,0,120007900,27.2637,3.4555,2.1536,N/A,
600693.SH,东百集团,1996-10-03,0.8881,0.9006,0.9283,0.8757,0.8798,1515800,9869015,-0.0083,-0.936,6.5108,3.1097,309525035,N/A,762050165,48744100,0,120007900,27.0085,3.4231,2.1334,N/A,
600693.SH,东百集团,1996-10-04,0.8798,0.8729,0.9061,0.8618,0.9006,1441300,9186767,0.0208,2.3622,6.3739,2.9569,316836650,N/A,780051350,48744100,0,120007900,27.6465,3.504,2.1838,N/A,
600693.SH,东百集团,1996-10-07,0.9006,0.9145,0.9671,0.9145,0.9394,5539200,37684285,0.0388,4.3077,6.8032,11.3638,330484998,N/A,813653562,48744100,0,120007900,28.8374,3.6549,2.2779,N/A,
600693.SH,东百集团,1996-10-08,0.9394,0.9477,0.9546,0.9228,0.9283,2142000,14438455,-0.0111,-1.1799,6.7406,4.3944,326585470,N/A,804052930,48744100,0,120007900,28.4971,3.6118,2.251,N/A,
600693.SH,东百集团,1996-10-09,0.9283,0.9352,0.9435,0.9006,0.902,1786100,11849589,-0.0263,-2.8358,6.6343,3.6642,317324091,N/A,781251429,48744100,0,120007900,27.689,3.5094,2.1872,N/A,
600693.SH,东百集团,1996-10-10,0.902,0.9075,0.9629,0.9061,0.9629,3823000,26039199,0.061,6.7588,6.8112,7.843,338771495,N/A,834054905,48744100,0,120007900,29.5604,3.7466,2.335,N/A,
600693.SH,东百集团,1996-10-11,0.9629,0.9948,1.0073,0.9629,0.9699,5512500,39226252,0.0069,0.7194,7.1159,11.3091,341208700,N/A,840055300,48744100,0,120007900,29.7731,3.7735,2.3518,N/A,
600693.SH,东百集团,1996-10-14,0.9699,0.9907,1.0322,0.981,0.9976,4759700,34695293,0.0277,2.8571,7.2894,9.7647,350957520,N/A,864056880,48744100,0,120007900,30.6238,3.8813,2.419,N/A,
600693.SH,东百集团,1996-10-15,0.9976,1.0045,1.0114,0.9699,0.9782,3218400,22984976,-0.0194,-1.9444,7.1417,6.6026,344133346,N/A,847255774,48744100,0,120007900,30.0283,3.8058,2.372,N/A,
600693.SH,东百集团,1996-10-16,0.9782,1.0045,1.0059,0.956,0.9657,2660200,18783508,-0.0125,-1.2748,7.0609,5.4575,339746377,N/A,836455063,48744100,0,120007900,29.6455,3.7573,2.3417,N/A,
600693.SH,东百集团,1996-10-17,0.9657,0.956,0.9768,0.9435,0.974,1811500,12596567,0.0083,0.8608,6.9537,3.7163,342671023,N/A,843655537,48744100,0,120007900,29.9007,3.7897,2.3619,N/A,
600693.SH,东百集团,1996-10-18,0.974,0.9837,0.9962,0.9422,0.9422,1983400,13867311,-0.0319,-3.2717,6.9917,4.069,331459880,N/A,816053720,48744100,0,120007900,28.9224,3.6657,2.2846,N/A,
600693.SH,东百集团,1996-10-21,0.9422,0.9422,0.9671,0.9352,0.9629,1213700,8304798,0.0208,2.2059,6.8425,2.4899,338771495,N/A,834054905,48744100,0,120007900,29.5604,3.7466,2.335,N/A,
600693.SH,东百集团,1996-10-22,0.9629,0.9574,0.981,0.9366,0.9449,1559000,10717737,-0.018,-1.8705,6.8748,3.1983,332434762,N/A,818453878,48744100,0,120007900,29.0075,3.6765,2.2913,N/A,
600693.SH,东百集团,1996-10-23,0.9449,0.9629,1.0045,0.9629,1.0031,3268100,23482744,0.0582,6.1584,7.1854,6.7046,352907284,N/A,868857196,48744100,0,120007900,30.7939,3.9029,2.4324,N/A,
600693.SH,东百集团,1996-10-24,1.0031,1.0184,1.0253,0.9837,0.9948,2417600,17486958,-0.0083,-0.8287,7.2332,4.9598,349982638,N/A,861656722,48744100,0,120007900,30.5387,3.8705,2.4123,N/A,
600693.SH,东百集团,1996-10-25,0.9948,0.9948,1.0184,0.9629,1.0045,2938100,21178971,0.0097,0.9749,7.2084,6.0276,353394725,N/A,870057275,48744100,0,120007900,30.8364,3.9083,2.4358,N/A,
600693.SH,东百集团,1996-10-28,1.0045,0.9948,1.0738,0.9851,1.053,4087900,30815679,0.0485,4.8276,7.5383,8.3865,370455160,N/A,912060040,48744100,0,120007900,32.3251,4.0969,2.5534,N/A,
600693.SH,东百集团,1996-10-29,1.053,1.0669,1.0946,1.053,1.0793,4852800,37472521,0.0263,2.5,7.7218,9.9557,379716539,N/A,934861541,48744100,0,120007900,33.1332,4.1994,2.6172,N/A,
600693.SH,东百集团,1996-10-30,1.0793,1.0793,1.0876,0.974,0.9907,3194300,23520840,-0.0887,-8.2157,7.3634,6.5532,348520315,N/A,858056485,48744100,0,120007900,30.4111,3.8544,2.4022,N/A,
600693.SH,东百集团,1996-10-31,0.9907,0.9907,1.0087,0.956,0.9893,2284900,16127164,-0.0014,-0.1399,7.0581,4.6875,348032874,N/A,856856406,48744100,0,120007900,30.3686,3.849,2.3988,N/A,
600693.SH,东百集团,1996-11-01,0.9893,0.9006,0.9699,0.8729,0.9366,2523800,16985409,-0.0527,-5.3221,6.7301,5.1777,329510116,N/A,811253404,48744100,0,120007900,28.7523,3.6441,2.2712,N/A,
600693.SH,东百集团,1996-11-04,0.9366,0.9145,0.9491,0.9145,0.9463,1044000,7050857,0.0097,1.0355,6.7537,2.1418,332922203,N/A,819653957,48744100,0,120007900,29.05,3.6819,2.2947,N/A,
600693.SH,东百集团,1996-11-05,0.9463,0.9491,0.9532,0.9145,0.9228,1335400,8963256,-0.0236,-2.489,6.712,2.7396,324635706,N/A,799252614,48744100,0,120007900,28.327,3.5902,2.2376,N/A,
600693.SH,东百集团,1996-11-06,0.9228,0.9158,0.9228,0.9006,0.9131,1068800,7032723,-0.0097,-1.0511,6.58,2.1927,321223619,N/A,790852061,48744100,0,120007900,28.0293,3.5525,2.214,N/A,
600693.SH,东百集团,1996-11-07,0.9131,0.9145,0.9283,0.9006,0.9172,780400,5155015,0.0042,0.4552,6.6056,1.601,322685942,N/A,794452298,48744100,0,120007900,28.1569,3.5687,2.2241,N/A,
600693.SH,东百集团,1996-11-08,0.9172,0.9089,0.9588,0.9089,0.9505,1718700,11707349,0.0333,3.6254,6.8117,3.526,334384526,N/A,823254194,48744100,0,120007900,29.1776,3.698,2.3048,N/A,
600693.SH,东百集团,1996-11-11,0.9505,0.9671,1.0031,0.9532,1.0017,2656200,18959988,0.0513,5.3936,7.138,5.4493,352419843,N/A,867657117,48744100,0,120007900,30.7514,3.8975,2.4291,N/A,
600693.SH,东百集团,1996-11-12,1.0017,1.0017,1.0114,0.9726,0.9962,1457300,10406667,-0.0055,-0.5533,7.1411,2.9897,350470079,N/A,862856801,48744100,0,120007900,30.5812,3.8759,2.4156,N/A,
600693.SH,东百集团,1996-11-13,0.9962,0.9976,1.0045,0.9629,0.9768,1242100,8725466,-0.0194,-1.9471,7.0248,2.5482,343645905,N/A,846055695,48744100,0,120007900,29.9858,3.8005,2.3686,N/A,
600693.SH,东百集团,1996-11-14,0.9768,0.9837,0.9907,0.9671,0.9796,1353000,9549317,0.0028,0.2837,7.0579,2.7757,344620787,N/A,848455853,48744100,0,120007900,30.0708,3.8112,2.3753,N/A,
600693.SH,东百集团,1996-11-15,0.9796,0.9422,0.981,0.9422,0.9643,1352900,9411264,-0.0152,-1.5559,6.9564,2.7755,339258936,N/A,835254984,48744100,0,120007900,29.603,3.7519,2.3384,N/A,
600693.SH,东百集团,1996-11-18,0.9643,0.9768,1.0253,0.956,1.0239,2462600,17679509,0.0596,6.1782,7.1792,5.0521,360218899,N/A,886858381,48744100,0,120007900,31.4319,3.9837,2.4828,N/A,
600693.SH,东百集团,1996-11-19,1.0239,1.0322,1.0738,1.0225,1.0322,3618800,27428388,0.0083,0.8119,7.5794,7.4241,363143545,N/A,894058855,48744100,0,120007900,31.6871,4.0161,2.503,N/A,
600693.SH,东百集团,1996-11-20,1.0322,1.0184,1.0322,0.9976,1.0114,2057100,15019964,-0.0208,-2.0134,7.3015,4.2202,355831930,N/A,876057670,48744100,0,120007900,31.0491,3.9352,2.4526,N/A,
600693.SH,东百集团,1996-11-21,1.0114,1.0198,1.0738,0.956,0.9699,5719500,42673490,-0.0416,-4.1096,7.4611,11.7337,341208700,N/A,840055300,48744100,0,120007900,29.7731,3.7735,2.3518,N/A,
600693.SH,东百集团,1996-11-22,0.9699,0.956,1.0114,0.9422,1.0031,2181300,15408058,0.0333,3.4286,7.0637,4.475,352907284,N/A,868857196,48744100,0,120007900,30.7939,3.9029,2.4324,N/A,
600693.SH,东百集团,1996-11-25,1.0031,1.0045,1.0225,0.9837,1.017,2404000,17554659,0.0139,1.3812,7.3023,4.9319,357781694,N/A,880857986,48744100,0,120007900,31.2192,3.9568,2.466,N/A,
600693.SH,东百集团,1996-11-26,1.017,1.0364,1.0419,0.992,1.0114,1813600,13279246,-0.0055,-0.545,7.322,3.7207,355831930,N/A,876057670,48744100,0,120007900,31.0491,3.9352,2.4526,N/A,
600693.SH,东百集团,1996-11-27,1.0114,1.0114,1.0239,0.9726,0.9726,3168900,22966577,-0.0388,-3.8356,7.2475,6.5011,342183582,N/A,842455458,48744100,0,120007900,29.8582,3.7843,2.3585,N/A,
600693.SH,东百集团,1996-11-28,0.9726,1.0128,1.0807,1.0128,1.0558,7054500,54074354,0.0831,8.547,7.6652,14.4725,371430042,N/A,914460198,48744100,0,120007900,32.4102,4.1077,2.5601,N/A,
600693.SH,东百集团,1996-11-29,1.0558,1.0669,1.1361,1.0599,1.132,7667000,61709933,0.0762,7.2178,8.0488,15.7291,398239297,N/A,980464543,48744100,0,120007900,34.7495,4.4042,2.7449,N/A,
600693.SH,东百集团,1996-12-02,1.132,1.168,1.3052,1.1541,1.2664,7606200,68387566,0.1344,11.8727,8.991,15.6044,445521074,N/A,1096872206,48744100,0,120007900,38.8752,4.9271,3.0708,N/A,
600693.SH,东百集团,1996-12-03,1.2664,1.2885,1.3176,1.2207,1.2553,7993300,73439997,-0.0111,-0.8753,9.1877,16.3985,441621546,N/A,1087271574,48744100,0,120007900,38.5349,4.884,3.0439,N/A,
600693.SH,东百集团,1996-12-04,1.2553,1.24,1.4091,1.2193,1.3855,7554000,72512983,0.1302,10.3753,9.5993,15.4973,487441000,N/A,1200079000,48744100,0,120007900,42.533,5.3907,3.3597,N/A,
600693.SH,东百集团,1996-12-05,1.3855,1.4271,1.5213,1.4132,1.4756,5856800,62670168,0.0901,6.5,10.7004,12.0154,519124665,N/A,1278084135,48744100,0,120007900,45.2977,5.7411,3.5781,N/A,
600693.SH,东百集团,1996-12-06,1.4756,1.4811,1.5546,1.4479,1.5546,5266200,56540384,0.079,5.3521,10.7365,10.8038,546908802,N/A,1346488638,48744100,0,120007900,47.722,6.0484,3.7696,N/A,
600693.SH,东百集团,1996-12-09,1.5546,1.6058,1.6349,1.5241,1.5587,4599900,52321398,0.0042,0.2674,11.3745,9.4368,548371125,N/A,1350088875,48744100,0,120007900,47.8496,6.0646,3.7797,N/A,
600693.SH,东百集团,1996-12-10,1.5587,1.5241,1.5643,1.3883,1.5407,3701100,39827173,-0.018,-1.1556,10.7609,7.5929,542034392,N/A,1334487848,48744100,0,120007900,47.2967,5.9945,3.736,N/A,
600693.SH,东百集团,1996-12-11,1.5407,1.5241,1.5601,1.4839,1.5102,3260100,35925620,-0.0305,-1.9784,11.0198,6.6882,531310690,N/A,1308086110,48744100,0,120007900,46.361,5.8759,3.6621,N/A,
600693.SH,东百集团,1996-12-12,1.5102,1.5241,1.5518,1.4063,1.4839,3948000,42192349,-0.0263,-1.7431,10.687,8.0994,522049311,N/A,1285284609,48744100,0,120007900,45.5529,5.7735,3.5982,N/A,
600693.SH,东百集团,1996-12-13,1.4839,1.452,1.5047,1.3869,1.4132,3819500,40421593,-0.0707,-4.7619,10.583,7.8358,497189820,N/A,1224080580,48744100,0,120007900,43.3837,5.4985,3.4269,N/A,
600693.SH,东百集团,1996-12-16,1.4132,1.2719,1.2719,1.2719,1.2719,87700,805086,-0.1413,-10,9.18,0.1799,447470838,N/A,1101672522,48744100,0,120007900,39.0453,4.9487,3.0842,N/A,
600693.SH,东百集团,1996-12-17,1.2719,1.1444,1.1444,1.1444,1.1444,517700,4276202,-0.1275,-10.0218,8.26,1.0621,402626266,N/A,991265254,48744100,0,120007900,35.1323,4.4527,2.7751,N/A,
600693.SH,东百集团,1996-12-18,1.1444,1.0294,1.2373,1.0294,1.2123,6008800,48261202,0.0679,5.9322,8.0318,12.3272,426510875,N/A,1050069125,48744100,0,120007900,37.2164,4.7169,2.9397,N/A,
600693.SH,东百集团,1996-12-19,1.2123,1.1985,1.204,1.0918,1.0918,3533700,28623701,-0.1205,-9.9429,8.1002,7.2495,384103508,N/A,945662252,48744100,0,120007900,33.516,4.2479,2.6474,N/A,
600693.SH,东百集团,1996-12-20,1.0918,1.0308,1.0779,0.9823,1.0101,5027600,36488940,-0.0817,-7.4873,7.2577,10.3143,355344489,N/A,874857591,48744100,0,120007900,31.0066,3.9298,2.4492,N/A,
600693.SH,东百集团,1996-12-23,1.0101,1.0391,1.0821,1.0253,1.0738,3339700,25609119,0.0637,6.31,7.6681,6.8515,377766775,N/A,930061225,48744100,0,120007900,32.9631,4.1778,2.6038,N/A,
600693.SH,东百集团,1996-12-24,1.0738,1.0738,1.0807,0.9837,0.9837,3417100,25492416,-0.0901,-8.3871,7.4602,7.0103,346083110,N/A,852056090,48744100,0,120007900,30.1984,3.8274,2.3854,N/A,
600693.SH,东百集团,1996-12-25,0.9837,1.0253,1.0641,0.9643,1.053,2729600,20253383,0.0693,7.0423,7.4199,5.5999,370455160,N/A,912060040,48744100,0,120007900,32.3251,4.0969,2.5534,N/A,
600693.SH,东百集团,1996-12-26,1.053,1.0488,1.1167,1.0294,1.1084,3369400,26285392,0.0554,5.2632,7.8012,6.9124,389952800,N/A,960063200,48744100,0,120007900,34.0264,4.3126,2.6878,N/A,
600693.SH,东百集团,1996-12-27,1.1084,1.0946,1.1154,1.053,1.0932,3035800,23886126,-0.0152,-1.375,7.8681,6.228,384590949,N/A,946862331,48744100,0,120007900,33.5585,4.2533,2.6508,N/A,
600693.SH,东百集团,1996-12-30,1.0932,1.1015,1.1057,1.0682,1.0904,2437100,19124408,-0.0028,-0.2535,7.8472,4.9998,383616067,N/A,944462173,48744100,0,120007900,33.4735,4.2425,2.6441,N/A,
600693.SH,东百集团,1996-12-31,1.0904,1.1015,1.1015,1.0253,1.0461,2440700,18547485,-0.0443,-4.0661,7.5992,5.0072,368017955,N/A,906059645,48744100,0,120007900,32.1124,4.07,2.5366,N/A,
600693.SH,东百集团,1997-01-02,1.0461,1.0198,1.0641,1.0198,1.053,1234500,9285657,0.0069,0.6623,7.5218,2.5326,370455160,N/A,912060040,48744100,0,120007900,27.1369,2.4943,2.3904,N/A,
600693.SH,东百集团,1997-01-03,1.053,1.0502,1.0544,1.0142,1.0253,1051000,7869826,-0.0277,-2.6316,7.4879,2.1562,360706340,N/A,888058460,48744100,0,120007900,26.4228,2.4286,2.3275,N/A,
600693.SH,东百集团,1997-01-06,1.0253,1.0101,1.0336,0.9976,1.0045,1199100,8776330,-0.0208,-2.027,7.3191,2.46,353394725,N/A,870057275,48744100,0,120007900,25.8872,2.3794,2.2803,N/A,
600693.SH,东百集团,1997-01-07,1.0045,1.0059,1.0502,1.0059,1.0253,776600,5770608,0.0208,2.069,7.4306,1.5932,360706340,N/A,888058460,48744100,0,120007900,26.4228,2.4286,2.3275,N/A,
600693.SH,东百集团,1997-01-08,1.0253,1.0253,1.0558,1.0087,1.035,728300,5405421,0.0097,0.9459,7.422,1.4941,364118427,N/A,896459013,48744100,0,120007900,26.6727,2.4516,2.3495,N/A,
600693.SH,东百集团,1997-01-09,1.035,1.0641,1.0641,1.0322,1.0433,525700,3964298,0.0083,0.8032,7.541,1.0785,367043073,N/A,903659487,48744100,0,120007900,26.887,2.4713,2.3684,N/A,
600693.SH,东百集团,1997-01-10,1.0433,1.0461,1.0599,1.0322,1.0572,805400,6089069,0.0139,1.328,7.5603,1.6523,371917483,N/A,915660277,48744100,0,120007900,27.244,2.5041,2.3999,N/A,
600693.SH,东百集团,1997-01-13,1.0572,1.0669,1.1209,1.0613,1.1043,2737500,21569927,0.0471,4.4561,7.8794,5.6161,388490477,N/A,956462963,48744100,0,120007900,28.4581,2.6157,2.5068,N/A,
600693.SH,东百集团,1997-01-14,1.1043,1.0946,1.0946,1.0391,1.0502,1494800,11481646,-0.054,-4.8934,7.6811,3.0666,369480278,N/A,909659882,48744100,0,120007900,27.0655,2.4877,2.3841,N/A,
600693.SH,东百集团,1997-01-15,1.0502,1.0558,1.1015,1.0461,1.0932,1480600,11559489,0.043,4.0897,7.8073,3.0375,384590949,N/A,946862331,48744100,0,120007900,28.1724,2.5894,2.4816,N/A,
600693.SH,东百集团,1997-01-16,1.0932,1.0793,1.1015,1.0779,1.1015,1644000,12928939,0.0083,0.7605,7.8643,3.3727,387515595,N/A,954062805,48744100,0,120007900,28.3866,2.6091,2.5005,N/A,
600693.SH,东百集团,1997-01-17,1.1015,1.1084,1.114,1.0793,1.0876,1010000,7993637,-0.0139,-1.2579,7.9145,2.072,382641185,N/A,942062015,48744100,0,120007900,28.0296,2.5763,2.4691,N/A,
600693.SH,东百集团,1997-01-20,1.0876,1.1015,1.1015,1.0821,1.0904,692400,5451943,0.0028,0.2548,7.874,1.4205,383616067,N/A,944462173,48744100,0,120007900,28.101,2.5829,2.4754,N/A,
600693.SH,东百集团,1997-01-21,1.0904,1.1015,1.1015,1.0738,1.0807,1067700,8377603,-0.0097,-0.8895,7.8464,2.1904,380203980,N/A,936061620,48744100,0,120007900,27.851,2.5599,2.4533,N/A,
600693.SH,东百集团,1997-01-22,1.0807,1.0807,1.0987,1.0696,1.0946,1124300,8791851,0.0139,1.2821,7.8198,2.3065,385078390,N/A,948062410,48744100,0,120007900,28.2081,2.5927,2.4848,N/A,
600693.SH,东百集团,1997-01-23,1.0946,1.1084,1.1666,1.0946,1.1361,4627000,38137594,0.0416,3.7975,8.2424,9.4924,399701620,N/A,984064780,48744100,0,120007900,29.2793,2.6912,2.5792,N/A,
600693.SH,东百集团,1997-01-24,1.1361,1.1237,1.1431,1.0987,1.1375,1851800,15007066,0.0014,0.122,8.104,3.799,400189061,N/A,985264859,48744100,0,120007900,29.315,2.6945,2.5823,N/A,
600693.SH,东百集团,1997-01-27,1.1375,1.15,1.1611,1.1223,1.1361,1733100,14231052,-0.0014,-0.1218,8.2113,3.5555,399701620,N/A,984064780,48744100,0,120007900,29.2793,2.6912,2.5792,N/A,
600693.SH,东百集团,1997-01-28,1.1361,1.1292,1.1417,1.1112,1.1264,881100,7154111,-0.0097,-0.8537,8.1195,1.8076,396289533,N/A,975664227,48744100,0,120007900,29.0294,2.6682,2.5571,N/A,
600693.SH,东百集团,1997-01-29,1.1264,1.1223,1.1638,1.1167,1.1361,1407300,11633141,0.0097,0.861,8.2663,2.8871,399701620,N/A,984064780,48744100,0,120007900,29.2793,2.6912,2.5792,N/A,
600693.SH,东百集团,1997-01-30,1.1361,1.1361,1.1735,1.1361,1.1569,1852600,15513972,0.0208,1.8293,8.3742,3.8007,407013235,N/A,1002065965,48744100,0,120007900,29.8149,2.7404,2.6263,N/A,
600693.SH,东百集团,1997-01-31,1.1569,1.15,1.1985,1.15,1.1805,2405400,20493278,0.0236,2.0359,8.5197,4.9348,415299732,N/A,1022467308,48744100,0,120007900,30.4219,2.7962,2.6798,N/A,
600693.SH,东百集团,1997-02-17,1.1805,1.2096,1.2096,1.1347,1.186,1463500,12530000,0.0055,0.4695,8.5617,3.0024,417249496,N/A,1027267624,48744100,0,120007900,30.5647,2.8093,2.6924,N/A,
600693.SH,东百集团,1997-02-18,1.186,1.1638,1.186,1.0669,1.0669,4076700,32455000,-0.1192,-10.0467,7.9611,8.3635,375329570,N/A,924060830,48744100,0,120007900,27.494,2.5271,2.4219,N/A,
600693.SH,东百集团,1997-02-19,1.0669,1.0946,1.1361,1.0807,1.1361,3154900,25140000,0.0693,6.4935,7.9686,6.4724,399701620,N/A,984064780,48744100,0,120007900,29.2793,2.6912,2.5792,N/A,
600693.SH,东百集团,1997-02-20,1.1361,1.0225,1.1223,1.0225,1.1001,3763300,29500000,-0.036,-3.1707,7.8389,7.7205,387028154,N/A,952862726,48744100,0,120007900,28.3509,2.6059,2.4974,N/A,
600693.SH,东百集团,1997-02-21,1.1001,1.1084,1.1777,1.1084,1.1708,3768000,31193000,0.0707,6.4232,8.2784,7.7302,411887645,N/A,1014066755,48744100,0,120007900,30.172,2.7732,2.6578,N/A,
600693.SH,东百集团,1997-02-24,1.1708,1.1777,1.2193,1.1749,1.1749,4200900,36209000,0.0042,0.355,8.6193,8.6183,413349968,N/A,1017666992,48744100,0,120007900,30.2791,2.7831,2.6672,N/A,
600693.SH,东百集团,1997-02-25,1.1749,1.1888,1.204,1.1528,1.1708,2075500,17693000,-0.0042,-0.3538,8.5247,4.258,411887645,N/A,1014066755,48744100,0,120007900,30.172,2.7732,2.6578,N/A,
600693.SH,东百集团,1997-02-26,1.1708,1.1791,1.2165,1.1638,1.2054,2265100,19549000,0.0346,2.9586,8.6305,4.6469,424073670,N/A,1044068730,48744100,0,120007900,31.0646,2.8553,2.7364,N/A,
600693.SH,东百集团,1997-02-27,1.2054,1.2123,1.2137,1.1708,1.1777,1689100,14564000,-0.0277,-2.2989,8.6223,3.4652,414324850,N/A,1020067150,48744100,0,120007900,30.3505,2.7896,2.6735,N/A,
600693.SH,东百集团,1997-02-28,1.1777,1.1708,1.2123,1.1444,1.2123,1896900,16104000,0.0346,2.9412,8.4896,3.8915,426510875,N/A,1050069125,48744100,0,120007900,31.2432,2.8717,2.7521,N/A,
600693.SH,东百集团,1997-03-03,1.2123,1.2082,1.2705,1.1985,1.265,5444400,48797951,0.0527,4.3429,8.963,11.1694,445033633,N/A,1095672127,48744100,0,120007900,32.6,2.9964,2.8717,N/A,
600693.SH,东百集团,1997-03-04,1.265,1.2442,1.2705,1.2193,1.2497,3561200,31997998,-0.0152,-1.2048,8.9852,7.3059,439671782,N/A,1082471258,48744100,0,120007900,32.2072,2.9603,2.8371,N/A,
600693.SH,东百集团,1997-03-05,1.2497,1.2497,1.2969,1.2442,1.2456,5032700,45953265,-0.0042,-0.3326,9.1309,10.3247,438209459,N/A,1078871021,48744100,0,120007900,32.1001,2.9505,2.8276,N/A,
600693.SH,东百集团,1997-03-06,1.2456,1.24,1.3495,1.2373,1.3412,6414500,61148904,0.0956,7.6752,9.5329,13.1595,471842888,N/A,1161676472,48744100,0,120007900,34.5639,3.1769,3.0447,N/A,
600693.SH,东百集团,1997-03-07,1.3412,1.337,1.3606,1.2885,1.3052,3927900,37443329,-0.036,-2.686,9.5327,8.0582,459169422,N/A,1130474418,48744100,0,120007900,33.6355,3.0916,2.9629,N/A,
600693.SH,东百集团,1997-03-10,1.3052,1.3093,1.337,1.2885,1.301,2962700,28068343,-0.0042,-0.3185,9.4739,6.0781,457707099,N/A,1126874181,48744100,0,120007900,33.5284,3.0817,2.9534,N/A,
600693.SH,东百集团,1997-03-11,1.301,1.3163,1.355,1.301,1.3343,3573500,34388529,0.0333,2.5559,9.6232,7.3311,469405683,N/A,1155676077,48744100,0,120007900,34.3853,3.1605,3.0289,N/A,
600693.SH,东百集团,1997-03-12,1.3343,1.344,1.3481,1.2913,1.3301,2680400,25460945,-0.0042,-0.3115,9.4989,5.4989,467943360,N/A,1152075840,48744100,0,120007900,34.2782,3.1507,3.0195,N/A,
600693.SH,东百集团,1997-03-13,1.3301,1.344,1.3786,1.3135,1.362,4680200,45613982,0.0319,2.3958,9.7462,9.6016,479154503,N/A,1179677657,48744100,0,120007900,35.0995,3.2261,3.0918,N/A,
600693.SH,东百集团,1997-03-14,1.362,1.362,1.3689,1.2899,1.3301,2515000,24208332,-0.0319,-2.3398,9.6256,5.1596,467943360,N/A,1152075840,48744100,0,120007900,34.2782,3.1507,3.0195,N/A,
600693.SH,东百集团,1997-03-17,1.3301,1.3578,1.3828,1.3232,1.3647,3304300,32342134,0.0346,2.6042,9.7879,6.7789,480129385,N/A,1182077815,48744100,0,120007900,35.1709,3.2327,3.0981,N/A,
600693.SH,东百集团,1997-03-18,1.3647,1.3717,1.4243,1.3578,1.3855,4024200,40487740,0.0208,1.5228,10.0611,8.2558,487441000,N/A,1200079000,48744100,0,120007900,35.7065,3.2819,3.1453,N/A,
600693.SH,东百集团,1997-03-19,1.3855,1.3647,1.441,1.3647,1.3925,3825000,38770684,0.0069,0.5,10.1361,7.8471,489878205,N/A,1206079395,48744100,0,120007900,35.885,3.2983,3.161,N/A,
600693.SH,东百集团,1997-03-20,1.3925,1.4063,1.4132,1.3176,1.3232,2682700,26353528,-0.0693,-4.9751,9.8235,5.5036,465506155,N/A,1146075445,48744100,0,120007900,34.0997,3.1342,3.0038,N/A,
600693.SH,东百集团,1997-03-21,1.3232,1.3273,1.3855,1.3163,1.3744,2175800,21039076,0.0513,3.8743,9.6696,4.4637,483541472,N/A,1190478368,48744100,0,120007900,35.4208,3.2557,3.1201,N/A,
600693.SH,东百集团,1997-03-24,1.3744,1.38,1.4479,1.38,1.3952,4148100,42096787,0.0208,1.5121,10.1485,8.51,490853087,N/A,1208479553,48744100,0,120007900,35.9564,3.3049,3.1673,N/A,
600693.SH,东百集团,1997-03-25,1.3952,1.3994,1.4132,1.3578,1.3703,2119800,21116494,-0.0249,-1.7875,9.9616,4.3488,482079149,N/A,1186878131,48744100,0,120007900,35.3137,3.2458,3.1107,N/A,
600693.SH,东百集团,1997-03-26,1.3703,1.3828,1.4132,1.362,1.3689,2354000,23502136,-0.0014,-0.1011,9.9839,4.8293,481591708,N/A,1185678052,48744100,0,120007900,35.278,3.2426,3.1076,N/A,
600693.SH,东百集团,1997-03-27,1.3689,1.3855,1.5061,1.3786,1.5061,7007400,74358983,0.1372,10.0202,10.6115,14.3759,529848367,N/A,1304485873,48744100,0,120007900,38.8129,3.5675,3.419,N/A,
600693.SH,东百集团,1997-03-28,1.5061,1.5241,1.5504,1.4659,1.4978,4386600,47535018,-0.0083,-0.552,10.8364,8.9992,526923721,N/A,1297285399,48744100,0,120007900,38.5987,3.5478,3.4001,N/A,
600693.SH,东百集团,1997-03-31,1.4978,1.5102,1.6003,1.5102,1.5379,3779700,42656551,0.0402,2.6827,11.2857,7.7542,541059510,N/A,1332087690,48744100,0,120007900,39.6342,3.6429,3.4913,N/A,
600693.SH,东百集团,1997-04-01,1.5379,1.5393,1.5629,1.5061,1.5102,1792000,19712523,-0.0277,-1.8018,11.0003,3.6763,531310690,N/A,1308086110,48744100,0,120007900,38.92,3.5773,3.4284,N/A,
600693.SH,东百集团,1997-04-02,1.5102,1.5102,1.5837,1.5102,1.5324,2052500,22927127,0.0222,1.4679,11.1703,4.2108,539109746,N/A,1327287374,48744100,0,120007900,39.4913,3.6298,3.4787,N/A,
600693.SH,东百集团,1997-04-03,1.5324,1.5379,1.5587,1.4825,1.5379,2296600,25078688,0.0055,0.3617,10.9199,4.7115,541059510,N/A,1332087690,48744100,0,120007900,39.6342,3.6429,3.4913,N/A,
600693.SH,东百集团,1997-04-04,1.5379,1.5504,1.6211,1.4326,1.5421,4338000,49030510,0.0042,0.2703,11.3026,8.8995,542521833,N/A,1335687927,48744100,0,120007900,39.7413,3.6528,3.5007,N/A,
600693.SH,东百集团,1997-04-07,1.5421,1.5379,1.5643,1.5075,1.5532,4127200,45544118,0.0111,0.7188,11.0351,8.4671,546421361,N/A,1345288559,48744100,0,120007900,40.0269,3.679,3.5259,N/A,
600693.SH,东百集团,1997-04-08,1.5532,1.5518,1.6571,1.5102,1.6114,7222000,83332389,0.0582,3.7467,11.5387,14.8162,566893883,N/A,1395691877,48744100,0,120007900,41.5266,3.8169,3.658,N/A,
600693.SH,东百集团,1997-04-09,1.6114,1.664,1.664,1.5518,1.5864,6592000,75836866,-0.0249,-1.5477,11.5044,13.5237,558119945,N/A,1374090455,48744100,0,120007900,40.8839,3.7578,3.6014,N/A,
600693.SH,东百集团,1997-04-10,1.5864,1.6003,1.6058,1.531,1.5379,5242100,58772941,-0.0485,-3.0568,11.2117,10.7543,541059510,N/A,1332087690,48744100,0,120007900,39.6342,3.6429,3.4913,N/A,
600693.SH,东百集团,1997-04-11,1.5379,1.5241,1.6169,1.5102,1.6141,6669100,75639804,0.0762,4.955,11.3418,13.6819,567868765,N/A,1398092035,48744100,0,120007900,41.598,3.8235,3.6643,N/A,
600693.SH,东百集团,1997-04-14,1.6141,1.6834,1.7749,1.6765,1.7305,11421600,142872789,0.1164,7.2103,12.509,23.4318,608813809,N/A,1498898671,48744100,0,120007900,44.5974,4.0991,3.9285,N/A,
600693.SH,东百集团,1997-04-15,1.7305,1.7111,1.743,1.6806,1.7319,3715600,45993876,0.0014,0.0801,12.3786,7.6227,609301250,N/A,1500098750,48744100,0,120007900,44.6331,4.1024,3.9316,N/A,
600693.SH,东百集团,1997-04-16,1.7319,1.7458,1.7596,1.7111,1.7305,3324900,41548497,-0.0014,-0.08,12.4962,6.8211,608813809,N/A,1498898671,48744100,0,120007900,44.5974,4.0991,3.9285,N/A,
600693.SH,东百集团,1997-04-17,1.7305,1.7347,1.7485,1.6903,1.7125,2169700,26854739,-0.018,-1.0408,12.3772,4.4512,602477076,N/A,1483297644,48744100,0,120007900,44.1332,4.0565,3.8876,N/A,
600693.SH,东百集团,1997-04-18,1.7125,1.7153,1.822,1.7042,1.7901,3473300,44106945,0.0776,4.5307,12.6989,7.1256,629773772,N/A,1550502068,48744100,0,120007900,46.1328,4.2403,4.0637,N/A,
600693.SH,东百集团,1997-04-21,1.7901,1.8192,1.8358,1.7749,1.7873,3344200,43435225,-0.0028,-0.1548,12.9882,6.8607,628798890,N/A,1548101910,48744100,0,120007900,46.0613,4.2337,4.0574,N/A,
600693.SH,东百集团,1997-04-22,1.7873,1.7873,1.7887,1.7333,1.7804,2842200,36108944,-0.0069,-0.3876,12.7046,5.8309,626361685,N/A,1542101515,48744100,0,120007900,45.8828,4.2173,4.0417,N/A,
600693.SH,东百集团,1997-04-23,1.7804,1.7804,1.7873,1.7347,1.7569,2760800,34908192,-0.0236,-1.323,12.6442,5.6639,618075188,N/A,1521700172,48744100,0,120007900,45.2758,4.1615,3.9883,N/A,
600693.SH,东百集团,1997-04-24,1.7569,1.7319,1.7749,1.7042,1.7749,2653100,33114115,0.018,1.0252,12.4813,5.4429,624411921,N/A,1537301199,48744100,0,120007900,45.74,4.2042,4.0291,N/A,
600693.SH,东百集团,1997-04-25,1.7749,1.7804,1.7943,1.6017,1.7305,4510000,56813567,-0.0443,-2.498,12.5972,9.2524,608813809,N/A,1498898671,48744100,0,120007900,44.5974,4.0991,3.9285,N/A,
600693.SH,东百集团,1997-04-28,1.7305,1.7319,1.7735,1.6626,1.6737,2804200,34502224,-0.0568,-3.2826,12.3038,5.7529,588828728,N/A,1449695432,48744100,0,120007900,43.1334,3.9646,3.7995,N/A,
600693.SH,东百集团,1997-04-29,1.6737,1.6737,1.7278,1.6349,1.7181,2328700,28319285,0.0443,2.649,12.161,4.7774,604426840,N/A,1488097960,48744100,0,120007900,44.276,4.0696,3.9002,N/A,
600693.SH,东百集团,1997-04-30,1.7181,1.7333,1.7527,1.6903,1.7319,1883700,23412251,0.0139,0.8065,12.4289,3.8645,609301250,N/A,1500098750,48744100,0,120007900,44.6331,4.1024,3.9316,N/A,
600693.SH,东百集团,1997-05-05,1.7319,1.7319,1.822,1.7278,1.7735,3038400,39023683,0.0416,2.4,12.8435,6.2334,623924480,N/A,1536101120,48744100,0,120007900,45.7043,4.2009,4.026,N/A,
600693.SH,东百集团,1997-05-06,1.7735,1.7943,1.858,1.7596,1.8358,4221600,55404956,0.0623,3.5156,13.1242,8.6607,645859325,N/A,1590104675,48744100,0,120007900,47.3111,4.3486,4.1675,N/A,
600693.SH,东百集团,1997-05-07,1.8358,1.8566,1.8635,1.7707,1.7873,2672100,34658549,-0.0485,-2.6415,12.9705,5.4819,628798890,N/A,1548101910,48744100,0,120007900,46.0613,4.2337,4.0574,N/A,
600693.SH,东百集团,1997-05-08,1.7873,1.8012,1.8012,1.6211,1.6751,3330800,41654233,-0.1122,-6.2791,12.5058,6.8332,589316169,N/A,1450895511,48744100,0,120007900,43.1691,3.9679,3.8027,N/A,
600693.SH,东百集团,1997-05-09,1.6751,1.6751,1.6751,1.6751,1.6751,N/A,N/A,0,0,N/A,N/A,589316169,N/A,1450895511,48744100,0,120007900,43.1691,3.9679,3.8027,N/A,
600693.SH,东百集团,1997-05-12,1.6751,1.8428,1.8428,1.6141,1.6488,3533600,42277830,-0.0263,-1.5715,11.9645,7.2493,580054790,N/A,1428094010,48744100,0,120007900,42.4907,3.9055,3.7429,N/A,
600693.SH,东百集团,1997-05-13,1.6488,1.6626,1.6626,1.5532,1.6225,3693500,42571921,-0.0263,-1.5966,11.5262,7.5773,570793411,N/A,1405292509,48744100,0,120007900,41.8123,3.8431,3.6832,N/A,
600693.SH,东百集团,1997-05-14,1.6225,1.6211,1.6211,1.5449,1.5587,1846800,21103565,-0.0637,-3.9283,11.4271,3.7888,548371125,N/A,1350088875,48744100,0,120007900,40.1698,3.6922,3.5385,N/A,
600693.SH,东百集团,1997-05-15,1.5587,1.549,1.6058,1.531,1.5795,1214900,13744740,0.0208,1.3333,11.3135,2.4924,555682740,N/A,1368090060,48744100,0,120007900,40.7054,3.7414,3.5857,N/A,
600693.SH,东百集团,1997-05-16,1.5795,1.4216,1.5379,1.4216,1.4216,1391400,14684734,-0.158,-10,10.5539,2.8545,500114466,N/A,1231281054,48744100,0,120007900,36.6348,3.3673,3.2271,N/A,
600693.SH,东百集团,1997-05-19,1.4216,1.4271,1.4548,1.3592,1.4077,774600,7842378,-0.0139,-0.9747,10.1244,1.5891,495240056,N/A,1219280264,48744100,0,120007900,36.2778,3.3344,3.1956,N/A,
600693.SH,东百集团,1997-05-20,1.4077,1.4202,1.4548,1.398,1.4202,1150500,11823508,0.0125,0.8858,10.2768,2.3603,499627025,N/A,1230080975,48744100,0,120007900,36.5991,3.364,3.2239,N/A,
600693.SH,东百集团,1997-05-21,1.4202,1.4202,1.4326,1.3481,1.3509,1109100,10995052,-0.0693,-4.878,9.9135,2.2754,475254975,N/A,1170077025,48744100,0,120007900,34.8138,3.1999,3.0667,N/A,
600693.SH,东百集团,1997-05-22,1.3509,1.2581,1.2747,1.2165,1.2165,837100,7440071,-0.1344,-9.9487,8.8879,1.7173,427973198,N/A,1053669362,48744100,0,120007900,31.3503,2.8815,2.7616,N/A,
600693.SH,东百集团,1997-05-23,1.2165,1.1916,1.2317,1.1638,1.1916,1254100,10749210,-0.0249,-2.0501,8.5713,2.5728,419199260,N/A,1032067940,48744100,0,120007900,30.7076,2.8225,2.705,N/A,
600693.SH,东百集团,1997-05-26,1.1916,1.2193,1.247,1.1791,1.2387,798300,6991796,0.0471,3.9535,8.7584,1.6377,435772254,N/A,1072870626,48744100,0,120007900,31.9216,2.934,2.8119,N/A,
600693.SH,东百集团,1997-05-27,1.2387,1.247,1.2664,1.2193,1.24,730600,6535926,0.0014,0.1119,8.946,1.4988,436259695,N/A,1074070705,48744100,0,120007900,31.9573,2.9373,2.8151,N/A,
600693.SH,东百集团,1997-05-28,1.24,1.2387,1.3135,1.2193,1.2608,769500,7097364,0.0208,1.676,9.2233,1.5787,443571310,N/A,1092071890,48744100,0,120007900,32.4929,2.9866,2.8622,N/A,
600693.SH,东百集团,1997-05-29,1.2608,1.2581,1.2733,1.2331,1.2331,904900,8183970,-0.0277,-2.1978,9.0441,1.8564,433822490,N/A,1068070310,48744100,0,120007900,31.7788,2.9209,2.7993,N/A,
600693.SH,东百集团,1997-05-30,1.2331,1.2331,1.2608,1.2193,1.2608,600200,5364861,0.0277,2.2472,8.9385,1.2313,443571310,N/A,1092071890,48744100,0,120007900,32.4929,2.9866,2.8622,N/A,
600693.SH,东百集团,1997-06-02,1.2608,1.2885,1.3467,1.2747,1.3163,1185900,11171613,0.0554,4.3956,9.4204,2.4329,463068950,N/A,1140075050,48744100,0,120007900,33.9211,3.1178,2.988,N/A,
600693.SH,东百集团,1997-06-03,1.3163,1.3232,1.3301,1.2747,1.2996,862600,8076423,-0.0166,-1.2632,9.3629,1.7697,457219658,N/A,1125674102,48744100,0,120007900,33.4927,3.0785,2.9503,N/A,
600693.SH,东百集团,1997-06-04,1.2996,1.2996,1.3232,1.2913,1.3024,776400,7307868,0.0028,0.2132,9.4125,1.5928,458194540,N/A,1128074260,48744100,0,120007900,33.5641,3.085,2.9566,N/A,
600693.SH,东百集团,1997-06-05,1.3024,1.3024,1.3647,1.2982,1.3509,1711300,16580735,0.0485,3.7234,9.689,3.5108,475254975,N/A,1170077025,48744100,0,120007900,34.8138,3.1999,3.0667,N/A,
600693.SH,东百集团,1997-06-06,1.3509,1.2193,1.2996,1.2193,1.247,1448700,13146358,-0.1039,-7.6923,9.0746,2.9721,438696900,N/A,1080071100,48744100,0,120007900,32.1358,2.9537,2.8308,N/A,
600693.SH,东百集团,1997-06-09,1.247,1.2608,1.2885,1.2497,1.2872,555300,5091294,0.0402,3.2222,9.1685,1.1392,452832689,N/A,1114873391,48744100,0,120007900,33.1713,3.0489,2.922,N/A,
600693.SH,东百集团,1997-06-10,1.2872,1.2969,1.3024,1.2193,1.2193,383900,3488079,-0.0679,-5.2745,9.0859,0.7876,428948080,N/A,1056069520,48744100,0,120007900,31.4217,2.8881,2.7679,N/A,
600693.SH,东百集团,1997-06-11,1.2193,1.247,1.247,1.1638,1.2193,511500,4438276,0,0,8.677,1.0494,428948080,N/A,1056069520,48744100,0,120007900,31.4217,2.8881,2.7679,N/A,
600693.SH,东百集团,1997-06-12,1.2193,1.2359,1.2428,1.2026,1.2207,435600,3851981,0.0014,0.1136,8.8429,0.8936,429435521,N/A,1057269599,48744100,0,120007900,31.4574,2.8914,2.771,N/A,
600693.SH,东百集团,1997-06-13,1.2207,1.1361,1.24,1.1361,1.229,949900,8342781,0.0083,0.681,8.7828,1.9487,432360167,N/A,1064470073,48744100,0,120007900,31.6716,2.9111,2.7899,N/A,
600693.SH,东百集团,1997-06-16,1.229,1.2305,1.2542,1.199,1.2384,620200,4856878,0.0095,0.7702,7.8311,1.1567,420905303.5,N/A,1036268216.5,53618510,0,132008690,30.8325,2.834,2.716,N/A,
600693.SH,东百集团,1997-06-17,1.2384,1.2227,1.2447,1.199,1.2037,406500,3137081,-0.0347,-2.8025,7.7173,0.7581,409109231.3,N/A,1007226304.7,53618510,0,132008690,29.9684,2.7545,2.6399,N/A,
600693.SH,东百集团,1997-06-18,1.2037,1.2037,1.229,1.1785,1.1832,417800,3141509,-0.0205,-1.7038,7.5192,0.7792,402138825,N/A,990065175,53618510,0,132008690,29.4578,2.7076,2.5949,N/A,
600693.SH,东百集团,1997-06-19,1.1832,1.1753,1.199,1.1375,1.1375,386700,2868162,-0.0458,-3.8667,7.417,0.7212,386589457.1,N/A,951782654.9,53618510,0,132008690,28.3188,2.6029,2.4945,N/A,
600693.SH,东百集团,1997-06-20,1.1375,1.1832,1.2337,1.1438,1.2179,793600,6012208,0.0805,7.0735,7.5759,1.4801,413934897.2,N/A,1019107086.8,53618510,0,132008690,30.3219,2.787,2.671,N/A,
600693.SH,东百集团,1997-06-23,1.2179,1.2511,1.2605,1.1375,1.1674,843300,6381533,-0.0505,-4.1451,7.5673,1.5728,396776974,N/A,976864306,53618510,0,132008690,29.0651,2.6715,2.5603,N/A,
600693.SH,东百集团,1997-06-24,1.1674,1.1832,1.2779,1.1737,1.2779,1121600,8726862,0.1104,9.4595,7.7807,2.0918,434309931,N/A,1069270389,53618510,0,132008690,31.8145,2.9242,2.8025,N/A,
600693.SH,东百集团,1997-06-25,1.2779,1.2779,1.3,1.2384,1.2684,1395500,11280300,-0.0095,-0.7407,8.0833,2.6026,431092820.4,N/A,1061349867.6,53618510,0,132008690,31.5788,2.9025,2.7817,N/A,
600693.SH,东百集团,1997-06-26,1.2684,1.2621,1.2621,1.2069,1.2069,601100,4721239,-0.0615,-4.8507,7.8543,1.1211,410181601.5,N/A,1009866478.5,53618510,0,132008690,30.047,2.7617,2.6468,N/A,
600693.SH,东百集团,1997-06-27,1.2069,1.2321,1.2447,1.1517,1.1722,906600,6811556,-0.0347,-2.8758,7.5133,1.6908,398385529.3,N/A,980824566.7,53618510,0,132008690,29.1829,2.6823,2.5707,N/A,
600693.SH,东百集团,1997-07-02,1.1722,1.199,1.2021,1.0602,1.1012,525400,3721265,-0.071,-6.0565,7.0827,0.9799,374257199.8,N/A,921420656.2,53618510,0,132008690,27.4154,2.5199,2.415,N/A,
600693.SH,东百集团,1997-07-03,1.1012,1.1012,1.1012,1.046,1.0491,550600,3684984,-0.0521,-4.7278,6.6927,1.0269,356563091.5,N/A,877857788.5,53618510,0,132008690,26.1193,2.4007,2.3008,N/A,
600693.SH,东百集团,1997-07-04,1.0491,1.0412,1.0807,1.0286,1.0807,436600,2929603,0.0316,3.0075,6.71,0.8143,367286793.5,N/A,904259526.5,53618510,0,132008690,26.9048,2.4729,2.37,N/A,
600693.SH,东百集团,1997-07-07,1.0807,1.0807,1.0886,0.9781,0.9892,523400,3387147,-0.0915,-8.4672,6.4714,0.9762,336188057.7,N/A,827694486.3,53618510,0,132008690,24.6267,2.2636,2.1693,N/A,
600693.SH,东百集团,1997-07-08,0.9892,0.9813,1.0097,0.9466,0.9939,674900,4186453,0.0047,0.4785,6.2031,1.2587,337796613,N/A,831654747,53618510,0,132008690,24.7446,2.2744,2.1797,N/A,
600693.SH,东百集团,1997-07-09,0.9939,0.9971,1.0286,0.9545,1.0255,813000,5144650,0.0316,3.1746,6.328,1.5163,348520315,N/A,858056485,53618510,0,132008690,25.5301,2.3466,2.2489,N/A,
600693.SH,东百集团,1997-07-10,1.0255,1.0113,1.0397,0.9939,1.0065,521600,3386550,-0.0189,-1.8462,6.4926,0.9728,342086093.8,N/A,842215442.2,53618510,0,132008690,25.0588,2.3033,2.2074,N/A,
600693.SH,东百集团,1997-07-11,1.0065,0.9939,1.0412,0.9797,1.0381,498300,3214714,0.0316,3.1348,6.4514,0.9293,352809795.8,N/A,868617180.2,53618510,0,132008690,25.8443,2.3755,2.2766,N/A,
600693.SH,东百集团,1997-07-14,1.0381,1.0333,1.1043,1.0333,1.0886,1112500,7509714,0.0505,4.8632,6.7503,2.0748,369967719,N/A,910859961,53618510,0,132008690,27.1012,2.491,2.3873,N/A,
600693.SH,东百集团,1997-07-15,1.0886,1.1028,1.128,1.0759,1.1138,1191300,8381774,0.0252,2.3188,7.0358,2.2218,378546680.6,N/A,931981351.4,53618510,0,132008690,27.7296,2.5488,2.4426,N/A,
600693.SH,东百集团,1997-07-16,1.1138,1.1138,1.1485,1.0933,1.1106,1172300,8292174,-0.0032,-0.2833,7.0734,2.1864,377474310.4,N/A,929341177.6,53618510,0,132008690,27.6511,2.5415,2.4357,N/A,
600693.SH,东百集团,1997-07-17,1.1106,1.1248,1.1659,1.1138,1.1517,1794100,13040197,0.041,3.6932,7.2684,3.346,391415123,N/A,963663437,53618510,0,132008690,28.6723,2.6354,2.5257,N/A,
600693.SH,东百集团,1997-07-18,1.1517,1.1674,1.1753,1.1359,1.1517,679900,4953198,0,0,7.2852,1.268,391415123,N/A,963663437,53618510,0,132008690,28.6723,2.6354,2.5257,N/A,
600693.SH,东百集团,1997-07-21,1.1517,1.1517,1.1643,1.1201,1.1296,727900,5249854,-0.0221,-1.9178,7.2123,1.3576,383908531.6,N/A,945182220.4,53618510,0,132008690,28.1224,2.5849,2.4772,N/A,
600693.SH,东百集团,1997-07-22,1.1296,1.1296,1.2085,1.1138,1.199,1492100,10982283,0.0694,6.1453,7.3603,2.7828,407500676,N/A,1003266044,53618510,0,132008690,29.8506,2.7437,2.6295,N/A,
600693.SH,东百集团,1997-07-23,1.199,1.2116,1.281,1.2069,1.2258,3136100,24912638,0.0268,2.2368,7.9438,5.8489,416615822.7,N/A,1025707521.3,53618510,0,132008690,30.5183,2.8051,2.6883,N/A,
600693.SH,东百集团,1997-07-24,1.2258,1.2021,1.27,1.2021,1.24,1798100,14253938,0.0142,1.1583,7.9272,3.3535,421441488.6,N/A,1037588303.4,53618510,0,132008690,30.8718,2.8376,2.7194,N/A,
600693.SH,东百集团,1997-07-25,1.24,1.24,1.2542,1.2021,1.2305,1042100,8133270,-0.0095,-0.7634,7.8047,1.9435,418224378,N/A,1029667782,53618510,0,132008690,30.6361,2.8159,2.6987,N/A,
600693.SH,东百集团,1997-07-28,1.2305,1.2274,1.2842,1.1832,1.2384,1518400,11966982,0.0079,0.641,7.8813,2.8319,420905303.5,N/A,1036268216.5,53618510,0,132008690,30.8325,2.834,2.716,N/A,
600693.SH,东百集团,1997-07-29,1.2384,1.2369,1.2542,1.2116,1.2432,910400,7130627,0.0047,0.3822,7.8324,1.6979,422513858.8,N/A,1040228477.2,53618510,0,132008690,30.9504,2.8448,2.7264,N/A,
600693.SH,东百集团,1997-07-30,1.2432,1.2621,1.3094,1.2447,1.3015,2021700,16458679,0.0584,4.6954,8.141,3.7705,442352707.5,N/A,1089071692.5,53618510,0,132008690,32.4036,2.9784,2.8544,N/A,
600693.SH,东百集团,1997-07-31,1.3015,1.3031,1.3094,1.2747,1.2842,1223500,10007200,-0.0174,-1.3333,8.1792,2.2819,436454671.4,N/A,1074550736.6,53618510,0,132008690,31.9716,2.9386,2.8163,N/A,
600693.SH,东百集团,1997-08-01,1.2842,1.2842,1.2873,1.2463,1.2621,722700,5788816,-0.0221,-1.7199,8.01,1.3479,428948080,N/A,1056069520,53618510,0,132008690,31.4217,2.8881,2.7679,N/A,
600693.SH,东百集团,1997-08-04,1.2621,1.3063,1.3063,1.27,1.2794,1113300,9099782,0.0174,1.375,8.1737,2.0763,434846116.1,N/A,1070590475.9,53618510,0,132008690,31.8537,2.9278,2.8059,N/A,
600693.SH,东百集团,1997-08-05,1.2794,1.281,1.2905,1.2432,1.2589,908700,7262956,-0.0205,-1.603,7.9927,1.6948,427875709.8,N/A,1053429346.2,53618510,0,132008690,31.3431,2.8809,2.761,N/A,
600693.SH,东百集团,1997-08-06,1.2589,1.2589,1.2621,1.2148,1.2195,646500,5098537,-0.0394,-3.1328,7.8864,1.2057,414471082.3,N/A,1020427173.7,53618510,0,132008690,30.3612,2.7906,2.6745,N/A,
600693.SH,东百集团,1997-08-07,1.2195,1.2227,1.3015,1.2037,1.2952,1146900,9166637,0.0757,6.2096,7.9925,2.139,440207967.1,N/A,1083791344.9,53618510,0,132008690,32.2465,2.9639,2.8405,N/A,
600693.SH,东百集团,1997-08-08,1.2952,1.2936,1.3252,1.2605,1.2668,1294100,10670457,-0.0284,-2.1924,8.2455,2.4135,430556635.3,N/A,1060029780.7,53618510,0,132008690,31.5395,2.8989,2.7783,N/A,
600693.SH,东百集团,1997-08-11,1.2668,1.2779,1.3252,1.2763,1.311,2137700,17628019,0.0442,3.4869,8.2463,3.9869,445569818.1,N/A,1096992213.9,53618510,0,132008690,32.6393,3,2.8751,N/A,
600693.SH,东百集团,1997-08-12,1.311,1.3094,1.322,1.27,1.2747,926900,7646207,-0.0363,-2.7677,8.2492,1.7287,433237560.8,N/A,1066630215.2,53618510,0,132008690,31.7359,2.917,2.7956,N/A,
600693.SH,东百集团,1997-08-13,1.2747,1.2731,1.3015,1.2432,1.2589,612900,4934592,-0.0158,-1.2376,8.0512,1.1431,427875709.8,N/A,1053429346.2,53618510,0,132008690,31.3431,2.8809,2.761,N/A,
600693.SH,东百集团,1997-08-14,1.2589,1.2794,1.3725,1.2653,1.3394,1925300,16106953,0.0805,6.391,8.3659,3.5907,455221149.9,N/A,1120753778.1,53618510,0,132008690,33.3463,3.065,2.9374,N/A,
600693.SH,东百集团,1997-08-15,1.3394,1.3441,1.3489,1.2763,1.2936,773700,6392615,-0.0458,-3.4158,8.2624,1.443,439671782,N/A,1082471258,53618510,0,132008690,32.2072,2.9603,2.8371,N/A,
600693.SH,东百集团,1997-08-18,1.2936,1.3063,1.3094,1.27,1.3015,502500,4127871,0.0079,0.6098,8.2147,0.9372,442352707.5,N/A,1089071692.5,53618510,0,132008690,32.4036,2.9784,2.8544,N/A,
600693.SH,东百集团,1997-08-19,1.3015,1.3015,1.3299,1.2716,1.2936,863300,7108216,-0.0079,-0.6061,8.2338,1.6101,439671782,N/A,1082471258,53618510,0,132008690,32.2072,2.9603,2.8371,N/A,
600693.SH,东百集团,1997-08-20,1.2936,1.2905,1.3094,1.2858,1.2936,361200,2967099,0,0,8.2146,0.6736,439671782,N/A,1082471258,53618510,0,132008690,32.2072,2.9603,2.8371,N/A,
600693.SH,东百集团,1997-08-21,1.2936,1.3015,1.3457,1.2952,1.3173,1369100,11494468,0.0237,1.8293,8.3956,2.5534,447714558.5,N/A,1102272561.5,53618510,0,132008690,32.7964,3.0145,2.889,N/A,
600693.SH,东百集团,1997-08-22,1.3173,1.3252,1.3883,1.3173,1.3568,2206000,18977991,0.0394,2.994,8.6029,4.1143,461119186,N/A,1135274734,53618510,0,132008690,33.7783,3.1047,2.9755,N/A,
600693.SH,东百集团,1997-08-25,1.3568,1.4041,1.4467,1.3725,1.4262,4103300,36733266,0.0694,5.1163,8.9521,7.6528,484711330.4,N/A,1193358557.6,53618510,0,132008690,35.5065,3.2636,3.1277,N/A,
600693.SH,东百集团,1997-08-26,1.4262,1.4356,1.4483,1.3978,1.4135,2601300,23414783,-0.0126,-0.885,9.0012,4.8515,480421849.6,N/A,1182797862.4,53618510,0,132008690,35.1923,3.2347,3.1,N/A,
600693.SH,东百集团,1997-08-27,1.4135,1.4151,1.4435,1.4009,1.4404,1467500,13209237,0.0268,1.8973,9.0012,2.7369,489536996.3,N/A,1205239339.7,53618510,0,132008690,35.86,3.296,3.1588,N/A,
600693.SH,东百集团,1997-08-28,1.4404,1.4277,1.4419,1.4167,1.4341,1159000,10470682,-0.0063,-0.4381,9.0342,2.1616,487392255.9,N/A,1199958992.1,53618510,0,132008690,35.7029,3.2816,3.145,N/A,
600693.SH,东百集团,1997-08-29,1.4341,1.4514,1.4514,1.4057,1.4356,1067900,9660380,0.0016,0.11,9.0461,1.9917,487928441,N/A,1201279079,53618510,0,132008690,35.7422,3.2852,3.1485,N/A,
600693.SH,东百集团,1997-09-01,1.4356,1.4356,1.4419,1.4183,1.4277,1051600,9492182,-0.0079,-0.5495,9.0264,1.9613,485247515.5,N/A,1194678644.5,53618510,0,132008690,35.5458,3.2672,3.1312,N/A,
600693.SH,东百集团,1997-09-02,1.4277,1.4214,1.483,1.4214,1.4593,1529700,14172066,0.0316,2.2099,9.2646,2.8529,495971217.5,N/A,1221080382.5,53618510,0,132008690,36.3313,3.3394,3.2004,N/A,
600693.SH,东百集团,1997-09-03,1.4593,1.4483,1.4672,1.4309,1.4656,861900,7912374,0.0063,0.4324,9.1802,1.6075,498115957.9,N/A,1226360730.1,53618510,0,132008690,36.4884,3.3538,3.2142,N/A,
600693.SH,东百集团,1997-09-04,1.4656,1.4656,1.4751,1.4435,1.4609,929400,8567675,-0.0047,-0.3229,9.2185,1.7334,496507402.6,N/A,1222400469.4,53618510,0,132008690,36.3706,3.343,3.2038,N/A,
600693.SH,东百集团,1997-09-05,1.4609,1.4593,1.4593,1.4325,1.4372,788000,7194785,-0.0237,-1.6199,9.1304,1.4696,488464626.1,N/A,1202599165.9,53618510,0,132008690,35.7814,3.2888,3.1519,N/A,
600693.SH,东百集团,1997-09-08,1.4372,1.4341,1.4419,1.4041,1.4246,948800,8518915,-0.0126,-0.8782,8.9786,1.7695,484175145.3,N/A,1192038470.7,53618510,0,132008690,35.4672,3.2599,3.1242,N/A,
600693.SH,东百集团,1997-09-09,1.4246,1.4199,1.4341,1.3883,1.3883,949900,8463308,-0.0363,-2.5471,8.9097,1.7716,471842888,N/A,1161676472,53618510,0,132008690,34.5639,3.1769,3.0447,N/A,
600693.SH,东百集团,1997-09-10,1.3883,1.3568,1.4183,1.3568,1.4151,922700,8109400,0.0268,1.9318,8.7888,1.7209,480958034.7,N/A,1184117949.3,53618510,0,132008690,35.2316,3.2383,3.1035,N/A,
600693.SH,东百集团,1997-09-11,1.4151,1.4199,1.4277,1.3788,1.3804,700900,6198863,-0.0347,-2.4526,8.8441,1.3072,469161962.5,N/A,1155076037.5,53618510,0,132008690,34.3675,3.1589,3.0274,N/A,
600693.SH,东百集团,1997-09-12,1.3804,1.3852,1.3883,1.3268,1.3315,848700,7312953,-0.0489,-3.5429,8.6167,1.5828,452540224.4,N/A,1114153343.6,53618510,0,132008690,33.1499,3.0469,2.9201,N/A,
600693.SH,东百集团,1997-09-15,1.3315,1.3331,1.3473,1.2858,1.2921,829800,6862422,-0.0394,-2.9621,8.27,1.5476,439135596.9,N/A,1081151171.1,53618510,0,132008690,32.168,2.9567,2.8336,N/A,
600693.SH,东百集团,1997-09-16,1.2921,1.2794,1.3142,1.27,1.2842,678000,5521055,-0.0079,-0.6105,8.1431,1.2645,436454671.4,N/A,1074550736.6,53618510,0,132008690,31.9716,2.9386,2.8163,N/A,
600693.SH,东百集团,1997-09-17,1.2842,1.2858,1.2936,1.2653,1.2747,561100,4532602,-0.0095,-0.7371,8.0781,1.0465,433237560.8,N/A,1066630215.2,53618510,0,132008690,31.7359,2.917,2.7956,N/A,
600693.SH,东百集团,1997-09-18,1.2747,1.3063,1.3236,1.2858,1.2984,356000,2932795,0.0237,1.8564,8.2382,0.6639,441280337.3,N/A,1086431518.7,53618510,0,132008690,32.3251,2.9711,2.8474,N/A,
600693.SH,东百集团,1997-09-19,1.2984,1.3063,1.3173,1.2936,1.3078,309700,2561570,0.0095,0.729,8.2711,0.5776,444497447.9,N/A,1094352040.1,53618510,0,132008690,32.5607,2.9928,2.8682,N/A,
600693.SH,东百集团,1997-09-22,1.3078,1.3015,1.3015,1.2148,1.2227,585400,4659000,-0.0852,-6.5139,7.9587,1.0918,415543452.5,N/A,1023067347.5,53618510,0,132008690,30.4398,2.7978,2.6814,N/A,
600693.SH,东百集团,1997-09-23,1.2227,1.2053,1.2384,1.1217,1.1438,538200,4015587,-0.0789,-6.4516,7.4611,1.0038,388734197.5,N/A,957063002.5,53618510,0,132008690,28.4759,2.6173,2.5084,N/A,
600693.SH,东百集团,1997-09-24,1.1438,1.1596,1.2495,1.1596,1.2479,1076600,8327449,0.1041,9.1034,7.735,2.0079,424122414.1,N/A,1044188737.9,53618510,0,132008690,31.0682,2.8556,2.7367,N/A,
600693.SH,东百集团,1997-09-25,1.2479,1.2558,1.2716,1.2463,1.2542,740000,5897403,0.0063,0.5057,7.9695,1.3801,426267154.5,N/A,1049469085.5,53618510,0,132008690,31.2253,2.8701,2.7506,N/A,
600693.SH,东百集团,1997-09-26,1.2542,1.2542,1.2621,1.2305,1.2463,373300,2942241,-0.0079,-0.6289,7.8817,0.6962,423586229,N/A,1042868651,53618510,0,132008690,31.0289,2.852,2.7333,N/A,
600693.SH,东百集团,1997-09-29,1.2463,1.2479,1.2495,1.2116,1.2274,380700,2961038,-0.0189,-1.519,7.7779,0.71,417152007.8,N/A,1027027608.2,53618510,0,132008690,30.5576,2.8087,2.6918,N/A,
600693.SH,东百集团,1997-09-30,1.2274,1.2305,1.2558,1.2305,1.2384,249500,1965814,0.011,0.8997,7.879,0.4653,420905303.5,N/A,1036268216.5,53618510,0,132008690,30.8325,2.834,2.716,N/A,
600693.SH,东百集团,1997-10-06,1.2384,1.2495,1.2542,1.2337,1.2432,171200,1348339,0.0047,0.3822,7.8758,0.3193,422513858.8,N/A,1040228477.2,53618510,0,132008690,30.9504,2.8448,2.7264,N/A,
600693.SH,东百集团,1997-10-07,1.2432,1.2463,1.2463,1.2258,1.2369,84500,661516,-0.0063,-0.5076,7.8286,0.1576,420369118.4,N/A,1034948129.6,53618510,0,132008690,30.7933,2.8303,2.7125,N/A,
600693.SH,东百集团,1997-10-08,1.2369,1.2558,1.2858,1.2542,1.27,381500,3067077,0.0331,2.6786,8.0395,0.7115,431629005.5,N/A,1062669954.5,53618510,0,132008690,31.6181,2.9062,2.7852,N/A,
600693.SH,东百集团,1997-10-09,1.27,1.27,1.27,1.2574,1.2605,339500,2717078,-0.0095,-0.7453,8.0032,0.6332,428411894.9,N/A,1054749433.1,53618510,0,132008690,31.3824,2.8845,2.7644,N/A,
600693.SH,东百集团,1997-10-10,1.2605,1.2463,1.2858,1.2463,1.2653,159100,1278541,0.0047,0.3755,8.0361,0.2967,430020450.2,N/A,1058709693.8,53618510,0,132008690,31.5002,2.8953,2.7748,N/A,
600693.SH,东百集团,1997-10-13,1.2653,1.27,1.2779,1.2542,1.2542,329400,2634487,-0.011,-0.8728,7.9978,0.6143,426267154.5,N/A,1049469085.5,53618510,0,132008690,31.2253,2.8701,2.7506,N/A,
600693.SH,东百集团,1997-10-14,1.2542,1.2432,1.2463,1.2384,1.2432,187700,1477827,-0.011,-0.8805,7.8733,0.3501,422513858.8,N/A,1040228477.2,53618510,0,132008690,30.9504,2.8448,2.7264,N/A,
600693.SH,东百集团,1997-10-15,1.2432,1.2621,1.2779,1.2463,1.2779,237600,1893954,0.0347,2.7919,7.9712,0.4431,434309931,N/A,1069270389,53618510,0,132008690,31.8145,2.9242,2.8025,N/A,
600693.SH,东百集团,1997-10-16,1.2779,1.27,1.3063,1.27,1.3063,490800,4011054,0.0284,2.2222,8.1725,0.9154,443961262.8,N/A,1093031953.2,53618510,0,132008690,32.5214,2.9892,2.8647,N/A,
600693.SH,东百集团,1997-10-17,1.3063,1.2936,1.3252,1.2542,1.3252,850100,7042876,0.0189,1.4493,8.2848,1.5855,450395484,N/A,1108872996,53618510,0,132008690,32.9928,3.0325,2.9063,N/A,
600693.SH,东百集团,1997-10-20,1.3252,1.3252,1.3268,1.3047,1.3252,590900,4924805,0,0,8.3344,1.102,450395484,N/A,1108872996,53618510,0,132008690,32.9928,3.0325,2.9063,N/A,
600693.SH,东百集团,1997-10-21,1.3252,1.322,1.322,1.2905,1.2968,430800,3553386,-0.0284,-2.1429,8.2483,0.8035,440744152.2,N/A,1085111431.8,53618510,0,132008690,32.2858,2.9675,2.844,N/A,
600693.SH,东百集团,1997-10-22,1.2968,1.2968,1.3173,1.2731,1.281,805100,6582343,-0.0158,-1.2165,8.1758,1.5015,435382301.2,N/A,1071910562.8,53618510,0,132008690,31.893,2.9314,2.8094,N/A,
600693.SH,东百集团,1997-10-23,1.281,1.2936,1.3094,1.2653,1.3063,731000,5988835,0.0252,1.9704,8.1927,1.3633,443961262.8,N/A,1093031953.2,53618510,0,132008690,32.5214,2.9892,2.8647,N/A,
600693.SH,东百集团,1997-10-24,1.3063,1.2936,1.3094,1.2621,1.3063,501600,4063159,0,0,8.1004,0.9355,443961262.8,N/A,1093031953.2,53618510,0,132008690,32.5214,2.9892,2.8647,N/A,
600693.SH,东百集团,1997-10-27,1.3063,1.3015,1.3568,1.2858,1.3568,1939400,16362714,0.0505,3.8647,8.437,3.617,461119186,N/A,1135274734,53618510,0,132008690,33.7783,3.1047,2.9755,N/A,
600693.SH,东百集团,1997-10-28,1.3568,1.3568,1.3568,1.27,1.2731,860200,7102895,-0.0836,-6.1628,8.2573,1.6043,432701375.7,N/A,1065310128.3,53618510,0,132008690,31.6966,2.9134,2.7921,N/A,
600693.SH,东百集团,1997-10-29,1.2731,1.2621,1.2858,1.2542,1.2794,700300,5652570,0.0063,0.4957,8.0716,1.3061,434846116.1,N/A,1070590475.9,53618510,0,132008690,31.8537,2.9278,2.8059,N/A,
600693.SH,东百集团,1997-10-30,1.2794,1.27,1.2921,1.2605,1.2637,869600,7024593,-0.0158,-1.233,8.078,1.6218,429484265.1,N/A,1057389606.9,53618510,0,132008690,31.461,2.8917,2.7713,N/A,
600693.SH,东百集团,1997-10-31,1.2637,1.2621,1.3015,1.2463,1.2779,577600,4643965,0.0142,1.1236,8.0401,1.0772,434309931,N/A,1069270389,53618510,0,132008690,31.8145,2.9242,2.8025,N/A,
600693.SH,东百集团,1997-11-03,1.2779,1.2621,1.281,1.2621,1.27,395700,3186140,-0.0079,-0.6173,8.0519,0.738,431629005.5,N/A,1062669954.5,53618510,0,132008690,31.6181,2.9062,2.7852,N/A,
600693.SH,东百集团,1997-11-04,1.27,1.2621,1.3047,1.2621,1.2952,378500,3084188,0.0252,1.9876,8.1484,0.7059,440207967.1,N/A,1083791344.9,53618510,0,132008690,32.2465,2.9639,2.8405,N/A,
600693.SH,东百集团,1997-11-05,1.2952,1.2905,1.3015,1.27,1.2905,458500,3742895,-0.0047,-0.3654,8.1633,0.8551,438599411.8,N/A,1079831084.2,53618510,0,132008690,32.1287,2.9531,2.8301,N/A,
600693.SH,东百集团,1997-11-06,1.2905,1.27,1.3268,1.27,1.3031,810700,6710786,0.0126,0.978,8.2778,1.512,442888892.6,N/A,1090391779.4,53618510,0,132008690,32.4429,2.982,2.8578,N/A,
600693.SH,东百集团,1997-11-07,1.3031,1.3126,1.322,1.2936,1.3142,568400,4719982,0.011,0.8475,8.304,1.0601,446642188.3,N/A,1099632387.7,53618510,0,132008690,32.7178,3.0072,2.882,N/A,
600693.SH,东百集团,1997-11-10,1.3142,1.3205,1.3757,1.281,1.281,1034300,8744700,-0.0331,-2.521,8.4547,1.929,435382301.2,N/A,1071910562.8,53618510,0,132008690,31.893,2.9314,2.8094,N/A,
600693.SH,东百集团,1997-11-11,1.281,1.281,1.3236,1.281,1.3094,426200,3525955,0.0284,2.2167,8.273,0.7949,445033633,N/A,1095672127,53618510,0,132008690,32.6,2.9964,2.8717,N/A,
600693.SH,东百集团,1997-11-12,1.3094,1.322,1.3536,1.2905,1.3094,595500,5012083,0,0,8.4166,1.1106,445033633,N/A,1095672127,53618510,0,132008690,32.6,2.9964,2.8717,N/A,
600693.SH,东百集团,1997-11-13,1.3094,1.3094,1.3205,1.2858,1.3205,608300,5023918,0.011,0.8434,8.2589,1.1345,448786928.7,N/A,1104912735.3,53618510,0,132008690,32.8749,3.0217,2.8959,N/A,
600693.SH,东百集团,1997-11-14,1.3205,1.3252,1.352,1.2936,1.3236,808100,6842173,0.0032,0.2389,8.467,1.5071,449859298.9,N/A,1107552909.1,53618510,0,132008690,32.9535,3.0289,2.9028,N/A,
600693.SH,东百集团,1997-11-17,1.3236,1.3426,1.3568,1.3094,1.3331,385000,3258679,0.0095,0.7151,8.4641,0.718,453076409.5,N/A,1115473430.5,53618510,0,132008690,33.1892,3.0506,2.9236,N/A,
600693.SH,东百集团,1997-11-18,1.3331,1.3126,1.341,1.2968,1.3078,322700,2685812,-0.0252,-1.8935,8.3229,0.6018,444497447.9,N/A,1094352040.1,53618510,0,132008690,32.5607,2.9928,2.8682,N/A,
600693.SH,东百集团,1997-11-19,1.3078,1.2905,1.3031,1.2779,1.2905,261500,2139370,-0.0174,-1.3269,8.1811,0.4877,438599411.8,N/A,1079831084.2,53618510,0,132008690,32.1287,2.9531,2.8301,N/A,
600693.SH,东百集团,1997-11-20,1.2905,1.3063,1.3173,1.2731,1.2921,407600,3328293,0.0016,0.1222,8.1656,0.7602,439135596.9,N/A,1081151171.1,53618510,0,132008690,32.168,2.9567,2.8336,N/A,
600693.SH,东百集团,1997-11-21,1.2921,1.2621,1.3031,1.2621,1.2858,388500,3156716,-0.0063,-0.4884,8.1254,0.7246,436990856.5,N/A,1075870823.5,53618510,0,132008690,32.0108,2.9423,2.8198,N/A,
600693.SH,东百集团,1997-11-24,1.2858,1.27,1.2747,1.2589,1.2747,633900,5099782,-0.011,-0.8589,8.0451,1.1822,433237560.8,N/A,1066630215.2,53618510,0,132008690,31.7359,2.917,2.7956,N/A,
600693.SH,东百集团,1997-11-25,1.2747,1.2653,1.2779,1.2558,1.2731,374900,3007781,-0.0016,-0.1238,8.0229,0.6992,432701375.7,N/A,1065310128.3,53618510,0,132008690,31.6966,2.9134,2.7921,N/A,
600693.SH,东百集团,1997-11-26,1.2731,1.2621,1.2889,1.2621,1.2873,215400,1744000,0.0142,1.1152,8.0966,0.4017,437527041.6,N/A,1077190910.4,53618510,0,132008690,32.0501,2.9459,2.8232,N/A,
600693.SH,东百集团,1997-11-27,1.2873,1.2779,1.2873,1.2542,1.2747,223700,1803000,-0.0126,-0.9804,8.0599,0.4172,433237560.8,N/A,1066630215.2,53618510,0,132008690,31.7359,2.917,2.7956,N/A,
600693.SH,东百集团,1997-11-28,1.2747,1.2621,1.3252,1.2542,1.3157,1291600,10703000,0.041,3.2178,8.2866,2.4089,447178373.4,N/A,1100952474.6,53618510,0,132008690,32.7571,3.0108,2.8855,N/A,
600693.SH,东百集团,1997-12-01,1.3157,1.3173,1.3489,1.2952,1.341,1459900,12349277,0.0252,1.9185,8.459,2.7228,455757335,N/A,1122073865,53618510,0,132008690,33.3855,3.0686,2.9409,N/A,
600693.SH,东百集团,1997-12-02,1.341,1.3426,1.3646,1.3252,1.3331,1009900,8623595,-0.0079,-0.5882,8.5391,1.8835,453076409.5,N/A,1115473430.5,53618510,0,132008690,33.1892,3.0506,2.9236,N/A,
600693.SH,东百集团,1997-12-03,1.3331,1.3252,1.3331,1.2826,1.3015,421900,3477702,-0.0316,-2.3669,8.243,0.7869,442352707.5,N/A,1089071692.5,53618510,0,132008690,32.4036,2.9784,2.8544,N/A,
600693.SH,东百集团,1997-12-04,1.3015,1.3015,1.3173,1.2779,1.3063,233200,1921741,0.0047,0.3636,8.2407,0.4349,443961262.8,N/A,1093031953.2,53618510,0,132008690,32.5214,2.9892,2.8647,N/A,
600693.SH,东百集团,1997-12-05,1.3063,1.311,1.3331,1.2842,1.2905,415400,3413260,-0.0158,-1.2077,8.2168,0.7747,438599411.8,N/A,1079831084.2,53618510,0,132008690,32.1287,2.9531,2.8301,N/A,
600693.SH,东百集团,1997-12-08,1.2905,1.2889,1.3489,1.281,1.341,673400,5646481,0.0505,3.912,8.385,1.2559,455757335,N/A,1122073865,53618510,0,132008690,33.3855,3.0686,2.9409,N/A,
600693.SH,东百集团,1997-12-09,1.341,1.3552,1.371,1.3268,1.3646,2955200,25430004,0.0237,1.7647,8.6052,5.5115,463800111.5,N/A,1141875168.5,53618510,0,132008690,33.9747,3.1228,2.9928,N/A,
600693.SH,东百集团,1997-12-10,1.3646,1.3646,1.371,1.341,1.3646,629200,5395888,0,0,8.5758,1.1735,463800111.5,N/A,1141875168.5,53618510,0,132008690,33.9747,3.1228,2.9928,N/A,
600693.SH,东百集团,1997-12-11,1.3646,1.3646,1.393,1.3426,1.3836,991900,8637215,0.0189,1.3873,8.7077,1.8499,470234332.7,N/A,1157716211.3,53618510,0,132008690,34.446,3.1661,3.0343,N/A,
600693.SH,东百集团,1997-12-12,1.3836,1.3883,1.4009,1.3504,1.3788,688700,6005905,-0.0047,-0.3421,8.7206,1.2844,468625777.4,N/A,1153755950.6,53618510,0,132008690,34.3282,3.1553,3.0239,N/A,
600693.SH,东百集团,1997-12-15,1.3788,1.3788,1.3804,1.341,1.3552,618600,5331502,-0.0237,-1.7162,8.6187,1.1537,460583000.9,N/A,1133954647.1,53618510,0,132008690,33.739,3.1011,2.972,N/A,
600693.SH,东百集团,1997-12-16,1.3552,1.3536,1.3568,1.3236,1.3299,621200,5240606,-0.0252,-1.8626,8.4363,1.1586,452004039.3,N/A,1112833256.7,53618510,0,132008690,33.1106,3.0433,2.9166,N/A,
600693.SH,东百集团,1997-12-17,1.3299,1.3299,1.3504,1.2905,1.2936,423900,3533899,-0.0363,-2.7284,8.3366,0.7906,439671782,N/A,1082471258,53618510,0,132008690,32.2072,2.9603,2.8371,N/A,
600693.SH,东百集团,1997-12-18,1.2936,1.2794,1.3094,1.2779,1.2936,439500,3601760,0,0,8.1951,0.8197,439671782,N/A,1082471258,53618510,0,132008690,32.2072,2.9603,2.8371,N/A,
600693.SH,东百集团,1997-12-19,1.2936,1.2905,1.3094,1.2858,1.3015,308700,2534672,0.0079,0.6098,8.2108,0.5757,442352707.5,N/A,1089071692.5,53618510,0,132008690,32.4036,2.9784,2.8544,N/A,
600693.SH,东百集团,1997-12-22,1.3015,1.3015,1.311,1.2858,1.2889,561300,4601978,-0.0126,-0.9697,8.1988,1.0468,438063226.7,N/A,1078510997.3,53618510,0,132008690,32.0894,2.9495,2.8267,N/A,
600693.SH,东百集团,1997-12-23,1.2889,1.2889,1.3252,1.2794,1.3189,427800,3532740,0.03,2.3256,8.2579,0.7979,448250743.6,N/A,1103592648.4,53618510,0,132008690,32.8357,3.0181,2.8924,N/A,
600693.SH,东百集团,1997-12-24,1.3189,1.3094,1.3331,1.3015,1.322,330100,2764054,0.0032,0.2392,8.3734,0.6156,449323113.8,N/A,1106232822.2,53618510,0,132008690,32.9142,3.0253,2.8993,N/A,
600693.SH,东百集团,1997-12-25,1.322,1.322,1.3378,1.2621,1.3015,455100,3739437,-0.0205,-1.5513,8.2167,0.8488,442352707.5,N/A,1089071692.5,53618510,0,132008690,32.4036,2.9784,2.8544,N/A,
600693.SH,东百集团,1997-12-26,1.3015,1.3078,1.3568,1.2952,1.3284,1090300,9245944,0.0268,2.0606,8.4802,2.0334,451467854.2,N/A,1111513169.8,53618510,0,132008690,33.0713,3.0397,2.9132,N/A,
600693.SH,东百集团,1997-12-29,1.3284,1.3394,1.3615,1.3094,1.3299,424700,3583837,0.0016,0.1188,8.4385,0.7921,452004039.3,N/A,1112833256.7,53618510,0,132008690,33.1106,3.0433,2.9166,N/A,
600693.SH,东百集团,1997-12-30,1.3299,1.3252,1.341,1.2905,1.3031,269400,2229490,-0.0268,-2.0166,8.2758,0.5024,442888892.6,N/A,1090391779.4,53618510,0,132008690,32.4429,2.982,2.8578,N/A,
600693.SH,东百集团,1997-12-31,1.3031,1.3094,1.341,1.2984,1.3142,330300,2744549,0.011,0.8475,8.3093,0.616,446642188.3,N/A,1099632387.7,53618510,0,132008690,32.7178,3.0072,2.882,N/A,
600693.SH,东百集团,1998-01-05,1.3142,1.3142,1.3173,1.2936,1.311,424000,3499063,-0.0032,-0.2401,8.2525,0.7908,445569818.1,N/A,1096992213.9,53618510,0,132008690,29.092,3.2183,2.4921,N/A,
600693.SH,东百集团,1998-01-06,1.311,1.311,1.3394,1.2905,1.322,700600,5821282,0.011,0.8424,8.309,1.3066,449323113.8,N/A,1106232822.2,53618510,0,132008690,29.3371,3.2454,2.5131,N/A,
600693.SH,东百集团,1998-01-07,1.322,1.311,1.3852,1.311,1.3725,1976800,16978497,0.0505,3.8186,8.5889,3.6868,466481037,N/A,1148475603,53618510,0,132008690,30.4573,3.3693,2.6091,N/A,
600693.SH,东百集团,1998-01-08,1.3725,1.3646,1.4009,1.3536,1.3615,1057200,9259791,-0.011,-0.8046,8.7588,1.9717,462727741.3,N/A,1139234994.7,53618510,0,132008690,30.2123,3.3422,2.5881,N/A,
600693.SH,东百集团,1998-01-09,1.3615,1.3804,1.3962,1.311,1.3378,850900,7328535,-0.0237,-1.7381,8.6127,1.587,454684964.8,N/A,1119433691.2,53618510,0,132008690,29.6871,3.2841,2.5431,N/A,
600693.SH,东百集团,1998-01-12,1.3378,1.3094,1.3646,1.3094,1.3094,504300,4225368,-0.0284,-2.1226,8.3787,0.9405,445033633,N/A,1095672127,53618510,0,132008690,29.057,3.2144,2.4891,N/A,
600693.SH,东百集团,1998-01-13,1.3094,1.2952,1.3078,1.1801,1.2779,998000,7855892,-0.0316,-2.4096,7.8716,1.8613,434309931,N/A,1069270389,53618510,0,132008690,28.3568,3.1369,2.4291,N/A,
600693.SH,东百集团,1998-01-14,1.2779,1.2621,1.2984,1.2589,1.2936,540300,4392278,0.0158,1.2346,8.1293,1.0077,439671782,N/A,1082471258,53618510,0,132008690,28.7069,3.1757,2.4591,N/A,
600693.SH,东百集团,1998-01-15,1.2936,1.3063,1.3315,1.2463,1.3252,623600,5184774,0.0316,2.439,8.3143,1.163,450395484,N/A,1108872996,53618510,0,132008690,29.4071,3.2531,2.5191,N/A,
600693.SH,东百集团,1998-01-16,1.3252,1.3268,1.3284,1.2889,1.2905,194600,1608650,-0.0347,-2.619,8.2664,0.3629,438599411.8,N/A,1079831084.2,53618510,0,132008690,28.6369,3.1679,2.4531,N/A,
600693.SH,东百集团,1998-01-19,1.2905,1.2936,1.3252,1.2826,1.2905,218000,1784821,0,0,8.1873,0.4066,438599411.8,N/A,1079831084.2,53618510,0,132008690,28.6369,3.1679,2.4531,N/A,
600693.SH,东百集团,1998-01-20,1.2905,1.2605,1.2936,1.2605,1.2779,351500,2831622,-0.0126,-0.978,8.0558,0.6556,434309931,N/A,1069270389,53618510,0,132008690,28.3568,3.1369,2.4291,N/A,
600693.SH,东百集团,1998-01-21,1.2779,1.2779,1.3094,1.2637,1.27,253800,2048973,-0.0079,-0.6173,8.0732,0.4733,431629005.5,N/A,1062669954.5,53618510,0,132008690,28.1818,3.1176,2.4141,N/A,
600693.SH,东百集团,1998-01-22,1.27,1.2716,1.2763,1.2574,1.2747,378900,3041327,0.0047,0.3727,8.0267,0.7067,433237560.8,N/A,1066630215.2,53618510,0,132008690,28.2868,3.1292,2.4231,N/A,
600693.SH,东百集团,1998-01-23,1.2747,1.2621,1.2936,1.2621,1.2936,285000,2309473,0.0189,1.4851,8.1034,0.5315,439671782,N/A,1082471258,53618510,0,132008690,28.7069,3.1757,2.4591,N/A,
600693.SH,东百集团,1998-02-09,1.2936,1.3252,1.3378,1.2936,1.3094,252900,2092713,0.0158,1.2195,8.2749,0.4717,445033633,N/A,1095672127,53618510,0,132008690,29.057,3.2144,2.4891,N/A,
600693.SH,东百集团,1998-02-10,1.3094,1.3094,1.3094,1.2873,1.2905,209300,1718472,-0.0189,-1.4458,8.2106,0.3904,438599411.8,N/A,1079831084.2,53618510,0,132008690,28.6369,3.1679,2.4531,N/A,
600693.SH,东百集团,1998-02-11,1.2905,1.2905,1.3094,1.2889,1.3,286300,2350311,0.0095,0.7335,8.2093,0.534,441816522.4,N/A,1087751605.6,53618510,0,132008690,28.8469,3.1912,2.4711,N/A,
600693.SH,东百集团,1998-02-12,1.3,1.3015,1.3362,1.2936,1.322,530200,4423846,0.0221,1.699,8.3437,0.9888,449323113.8,N/A,1106232822.2,53618510,0,132008690,29.3371,3.2454,2.5131,N/A,
600693.SH,东百集团,1998-02-13,1.322,1.3268,1.3441,1.3173,1.3394,891900,7545142,0.0174,1.3126,8.4596,1.6634,455221149.9,N/A,1120753778.1,53618510,0,132008690,29.7222,3.288,2.5461,N/A,
600693.SH,东百集团,1998-02-16,1.3394,1.341,1.3489,1.3094,1.3205,379000,3197334,-0.0189,-1.4134,8.4362,0.7068,448786928.7,N/A,1104912735.3,53618510,0,132008690,29.3021,3.2415,2.5101,N/A,
600693.SH,东百集团,1998-02-17,1.3205,1.3094,1.3331,1.3063,1.3299,222200,1861876,0.0095,0.7168,8.3793,0.4144,452004039.3,N/A,1112833256.7,53618510,0,132008690,29.5121,3.2647,2.5281,N/A,
600693.SH,东百集团,1998-02-18,1.3299,1.3315,1.3378,1.2968,1.3031,246000,2054014,-0.0268,-2.0166,8.3497,0.4588,442888892.6,N/A,1090391779.4,53618510,0,132008690,28.917,3.1989,2.4771,N/A,
600693.SH,东百集团,1998-02-19,1.3031,1.3126,1.3236,1.2952,1.3031,212500,1759349,0,0,8.2793,0.3963,442888892.6,N/A,1090391779.4,53618510,0,132008690,28.917,3.1989,2.4771,N/A,
600693.SH,东百集团,1998-02-20,1.3031,1.3094,1.311,1.2794,1.2873,230400,1885844,-0.0158,-1.2107,8.1851,0.4297,437527041.6,N/A,1077190910.4,53618510,0,132008690,28.5669,3.1602,2.4471,N/A,
600693.SH,东百集团,1998-02-23,1.2873,1.2842,1.2858,1.2542,1.2684,335100,2692394,-0.0189,-1.4706,8.0346,0.625,431092820.4,N/A,1061349867.6,53618510,0,132008690,28.1468,3.1137,2.4111,N/A,
600693.SH,东百集团,1998-02-24,1.2684,1.2779,1.2779,1.2605,1.27,388800,3123046,0.0016,0.1244,8.0325,0.7251,431629005.5,N/A,1062669954.5,53618510,0,132008690,28.1818,3.1176,2.4141,N/A,
600693.SH,东百集团,1998-02-25,1.27,1.2653,1.2779,1.2621,1.27,253100,2028892,0,0,8.0162,0.472,431629005.5,N/A,1062669954.5,53618510,0,132008690,28.1818,3.1176,2.4141,N/A,
600693.SH,东百集团,1998-02-26,1.27,1.27,1.2905,1.2479,1.2747,287300,2296267,0.0047,0.3727,7.9926,0.5358,433237560.8,N/A,1066630215.2,53618510,0,132008690,28.2868,3.1292,2.4231,N/A,
600693.SH,东百集团,1998-02-27,1.2747,1.2731,1.2842,1.2526,1.2621,203000,1625192,-0.0126,-0.9901,8.0059,0.3786,428948080,N/A,1056069520,53618510,0,132008690,28.0067,3.0982,2.3992,N/A,
600693.SH,东百集团,1998-03-02,1.2621,1.2621,1.2621,1.2148,1.2463,315700,2466925,-0.0158,-1.25,7.8141,0.5888,423586229,N/A,1042868651,53618510,0,132008690,27.6567,3.0595,2.3692,N/A,
600693.SH,东百集团,1998-03-03,1.2463,1.2305,1.2621,1.2211,1.2621,186700,1473182,0.0158,1.2658,7.8906,0.3482,428948080,N/A,1056069520,53618510,0,132008690,28.0067,3.0982,2.3992,N/A,
600693.SH,东百集团,1998-03-04,1.2621,1.27,1.2779,1.2463,1.2589,124700,996360,-0.0032,-0.25,7.9901,0.2326,427875709.8,N/A,1053429346.2,53618510,0,132008690,27.9367,3.0905,2.3932,N/A,
600693.SH,东百集团,1998-03-05,1.2589,1.2589,1.2653,1.2384,1.24,140000,1108152,-0.0189,-1.5038,7.9154,0.2611,421441488.6,N/A,1037588303.4,53618510,0,132008690,27.5166,3.044,2.3572,N/A,
600693.SH,东百集团,1998-03-06,1.24,1.24,1.2589,1.24,1.2526,144900,1147101,0.0126,1.0178,7.9165,0.2702,425730969.4,N/A,1048148998.6,53618510,0,132008690,27.7967,3.075,2.3812,N/A,
600693.SH,东百集团,1998-03-09,1.2526,1.2589,1.2936,1.2511,1.2905,434900,3531499,0.0379,3.0227,8.1203,0.8111,438599411.8,N/A,1079831084.2,53618510,0,132008690,28.6369,3.1679,2.4531,N/A,
600693.SH,东百集团,1998-03-10,1.2905,1.2905,1.3015,1.2621,1.3015,629000,5120660,0.011,0.8557,8.141,1.1731,442352707.5,N/A,1089071692.5,53618510,0,132008690,28.882,3.195,2.4741,N/A,
600693.SH,东百集团,1998-03-11,1.3015,1.2936,1.3015,1.2779,1.2779,472800,3866048,-0.0237,-1.8182,8.1769,0.8818,434309931,N/A,1069270389,53618510,0,132008690,28.3568,3.1369,2.4291,N/A,
600693.SH,东百集团,1998-03-12,1.2779,1.2637,1.27,1.2305,1.2511,167300,1328376,-0.0268,-2.0988,7.9401,0.312,425194784.3,N/A,1046828911.7,53618510,0,132008690,27.7617,3.0711,2.3782,N/A,
600693.SH,东百集团,1998-03-13,1.2511,1.2463,1.27,1.2321,1.2621,192900,1537000,0.011,0.8827,7.9679,0.3598,428948080,N/A,1056069520,53618510,0,132008690,28.0067,3.0982,2.3992,N/A,
600693.SH,东百集团,1998-03-16,1.2621,1.2621,1.2653,1.2305,1.24,187300,1473053,-0.0221,-1.75,7.8647,0.3493,421441488.6,N/A,1037588303.4,53618510,0,132008690,27.5166,3.044,2.3572,N/A,
600693.SH,东百集团,1998-03-17,1.24,1.2416,1.2858,1.24,1.2621,185800,1487255,0.0221,1.7812,8.0046,0.3465,428948080,N/A,1056069520,53618510,0,132008690,28.0067,3.0982,2.3992,N/A,
600693.SH,东百集团,1998-03-18,1.2621,1.2779,1.2779,1.2479,1.2589,163800,1310244,-0.0032,-0.25,7.999,0.3055,427875709.8,N/A,1053429346.2,53618510,0,132008690,27.9367,3.0905,2.3932,N/A,
600693.SH,东百集团,1998-03-19,1.2589,1.1659,1.2858,1.1659,1.2684,252900,2037527,0.0095,0.7519,8.0567,0.4717,431092820.4,N/A,1061349867.6,53618510,0,132008690,28.1468,3.1137,2.4111,N/A,
600693.SH,东百集团,1998-03-20,1.2684,1.2621,1.2779,1.2589,1.2621,263500,2118209,-0.0063,-0.4975,8.0387,0.4914,428948080,N/A,1056069520,53618510,0,132008690,28.0067,3.0982,2.3992,N/A,
600693.SH,东百集团,1998-03-23,1.2621,1.2384,1.2621,1.2132,1.2148,360100,2809742,-0.0473,-3.75,7.8027,0.6716,412862527,N/A,1016466913,53618510,0,132008690,26.9565,2.982,2.3092,N/A,
600693.SH,东百集团,1998-03-24,1.2148,1.2511,1.2605,1.21,1.2305,246400,1913735,0.0158,1.2987,7.7668,0.4595,418224378,N/A,1029667782,53618510,0,132008690,27.3066,3.0208,2.3392,N/A,
600693.SH,东百集团,1998-03-25,1.2305,1.2305,1.24,1.1927,1.199,299400,2293578,-0.0316,-2.5641,7.6606,0.5584,407500676,N/A,1003266044,53618510,0,132008690,26.6064,2.9433,2.2792,N/A,
600693.SH,东百集团,1998-03-26,1.199,1.199,1.2274,1.1832,1.199,283600,2159560,0,0,7.6148,0.5289,407500676,N/A,1003266044,53618510,0,132008690,26.6064,2.9433,2.2792,N/A,
600693.SH,东百集团,1998-03-27,1.199,1.199,1.2558,1.1958,1.2432,445500,3478081,0.0442,3.6842,7.8071,0.8309,422513858.8,N/A,1040228477.2,53618510,0,132008690,27.5866,3.0517,2.3632,N/A,
600693.SH,东百集团,1998-03-30,1.2432,1.2542,1.2684,1.2305,1.2653,590900,4673651,0.0221,1.7766,7.9094,1.102,430020450.2,N/A,1058709693.8,53618510,0,132008690,28.0768,3.106,2.4052,N/A,
600693.SH,东百集团,1998-03-31,1.2653,1.2589,1.2589,1.2163,1.2227,387900,3038050,-0.0426,-3.3666,7.832,0.7234,415543452.5,N/A,1023067347.5,53618510,0,132008690,27.1315,3.0014,2.3242,N/A,
600693.SH,东百集团,1998-04-01,1.2227,1.2305,1.2369,1.2179,1.2305,584100,4547926,0.0079,0.6452,7.7862,1.0894,418224378,N/A,1029667782,53618510,0,132008690,27.3066,3.0208,2.3392,N/A,
600693.SH,东百集团,1998-04-02,1.2305,1.2305,1.2779,1.2227,1.2731,1026900,8127106,0.0426,3.4615,7.9142,1.9152,432701375.7,N/A,1065310128.3,53618510,0,132008690,28.2518,3.1253,2.4201,N/A,
600693.SH,东百集团,1998-04-03,1.2731,1.27,1.3157,1.2637,1.3094,1180300,9707805,0.0363,2.8501,8.2249,2.2013,445033633,N/A,1095672127,53618510,0,132008690,29.057,3.2144,2.4891,N/A,
600693.SH,东百集团,1998-04-06,1.3094,1.3094,1.3378,1.2905,1.3315,1229800,10264547,0.0221,1.6867,8.3465,2.2936,452540224.4,N/A,1114153343.6,53618510,0,132008690,29.5471,3.2686,2.5311,N/A,
600693.SH,东百集团,1998-04-07,1.3315,1.3315,1.3378,1.3015,1.3157,808800,6760684,-0.0158,-1.1848,8.3589,1.5084,447178373.4,N/A,1100952474.6,53618510,0,132008690,29.197,3.2299,2.5011,N/A,
600693.SH,东百集团,1998-04-08,1.3157,1.311,1.3473,1.3015,1.3426,1449000,12175164,0.0268,2.0384,8.4025,2.7024,456293520.1,N/A,1123393951.9,53618510,0,132008690,29.7922,3.2957,2.5521,N/A,
600693.SH,东百集团,1998-04-09,1.3426,1.341,1.3489,1.3015,1.3078,989900,8313312,-0.0347,-2.5852,8.3981,1.8462,444497447.9,N/A,1094352040.1,53618510,0,132008690,29.022,3.2105,2.4861,N/A,
600693.SH,东百集团,1998-04-10,1.3078,1.3094,1.341,1.3078,1.3299,859300,7234848,0.0221,1.6888,8.4195,1.6026,452004039.3,N/A,1112833256.7,53618510,0,132008690,29.5121,3.2647,2.5281,N/A,
600693.SH,东百集团,1998-04-13,1.3299,1.3299,1.3489,1.3173,1.3347,1296500,10998436,0.0047,0.3559,8.4832,2.418,453612594.6,N/A,1116793517.4,53618510,0,132008690,29.6171,3.2764,2.5371,N/A,
600693.SH,东百集团,1998-04-14,1.3347,1.3252,1.3252,1.2858,1.2952,477900,3926902,-0.0394,-2.9551,8.217,0.8913,440207967.1,N/A,1083791344.9,53618510,0,132008690,28.7419,3.1795,2.4621,N/A,
600693.SH,东百集团,1998-04-15,1.2952,1.3031,1.3173,1.2779,1.2936,389600,3203605,-0.0016,-0.1218,8.2228,0.7266,439671782,N/A,1082471258,53618510,0,132008690,28.7069,3.1757,2.4591,N/A,
600693.SH,东百集团,1998-04-16,1.2936,1.2936,1.3284,1.2858,1.3173,703600,5822984,0.0237,1.8293,8.276,1.3122,447714558.5,N/A,1102272561.5,53618510,0,132008690,29.232,3.2338,2.5041,N/A,
600693.SH,东百集团,1998-04-17,1.3173,1.2936,1.3157,1.2779,1.2936,421000,3465170,-0.0237,-1.7964,8.2308,0.7852,439671782,N/A,1082471258,53618510,0,132008690,28.7069,3.1757,2.4591,N/A,
600693.SH,东百集团,1998-04-20,1.2936,1.2921,1.2936,1.2621,1.2794,344100,2788406,-0.0142,-1.0976,8.1035,0.6418,434846116.1,N/A,1070590475.9,53618510,0,132008690,28.3918,3.1408,2.4321,N/A,
600693.SH,东百集团,1998-04-21,1.2794,1.2779,1.2936,1.2716,1.2779,289200,2349143,-0.0016,-0.1233,8.1229,0.5394,434309931,N/A,1069270389,53618510,0,132008690,28.3568,3.1369,2.4291,N/A,
600693.SH,东百集团,1998-04-22,1.2779,1.2794,1.4057,1.2794,1.3568,4896700,43511513,0.0789,6.1728,8.8859,9.1325,461119186,N/A,1135274734,53618510,0,132008690,30.1072,3.3306,2.5791,N/A,
600693.SH,东百集团,1998-04-23,1.3568,1.3962,1.4672,1.3883,1.4577,5092200,46440970,0.101,7.4419,9.12,9.4971,495435032.4,N/A,1219760295.6,53618510,0,132008690,32.3478,3.5784,2.771,N/A,
600693.SH,东百集团,1998-04-24,1.4577,1.4751,1.5145,1.4372,1.4751,4149300,38730168,0.0174,1.1905,9.3341,7.7386,501333068.5,N/A,1234281251.5,53618510,0,132008690,32.7329,3.621,2.804,N/A,
600693.SH,东百集团,1998-04-27,1.4751,1.4782,1.5161,1.4151,1.4561,3070400,28311041,-0.0189,-1.2834,9.2206,5.7264,494898847.3,N/A,1218440208.7,53618510,0,132008690,32.3128,3.5746,2.768,N/A,
600693.SH,东百集团,1998-04-28,1.4561,1.4498,1.4987,1.4388,1.4909,2927500,27073036,0.0347,2.3835,9.2478,5.4599,506694919.5,N/A,1247482120.5,53618510,0,132008690,33.083,3.6598,2.834,N/A,
600693.SH,东百集团,1998-04-29,1.4909,1.4924,1.5382,1.4546,1.4688,2094000,19691577,-0.0221,-1.4815,9.4038,3.9054,499188328.1,N/A,1229000903.9,53618510,0,132008690,32.5928,3.6055,2.792,N/A,
600693.SH,东百集团,1998-04-30,1.4688,1.4703,1.4909,1.4277,1.4435,1678400,15566891,-0.0252,-1.7186,9.2748,3.1303,490609366.5,N/A,1207879513.5,53618510,0,132008690,32.0327,3.5436,2.744,N/A,
600693.SH,东百集团,1998-05-04,1.4435,1.4435,1.4625,1.4214,1.4214,1170100,10657326,-0.0221,-1.5301,9.108,2.1823,483102775.1,N/A,1189398296.9,53618510,0,132008690,31.5426,3.4894,2.702,N/A,
600693.SH,东百集团,1998-05-05,1.4214,1.4246,1.4751,1.412,1.4672,1548700,14276786,0.0458,3.2186,9.2186,2.8884,498652143,N/A,1227680817,53618510,0,132008690,32.5578,3.6017,2.789,N/A,
600693.SH,东百集团,1998-05-06,1.4672,1.4688,1.505,1.4277,1.4483,1100900,10194510,-0.0189,-1.2903,9.2602,2.0532,492217921.8,N/A,1211839774.2,53618510,0,132008690,32.1377,3.5552,2.753,N/A,
600693.SH,东百集团,1998-05-07,1.4483,1.4451,1.4719,1.4199,1.4593,1137300,10380556,0.011,0.7625,9.1274,2.1211,495971217.5,N/A,1221080382.5,53618510,0,132008690,32.3828,3.5823,2.774,N/A,
600693.SH,东百集团,1998-05-08,1.4593,1.4593,1.4593,1.4593,1.4593,N/A,N/A,0,0,N/A,N/A,495971217.5,N/A,1221080382.5,53618510,0,132008690,32.3828,3.5823,2.774,N/A,
600693.SH,东百集团,1998-05-11,1.4593,1.4909,1.606,1.4909,1.5824,4220200,41766940,0.1231,8.4324,9.8969,7.8708,537793655.3,N/A,1324047160.7,53618510,0,132008690,35.1135,3.8844,3.0079,N/A,
600693.SH,东百集团,1998-05-12,1.5824,1.5776,1.5934,1.4987,1.524,1701500,16564061,-0.0584,-3.6889,9.735,3.1733,517954806.6,N/A,1275203945.4,53618510,0,132008690,33.8181,3.7411,2.897,N/A,
600693.SH,东百集团,1998-05-13,1.524,1.5177,1.5808,1.5161,1.5413,1867400,18281032,0.0174,1.1387,9.7896,3.4828,523852842.7,N/A,1289724901.3,53618510,0,132008690,34.2032,3.7837,2.93,N/A,
600693.SH,东百集团,1998-05-14,1.5413,1.5476,1.5697,1.4609,1.4719,1740100,16651911,-0.0694,-4.5036,9.5695,3.2453,500260698.3,N/A,1231641077.7,53618510,0,132008690,32.6629,3.6133,2.798,N/A,
600693.SH,东百集团,1998-05-15,1.4719,1.4909,1.5145,1.4514,1.483,1045400,9793204,0.011,0.7503,9.3679,1.9497,504013994,N/A,1240881686,53618510,0,132008690,32.9079,3.6404,2.819,N/A,
600693.SH,东百集团,1998-05-18,1.483,1.4987,1.5208,1.4593,1.4751,975100,9174218,-0.0079,-0.5319,9.4085,1.8186,501333068.5,N/A,1234281251.5,53618510,0,132008690,32.7329,3.621,2.804,N/A,
600693.SH,东百集团,1998-05-19,1.4751,1.4672,1.4909,1.4277,1.4751,812300,7512878,0,0,9.2489,1.515,501333068.5,N/A,1234281251.5,53618510,0,132008690,32.7329,3.621,2.804,N/A,
600693.SH,东百集团,1998-05-20,1.4751,1.4356,1.4893,1.4293,1.4419,588100,5413007,-0.0331,-2.246,9.2042,1.0968,490073181.4,N/A,1206559426.6,53618510,0,132008690,31.9977,3.5397,2.741,N/A,
600693.SH,东百集团,1998-05-21,1.4419,1.4309,1.4845,1.4293,1.4798,605700,5614100,0.0379,2.6258,9.2688,1.1296,502941623.8,N/A,1238241512.2,53618510,0,132008690,32.8379,3.6326,2.813,N/A,
600693.SH,东百集团,1998-05-22,1.4798,1.4909,1.5114,1.4703,1.4877,972100,9183597,0.0079,0.533,9.4472,1.813,505622549.3,N/A,1244841946.7,53618510,0,132008690,33.0129,3.652,2.828,N/A,
600693.SH,东百集团,1998-05-25,1.4877,1.4877,1.5334,1.483,1.5035,1465700,14001905,0.0158,1.0604,9.553,2.7336,510984400.3,N/A,1258042815.7,53618510,0,132008690,33.363,3.6907,2.858,N/A,
600693.SH,东百集团,1998-05-26,1.5035,1.4987,1.554,1.4672,1.4909,1462400,14087747,-0.0126,-0.8395,9.6333,2.7274,506694919.5,N/A,1247482120.5,53618510,0,132008690,33.083,3.6598,2.834,N/A,
600693.SH,东百集团,1998-05-27,1.4909,1.4909,1.5224,1.4672,1.4798,1021000,9637050,-0.011,-0.7407,9.4388,1.9042,502941623.8,N/A,1238241512.2,53618510,0,132008690,32.8379,3.6326,2.813,N/A,
600693.SH,东百集团,1998-05-28,1.4798,1.4877,1.5098,1.4325,1.4672,1568200,14478323,-0.0126,-0.8529,9.2324,2.9247,498652143,N/A,1227680817,53618510,0,132008690,32.5578,3.6017,2.789,N/A,
600693.SH,东百集团,1998-05-29,1.4672,1.4767,1.5319,1.4419,1.5303,2999100,28098548,0.0631,4.3011,9.369,5.5934,520099547,N/A,1280484293,53618510,0,132008690,33.9582,3.7566,2.909,N/A,
600693.SH,东百集团,1998-06-01,1.5303,1.5114,1.6029,1.5114,1.5871,4766000,47598241,0.0568,3.7113,9.987,8.8887,539402210.6,N/A,1328007421.4,53618510,0,132008690,35.2185,3.896,3.0169,N/A,
600693.SH,东百集团,1998-06-02,1.5871,1.5934,1.6029,1.5177,1.5508,1836200,18036465,-0.0363,-2.2863,9.8227,3.4246,527069953.3,N/A,1297645422.7,53618510,0,132008690,34.4133,3.8069,2.948,N/A,
600693.SH,东百集团,1998-06-03,1.5508,1.5729,1.5776,1.5224,1.5555,1786600,17609072,0.0047,0.3052,9.8562,3.3321,528678508.6,N/A,1301605683.4,53618510,0,132008690,34.5183,3.8185,2.957,N/A,
600693.SH,东百集团,1998-06-04,1.5555,1.5461,1.6502,1.5398,1.606,3549500,36027325,0.0505,3.2454,10.15,6.6199,545836431.8,N/A,1343848464.2,53618510,0,132008690,35.6386,3.9425,3.0529,N/A,
600693.SH,东百集团,1998-06-05,1.606,1.6013,1.6234,1.5398,1.565,1660900,16573276,-0.041,-2.554,9.9785,3.0976,531895619.2,N/A,1309526204.8,53618510,0,132008690,34.7284,3.8418,2.9749,N/A,
600693.SH,东百集团,1998-06-08,1.565,1.5808,1.5997,1.5303,1.5303,1183600,11786206,-0.0347,-2.2177,9.9579,2.2074,520099547,N/A,1280484293,53618510,0,132008690,33.9582,3.7566,2.909,N/A,
600693.SH,东百集团,1998-06-09,1.5303,1.5303,1.5303,1.4372,1.4593,1181000,11044645,-0.071,-4.6392,9.3519,2.2026,495971217.5,N/A,1221080382.5,53618510,0,132008690,32.3828,3.5823,2.774,N/A,
600693.SH,东百集团,1998-06-10,1.4593,1.4514,1.483,1.4356,1.4593,993800,9215826,0,0,9.2733,1.8535,495971217.5,N/A,1221080382.5,53618510,0,132008690,32.3828,3.5823,2.774,N/A,
600693.SH,东百集团,1998-06-11,1.4593,1.4514,1.483,1.412,1.4183,3006200,27296391,-0.041,-2.8108,9.08,5.6066,482030404.9,N/A,1186758123.1,53618510,0,132008690,31.4726,3.4816,2.696,N/A,
600693.SH,东百集团,1998-06-12,1.4183,1.4199,1.4751,1.4199,1.4719,1369700,12622720,0.0536,3.782,9.2157,2.5545,500260698.3,N/A,1231641077.7,53618510,0,132008690,32.6629,3.6133,2.798,N/A,
600693.SH,东百集团,1998-06-15,1.4719,1.4672,1.4672,1.4041,1.4104,876200,7922276,-0.0615,-4.1801,9.0416,1.6341,479349479.4,N/A,1180157688.6,53618510,0,132008690,31.2975,3.4622,2.6811,N/A,
600693.SH,东百集团,1998-06-16,1.4104,1.4041,1.4041,1.3331,1.3568,788600,6807247,-0.0536,-3.8031,8.6321,1.4708,461119186,N/A,1135274734,53618510,0,132008690,30.1072,3.3306,2.5791,N/A,
600693.SH,东百集团,1998-06-17,1.3568,1.3568,1.412,1.3504,1.3725,623600,5460495,0.0158,1.1628,8.7564,1.163,466481037,N/A,1148475603,53618510,0,132008690,30.4573,3.3693,2.6091,N/A,
600693.SH,东百集团,1998-06-18,1.3725,1.3725,1.4167,1.3725,1.3788,425000,3749294,0.0063,0.4598,8.8219,0.7926,468625777.4,N/A,1153755950.6,53618510,0,132008690,30.5974,3.3848,2.6211,N/A,
600693.SH,东百集团,1998-06-19,1.3788,1.3883,1.4325,1.3804,1.4214,906000,8074311,0.0426,3.0892,8.912,1.6897,483102775.1,N/A,1189398296.9,53618510,0,132008690,31.5426,3.4894,2.702,N/A,
600693.SH,东百集团,1998-06-22,1.4214,1.4246,1.4435,1.3883,1.3962,640600,5730013,-0.0252,-1.7758,8.9448,1.1947,474523813.5,N/A,1168276906.5,53618510,0,132008690,30.9825,3.4274,2.6541,N/A,
600693.SH,东百集团,1998-06-23,1.3962,1.4041,1.4072,1.3568,1.3725,681000,5927057,-0.0237,-1.6949,8.7035,1.2701,466481037,N/A,1148475603,53618510,0,132008690,30.4573,3.3693,2.6091,N/A,
600693.SH,东百集团,1998-06-24,1.3725,1.3883,1.4009,1.3504,1.3615,615800,5336382,-0.011,-0.8046,8.6658,1.1485,462727741.3,N/A,1139234994.7,53618510,0,132008690,30.2123,3.3422,2.5881,N/A,
600693.SH,东百集团,1998-06-25,1.3615,1.3694,1.4009,1.3504,1.3568,495600,4289271,-0.0047,-0.3476,8.6547,0.9243,461119186,N/A,1135274734,53618510,0,132008690,30.1072,3.3306,2.5791,N/A,
600693.SH,东百集团,1998-06-26,1.3568,1.3662,1.3788,1.3536,1.3583,432300,3727450,0.0016,0.1163,8.6224,0.8063,461655371.1,N/A,1136594820.9,53618510,0,132008690,30.1423,3.3344,2.5821,N/A,
600693.SH,东百集团,1998-06-29,1.3583,1.3568,1.3568,1.2984,1.3078,599800,4991205,-0.0505,-3.7166,8.3214,1.1186,444497447.9,N/A,1094352040.1,53618510,0,132008690,29.022,3.2105,2.4861,N/A,
600693.SH,东百集团,1998-06-30,1.3078,1.3094,1.3268,1.2731,1.2905,513700,4217627,-0.0174,-1.3269,8.2103,0.9581,438599411.8,N/A,1079831084.2,53618510,0,132008690,28.6369,3.1679,2.4531,N/A,
600693.SH,东百集团,1998-07-01,1.2905,1.3252,1.3252,1.2558,1.2589,495000,4013873,-0.0316,-2.445,8.1088,0.9232,427875709.8,N/A,1053429346.2,53618510,0,132008690,27.9367,3.0905,2.3932,N/A,
600693.SH,东百集团,1998-07-02,1.2589,1.2621,1.2936,1.2511,1.2905,361700,2917898,0.0316,2.5063,8.0672,0.6746,438599411.8,N/A,1079831084.2,53618510,0,132008690,28.6369,3.1679,2.4531,N/A,
600693.SH,东百集团,1998-07-03,1.2905,1.2936,1.2968,1.2463,1.2463,864000,6943743,-0.0442,-3.423,8.0367,1.6114,423586229,N/A,1042868651,53618510,0,132008690,27.6567,3.0595,2.3692,N/A,
600693.SH,东百集团,1998-07-06,1.2463,1.2542,1.2779,1.2463,1.2653,323300,2585685,0.0189,1.519,7.9978,0.603,430020450.2,N/A,1058709693.8,53618510,0,132008690,28.0768,3.106,2.4052,N/A,
600693.SH,东百集团,1998-07-07,1.2653,1.2621,1.3031,1.2621,1.3015,304700,2483282,0.0363,2.8678,8.1499,0.5683,442352707.5,N/A,1089071692.5,53618510,0,132008690,28.882,3.195,2.4741,N/A,
600693.SH,东百集团,1998-07-08,1.3015,1.3078,1.322,1.2763,1.2794,444000,3653582,-0.0221,-1.697,8.2288,0.8281,434846116.1,N/A,1070590475.9,53618510,0,132008690,28.3918,3.1408,2.4321,N/A,
600693.SH,东百集团,1998-07-09,1.2794,1.2842,1.3031,1.27,1.3031,332400,2701092,0.0237,1.8496,8.126,0.6199,442888892.6,N/A,1090391779.4,53618510,0,132008690,28.917,3.1989,2.4771,N/A,
600693.SH,东百集团,1998-07-10,1.3031,1.2936,1.3883,1.2936,1.3347,546900,4619519,0.0316,2.4213,8.4467,1.02,453612594.6,N/A,1116793517.4,53618510,0,132008690,29.6171,3.2764,2.5371,N/A,
600693.SH,东百集团,1998-07-13,1.3347,1.3441,1.3473,1.2936,1.3205,484000,4035866,-0.0142,-1.0638,8.3386,0.9027,448786928.7,N/A,1104912735.3,53618510,0,132008690,29.3021,3.2415,2.5101,N/A,
600693.SH,东百集团,1998-07-14,1.3205,1.3173,1.3173,1.2621,1.2763,395000,3217736,-0.0442,-3.3453,8.1462,0.7367,433773745.9,N/A,1067950302.1,53618510,0,132008690,28.3218,3.1331,2.4261,N/A,
600693.SH,东百集团,1998-07-15,1.2763,1.2637,1.2889,1.2621,1.2747,470100,3782919,-0.0016,-0.1236,8.0471,0.8767,433237560.8,N/A,1066630215.2,53618510,0,132008690,28.2868,3.1292,2.4231,N/A,
600693.SH,东百集团,1998-07-16,1.2747,1.2763,1.2858,1.2621,1.2763,294200,2370651,0.0016,0.1238,8.058,0.5487,433773745.9,N/A,1067950302.1,53618510,0,132008690,28.3218,3.1331,2.4261,N/A,
600693.SH,东百集团,1998-07-17,1.2763,1.2794,1.2889,1.2463,1.2479,387800,3110870,-0.0284,-2.225,8.0218,0.7233,424122414.1,N/A,1044188737.9,53618510,0,132008690,27.6917,3.0634,2.3722,N/A,
600693.SH,东百集团,1998-07-20,1.2479,1.2526,1.2653,1.2037,1.2148,339400,2644514,-0.0331,-2.6549,7.7917,0.633,412862527,N/A,1016466913,53618510,0,132008690,26.9565,2.982,2.3092,N/A,
600693.SH,东百集团,1998-07-21,1.2148,1.2305,1.2511,1.21,1.2463,163100,1272332,0.0316,2.5974,7.8009,0.3042,423586229,N/A,1042868651,53618510,0,132008690,27.6567,3.0595,2.3692,N/A,
600693.SH,东百集团,1998-07-22,1.2463,1.2463,1.2621,1.2274,1.2305,178600,1400692,-0.0158,-1.2658,7.8426,0.3331,418224378,N/A,1029667782,53618510,0,132008690,27.3066,3.0208,2.3392,N/A,
600693.SH,东百集团,1998-07-23,1.2305,1.2353,1.2653,1.2353,1.2589,251100,2000301,0.0284,2.3077,7.9662,0.4683,427875709.8,N/A,1053429346.2,53618510,0,132008690,27.9367,3.0905,2.3932,N/A,
600693.SH,东百集团,1998-07-24,1.2589,1.2621,1.2858,1.2432,1.2684,324500,2600974,0.0095,0.7519,8.0153,0.6052,431092820.4,N/A,1061349867.6,53618510,0,132008690,28.1468,3.1137,2.4111,N/A,
600693.SH,东百集团,1998-07-27,1.2684,1.2779,1.3094,1.2779,1.2936,391600,3217096,0.0252,1.99,8.2153,0.7303,439671782,N/A,1082471258,53618510,0,132008690,28.7069,3.1757,2.4591,N/A,
600693.SH,东百集团,1998-07-28,1.2936,1.2968,1.2984,1.27,1.2794,265100,2142202,-0.0142,-1.0976,8.0807,0.4944,434846116.1,N/A,1070590475.9,53618510,0,132008690,28.3918,3.1408,2.4321,N/A,
600693.SH,东百集团,1998-07-29,1.2794,1.2716,1.2936,1.2716,1.2826,315200,2554314,0.0032,0.2466,8.1038,0.5879,435918486.3,N/A,1073230649.7,53618510,0,132008690,28.4619,3.1486,2.4381,N/A,
600693.SH,东百集团,1998-07-30,1.2826,1.3004,1.3004,1.2616,1.2761,147700,1162845,-0.0065,-0.5045,7.873,0.2755,423050043.9,N/A,1041548564.1,53618510,0,132008690,27.6216,3.0556,2.3662,N/A,
600693.SH,东百集团,1998-07-31,1.2761,1.2761,1.3004,1.2616,1.2939,265700,2102725,0.0178,1.3942,7.9139,0.4955,428948080,N/A,1056069520,53618510,0,132008690,28.0067,3.0982,2.3992,N/A,
600693.SH,东百集团,1998-08-03,1.2939,1.2988,1.2988,1.2583,1.2664,267600,2098638,-0.0275,-2.125,7.8424,0.4991,419832933.3,N/A,1033628042.7,53618510,0,132008690,27.4116,3.0324,2.3482,N/A,
600693.SH,东百集团,1998-08-04,1.2664,1.2745,1.2745,1.2535,1.2616,198200,1548484,-0.0049,-0.3831,7.8127,0.3696,418224378,N/A,1029667782,53618510,0,132008690,27.3066,3.0208,2.3392,N/A,
600693.SH,东百集团,1998-08-05,1.2616,1.2778,1.2907,1.2616,1.2858,220100,1732356,0.0243,1.9231,7.8708,0.4105,426267154.5,N/A,1049469085.5,53618510,0,132008690,27.8317,3.0788,2.3842,N/A,
600693.SH,东百集团,1998-08-06,1.2858,1.2955,1.3311,1.2875,1.315,580000,4724066,0.0291,2.2642,8.1449,1.0817,435918486.3,N/A,1073230649.7,53618510,0,132008690,28.4619,3.1486,2.4381,N/A,
600693.SH,东百集团,1998-08-07,1.315,1.3263,1.3263,1.2923,1.315,523200,4232891,0,0,8.0904,0.9758,435918486.3,N/A,1073230649.7,53618510,0,132008690,28.4619,3.1486,2.4381,N/A,
600693.SH,东百集团,1998-08-10,1.315,1.3101,1.3635,1.3036,1.3586,1777100,14704090,0.0437,3.321,8.2742,3.3143,450395484,N/A,1108872996,53618510,0,132008690,29.4071,3.2531,2.5191,N/A,
600693.SH,东百集团,1998-08-11,1.3586,1.3586,1.3619,1.2939,1.2939,694100,5705591,-0.0647,-4.7619,8.2201,1.2945,428948080,N/A,1056069520,53618510,0,132008690,28.0067,3.0982,2.3992,N/A,
600693.SH,东百集团,1998-08-12,1.2939,1.2939,1.2939,1.1807,1.2228,721400,5495584,-0.0712,-5.5,7.6179,1.3454,405355935.6,N/A,997985696.4,53618510,0,132008690,26.4664,2.9278,2.2672,N/A,
600693.SH,东百集团,1998-08-13,1.2228,1.2244,1.2454,1.1904,1.226,442200,3318117,0.0032,0.2646,7.5037,0.8247,406428305.8,N/A,1000625870.2,53618510,0,132008690,26.5364,2.9356,2.2732,N/A,
600693.SH,东百集团,1998-08-14,1.226,1.2147,1.226,1.1662,1.1662,465500,3433063,-0.0598,-4.8813,7.375,0.8682,386589457.1,N/A,951782654.9,53618510,0,132008690,25.2411,2.7923,2.1622,N/A,
600693.SH,东百集团,1998-08-17,1.1662,1.1338,1.1581,1.0497,1.0497,551100,3651727,-0.1165,-9.9861,6.6263,1.0278,347984129.9,N/A,856736398.1,53618510,0,132008690,22.7205,2.5134,1.9463,N/A,
600693.SH,东百集团,1998-08-18,1.0497,1.0254,1.082,1.006,1.0287,366200,2390687,-0.021,-2.0031,6.5284,0.683,341013723.6,N/A,839575268.4,53618510,0,132008690,22.2654,2.4631,1.9073,N/A,
600693.SH,东百集团,1998-08-19,1.0287,1.0513,1.0998,1.0384,1.0934,321900,2147276,0.0647,6.2893,6.6706,0.6004,362461127.6,N/A,892378744.4,53618510,0,132008690,23.6657,2.618,2.0273,N/A,
600693.SH,东百集团,1998-08-20,1.0934,1.0918,1.1597,1.0772,1.1484,496100,3408444,0.055,5.0296,6.8705,0.9252,380691421,N/A,937261699,53618510,0,132008690,24.856,2.7497,2.1292,N/A,
600693.SH,东百集团,1998-08-21,1.1484,1.1564,1.171,1.116,1.1662,575300,4051182,0.0178,1.5493,7.0419,1.073,386589457.1,N/A,951782654.9,53618510,0,132008690,25.2411,2.7923,2.1622,N/A,
600693.SH,东百集团,1998-08-24,1.1662,1.1581,1.1888,1.1467,1.1613,523600,3775710,-0.0049,-0.4161,7.2111,0.9765,384980901.8,N/A,947822394.2,53618510,0,132008690,25.136,2.7806,2.1532,N/A,
600693.SH,东百集团,1998-08-25,1.1613,1.1564,1.1936,1.1435,1.1904,493700,3580925,0.0291,2.507,7.2532,0.9208,394632233.6,N/A,971583958.4,53618510,0,132008690,25.7662,2.8503,2.2072,N/A,
600693.SH,东百集团,1998-08-26,1.1904,1.1742,1.1775,1.1532,1.1548,266100,1916710,-0.0356,-2.9891,7.203,0.4963,382836161.4,N/A,942542046.6,53618510,0,132008690,24.996,2.7651,2.1412,N/A,
600693.SH,东百集团,1998-08-27,1.1548,1.1338,1.1484,1.129,1.1322,359400,2524456,-0.0226,-1.9608,7.0241,0.6703,375329570,N/A,924060830,53618510,0,132008690,24.5059,2.7109,2.0993,N/A,
600693.SH,东百集团,1998-08-28,1.1322,1.116,1.1419,1.116,1.1192,471100,3274768,-0.0129,-1.1429,6.9513,0.8786,371040089.2,N/A,913500134.8,53618510,0,132008690,24.2258,2.6799,2.0753,N/A,
600693.SH,东百集团,1998-08-31,1.1192,1.0998,1.1484,1.0513,1.1484,321900,2159620,0.0291,2.6012,6.709,0.6004,380691421,N/A,937261699,53618510,0,132008690,24.856,2.7497,2.1292,N/A,
600693.SH,东百集团,1998-09-01,1.1484,1.1338,1.1516,1.1031,1.1176,308300,2156851,-0.0307,-2.6761,6.9959,0.575,370503904.1,N/A,912180047.9,53618510,0,132008690,24.1908,2.6761,2.0723,N/A,
600693.SH,东百集团,1998-09-02,1.1176,1.1176,1.1387,1.0998,1.1241,117800,817882,0.0065,0.5789,6.943,0.2197,372648644.5,N/A,917460395.5,53618510,0,132008690,24.3309,2.6916,2.0843,N/A,
600693.SH,东百集团,1998-09-03,1.1241,1.1241,1.137,1.1176,1.129,149900,1048027,0.0049,0.4317,6.9915,0.2796,374257199.8,N/A,921420656.2,53618510,0,132008690,24.4359,2.7032,2.0933,N/A,
600693.SH,东百集团,1998-09-04,1.129,1.1338,1.1613,1.129,1.1548,394300,2797519,0.0259,2.2923,7.0949,0.7354,382836161.4,N/A,942542046.6,53618510,0,132008690,24.996,2.7651,2.1412,N/A,
600693.SH,东百集团,1998-09-07,1.1548,1.1564,1.1807,1.1484,1.1759,389100,2810769,0.021,1.8207,7.2238,0.7257,389806567.7,N/A,959703176.3,53618510,0,132008690,25.4511,2.8155,2.1802,N/A,
600693.SH,东百集团,1998-09-08,1.1759,1.1516,1.1872,1.15,1.15,375800,2705969,-0.0259,-2.2008,7.2006,0.7009,381227606.1,N/A,938581785.9,53618510,0,132008690,24.891,2.7535,2.1322,N/A,
600693.SH,东百集团,1998-09-09,1.15,1.1467,1.1969,1.1419,1.1807,516000,3757052,0.0307,2.6723,7.2811,0.9624,391415123,N/A,963663437,53618510,0,132008690,25.5562,2.8271,2.1892,N/A,
600693.SH,东百集团,1998-09-10,1.1807,1.1936,1.205,1.1775,1.2001,680800,5010961,0.0194,1.6438,7.3604,1.2697,397849344.2,N/A,979504479.8,53618510,0,132008690,25.9763,2.8736,2.2252,N/A,
600693.SH,东百集团,1998-09-11,1.2001,1.2098,1.2098,1.1807,1.192,618000,4553583,-0.0081,-0.6739,7.3683,1.1526,395168418.7,N/A,972904045.3,53618510,0,132008690,25.8012,2.8542,2.2102,N/A,
600693.SH,东百集团,1998-09-14,1.192,1.1969,1.2292,1.1775,1.2195,757000,5655888,0.0275,2.3066,7.4715,1.4118,404283565.4,N/A,995345522.6,53618510,0,132008690,26.3964,2.9201,2.2612,N/A,
600693.SH,东百集团,1998-09-15,1.2195,1.2211,1.2519,1.2034,1.2098,933700,7091150,-0.0097,-0.7958,7.5947,1.7414,401066454.8,N/A,987425001.2,53618510,0,132008690,26.1863,2.8968,2.2432,N/A,
600693.SH,东百集团,1998-09-16,1.2098,1.2001,1.2373,1.1969,1.2373,653800,4920092,0.0275,2.2727,7.5254,1.2194,410181601.5,N/A,1009866478.5,53618510,0,132008690,26.7814,2.9627,2.2942,N/A,
600693.SH,东百集团,1998-09-17,1.2373,1.2454,1.2875,1.2147,1.2228,1310800,10179141,-0.0146,-1.1765,7.7656,2.4447,405355935.6,N/A,997985696.4,53618510,0,132008690,26.4664,2.9278,2.2672,N/A,
600693.SH,东百集团,1998-09-18,1.2228,1.2211,1.2486,1.1969,1.2001,838700,6318801,-0.0226,-1.8519,7.534,1.5642,397849344.2,N/A,979504479.8,53618510,0,132008690,25.9763,2.8736,2.2252,N/A,
600693.SH,东百集团,1998-09-21,1.2001,1.1969,1.2373,1.1936,1.2373,444400,3325512,0.0372,3.0997,7.4832,0.8288,410181601.5,N/A,1009866478.5,53618510,0,132008690,26.7814,2.9627,2.2942,N/A,
600693.SH,东百集团,1998-09-22,1.2373,1.2422,1.2778,1.2211,1.2567,936400,7275261,0.0194,1.5686,7.7694,1.7464,416615822.7,N/A,1025707521.3,53618510,0,132008690,27.2015,3.0091,2.3302,N/A,
600693.SH,东百集团,1998-09-23,1.2567,1.2713,1.2713,1.2131,1.2357,514800,3930968,-0.021,-1.6731,7.6359,0.9601,409645416.4,N/A,1008546391.6,53618510,0,132008690,26.7464,2.9588,2.2912,N/A,
600693.SH,东百集团,1998-09-24,1.2357,1.2357,1.2357,1.1742,1.1807,671000,4976511,-0.055,-4.4503,7.4166,1.2514,391415123,N/A,963663437,53618510,0,132008690,25.5562,2.8271,2.1892,N/A,
600693.SH,东百集团,1998-09-25,1.1807,1.1775,1.2422,1.1775,1.2373,621600,4686622,0.0566,4.7945,7.5396,1.1593,410181601.5,N/A,1009866478.5,53618510,0,132008690,26.7814,2.9627,2.2942,N/A,
600693.SH,东百集团,1998-09-28,1.2373,1.2373,1.2761,1.226,1.2389,822200,6371173,0.0016,0.1307,7.7489,1.5334,410717786.6,N/A,1011186565.4,53618510,0,132008690,26.8165,2.9665,2.2972,N/A,
600693.SH,东百集团,1998-09-29,1.2389,1.2551,1.2551,1.2066,1.2179,329300,2492250,-0.021,-1.6971,7.5683,0.6142,403747380.3,N/A,994025435.7,53618510,0,132008690,26.3613,2.9162,2.2582,N/A,
600693.SH,东百集团,1998-09-30,1.2179,1.2163,1.2454,1.2163,1.2373,320100,2445207,0.0194,1.5936,7.6389,0.597,410181601.5,N/A,1009866478.5,53618510,0,132008690,26.7814,2.9627,2.2942,N/A,
600693.SH,东百集团,1998-10-05,1.2373,1.2454,1.2551,1.2292,1.2535,343200,2629050,0.0162,1.3072,7.6604,0.6401,415543452.5,N/A,1023067347.5,53618510,0,132008690,27.1315,3.0014,2.3242,N/A,
600693.SH,东百集团,1998-10-06,1.2535,1.2535,1.3069,1.2454,1.2778,2118400,16670397,0.0243,1.9355,7.8693,3.9509,423586229,N/A,1042868651,53618510,0,132008690,27.6567,3.0595,2.3692,N/A,
600693.SH,东百集团,1998-10-07,1.2778,1.2778,1.3182,1.2583,1.3166,1941500,15512624,0.0388,3.038,7.99,3.621,436454671.4,N/A,1074550736.6,53618510,0,132008690,28.4969,3.1524,2.4411,N/A,
600693.SH,东百集团,1998-10-08,1.3166,1.3182,1.3327,1.2955,1.3052,1282300,10402137,-0.0113,-0.86,8.1121,2.3915,432701375.7,N/A,1065310128.3,53618510,0,132008690,28.2518,3.1253,2.4201,N/A,
600693.SH,东百集团,1998-10-09,1.3052,1.3182,1.3602,1.302,1.3247,2039000,16806393,0.0194,1.487,8.2425,3.8028,439135596.9,N/A,1081151171.1,53618510,0,132008690,28.6719,3.1718,2.4561,N/A,
600693.SH,东百集团,1998-10-12,1.3247,1.3295,1.3619,1.3117,1.357,1279900,10615433,0.0323,2.442,8.294,2.387,449859298.9,N/A,1107552909.1,53618510,0,132008690,29.3721,3.2492,2.5161,N/A,
600693.SH,东百集团,1998-10-13,1.357,1.3505,1.3829,1.2988,1.3085,1183400,9768785,-0.0485,-3.5757,8.2548,2.2071,433773745.9,N/A,1067950302.1,53618510,0,132008690,28.3218,3.1331,2.4261,N/A,
600693.SH,东百集团,1998-10-14,1.3085,1.302,1.3166,1.2745,1.2907,784000,6244270,-0.0178,-1.3597,7.9646,1.4622,427875709.8,N/A,1053429346.2,53618510,0,132008690,27.9367,3.0905,2.3932,N/A,
600693.SH,东百集团,1998-10-15,1.2907,1.2972,1.3295,1.2778,1.315,636300,5143802,0.0243,1.8797,8.0839,1.1867,435918486.3,N/A,1073230649.7,53618510,0,132008690,28.4619,3.1486,2.4381,N/A,
600693.SH,东百集团,1998-10-16,1.315,1.323,1.3263,1.2616,1.2648,999300,7909288,-0.0501,-3.813,7.9148,1.8637,419296748.2,N/A,1032307955.8,53618510,0,132008690,27.3766,3.0285,2.3452,N/A,
600693.SH,东百集团,1998-10-19,1.2648,1.2697,1.2939,1.2535,1.2778,601500,4725607,0.0129,1.023,7.8564,1.1218,423586229,N/A,1042868651,53618510,0,132008690,27.6567,3.0595,2.3692,N/A,
600693.SH,东百集团,1998-10-20,1.2778,1.281,1.2907,1.2583,1.2648,325400,2555724,-0.0129,-1.0127,7.8541,0.6069,419296748.2,N/A,1032307955.8,53618510,0,132008690,27.3766,3.0285,2.3452,N/A,
600693.SH,东百集团,1998-10-21,1.2648,1.2616,1.2778,1.2179,1.2195,609200,4698194,-0.0453,-3.5806,7.7121,1.1362,404283565.4,N/A,995345522.6,53618510,0,132008690,26.3964,2.9201,2.2612,N/A,
600693.SH,东百集团,1998-10-22,1.2195,1.2147,1.2567,1.2017,1.2373,516400,3916893,0.0178,1.4589,7.585,0.9631,410181601.5,N/A,1009866478.5,53618510,0,132008690,26.7814,2.9627,2.2942,N/A,
600693.SH,东百集团,1998-10-23,1.2373,1.2519,1.2535,1.2211,1.2244,437000,3340957,-0.0129,-1.0458,7.6452,0.815,405892120.7,N/A,999305783.3,53618510,0,132008690,26.5014,2.9317,2.2702,N/A,
600693.SH,东百集团,1998-10-26,1.2244,1.2244,1.2373,1.1742,1.1985,502200,3736533,-0.0259,-2.1136,7.4403,0.9366,397313159.1,N/A,978184392.9,53618510,0,132008690,25.9412,2.8697,2.2222,N/A,
600693.SH,东百集团,1998-10-27,1.1985,1.1985,1.2308,1.1985,1.2131,273100,2051110,0.0146,1.2146,7.5105,0.5093,402138825,N/A,990065175,53618510,0,132008690,26.2563,2.9046,2.2492,N/A,
600693.SH,东百集团,1998-10-28,1.2131,1.2147,1.2373,1.2001,1.2373,292100,2201893,0.0243,2,7.5381,0.5448,410181601.5,N/A,1009866478.5,53618510,0,132008690,26.7814,2.9627,2.2942,N/A,
600693.SH,东百集团,1998-10-29,1.2373,1.2454,1.2551,1.2131,1.2211,223800,1699644,-0.0162,-1.3072,7.5945,0.4174,404819750.5,N/A,996665609.5,53618510,0,132008690,26.4314,2.9239,2.2642,N/A,
600693.SH,东百集团,1998-10-30,1.2211,1.2147,1.2745,1.2001,1.247,531100,4028062,0.0259,2.1192,7.5844,0.9905,413398712.1,N/A,1017786999.9,53618510,0,132008690,26.9915,2.9859,2.3122,N/A,
600693.SH,东百集团,1998-11-02,1.247,1.247,1.2988,1.2373,1.2939,1018000,8016712,0.0469,3.7613,7.875,1.8986,428948080,N/A,1056069520,53618510,0,132008690,28.0067,3.0982,2.3992,N/A,
600693.SH,东百集团,1998-11-03,1.2939,1.2939,1.3036,1.2713,1.2826,512100,4062473,-0.0113,-0.875,7.933,0.9551,425194784.3,N/A,1046828911.7,53618510,0,132008690,27.7617,3.0711,2.3782,N/A,
600693.SH,东百集团,1998-11-04,1.2826,1.2858,1.2939,1.2648,1.268,371700,2944742,-0.0146,-1.1349,7.9224,0.6932,420369118.4,N/A,1034948129.6,53618510,0,132008690,27.4466,3.0362,2.3512,N/A,
600693.SH,东百集团,1998-11-05,1.268,1.2939,1.3004,1.247,1.281,773900,6114359,0.0129,1.0204,7.9007,1.4433,424658599.2,N/A,1045508824.8,53618510,0,132008690,27.7267,3.0672,2.3752,N/A,
600693.SH,东百集团,1998-11-06,1.281,1.2858,1.3069,1.2616,1.2794,950000,7568327,-0.0016,-0.1263,7.9667,1.7718,424122414.1,N/A,1044188737.9,53618510,0,132008690,27.6917,3.0634,2.3722,N/A,
600693.SH,东百集团,1998-11-09,1.2794,1.2858,1.3133,1.2858,1.2939,597000,4783875,0.0146,1.1378,8.0132,1.1134,428948080,N/A,1056069520,53618510,0,132008690,28.0067,3.0982,2.3992,N/A,
600693.SH,东百集团,1998-11-10,1.2939,1.2939,1.3344,1.2907,1.323,1466300,11906237,0.0291,2.25,8.1199,2.7347,438599411.8,N/A,1079831084.2,53618510,0,132008690,28.6369,3.1679,2.4531,N/A,
600693.SH,东百集团,1998-11-11,1.323,1.323,1.3554,1.3198,1.3424,1508300,12492322,0.0194,1.467,8.2824,2.813,445033633,N/A,1095672127,53618510,0,132008690,29.057,3.2144,2.4891,N/A,
600693.SH,东百集团,1998-11-12,1.3424,1.3263,1.3473,1.2875,1.3036,1771200,14546374,-0.0388,-2.8916,8.2127,3.3033,432165190.6,N/A,1063990041.4,53618510,0,132008690,28.2168,3.1214,2.4171,N/A,
600693.SH,东百集团,1998-11-13,1.3036,1.2939,1.3473,1.2907,1.3295,856200,6987315,0.0259,1.9851,8.1608,1.5968,440744152.2,N/A,1085111431.8,53618510,0,132008690,28.7769,3.1834,2.4651,N/A,
600693.SH,东百集团,1998-11-16,1.3295,1.3263,1.3424,1.3133,1.323,513500,4227738,-0.0065,-0.4866,8.2332,0.9577,438599411.8,N/A,1079831084.2,53618510,0,132008690,28.6369,3.1679,2.4531,N/A,
600693.SH,东百集团,1998-11-17,1.323,1.3182,1.3263,1.2955,1.3004,514100,4151600,-0.0226,-1.7115,8.0755,0.9588,431092820.4,N/A,1061349867.6,53618510,0,132008690,28.1468,3.1137,2.4111,N/A,
600693.SH,东百集团,1998-11-18,1.3004,1.3004,1.3133,1.2955,1.3004,473000,3811165,0,0,8.0574,0.8822,431092820.4,N/A,1061349867.6,53618510,0,132008690,28.1468,3.1137,2.4111,N/A,
600693.SH,东百集团,1998-11-19,1.3004,1.3036,1.3263,1.2988,1.2988,405100,3286043,-0.0016,-0.1244,8.1117,0.7555,430556635.3,N/A,1060029780.7,53618510,0,132008690,28.1118,3.1098,2.4081,N/A,
600693.SH,东百集团,1998-11-20,1.2988,1.3101,1.3376,1.3004,1.3133,513900,4181600,0.0146,1.1208,8.137,0.9584,435382301.2,N/A,1071910562.8,53618510,0,132008690,28.4268,3.1447,2.4351,N/A,
600693.SH,东百集团,1998-11-23,1.3133,1.3198,1.3505,1.3036,1.3489,925900,7604011,0.0356,2.7094,8.2126,1.7268,447178373.4,N/A,1100952474.6,53618510,0,132008690,29.197,3.2299,2.5011,N/A,
600693.SH,东百集团,1998-11-24,1.3489,1.3489,1.3796,1.3489,1.3586,1507600,12745082,0.0097,0.7194,8.4539,2.8117,450395484,N/A,1108872996,53618510,0,132008690,29.4071,3.2531,2.5191,N/A,
600693.SH,东百集团,1998-11-25,1.3586,1.3716,1.3716,1.3376,1.3376,615000,5128574,-0.021,-1.5476,8.3391,1.147,443425077.7,N/A,1091711866.3,53618510,0,132008690,28.952,3.2028,2.4801,N/A,
600693.SH,东百集团,1998-11-26,1.3376,1.3344,1.3586,1.3214,1.3263,531800,4408000,-0.0113,-0.8464,8.2888,0.9918,439671782,N/A,1082471258,53618510,0,132008690,28.7069,3.1757,2.4591,N/A,
600693.SH,东百集团,1998-11-27,1.3263,1.3263,1.3457,1.3133,1.3182,452700,3720000,-0.0081,-0.6098,8.2174,0.8443,436990856.5,N/A,1075870823.5,53618510,0,132008690,28.5319,3.1563,2.4441,N/A,
600693.SH,东百集团,1998-11-30,1.3182,1.3182,1.3198,1.3036,1.3166,301000,2442000,-0.0016,-0.1227,8.113,0.5614,436454671.4,N/A,1074550736.6,53618510,0,132008690,28.4969,3.1524,2.4411,N/A,
600693.SH,东百集团,1998-12-01,1.3166,1.3166,1.3344,1.3052,1.315,275400,2241347,-0.0016,-0.1229,8.1385,0.5136,435918486.3,N/A,1073230649.7,53618510,0,132008690,28.4619,3.1486,2.4381,N/A,
600693.SH,东百集团,1998-12-02,1.315,1.302,1.3263,1.3004,1.3263,339100,2747777,0.0113,0.861,8.1031,0.6324,439671782,N/A,1082471258,53618510,0,132008690,28.7069,3.1757,2.4591,N/A,
600693.SH,东百集团,1998-12-03,1.3263,1.3263,1.3392,1.3069,1.3311,217100,1783429,0.0049,0.3659,8.2148,0.4049,441280337.3,N/A,1086431518.7,53618510,0,132008690,28.8119,3.1873,2.4681,N/A,
600693.SH,东百集团,1998-12-04,1.3311,1.3263,1.3376,1.3101,1.3101,320700,2617451,-0.021,-1.5796,8.1617,0.5981,434309931,N/A,1069270389,53618510,0,132008690,28.3568,3.1369,2.4291,N/A,
600693.SH,东百集团,1998-12-07,1.3101,1.3279,1.336,1.2794,1.2858,484100,3901847,-0.0243,-1.8519,8.06,0.9029,426267154.5,N/A,1049469085.5,53618510,0,132008690,27.8317,3.0788,2.3842,N/A,
600693.SH,东百集团,1998-12-08,1.2858,1.2858,1.3069,1.2826,1.2955,306600,2454545,0.0097,0.7547,8.0057,0.5718,429484265.1,N/A,1057389606.9,53618510,0,132008690,28.0417,3.1021,2.4022,N/A,
600693.SH,东百集团,1998-12-09,1.2955,1.2988,1.3052,1.2745,1.2745,211800,1689328,-0.021,-1.623,7.9761,0.395,422513858.8,N/A,1040228477.2,53618510,0,132008690,27.5866,3.0517,2.3632,N/A,
600693.SH,东百集团,1998-12-10,1.2745,1.2745,1.2778,1.2486,1.2632,265000,2073739,-0.0113,-0.8883,7.8254,0.4942,418760563.1,N/A,1030987868.9,53618510,0,132008690,27.3416,3.0246,2.3422,N/A,
600693.SH,东百集团,1998-12-11,1.2632,1.2632,1.2858,1.2583,1.2826,191500,1508370,0.0194,1.5365,7.8766,0.3572,425194784.3,N/A,1046828911.7,53618510,0,132008690,27.7617,3.0711,2.3782,N/A,
600693.SH,东百集团,1998-12-14,1.2826,1.281,1.2939,1.2616,1.2616,94000,740520,-0.021,-1.6393,7.8779,0.1753,418224378,N/A,1029667782,53618510,0,132008690,27.3066,3.0208,2.3392,N/A,
600693.SH,东百集团,1998-12-15,1.2616,1.2697,1.2697,1.2292,1.2664,269600,2078027,0.0049,0.3846,7.7078,0.5028,419832933.3,N/A,1033628042.7,53618510,0,132008690,27.4116,3.0324,2.3482,N/A,
600693.SH,东百集团,1998-12-16,1.2664,1.2616,1.2616,1.2406,1.2422,101300,781130,-0.0243,-1.9157,7.7111,0.1889,411790156.8,N/A,1013826739.2,53618510,0,132008690,26.8865,2.9743,2.3032,N/A,
600693.SH,东百集团,1998-12-17,1.2422,1.2406,1.281,1.2325,1.2357,113100,867399,-0.0065,-0.5208,7.6693,0.2109,409645416.4,N/A,1008546391.6,53618510,0,132008690,26.7464,2.9588,2.2912,N/A,
600693.SH,东百集团,1998-12-18,1.2357,1.2357,1.2486,1.2131,1.2131,182500,1378821,-0.0226,-1.8325,7.5552,0.3404,402138825,N/A,990065175,53618510,0,132008690,26.2563,2.9046,2.2492,N/A,
600693.SH,东百集团,1998-12-21,1.2131,1.2292,1.2292,1.2066,1.2131,131200,985170,0,0,7.5089,0.2447,402138825,N/A,990065175,53618510,0,132008690,26.2563,2.9046,2.2492,N/A,
600693.SH,东百集团,1998-12-22,1.2131,1.2131,1.247,1.2131,1.2438,349000,2664469,0.0307,2.5333,7.6346,0.6509,412326341.9,N/A,1015146826.1,53618510,0,132008690,26.9215,2.9782,2.3062,N/A,
600693.SH,东百集团,1998-12-23,1.2438,1.2535,1.2535,1.2179,1.2211,112600,855036,-0.0226,-1.8205,7.5936,0.21,404819750.5,N/A,996665609.5,53618510,0,132008690,26.4314,2.9239,2.2642,N/A,
600693.SH,东百集团,1998-12-24,1.2211,1.2228,1.2276,1.1888,1.2163,245400,1824324,-0.0049,-0.3974,7.4341,0.4577,403211195.2,N/A,992705348.8,53618510,0,132008690,26.3263,2.9123,2.2552,N/A,
600693.SH,东百集团,1998-12-25,1.2163,1.2131,1.2373,1.2098,1.2195,177600,1342513,0.0032,0.266,7.5592,0.3312,404283565.4,N/A,995345522.6,53618510,0,132008690,26.3964,2.9201,2.2612,N/A,
600693.SH,东百集团,1998-12-28,1.2195,1.2228,1.247,1.2228,1.2308,732100,5583550,0.0113,0.9284,7.6268,1.3654,408036861.1,N/A,1004586130.9,53618510,0,132008690,26.6414,2.9472,2.2822,N/A,
600693.SH,东百集团,1998-12-29,1.2308,1.2454,1.2454,1.2131,1.2147,487600,3702409,-0.0162,-1.3141,7.5931,0.9094,402675010.1,N/A,991385261.9,53618510,0,132008690,26.2913,2.9084,2.2522,N/A,
600693.SH,东百集团,1998-12-30,1.2147,1.2147,1.2276,1.2034,1.2276,224800,1691662,0.0129,1.0652,7.5252,0.4193,406964490.9,N/A,1001945957.1,53618510,0,132008690,26.5714,2.9394,2.2762,N/A,
600693.SH,东百集团,1998-12-31,1.2276,1.2211,1.2325,1.2179,1.226,157900,1197767,-0.0016,-0.1318,7.5856,0.2945,406428305.8,N/A,1000625870.2,53618510,0,132008690,26.5364,2.9356,2.2732,N/A,
600693.SH,东百集团,1999-01-04,1.226,1.226,1.226,1.1888,1.1888,134400,1002346,-0.0372,-3.0343,7.4579,0.2507,394096048.5,N/A,970263871.5,53618510,0,132008690,21.9607,2.522,1.8187,242.7677,
600693.SH,东百集团,1999-01-05,1.1888,1.1953,1.1953,1.1564,1.171,162400,1177242,-0.0178,-1.4966,7.249,0.3029,388198012.4,N/A,955742915.6,53618510,0,132008690,21.6321,2.4843,1.7915,239.1345,
600693.SH,东百集团,1999-01-06,1.171,1.1726,1.1985,1.171,1.1888,80600,591493,0.0178,1.5193,7.3386,0.1503,394096048.5,N/A,970263871.5,53618510,0,132008690,21.9607,2.522,1.8187,242.7677,
600693.SH,东百集团,1999-01-07,1.1888,1.1888,1.1888,1.1775,1.1888,97100,711032,0,0,7.3227,0.1811,394096048.5,N/A,970263871.5,53618510,0,132008690,21.9607,2.522,1.8187,242.7677,
600693.SH,东百集团,1999-01-08,1.1888,1.1888,1.2292,1.1856,1.2276,190900,1435982,0.0388,3.2653,7.5222,0.356,406964490.9,N/A,1001945957.1,53618510,0,132008690,22.6778,2.6044,1.8781,250.6948,
600693.SH,东百集团,1999-01-11,1.2276,1.2373,1.2373,1.2098,1.2292,139300,1048629,0.0016,0.1318,7.5278,0.2598,407500676,N/A,1003266044,53618510,0,132008690,22.7077,2.6078,1.8806,251.0251,
600693.SH,东百集团,1999-01-12,1.2292,1.226,1.2583,1.205,1.2066,134500,1018324,-0.0226,-1.8421,7.5712,0.2508,399994084.6,N/A,984784827.4,53618510,0,132008690,22.2894,2.5597,1.846,246.401,
600693.SH,东百集团,1999-01-13,1.2066,1.2066,1.2131,1.1953,1.1985,184300,1368496,-0.0081,-0.6702,7.4254,0.3437,397313159.1,N/A,978184392.9,53618510,0,132008690,22.14,2.5426,1.8336,244.7495,
600693.SH,东百集团,1999-01-14,1.1985,1.1969,1.2131,1.1969,1.2001,87800,651497,0.0016,0.135,7.4202,0.1637,397849344.2,N/A,979504479.8,53618510,0,132008690,22.1699,2.546,1.8361,245.0798,
600693.SH,东百集团,1999-01-15,1.2001,1.1969,1.2244,1.1936,1.1936,87600,650057,-0.0065,-0.5391,7.4207,0.1634,395704603.8,N/A,974224132.2,53618510,0,132008690,22.0504,2.5323,1.8262,243.7586,
600693.SH,东百集团,1999-01-18,1.1936,1.1823,1.2131,1.1791,1.2131,112900,834272,0.0194,1.626,7.3895,0.2106,402138825,N/A,990065175,53618510,0,132008690,22.4089,2.5735,1.8559,247.7222,
600693.SH,东百集团,1999-01-19,1.2131,1.205,1.2211,1.2017,1.2082,186200,1394973,-0.0049,-0.4,7.4918,0.3473,400530269.7,N/A,986104914.3,53618510,0,132008690,22.3193,2.5632,1.8484,246.7313,
600693.SH,东百集团,1999-01-20,1.2082,1.2131,1.2276,1.205,1.2228,195100,1473106,0.0146,1.2048,7.5505,0.3639,405355935.6,N/A,997985696.4,53618510,0,132008690,22.5882,2.5941,1.8707,249.7039,
600693.SH,东百集团,1999-01-21,1.2228,1.2325,1.268,1.2228,1.2616,860300,6655781,0.0388,3.1746,7.7366,1.6045,418224378,N/A,1029667782,53618510,0,132008690,23.3053,2.6764,1.9301,257.631,
600693.SH,东百集团,1999-01-22,1.2616,1.2632,1.2713,1.2389,1.2486,319600,2468574,-0.0129,-1.0256,7.7239,0.5961,413934897.2,N/A,1019107086.8,53618510,0,132008690,23.0662,2.649,1.9103,254.9887,
600693.SH,东百集团,1999-01-25,1.2486,1.2454,1.2535,1.226,1.226,217000,1656722,-0.0226,-1.8135,7.6347,0.4047,406428305.8,N/A,1000625870.2,53618510,0,132008690,22.6479,2.6009,1.8757,250.3645,
600693.SH,东百集团,1999-01-26,1.226,1.2211,1.2325,1.2131,1.2195,132600,1003259,-0.0065,-0.5277,7.5661,0.2473,404283565.4,N/A,995345522.6,53618510,0,132008690,22.5284,2.5872,1.8658,249.0434,
600693.SH,东百集团,1999-01-27,1.2195,1.2163,1.2292,1.2098,1.2211,107000,805277,0.0016,0.1326,7.526,0.1996,404819750.5,N/A,996665609.5,53618510,0,132008690,22.5583,2.5906,1.8682,249.3736,
600693.SH,东百集团,1999-01-28,1.2211,1.2211,1.2292,1.1985,1.1985,143500,1078626,-0.0226,-1.8543,7.5166,0.2676,397313159.1,N/A,978184392.9,53618510,0,132008690,22.14,2.5426,1.8336,244.7495,
600693.SH,东百集团,1999-01-29,1.1985,1.1953,1.2406,1.1904,1.1904,115400,857873,-0.0081,-0.6748,7.4339,0.2152,394632233.6,N/A,971583958.4,53618510,0,132008690,21.9906,2.5254,1.8212,243.098,
600693.SH,东百集团,1999-02-01,1.1904,1.1662,1.1985,1.1662,1.1775,103700,758204,-0.0129,-1.087,7.3115,0.1934,390342752.8,N/A,961023263.2,53618510,0,132008690,21.7516,2.498,1.8014,240.4556,
600693.SH,东百集团,1999-02-02,1.1775,1.1726,1.1904,1.1726,1.1807,108000,786170,0.0032,0.2747,7.2794,0.2014,391415123,N/A,963663437,53618510,0,132008690,21.8113,2.5048,1.8064,241.1162,
600693.SH,东百集团,1999-02-03,1.1807,1.2001,1.2001,1.1742,1.1742,67100,489642,-0.0065,-0.5479,7.2972,0.1251,389270382.6,N/A,958383089.4,53618510,0,132008690,21.6918,2.4911,1.7965,239.7951,
600693.SH,东百集团,1999-02-04,1.1742,1.1742,1.1759,1.1581,1.1581,101400,730387,-0.0162,-1.3774,7.203,0.1891,383908531.6,N/A,945182220.4,53618510,0,132008690,21.393,2.4568,1.7717,236.4921,
600693.SH,东百集团,1999-02-05,1.1581,1.1645,1.1645,1.1128,1.116,156700,1091684,-0.0421,-3.6313,6.9667,0.2922,369967719,N/A,910859961,53618510,0,132008690,20.6162,2.3676,1.7074,227.9044,
600693.SH,东百集团,1999-02-08,1.116,1.1128,1.116,1.0368,1.0626,269200,1785418,-0.0534,-4.7826,6.6323,0.5021,352273610.7,N/A,867297093.3,53618510,0,132008690,19.6302,2.2544,1.6257,217.0046,
600693.SH,东百集团,1999-02-09,1.0626,1.0626,1.1031,1.0626,1.0998,166000,1111321,0.0372,3.5008,6.6947,0.3096,364605868,N/A,897659092,53618510,0,132008690,20.3174,2.3333,1.6826,224.6014,
600693.SH,东百集团,1999-03-01,1.0998,1.1176,1.1192,1.0885,1.1031,116500,792097,0.0032,0.2941,6.7991,0.2173,365678238.2,N/A,900299265.8,53618510,0,132008690,20.3772,2.3401,1.6876,225.262,
600693.SH,东百集团,1999-03-02,1.1031,1.1128,1.1128,1.0934,1.1095,92400,628981,0.0065,0.5865,6.8072,0.1723,367822978.6,N/A,905579613.4,53618510,0,132008690,20.4967,2.3539,1.6975,226.5832,
600693.SH,东百集团,1999-03-03,1.1095,1.1079,1.1548,1.1015,1.1516,233800,1633372,0.0421,3.7901,6.9862,0.436,381763791.2,N/A,939901872.8,53618510,0,132008690,21.2735,2.4431,1.7618,235.1709,
600693.SH,东百集团,1999-03-04,1.1516,1.1435,1.171,1.1338,1.1613,183200,1307053,0.0097,0.8427,7.1346,0.3417,384980901.8,N/A,947822394.2,53618510,0,132008690,21.4528,2.4637,1.7767,237.1527,
600693.SH,东百集团,1999-03-05,1.1613,1.1516,1.1597,1.129,1.1564,298400,2115464,-0.0049,-0.4178,7.0894,0.5565,383372346.5,N/A,943862133.5,53618510,0,132008690,21.3631,2.4534,1.7693,236.1618,
600693.SH,东百集团,1999-03-08,1.1564,1.1564,1.1726,1.15,1.1662,189000,1355685,0.0097,0.8392,7.1729,0.3525,386589457.1,N/A,951782654.9,53618510,0,132008690,21.5424,2.474,1.7841,238.1436,
600693.SH,东百集团,1999-03-09,1.1662,1.1791,1.1936,1.1759,1.1839,196600,1438496,0.0178,1.5257,7.3169,0.3667,392487493.2,N/A,966303610.8,53618510,0,132008690,21.8711,2.5117,1.8113,241.7768,
600693.SH,东百集团,1999-03-10,1.1839,1.1807,1.1807,1.1613,1.1613,114700,829759,-0.0226,-1.9126,7.2342,0.2139,384980901.8,N/A,947822394.2,53618510,0,132008690,21.4528,2.4637,1.7767,237.1527,
600693.SH,东百集团,1999-03-11,1.1613,1.1613,1.1936,1.1613,1.1872,152000,1111397,0.0259,2.2284,7.3118,0.2835,393559863.4,N/A,968943784.6,53618510,0,132008690,21.9308,2.5186,1.8163,242.4374,
600693.SH,东百集团,1999-03-12,1.1872,1.1872,1.2001,1.1726,1.1969,251400,1844603,0.0097,0.8174,7.3373,0.4689,396776974,N/A,976864306,53618510,0,132008690,22.1101,2.5392,1.8311,244.4192,
600693.SH,东百集团,1999-03-15,1.1969,1.205,1.2373,1.1936,1.2292,433300,3248722,0.0323,2.7027,7.4976,0.8081,407500676,N/A,1003266044,53618510,0,132008690,22.7077,2.6078,1.8806,251.0251,
600693.SH,东百集团,1999-03-16,1.2292,1.2373,1.2373,1.205,1.2098,172400,1293098,-0.0194,-1.5789,7.5006,0.3215,401066454.8,N/A,987425001.2,53618510,0,132008690,22.3491,2.5666,1.8509,247.0616,
600693.SH,东百集团,1999-03-17,1.2098,1.2098,1.2292,1.1969,1.2066,187300,1405615,-0.0032,-0.2674,7.5046,0.3493,399994084.6,N/A,984784827.4,53618510,0,132008690,22.2894,2.5597,1.846,246.401,
600693.SH,东百集团,1999-03-18,1.2066,1.205,1.2131,1.192,1.205,177700,1324734,-0.0016,-0.134,7.4549,0.3314,399457899.5,N/A,983464740.5,53618510,0,132008690,22.2595,2.5563,1.8435,246.0707,
600693.SH,东百集团,1999-03-19,1.205,1.2066,1.226,1.205,1.2179,132100,989488,0.0129,1.0738,7.4904,0.2464,403747380.3,N/A,994025435.7,53618510,0,132008690,22.4985,2.5838,1.8633,248.7131,
600693.SH,东百集团,1999-03-22,1.2179,1.2163,1.2341,1.2131,1.2131,176200,1334121,-0.0049,-0.3984,7.5716,0.3286,402138825,N/A,990065175,53618510,0,132008690,22.4089,2.5735,1.8559,247.7222,
600693.SH,东百集团,1999-03-23,1.2131,1.2001,1.2131,1.1888,1.1985,146100,1079905,-0.0146,-1.2,7.3915,0.2725,397313159.1,N/A,978184392.9,53618510,0,132008690,22.14,2.5426,1.8336,244.7495,
600693.SH,东百集团,1999-03-24,1.1985,1.1904,1.2179,1.1888,1.205,175500,1308184,0.0065,0.5398,7.454,0.3273,399457899.5,N/A,983464740.5,53618510,0,132008690,22.2595,2.5563,1.8435,246.0707,
600693.SH,东百集团,1999-03-25,1.205,1.1969,1.2179,1.1823,1.2066,200500,1492634,0.0016,0.1342,7.4446,0.3739,399994084.6,N/A,984784827.4,53618510,0,132008690,22.2894,2.5597,1.846,246.401,
600693.SH,东百集团,1999-03-26,1.2066,1.2066,1.2211,1.1969,1.2211,172000,1287718,0.0146,1.2064,7.4867,0.3208,404819750.5,N/A,996665609.5,53618510,0,132008690,22.5583,2.5906,1.8682,249.3736,
600693.SH,东百集团,1999-03-29,1.2211,1.2211,1.2211,1.2001,1.2163,95000,713027,-0.0049,-0.3974,7.5055,0.1772,403211195.2,N/A,992705348.8,53618510,0,132008690,22.4687,2.5803,1.8608,248.3828,
600693.SH,东百集团,1999-03-30,1.2163,1.2163,1.2292,1.2082,1.2147,151900,1140153,-0.0016,-0.133,7.5059,0.2833,402675010.1,N/A,991385261.9,53618510,0,132008690,22.4388,2.5769,1.8583,248.0525,
600693.SH,东百集团,1999-03-31,1.2147,1.2131,1.302,1.2131,1.2697,1178000,9286876,0.055,4.5273,7.8836,2.197,420905303.5,N/A,1036268216.5,53618510,0,132008690,23.4546,2.6936,1.9425,259.2825,
600693.SH,东百集团,1999-04-01,1.2697,1.2778,1.3392,1.2713,1.3344,1420300,11548768,0.0647,5.0955,8.1312,2.6489,442352707.5,N/A,1089071692.5,53618510,0,132008690,24.6498,2.8308,2.0414,272.4944,
600693.SH,东百集团,1999-04-02,1.3344,1.3424,1.3813,1.3133,1.3247,2067700,17229467,-0.0097,-0.7273,8.3327,3.8563,439135596.9,N/A,1081151171.1,53618510,0,132008690,24.4705,2.8102,2.0266,270.5126,
600693.SH,东百集团,1999-04-05,1.3247,1.3263,1.3991,1.3263,1.3813,2140500,18130404,0.0566,4.2735,8.4702,3.9921,457902075.4,N/A,1127354212.6,53618510,0,132008690,25.5163,2.9303,2.1132,282.073,
600693.SH,东百集团,1999-04-06,1.3813,1.391,1.4266,1.3764,1.4104,2284700,19868172,0.0291,2.1077,8.6962,4.261,467553407.2,N/A,1151115776.8,53618510,0,132008690,26.0541,2.9921,2.1577,288.0183,
600693.SH,东百集团,1999-04-07,1.4104,1.4104,1.4799,1.4039,1.4395,3300300,29507354,0.0291,2.0642,8.9408,6.1552,477204739,N/A,1174877341,53618510,0,132008690,26.5919,3.0539,2.2023,293.9636,
600693.SH,东百集团,1999-04-08,1.4395,1.4427,1.4686,1.4152,1.4395,1847400,16390532,0,0,8.8722,3.4455,477204739,N/A,1174877341,53618510,0,132008690,26.5919,3.0539,2.2023,293.9636,
600693.SH,东百集团,1999-04-09,1.4395,1.4363,1.4557,1.4249,1.446,1273800,11350827,0.0065,0.4494,8.911,2.3757,479349479.4,N/A,1180157688.6,53618510,0,132008690,26.7114,3.0676,2.2122,295.2848,
600693.SH,东百集团,1999-04-12,1.446,1.446,1.4476,1.391,1.4071,1414700,12398994,-0.0388,-2.6846,8.7644,2.6385,466481037,N/A,1148475603,53618510,0,132008690,25.9943,2.9852,2.1528,287.3577,
600693.SH,东百集团,1999-04-13,1.4071,1.4055,1.4476,1.3974,1.4266,1731200,15191558,0.0194,1.3793,8.7752,3.2287,472915258.2,N/A,1164316645.8,53618510,0,132008690,26.3529,3.0264,2.1825,291.3213,
600693.SH,东百集团,1999-04-14,1.4266,1.4266,1.5689,1.4266,1.5689,3642500,34179466,0.1423,9.9773,9.3835,6.7934,520099547,N/A,1280484293,53618510,0,132008690,28.9822,3.3284,2.4002,320.3873,
600693.SH,东百集团,1999-04-15,1.5689,1.5689,1.598,1.5252,1.5252,2386500,23058933,-0.0437,-2.7835,9.6622,4.4509,505622549.3,N/A,1244841946.7,53618510,0,132008690,28.1755,3.2357,2.3334,311.4693,
600693.SH,东百集团,1999-04-16,1.5252,1.5171,1.5495,1.4977,1.4977,946600,8886685,-0.0275,-1.8028,9.388,1.7654,496507402.6,N/A,1222400469.4,53618510,0,132008690,27.6675,3.1774,2.2914,305.8543,
600693.SH,东百集团,1999-04-19,1.4977,1.5139,1.5915,1.4977,1.5624,2122700,20364326,0.0647,4.3197,9.5936,3.9589,517954806.6,N/A,1275203945.4,53618510,0,132008690,28.8627,3.3146,2.3903,319.0662,
600693.SH,东百集团,1999-04-20,1.5624,1.5689,1.6093,1.4718,1.5657,5280400,50500710,0.0032,0.207,9.5638,9.8481,519027176.8,N/A,1277844119.2,53618510,0,132008690,28.9224,3.3215,2.3953,319.7267,
600693.SH,东百集团,1999-04-21,1.5657,1.5657,1.6627,1.5398,1.5527,4502800,44829537,-0.0129,-0.8264,9.9559,8.3978,514737696,N/A,1267283424,53618510,0,132008690,28.6834,3.294,2.3755,317.0844,
600693.SH,东百集团,1999-04-22,1.5527,1.5462,1.5462,1.4654,1.4799,1630900,15078687,-0.0728,-4.6875,9.2456,3.0417,490609366.5,N/A,1207879513.5,53618510,0,132008690,27.3389,3.1396,2.2641,302.221,
600693.SH,东百集团,1999-04-23,1.4799,1.4718,1.5042,1.4589,1.4815,1384300,12672518,0.0016,0.1093,9.1545,2.5818,491145551.6,N/A,1209199600.4,53618510,0,132008690,27.3687,3.1431,2.2666,302.5513,
600693.SH,东百集团,1999-04-26,1.4815,1.4815,1.4977,1.3829,1.3877,1298900,11499712,-0.0938,-6.3319,8.8534,2.4225,460046815.8,N/A,1132634560.2,53618510,0,132008690,25.6358,2.9441,2.1231,283.3942,
600693.SH,东百集团,1999-04-27,1.3877,1.3748,1.4007,1.3586,1.3683,879400,7491919,-0.0194,-1.3986,8.5194,1.6401,453612594.6,N/A,1116793517.4,53618510,0,132008690,25.2772,2.9029,2.0934,279.4306,
600693.SH,东百集团,1999-04-28,1.3683,1.3683,1.4185,1.302,1.3748,754000,6347754,0.0065,0.4728,8.4188,1.4062,455757335,N/A,1122073865,53618510,0,132008690,25.3968,2.9166,2.1033,280.7518,
600693.SH,东百集团,1999-04-29,1.3748,1.3441,1.4152,1.3069,1.3991,323000,2769219,0.0243,1.7647,8.5734,0.6024,463800111.5,N/A,1141875168.5,53618510,0,132008690,25.8449,2.9681,2.1404,285.7062,
600693.SH,东百集团,1999-04-30,1.3991,1.391,1.4427,1.3829,1.4427,234500,2065969,0.0437,3.1214,8.8101,0.4373,478277109.2,N/A,1177517514.8,53618510,0,132008690,26.6516,3.0607,2.2072,294.6242,
600693.SH,东百集团,1999-05-04,1.4427,1.4524,1.4654,1.3991,1.4395,291600,2603670,-0.0032,-0.2242,8.9289,0.5438,477204739,N/A,1174877341,53618510,0,132008690,26.5919,3.0539,2.2023,293.9636,
600693.SH,东百集团,1999-05-05,1.4395,1.4524,1.454,1.4071,1.4427,134200,1187710,0.0032,0.2247,8.8503,0.2503,478277109.2,N/A,1177517514.8,53618510,0,132008690,26.6516,3.0607,2.2072,294.6242,
600693.SH,东百集团,1999-05-06,1.4427,1.4152,1.4686,1.4152,1.4524,219000,1964356,0.0097,0.6726,8.9697,0.4084,481494219.8,N/A,1185438036.2,53618510,0,132008690,26.8309,3.0813,2.2221,296.606,
600693.SH,东百集团,1999-05-07,1.4524,1.4524,1.4589,1.4363,1.4476,147600,1322152,-0.0049,-0.3341,8.9577,0.2753,479885664.5,N/A,1181477775.5,53618510,0,132008690,26.7413,3.071,2.2147,295.6151,
600693.SH,东百集团,1999-05-10,1.4476,1.4201,1.4346,1.3602,1.3602,350500,3011798,-0.0873,-6.0335,8.5929,0.6537,450931669.1,N/A,1110193082.9,53618510,0,132008690,25.1278,2.8857,2.081,277.7791,
600693.SH,东百集团,1999-05-11,1.3602,1.3602,1.4152,1.3602,1.3991,97700,839840,0.0388,2.8537,8.5961,0.1822,463800111.5,N/A,1141875168.5,53618510,0,132008690,25.8449,2.9681,2.1404,285.7062,
600693.SH,东百集团,1999-05-12,1.3991,1.3829,1.4233,1.3829,1.4071,87500,756380,0.0081,0.578,8.6443,0.1632,466481037,N/A,1148475603,53618510,0,132008690,25.9943,2.9852,2.1528,287.3577,
600693.SH,东百集团,1999-05-13,1.4071,1.391,1.4152,1.378,1.3877,123100,1057442,-0.0194,-1.3793,8.5901,0.2296,460046815.8,N/A,1132634560.2,53618510,0,132008690,25.6358,2.9441,2.1231,283.3942,
600693.SH,东百集团,1999-05-14,1.3877,1.3877,1.3877,1.3602,1.378,260800,2210591,-0.0097,-0.6993,8.4762,0.4864,456829705.2,N/A,1124714038.8,53618510,0,132008690,25.4565,2.9235,2.1083,281.4124,
600693.SH,东百集团,1999-05-17,1.378,1.3748,1.3942,1.3586,1.3894,124400,1058736,0.0113,0.8216,8.5107,0.232,460583000.9,N/A,1133954647.1,53618510,0,132008690,25.6657,2.9475,2.1256,283.7245,
600693.SH,东百集团,1999-05-18,1.3894,1.3796,1.4427,1.3796,1.4395,333300,2929553,0.0501,3.6088,8.7895,0.6216,477204739,N/A,1174877341,53618510,0,132008690,26.5919,3.0539,2.2023,293.9636,
600693.SH,东百集团,1999-05-19,1.4395,1.4476,1.5559,1.4395,1.5236,1555100,14550100,0.0841,5.8427,9.3564,2.9003,505086364.2,N/A,1243521859.8,53618510,0,132008690,28.1456,3.2323,2.331,311.139,
600693.SH,东百集团,1999-05-20,1.5236,1.5236,1.5511,1.5058,1.5317,1056800,9993273,0.0081,0.5308,9.4562,1.971,507767289.7,N/A,1250122294.3,53618510,0,132008690,28.295,3.2494,2.3433,312.7905,
600693.SH,东百集团,1999-05-21,1.5317,1.5398,1.6109,1.5123,1.5689,3383100,32926288,0.0372,2.4287,9.7326,6.3096,520099547,N/A,1280484293,53618510,0,132008690,28.9822,3.3284,2.4002,320.3873,
600693.SH,东百集团,1999-05-24,1.5689,1.5931,1.7258,1.5446,1.7258,8094400,82348401,0.1569,10,10.1735,15.0963,572109501.7,N/A,1408532722.3,53618510,0,132008690,31.8804,3.6612,2.6403,352.4261,
600693.SH,东百集团,1999-05-25,1.7258,1.7549,1.8988,1.7549,1.8988,9185300,104786792,0.1731,10.0281,11.4081,17.1308,629481307.4,N/A,1549782020.6,53618510,0,132008690,35.0774,4.0283,2.905,387.7678,
600693.SH,东百集团,1999-05-26,1.8988,1.9134,1.9409,1.8568,1.8827,6061200,71011177,-0.0162,-0.8518,11.7157,11.3043,624119456.4,N/A,1536581151.6,53618510,0,132008690,34.7786,3.994,2.8803,384.4648,
600693.SH,东百集团,1999-05-27,1.8827,1.8843,1.9506,1.86,1.9296,8598100,101899217,0.0469,2.4914,11.8514,16.0357,639668824.3,N/A,1574863671.7,53618510,0,132008690,35.6451,4.0935,2.952,394.0434,
600693.SH,东百集团,1999-05-28,1.9296,1.9425,1.9652,1.8843,1.9296,3767900,44693756,0,0,11.8617,7.0272,639668824.3,N/A,1574863671.7,53618510,0,132008690,35.6451,4.0935,2.952,394.0434,
600693.SH,东百集团,1999-05-31,1.9296,1.9328,2.0331,1.9134,1.9926,8061400,98688793,0.0631,3.2691,12.2421,15.0347,660580043.2,N/A,1626347060.8,53618510,0,132008690,36.8103,4.2274,3.0486,406.925,
600693.SH,东百集团,1999-06-01,1.9926,2.0056,2.1463,1.9813,2.0703,9184500,117858329,0.0776,3.8961,12.8323,17.1293,686316928,N/A,1689711232,53618510,0,132008690,38.2445,4.3921,3.1673,422.7792,
600693.SH,东百集团,1999-06-02,2.0703,2.1026,2.1835,2.0379,2.0703,8211300,106920026,0,0,13.0211,15.3143,686316928,N/A,1689711232,53618510,0,132008690,38.2445,4.3921,3.1673,422.7792,
600693.SH,东百集团,1999-06-03,2.0703,2.0703,2.0703,1.9571,1.9926,1853500,22976692,-0.0776,-3.75,12.3964,3.4568,660580043.2,N/A,1626347060.8,53618510,0,132008690,36.8103,4.2274,3.0486,406.925,
600693.SH,东百集团,1999-06-04,1.9926,1.9926,2.0832,1.97,2.0137,2921900,36579471,0.021,1.0552,12.5191,5.4494,667550449.5,N/A,1643508190.5,53618510,0,132008690,37.1988,4.272,3.0807,411.2188,
600693.SH,东百集团,1999-06-07,2.0137,2.0137,2.0379,1.9409,1.9506,2308200,28470294,-0.0631,-3.1325,12.3344,4.3049,646639230.6,N/A,1592024801.4,53618510,0,132008690,36.0335,4.1381,2.9842,398.3372,
600693.SH,东百集团,1999-06-08,1.9506,1.9409,2.1463,1.9377,2.1463,5799000,73747370,0.1957,10.0332,12.7173,10.8153,711517627.7,N/A,1751755316.3,53618510,0,132008690,39.6488,4.5533,3.2836,438.3031,
600693.SH,东百集团,1999-06-09,2.1463,2.1447,2.1463,1.9991,2.0379,3046600,38744855,-0.1084,-5.049,12.7174,5.682,675593226,N/A,1663309494,53618510,0,132008690,37.6469,4.3234,3.1178,416.1732,
600693.SH,东百集团,1999-06-10,2.0379,2.0298,2.1026,2.0266,2.0347,2838500,36113521,-0.0032,-0.1587,12.7227,5.2939,674520855.8,N/A,1660669320.2,53618510,0,132008690,37.5872,4.3166,3.1129,415.5126,
600693.SH,东百集团,1999-06-11,2.0347,2.0315,2.0363,1.9862,1.9878,652400,8071312,-0.0469,-2.3052,12.3717,1.2167,658971487.9,N/A,1622386800.1,53618510,0,132008690,36.7207,4.2171,3.0411,405.9341,
600693.SH,东百集团,1999-06-14,1.9878,1.9894,2.025,1.9296,2.0088,1505600,18511966,0.021,1.0578,12.2954,2.808,665941894.2,N/A,1639547929.8,53618510,0,132008690,37.1091,4.2617,3.0733,410.2279,
600693.SH,东百集团,1999-06-15,2.0088,2.0137,2.0509,1.8163,1.9247,3102800,38495168,-0.0841,-4.1868,12.4066,5.7868,638060269,N/A,1570903411,53618510,0,132008690,35.5555,4.0832,2.9446,393.0525,
600693.SH,东百集团,1999-06-16,1.9247,1.9571,2.0007,1.9296,1.9716,2638900,32144005,0.0469,2.437,12.1808,4.9216,653609636.9,N/A,1609185931.1,53618510,0,132008690,36.4219,4.1828,3.0164,402.6311,
600693.SH,东百集团,1999-06-17,1.9716,1.9862,2.1156,1.9668,2.0703,6137400,78137061,0.0987,5.0041,12.7313,11.4464,686316928,N/A,1689711232,53618510,0,132008690,38.2445,4.3921,3.1673,422.7792,
600693.SH,东百集团,1999-06-18,2.0703,2.0703,2.0703,2.0703,2.0703,N/A,N/A,0,0,N/A,N/A,686316928,N/A,1689711232,53618510,0,132008690,38.2445,4.3921,3.1673,422.7792,
600693.SH,东百集团,1999-06-21,2.0703,2.0897,2.1382,1.9732,2.0703,6245100,79079402,0,0,12.6626,11.6473,686316928,N/A,1689711232,53618510,0,132008690,38.2445,4.3921,3.1673,422.7792,
600693.SH,东百集团,1999-06-22,2.0703,2.0865,2.0945,1.9263,1.9684,5279800,64796858,-0.1019,-4.9219,12.2726,9.847,652537266.7,N/A,1606545757.3,53618510,0,132008690,36.3622,4.1759,3.0114,401.9705,
600693.SH,东百集团,1999-06-23,1.9684,1.9684,2.0201,1.9247,1.9716,4632300,56124801,0.0032,0.1643,12.116,8.6394,653609636.9,N/A,1609185931.1,53618510,0,132008690,36.4219,4.1828,3.0164,402.6311,
600693.SH,东百集团,1999-06-24,1.9716,2.0088,2.135,2.0024,2.1059,10461600,134645957,0.1342,6.8089,12.8705,19.5112,698113000.2,N/A,1718753143.8,53618510,0,132008690,38.9018,4.4676,3.2218,430.0457,
600693.SH,东百集团,1999-06-25,2.1059,2.1107,2.3129,2.0379,2.1366,9853400,132638026,0.0307,1.4593,13.4611,18.3769,708300517.1,N/A,1743834794.9,53618510,0,132008690,39.4695,4.5327,3.2688,436.3213,
600693.SH,东百集团,1999-06-28,2.1366,2.1366,2.3291,2.1366,2.3129,10560200,145317335,0.1763,8.2513,13.7609,19.6951,766744693,N/A,1887724267,53618510,0,132008690,42.7263,4.9068,3.5385,472.3236,
600693.SH,东百集团,1999-06-29,2.3129,2.3452,2.3938,2.135,2.1673,7235100,99866122,-0.1456,-6.2937,13.803,13.4937,718488034,N/A,1768916446,53618510,0,132008690,40.0372,4.5979,3.3158,442.5969,
600693.SH,东百集团,1999-06-30,2.1673,2.1916,2.2158,1.9732,1.9894,4968300,63098647,-0.1779,-8.209,12.7002,9.266,659507673,N/A,1623706887,53618510,0,132008690,36.7506,4.2205,3.0436,406.2643,
600693.SH,东百集团,1999-07-01,1.9894,1.9894,2.0865,1.7905,1.7905,2449700,29772430,-0.1989,-10,12.1535,4.5688,593556905.7,N/A,1461336198.3,53618510,0,132008690,33.0755,3.7984,2.7392,365.6379,
600693.SH,东百集团,1999-07-02,1.7905,1.9425,1.9425,1.7468,1.9037,2267000,26046291,0.1132,6.3234,11.4893,4.228,631089862.7,N/A,1553742281.3,53618510,0,132008690,35.167,4.0386,2.9125,388.7587,
600693.SH,东百集团,1999-07-05,1.9037,1.9409,1.9619,1.8277,1.8924,1721200,19824781,-0.0113,-0.5947,11.518,3.2101,627336567,N/A,1544501673,53618510,0,132008690,34.9579,4.0146,2.8951,386.4466,
600693.SH,东百集团,1999-07-06,1.8924,1.7953,1.8762,1.7031,1.7791,1505200,16476080,-0.1132,-5.9829,10.9461,2.8072,589803610,N/A,1452095590,53618510,0,132008690,32.8664,3.7744,2.7219,363.3258,
600693.SH,东百集团,1999-07-07,1.7791,1.7614,1.8244,1.7161,1.8083,1073800,11757999,0.0291,1.6364,10.9499,2.0027,599454941.8,N/A,1475857154.2,53618510,0,132008690,33.4042,3.8362,2.7665,369.2712,
600693.SH,东百集团,1999-07-08,1.8083,1.8083,1.8277,1.7468,1.8163,1008000,11157714,0.0081,0.4472,11.0692,1.8799,602135867.3,N/A,1482457588.7,53618510,0,132008690,33.5536,3.8534,2.7788,370.9227,
600693.SH,东百集团,1999-07-09,1.8163,1.8115,1.8115,1.7322,1.7727,1282700,13951192,-0.0437,-2.4043,10.8764,2.3923,587658869.6,N/A,1446815242.4,53618510,0,132008690,32.7469,3.7607,2.712,362.0047,
600693.SH,东百集团,1999-07-12,1.7727,1.7711,1.7711,1.6174,1.6498,1253800,13050762,-0.1229,-6.9343,10.409,2.3384,546908802,N/A,1346488638,53618510,0,132008690,30.4761,3.4999,2.524,336.9022,
600693.SH,东百集团,1999-07-13,1.6498,1.6336,1.6336,1.5462,1.564,1174200,11493000,-0.0857,-5.1961,9.7879,2.1899,518490991.7,N/A,1276524032.3,53618510,0,132008690,28.8925,3.3181,2.3928,319.3965,
600693.SH,东百集团,1999-07-14,1.564,1.5689,1.6821,1.5689,1.6643,1726400,17550794,0.1003,6.4116,10.1661,3.2198,551734467.9,N/A,1358369420.1,53618510,0,132008690,30.745,3.5308,2.5462,339.8748,
600693.SH,东百集团,1999-07-15,1.6643,1.6805,1.6805,1.6158,1.6158,698800,7042410,-0.0485,-2.9155,10.0779,1.3033,535648914.9,N/A,1318766813.1,53618510,0,132008690,29.8487,3.4279,2.472,329.9659,
600693.SH,东百集团,1999-07-16,1.6158,1.6174,1.6417,1.5527,1.6174,1342900,13309848,0.0016,0.1001,9.9113,2.5045,536185100,N/A,1320086900,53618510,0,132008690,29.8785,3.4313,2.4745,330.2962,
600693.SH,东百集团,1999-07-19,1.6174,1.6174,1.6174,1.5204,1.5414,735062,7107260,-0.076,-4.7,9.6689,1.3709,510984400.3,N/A,1258042815.7,53618510,0,132008690,28.4742,3.27,2.3582,314.7723,
600693.SH,东百集团,1999-07-20,1.5414,1.5446,1.674,1.5268,1.674,1214600,11938881,0.1326,8.6044,9.8295,2.2653,554951578.5,N/A,1366289941.5,53618510,0,132008690,30.9243,3.5514,2.5611,341.8566,
600693.SH,东百集团,1999-07-21,1.674,1.6918,1.6918,1.598,1.6578,1753700,17850660,-0.0162,-0.9662,10.1789,3.2707,549589727.5,N/A,1353089072.5,53618510,0,132008690,30.6255,3.5171,2.5363,338.5536,
600693.SH,东百集团,1999-07-22,1.6578,1.6659,1.6756,1.5527,1.577,1176600,11814744,-0.0809,-4.878,10.0414,2.1944,522780472.5,N/A,1287084727.5,53618510,0,132008690,29.1316,3.3455,2.4126,322.0388,
600693.SH,东百集团,1999-07-23,1.577,1.5543,1.6821,1.5543,1.6659,1072000,10860785,0.089,5.641,10.1313,1.9993,552270653,N/A,1359689507,53618510,0,132008690,30.7749,3.5342,2.5487,340.2051,
600693.SH,东百集团,1999-07-26,1.6659,1.6675,1.6983,1.6449,1.6902,946000,9816279,0.0243,1.4563,10.3766,1.7643,560313429.5,N/A,1379490810.5,53618510,0,132008690,31.2231,3.5857,2.5858,345.1595,
600693.SH,东百集团,1999-07-27,1.6902,1.6886,1.6886,1.619,1.653,607100,6188457,-0.0372,-2.201,10.1935,1.1323,547981172.2,N/A,1349128811.8,53618510,0,132008690,30.5359,3.5068,2.5289,337.5627,
600693.SH,东百集团,1999-07-28,1.653,1.6465,1.6692,1.632,1.6417,766000,7801313,-0.0113,-0.6849,10.1845,1.4286,544227876.5,N/A,1339888203.5,53618510,0,132008690,30.3267,3.4828,2.5116,335.2507,
600693.SH,东百集团,1999-07-29,1.6417,1.653,1.6773,1.6012,1.6368,647700,6507507,-0.0049,-0.2956,10.0471,1.208,542619321.2,N/A,1335927942.8,53618510,0,132008690,30.2371,3.4725,2.5042,334.2598,
600693.SH,东百集团,1999-07-30,1.6368,1.6303,1.6465,1.6012,1.6255,668700,6682634,-0.0113,-0.6917,9.9935,1.2471,538866025.5,N/A,1326687334.5,53618510,0,132008690,30.0279,3.4485,2.4868,331.9477,
600693.SH,东百集团,1999-08-02,1.6255,1.6174,1.7355,1.6012,1.7355,1815600,18799653,0.11,6.7662,10.3545,3.3861,575326612.3,N/A,1416453243.7,53618510,0,132008690,32.0597,3.6818,2.6551,354.4078,
600693.SH,东百集团,1999-08-03,1.7355,1.7517,1.7549,1.6853,1.7064,1311400,13903198,-0.0291,-1.6775,10.6018,2.4458,565675280.5,N/A,1392691679.5,53618510,0,132008690,31.5218,3.62,2.6106,348.4625,
600693.SH,东百集团,1999-08-04,1.7064,1.7161,1.7694,1.6983,1.7436,1454400,15600583,0.0372,2.1801,10.7265,2.7125,578007537.8,N/A,1423053678.2,53618510,0,132008690,32.2091,3.6989,2.6675,356.0593,
600693.SH,东百集团,1999-08-05,1.7436,1.729,1.8066,1.6999,1.7953,1957700,21328620,0.0518,2.9685,10.8947,3.6512,595165461,N/A,1465296459,53618510,0,132008690,33.1652,3.8087,2.7467,366.6288,
600693.SH,东百集团,1999-08-06,1.7953,1.7953,1.9085,1.7339,1.8972,3380800,37870951,0.1019,5.6757,11.2018,6.3053,628945122.3,N/A,1548461933.7,53618510,0,132008690,35.0475,4.0249,2.9026,387.4375,
600693.SH,东百集团,1999-08-09,1.8972,1.9377,1.9571,1.8891,1.9005,4154800,49169287,0.0032,0.1705,11.8343,7.7488,630017492.5,N/A,1551102107.5,53618510,0,132008690,35.1073,4.0318,2.9075,388.0981,
600693.SH,东百集团,1999-08-10,1.9005,1.8988,1.9005,1.7953,1.8115,1843100,20962664,-0.089,-4.6809,11.3736,3.4374,600527312,N/A,1478497328,53618510,0,132008690,33.464,3.8431,2.7714,369.9318,
600693.SH,东百集团,1999-08-11,1.8115,1.7921,1.8244,1.7452,1.7581,873900,9631414,-0.0534,-2.9464,11.0212,1.6298,582833203.7,N/A,1434934460.3,53618510,0,132008690,32.478,3.7298,2.6898,359.032,
600693.SH,东百集团,1999-08-12,1.7581,1.7581,1.7824,1.6983,1.6999,812300,8720623,-0.0582,-3.3119,10.7357,1.515,563530540.1,N/A,1387411331.9,53618510,0,132008690,31.4023,3.6063,2.6007,347.1413,
600693.SH,东百集团,1999-08-13,1.6999,1.7225,1.7339,1.6789,1.6918,513700,5396978,-0.0081,-0.4757,10.5061,0.9581,560849614.6,N/A,1380810897.4,53618510,0,132008690,31.2529,3.5891,2.5883,345.4898,
600693.SH,东百集团,1999-08-16,1.6918,1.6756,1.6983,1.6303,1.6562,381600,3909842,-0.0356,-2.1033,10.2459,0.7117,549053542.4,N/A,1351768985.6,53618510,0,132008690,30.5956,3.5137,2.5339,338.2233,
600693.SH,东百集团,1999-08-17,1.6562,1.6578,1.6983,1.6578,1.6724,433800,4506430,0.0162,0.9766,10.3883,0.809,554415393.4,N/A,1364969854.6,53618510,0,132008690,30.8944,3.548,2.5586,341.5263,
600693.SH,东百集团,1999-08-18,1.6724,1.674,1.6756,1.632,1.6481,404900,4123383,-0.0243,-1.4507,10.1837,0.7551,546372616.9,N/A,1345168551.1,53618510,0,132008690,30.4462,3.4965,2.5215,336.5718,
600693.SH,东百集团,1999-08-19,1.6481,1.6465,1.7468,1.6433,1.7371,938600,9980584,0.089,5.3974,10.6335,1.7505,575862797.4,N/A,1417773330.6,53618510,0,132008690,32.0895,3.6852,2.6576,354.7381,
600693.SH,东百集团,1999-08-20,1.7371,1.7403,1.8083,1.7306,1.7759,886100,9694596,0.0388,2.2346,10.9407,1.6526,588731239.8,N/A,1449455416.2,53618510,0,132008690,32.8066,3.7676,2.717,362.6653,
600693.SH,东百集团,1999-08-23,1.7759,1.7808,1.7969,1.7322,1.7953,914300,9989631,0.0194,1.0929,10.926,1.7052,595165461,N/A,1465296459,53618510,0,132008690,33.1652,3.8087,2.7467,366.6288,
600693.SH,东百集团,1999-08-24,1.7953,1.8115,1.8293,1.7711,1.7791,973100,10824385,-0.0162,-0.9009,11.1236,1.8149,589803610,N/A,1452095590,53618510,0,132008690,32.8664,3.7744,2.7219,363.3258,
600693.SH,东百集团,1999-08-25,1.7791,1.7969,1.8568,1.7953,1.8196,1717200,19328467,0.0404,2.2727,11.2558,3.2026,603208237.5,N/A,1485097762.5,53618510,0,132008690,33.6133,3.8602,2.7838,371.5833,
600693.SH,东百集团,1999-08-26,1.8196,1.8244,1.8309,1.7597,1.8115,843400,9323253,-0.0081,-0.4444,11.0544,1.573,600527312,N/A,1478497328,53618510,0,132008690,33.464,3.8431,2.7714,369.9318,
600693.SH,东百集团,1999-08-27,1.8115,1.7921,1.8034,1.7436,1.75,972300,10591739,-0.0615,-3.3929,10.8935,1.8134,580152278.2,N/A,1428334025.8,53618510,0,132008690,32.3286,3.7127,2.6774,357.3805,
600693.SH,东百集团,1999-08-30,1.75,1.7242,1.7468,1.6805,1.6853,844300,8917767,-0.0647,-3.6969,10.5623,1.5746,558704874.2,N/A,1375530549.8,53618510,0,132008690,31.1334,3.5754,2.5784,344.1687,
600693.SH,东百集团,1999-08-31,1.6853,1.6902,1.7177,1.6902,1.708,351200,3695000,0.0226,1.3436,10.5211,0.655,566211465.6,N/A,1394011766.4,53618510,0,132008690,31.5517,3.6235,2.613,348.7928,
600693.SH,东百集团,1999-09-01,1.708,1.7064,1.7064,1.6174,1.6627,488200,5035133,-0.0453,-2.6515,10.3137,0.9105,551198282.8,N/A,1357049333.2,53618510,0,132008690,30.7151,3.5274,2.5438,339.5445,
600693.SH,东百集团,1999-09-02,1.6627,1.6627,1.6983,1.6174,1.6821,620300,6307374,0.0194,1.1673,10.1683,1.1569,557632504,N/A,1372890376,53618510,0,132008690,31.0737,3.5686,2.5735,343.5081,
600693.SH,东百集团,1999-09-03,1.6821,1.6821,1.6821,1.6336,1.6336,290900,2975625,-0.0485,-2.8846,10.229,0.5425,541546951,N/A,1333287769,53618510,0,132008690,30.1773,3.4656,2.4992,333.5992,
600693.SH,东百集团,1999-09-06,1.6336,1.6498,1.6578,1.6255,1.6433,229500,2332555,0.0097,0.5941,10.1636,0.428,544764061.6,N/A,1341208290.4,53618510,0,132008690,30.3566,3.4862,2.5141,335.581,
600693.SH,东百集团,1999-09-07,1.6433,1.6401,1.6821,1.6401,1.6611,153000,1574295,0.0178,1.0827,10.2895,0.2853,550662097.7,N/A,1355729246.3,53618510,0,132008690,30.6853,3.5239,2.5413,339.2142,
600693.SH,东百集团,1999-09-08,1.6611,1.6659,1.6675,1.6498,1.6562,184900,1895550,-0.0049,-0.2921,10.2518,0.3448,549053542.4,N/A,1351768985.6,53618510,0,132008690,30.5956,3.5137,2.5339,338.2233,
600693.SH,东百集团,1999-09-09,1.6562,1.674,1.7727,1.674,1.7694,819600,8774846,0.1132,6.8359,10.7063,1.5286,586586499.4,N/A,1444175068.6,53618510,0,132008690,32.6871,3.7538,2.7071,361.3441,
600693.SH,东百集团,1999-09-10,1.7694,1.7953,1.8924,1.7953,1.818,2523500,28725210,0.0485,2.7422,11.3831,4.7064,602672052.4,N/A,1483777675.6,53618510,0,132008690,33.5835,3.8568,2.7813,371.253,
600693.SH,东百集团,1999-09-13,1.818,1.818,1.8438,1.7791,1.7969,1029900,11458026,-0.021,-1.1566,11.1254,1.9208,595701646.1,N/A,1466616545.9,53618510,0,132008690,33.195,3.8122,2.7491,366.9591,
600693.SH,东百集团,1999-09-14,1.7969,1.7986,1.8358,1.7791,1.7969,608300,6766727,0,0,11.124,1.1345,595701646.1,N/A,1466616545.9,53618510,0,132008690,33.195,3.8122,2.7491,366.9591,
600693.SH,东百集团,1999-09-15,1.7969,1.805,1.8196,1.75,1.763,660200,7311898,-0.034,-1.8902,11.0753,1.2313,584441759,N/A,1438894721,53618510,0,132008690,32.5676,3.7401,2.6972,360.0229,
600693.SH,东百集团,1999-09-16,1.763,1.7678,1.7743,1.7274,1.7274,490500,5274404,-0.0356,-2.0183,10.7531,0.9148,572645686.8,N/A,1409852809.2,53618510,0,132008690,31.9103,3.6646,2.6427,352.7564,
600693.SH,东百集团,1999-09-17,1.7274,1.7225,1.7371,1.6967,1.7112,464200,4912897,-0.0162,-0.9363,10.5836,0.8657,567283835.8,N/A,1396651940.2,53618510,0,132008690,31.6115,3.6303,2.618,349.4534,
600693.SH,东百集团,1999-09-20,1.7112,1.7128,1.7436,1.6837,1.7193,219600,2318931,0.0081,0.4726,10.5598,0.4096,569964761.3,N/A,1403252374.7,53618510,0,132008690,31.7609,3.6475,2.6304,351.1049,
600693.SH,东百集团,1999-09-21,1.7193,1.6886,1.7403,1.6886,1.7193,142800,1508668,0,0,10.5649,0.2663,569964761.3,N/A,1403252374.7,53618510,0,132008690,31.7609,3.6475,2.6304,351.1049,
600693.SH,东百集团,1999-09-22,1.7193,1.7145,1.7306,1.7064,1.7112,257000,2724000,-0.0081,-0.4704,10.5992,0.4793,567283835.8,N/A,1396651940.2,53618510,0,132008690,31.6115,3.6303,2.618,349.4534,
600693.SH,东百集团,1999-09-23,1.7112,1.7112,1.7112,1.6821,1.6902,172800,1810911,-0.021,-1.2287,10.4798,0.3223,560313429.5,N/A,1379490810.5,53618510,0,132008690,31.2231,3.5857,2.5858,345.1595,
600693.SH,东百集团,1999-09-24,1.6902,1.7112,1.7225,1.6821,1.6967,141900,1492236,0.0065,0.3828,10.5161,0.2646,562458169.9,N/A,1384771158.1,53618510,0,132008690,31.3426,3.5994,2.5957,346.4807,
600693.SH,东百集团,1999-09-27,1.6967,1.7064,1.7128,1.6789,1.6821,163100,1709967,-0.0146,-0.858,10.4842,0.3042,557632504,N/A,1372890376,53618510,0,132008690,31.0737,3.5686,2.5735,343.5081,
600693.SH,东百集团,1999-09-28,1.6821,1.6659,1.6821,1.6417,1.6805,460400,4711101,-0.0016,-0.0962,10.2326,0.8587,557096318.9,N/A,1371570289.1,53618510,0,132008690,31.0438,3.5651,2.571,343.1778,
600693.SH,东百集团,1999-09-29,1.6805,1.6659,1.7064,1.6627,1.6789,318570,3314264,-0.0016,-0.0962,10.4036,0.5941,556560133.8,N/A,1370250202.2,53618510,0,132008690,31.0139,3.5617,2.5685,342.8475,
600693.SH,东百集团,1999-09-30,1.6789,1.7031,1.7031,1.6578,1.6821,213700,2210579,0.0032,0.1927,10.3443,0.3986,557632504,N/A,1372890376,53618510,0,132008690,31.0737,3.5686,2.5735,343.5081,
600693.SH,东百集团,1999-10-08,1.6821,1.695,1.6967,1.619,1.6223,245000,2487554,-0.0598,-3.5577,10.1533,0.4569,537793655.3,N/A,1324047160.7,53618510,0,132008690,29.9682,3.4416,2.4819,331.2871,
600693.SH,东百集团,1999-10-11,1.6223,1.6012,1.6417,1.5931,1.6012,148900,1483050,-0.021,-1.2961,9.96,0.2777,530823249,N/A,1306886031,53618510,0,132008690,29.5797,3.397,2.4497,326.9933,
600693.SH,东百集团,1999-10-12,1.6012,1.6174,1.632,1.6077,1.619,112600,1125090,0.0178,1.1111,9.9919,0.21,536721285.1,N/A,1321406986.9,53618510,0,132008690,29.9084,3.4347,2.477,330.6265,
600693.SH,东百集团,1999-10-13,1.619,1.6206,1.6255,1.5931,1.6174,122400,1216827,-0.0016,-0.0999,9.9414,0.2283,536185100,N/A,1320086900,53618510,0,132008690,29.8785,3.4313,2.4745,330.2962,
600693.SH,东百集团,1999-10-14,1.6174,1.6012,1.6336,1.5931,1.6061,144500,1445681,-0.0113,-0.7,10.0047,0.2695,532431804.3,N/A,1310846291.7,53618510,0,132008690,29.6694,3.4073,2.4572,327.9842,
600693.SH,东百集团,1999-10-15,1.6061,1.6029,1.6449,1.6029,1.632,199000,1998810,0.0259,1.6113,10.0443,0.3711,541010765.9,N/A,1331967682.1,53618510,0,132008690,30.1474,3.4622,2.4967,333.2689,
600693.SH,东百集团,1999-10-18,1.632,1.6417,1.6498,1.5931,1.5931,120300,1193811,-0.0388,-2.3786,9.9236,0.2244,528142323.5,N/A,1300285596.5,53618510,0,132008690,29.4304,3.3798,2.4374,325.3418,
600693.SH,东百集团,1999-10-19,1.5931,1.5657,1.5931,1.5365,1.5365,161500,1566446,-0.0566,-3.5533,9.6994,0.3012,509375845,N/A,1254082555,53618510,0,132008690,28.3846,3.2597,2.3508,313.7814,
600693.SH,东百集团,1999-10-20,1.5365,1.5365,1.5689,1.5204,1.5365,144300,1370438,0,0,9.4971,0.2691,509375845,N/A,1254082555,53618510,0,132008690,28.3846,3.2597,2.3508,313.7814,
600693.SH,东百集团,1999-10-21,1.5365,1.5365,1.5446,1.4896,1.5365,156600,1465457,0,0,9.358,0.2921,509375845,N/A,1254082555,53618510,0,132008690,28.3846,3.2597,2.3508,313.7814,
600693.SH,东百集团,1999-10-22,1.5365,1.6255,1.6255,1.5171,1.6012,381900,3743624,0.0647,4.2105,9.8026,0.7123,530823249,N/A,1306886031,53618510,0,132008690,29.5797,3.397,2.4497,326.9933,
600693.SH,东百集团,1999-10-25,1.6012,1.543,1.5851,1.5414,1.577,74900,725408,-0.0243,-1.5152,9.685,0.1397,522780472.5,N/A,1287084727.5,53618510,0,132008690,29.1316,3.3455,2.4126,322.0388,
600693.SH,东百集团,1999-10-26,1.577,1.5495,1.6174,1.5446,1.5657,168600,1633057,-0.0113,-0.7179,9.686,0.3144,519027176.8,N/A,1277844119.2,53618510,0,132008690,28.9224,3.3215,2.3953,319.7267,
600693.SH,东百集团,1999-10-27,1.5657,1.5996,1.6109,1.5786,1.6093,341000,3362643,0.0437,2.7893,9.8611,0.636,533504174.5,N/A,1313486465.5,53618510,0,132008690,29.7291,3.4141,2.4621,328.6447,
600693.SH,东百集团,1999-10-28,1.6093,1.6174,1.6174,1.5495,1.5931,258900,2525769,-0.0162,-1.005,9.7558,0.4829,528142323.5,N/A,1300285596.5,53618510,0,132008690,29.4304,3.3798,2.4374,325.3418,
600693.SH,东百集团,1999-10-29,1.5931,1.5624,1.5705,1.5495,1.5511,128500,1238890,-0.0421,-2.6396,9.6412,0.2397,514201510.9,N/A,1265963337.1,53618510,0,132008690,28.6535,3.2906,2.373,316.7541,
600693.SH,东百集团,1999-11-01,1.5511,1.5527,1.5527,1.5139,1.5155,167800,1581917,-0.0356,-2.2941,9.4274,0.313,502405438.7,N/A,1236921425.3,53618510,0,132008690,27.9962,3.2151,2.3186,309.4875,
600693.SH,东百集团,1999-11-02,1.5155,1.5155,1.5285,1.4977,1.5123,174600,1626811,-0.0032,-0.2134,9.3174,0.3256,501333068.5,N/A,1234281251.5,53618510,0,132008690,27.9364,3.2083,2.3136,308.827,
600693.SH,东百集团,1999-11-03,1.5123,1.5042,1.5058,1.4686,1.4751,203300,1863749,-0.0372,-2.4599,9.1675,0.3792,489000811.2,N/A,1203919252.8,53618510,0,132008690,27.2492,3.1293,2.2567,301.2302,
600693.SH,东百集团,1999-11-04,1.4751,1.4718,1.4735,1.4071,1.4136,294600,2616492,-0.0615,-4.1667,8.8815,0.5494,468625777.4,N/A,1153755950.6,53618510,0,132008690,26.1138,2.999,2.1627,288.6789,
600693.SH,东百集团,1999-11-05,1.4136,1.4217,1.4492,1.4201,1.4249,212200,1882966,0.0113,0.8009,8.8735,0.3958,472379073.1,N/A,1162996558.9,53618510,0,132008690,26.323,3.023,2.18,290.991,
600693.SH,东百集团,1999-11-08,1.4249,1.4136,1.4314,1.3764,1.3764,320800,2784300,-0.0485,-3.4052,8.6792,0.5983,456293520.1,N/A,1123393951.9,53618510,0,132008690,25.4266,2.92,2.1058,281.0821,
600693.SH,东百集团,1999-11-09,1.3764,1.3829,1.4217,1.378,1.3942,200900,1734433,0.0178,1.2926,8.6333,0.3747,462191556.2,N/A,1137914907.8,53618510,0,132008690,25.7553,2.9578,2.133,284.7153,
600693.SH,东百集团,1999-11-10,1.3942,1.4071,1.4071,1.3716,1.391,229400,1965962,-0.0032,-0.232,8.57,0.4278,461119186,N/A,1135274734,53618510,0,132008690,25.6955,2.9509,2.128,284.0547,
600693.SH,东百集团,1999-11-11,1.391,1.391,1.4233,1.3829,1.3974,167700,1444700,0.0065,0.4651,8.6148,0.3128,463263926.4,N/A,1140555081.6,53618510,0,132008690,25.815,2.9646,2.1379,285.3759,
600693.SH,东百集团,1999-11-12,1.3974,1.3991,1.4201,1.3991,1.4185,228800,1993513,0.021,1.5046,8.7129,0.4267,470234332.7,N/A,1157716211.3,53618510,0,132008690,26.2035,3.0093,2.1701,289.6698,
600693.SH,东百集团,1999-11-15,1.4185,1.4508,1.4508,1.391,1.4055,102700,891300,-0.0129,-0.9122,8.6787,0.1915,465944851.9,N/A,1147155516.1,53618510,0,132008690,25.9644,2.9818,2.1503,287.0274,
600693.SH,东百集团,1999-11-16,1.4055,1.4249,1.4249,1.3845,1.3991,123900,1071929,-0.0065,-0.4603,8.6516,0.2311,463800111.5,N/A,1141875168.5,53618510,0,132008690,25.8449,2.9681,2.1404,285.7062,
600693.SH,东百集团,1999-11-17,1.3991,1.391,1.4249,1.3764,1.4201,183300,1580789,0.021,1.5029,8.6241,0.3419,470770517.8,N/A,1159036298.2,53618510,0,132008690,26.2333,3.0127,2.1726,290.0001,
600693.SH,东百集团,1999-11-18,1.4201,1.4217,1.4977,1.4168,1.4702,526000,4794023,0.0501,3.5308,9.1141,0.981,487392255.9,N/A,1199958992.1,53618510,0,132008690,27.1596,3.1191,2.2493,300.2393,
600693.SH,东百集团,1999-11-19,1.4702,1.4718,1.4751,1.4201,1.4233,156900,1399054,-0.0469,-3.1903,8.9169,0.2926,471842888,N/A,1161676472,53618510,0,132008690,26.2931,3.0195,2.1775,290.6607,
600693.SH,东百集团,1999-11-22,1.4233,1.4249,1.4443,1.4071,1.4395,130000,1141110,0.0162,1.1364,8.7778,0.2425,477204739,N/A,1174877341,53618510,0,132008690,26.5919,3.0539,2.2023,293.9636,
600693.SH,东百集团,1999-11-23,1.4395,1.4524,1.4524,1.4249,1.4476,100700,898599,0.0081,0.5618,8.9235,0.1878,479885664.5,N/A,1181477775.5,53618510,0,132008690,26.7413,3.071,2.2147,295.6151,
600693.SH,东百集团,1999-11-24,1.4476,1.4476,1.4718,1.4233,1.4638,136300,1211791,0.0162,1.1173,8.8906,0.2542,485247515.5,N/A,1194678644.5,53618510,0,132008690,27.0401,3.1053,2.2394,298.9181,
600693.SH,东百集团,1999-11-25,1.4638,1.4557,1.4751,1.4314,1.4718,158100,1426131,0.0081,0.5525,9.0204,0.2949,487928441,N/A,1201279079,53618510,0,132008690,27.1895,3.1225,2.2518,300.5695,
600693.SH,东百集团,1999-11-26,1.4718,1.4654,1.4718,1.4443,1.4524,263900,2378793,-0.0194,-1.3187,9.014,0.4922,481494219.8,N/A,1185438036.2,53618510,0,132008690,26.8309,3.0813,2.2221,296.606,
600693.SH,东百集团,1999-11-29,1.4524,1.4363,1.4524,1.4088,1.412,86400,764786,-0.0404,-2.784,8.8517,0.1611,468089592.3,N/A,1152435863.7,53618510,0,132008690,26.084,2.9955,2.1602,288.3486,
600693.SH,东百集团,1999-11-30,1.412,1.412,1.4217,1.3958,1.4168,177000,1537738,0.0049,0.3436,8.6878,0.3301,469698147.6,N/A,1156396124.4,53618510,0,132008690,26.1736,3.0058,2.1676,289.3395,
600693.SH,东百集团,1999-12-01,1.4168,1.4168,1.4395,1.4039,1.4346,135400,1195117,0.0178,1.2557,8.8266,0.2525,475596183.7,N/A,1170917080.3,53618510,0,132008690,26.5023,3.0436,2.1949,292.9727,
600693.SH,东百集团,1999-12-02,1.4346,1.4201,1.4314,1.4088,1.4104,95500,836389,-0.0243,-1.6911,8.758,0.1781,467553407.2,N/A,1151115776.8,53618510,0,132008690,26.0541,2.9921,2.1577,288.0183,
600693.SH,东百集团,1999-12-03,1.4104,1.4071,1.4249,1.3991,1.4104,144100,1252999,0,0,8.6953,0.2688,467553407.2,N/A,1151115776.8,53618510,0,132008690,26.0541,2.9921,2.1577,288.0183,
600693.SH,东百集团,1999-12-06,1.4104,1.4039,1.4088,1.3796,1.4088,344800,2962292,-0.0016,-0.1147,8.5913,0.6431,467017222.1,N/A,1149795689.9,53618510,0,132008690,26.0242,2.9887,2.1553,287.688,
600693.SH,东百集团,1999-12-07,1.4088,1.4055,1.4152,1.378,1.3845,214300,1849168,-0.0243,-1.7222,8.6289,0.3997,458974445.6,N/A,1129994386.4,53618510,0,132008690,25.576,2.9372,2.1182,282.7336,
600693.SH,东百集团,1999-12-08,1.3845,1.3813,1.391,1.3764,1.3861,198700,1698023,0.0016,0.1168,8.5457,0.3706,459510630.7,N/A,1131314473.3,53618510,0,132008690,25.6059,2.9406,2.1206,283.0639,
600693.SH,东百集团,1999-12-09,1.3861,1.3926,1.3926,1.3813,1.3813,131600,1129203,-0.0049,-0.3501,8.5806,0.2454,457902075.4,N/A,1127354212.6,53618510,0,132008690,25.5163,2.9303,2.1132,282.073,
600693.SH,东百集团,1999-12-10,1.3813,1.378,1.3877,1.3716,1.3845,155619,1326115,0.0032,0.2342,8.5215,0.2902,458974445.6,N/A,1129994386.4,53618510,0,132008690,25.576,2.9372,2.1182,282.7336,
600693.SH,东百集团,1999-12-13,1.3845,1.3764,1.3861,1.3505,1.3522,198900,1676141,-0.0323,-2.3364,8.4271,0.371,448250743.6,N/A,1103592648.4,53618510,0,132008690,24.9785,2.8686,2.0687,276.1277,
600693.SH,东百集团,1999-12-14,1.3522,1.3457,1.3489,1.3085,1.3214,369500,3021503,-0.0307,-2.2727,8.1773,0.6891,438063226.7,N/A,1078510997.3,53618510,0,132008690,24.4108,2.8034,2.0216,269.852,
600693.SH,东百集团,1999-12-15,1.3214,1.3263,1.3699,1.3263,1.3408,400900,3349396,0.0194,1.4688,8.3547,0.7477,444497447.9,N/A,1094352040.1,53618510,0,132008690,24.7693,2.8445,2.0513,273.8156,
600693.SH,东百集团,1999-12-16,1.3408,1.3424,1.3424,1.2955,1.3052,283200,2312704,-0.0356,-2.6538,8.1663,0.5282,432701375.7,N/A,1065310128.3,53618510,0,132008690,24.112,2.7691,1.9969,266.549,
600693.SH,东百集团,1999-12-17,1.3052,1.302,1.3344,1.302,1.3344,227800,1848163,0.0291,2.2305,8.1131,0.4249,442352707.5,N/A,1089071692.5,53618510,0,132008690,24.6498,2.8308,2.0414,272.4944,
600693.SH,东百集团,1999-12-21,1.3344,1.3263,1.3263,1.2778,1.2842,116200,932540,-0.0501,-3.7576,8.0253,0.2167,425730969.4,N/A,1048148998.6,53618510,0,132008690,23.7236,2.7245,1.9647,262.2552,
600693.SH,东百集团,1999-12-22,1.2842,1.2875,1.2939,1.2632,1.2697,130700,1031030,-0.0146,-1.1335,7.8885,0.2438,420905303.5,N/A,1036268216.5,53618510,0,132008690,23.4546,2.6936,1.9425,259.2825,
600693.SH,东百集团,1999-12-23,1.2697,1.2697,1.3052,1.2616,1.2778,87004,684582,0.0081,0.6369,7.8684,0.1623,423586229,N/A,1042868651,53618510,0,132008690,23.604,2.7107,1.9548,260.934,
600693.SH,东百集团,1999-12-24,1.2778,1.2923,1.2923,1.2616,1.2729,100500,793243,-0.0049,-0.3797,7.893,0.1874,421977673.7,N/A,1038908390.3,53618510,0,132008690,23.5144,2.7004,1.9474,259.9431,
600693.SH,东百集团,1999-12-27,1.2729,1.2616,1.2632,1.2114,1.2486,186500,1426000,-0.0243,-1.906,7.6461,0.3478,413934897.2,N/A,1019107086.8,53618510,0,132008690,23.0662,2.649,1.9103,254.9887,
600693.SH,东百集团,1999-12-28,1.2486,1.2745,1.2745,1.2292,1.2438,127800,984395,-0.0049,-0.3886,7.7026,0.2384,412326341.9,N/A,1015146826.1,53618510,0,132008690,22.9766,2.6387,1.9029,253.9978,
600693.SH,东百集团,1999-12-29,1.2438,1.2454,1.2842,1.2308,1.2842,213300,1654523,0.0404,3.251,7.7568,0.3978,425730969.4,N/A,1048148998.6,53618510,0,132008690,23.7236,2.7245,1.9647,262.2552,
600693.SH,东百集团,1999-12-30,1.2842,1.281,1.2907,1.26,1.2875,209400,1651148,0.0032,0.2519,7.8851,0.3905,426803339.6,N/A,1050789172.4,53618510,0,132008690,23.7833,2.7313,1.9697,262.9158,
600693.SH,东百集团,2000-01-04,1.2875,1.2778,1.3182,1.2664,1.3133,226700,1822963,0.0259,2.0101,8.0413,0.4228,435382301.2,N/A,1071910562.8,53618510,0,132008690,89.7408,2.7607,1.9957,25.3162,
600693.SH,东百集团,2000-01-05,1.3133,1.2988,1.3392,1.2778,1.2778,607200,4938593,-0.0356,-2.7094,8.1334,1.1324,423586229,N/A,1042868651,53618510,0,132008690,87.3094,2.6859,1.9416,24.6303,
600693.SH,东百集团,2000-01-06,1.2778,1.2778,1.3457,1.2778,1.3424,502400,4115471,0.0647,5.0633,8.1916,0.937,445033633,N/A,1095672127,53618510,0,132008690,91.7301,2.8219,2.0399,25.8774,
600693.SH,东百集团,2000-01-07,1.3424,1.3602,1.4363,1.3279,1.4217,1791900,15377671,0.0793,5.9036,8.5818,3.3419,471306702.9,N/A,1160356385.1,53618510,0,132008690,97.1455,2.9885,2.1603,27.4051,
600693.SH,东百集团,2000-01-10,1.4217,1.4249,1.4508,1.3877,1.4379,1071500,9396457,0.0162,1.1377,8.7694,1.9984,476668553.9,N/A,1173557254.1,53618510,0,132008690,98.2507,3.0225,2.1849,27.7169,
600693.SH,东百集团,2000-01-11,1.4379,1.4476,1.4476,1.3424,1.3522,704700,6029967,-0.0857,-5.9618,8.5568,1.3143,448250743.6,N/A,1103592648.4,53618510,0,132008690,92.3932,2.8423,2.0547,26.0645,
600693.SH,东百集团,2000-01-12,1.3522,1.3424,1.3683,1.3182,1.3279,512900,4264618,-0.0243,-1.7943,8.3147,0.9566,440207967.1,N/A,1083791344.9,53618510,0,132008690,90.7355,2.7913,2.0178,25.5968,
600693.SH,东百集团,2000-01-13,1.3279,1.3295,1.3327,1.2745,1.2778,507100,4058614,-0.0501,-3.7759,8.0036,0.9458,423586229,N/A,1042868651,53618510,0,132008690,87.3094,2.6859,1.9416,24.6303,
600693.SH,东百集团,2000-01-14,1.2778,1.2778,1.3052,1.2648,1.2858,561700,4447440,0.0081,0.6329,7.9178,1.0476,426267154.5,N/A,1049469085.5,53618510,0,132008690,87.862,2.7029,1.9539,24.7862,
600693.SH,东百集团,2000-01-17,1.2858,1.2972,1.3376,1.2858,1.336,442700,3598081,0.0501,3.8994,8.1276,0.8256,442888892.6,N/A,1090391779.4,53618510,0,132008690,91.2881,2.8083,2.0301,25.7527,
600693.SH,东百集团,2000-01-18,1.336,1.3505,1.3505,1.2891,1.2923,440800,3578353,-0.0437,-3.2688,8.1179,0.8221,428411894.9,N/A,1054749433.1,53618510,0,132008690,88.3041,2.7165,1.9637,24.9109,
600693.SH,东百集团,2000-01-19,1.2923,1.2939,1.3133,1.281,1.2939,304000,2437983,0.0016,0.1252,8.0197,0.567,428948080,N/A,1056069520,53618510,0,132008690,88.4146,2.7199,1.9662,24.9421,
600693.SH,东百集团,2000-01-20,1.2939,1.2939,1.2972,1.2697,1.2939,775200,6148969,0,0,7.9321,1.4458,428948080,N/A,1056069520,53618510,0,132008690,88.4146,2.7199,1.9662,24.9421,
600693.SH,东百集团,2000-01-21,1.2939,1.2972,1.3263,1.2745,1.2745,652400,5177942,-0.0194,-1.5,7.9368,1.2167,422513858.8,N/A,1040228477.2,53618510,0,132008690,87.0884,2.6791,1.9367,24.5679,
600693.SH,东百集团,2000-01-24,1.2745,1.2745,1.3101,1.2292,1.3101,934600,7316608,0.0356,2.7919,7.8286,1.7431,434309931,N/A,1069270389,53618510,0,132008690,89.5198,2.7539,1.9908,25.2538,
600693.SH,东百集团,2000-01-25,1.3101,1.3133,1.3376,1.2907,1.315,806200,6559811,0.0049,0.3704,8.1367,1.5036,435918486.3,N/A,1073230649.7,53618510,0,132008690,89.8513,2.7641,1.9981,25.3474,
600693.SH,东百集团,2000-01-26,1.315,1.3247,1.3344,1.2875,1.3311,614400,4963408,0.0162,1.23,8.0785,1.1459,441280337.3,N/A,1086431518.7,53618510,0,132008690,90.9565,2.7981,2.0227,25.6592,
600693.SH,东百集团,2000-01-27,1.3311,1.3311,1.3942,1.3133,1.3619,1453600,12222209,0.0307,2.3086,8.4082,2.711,451467854.2,N/A,1111513169.8,53618510,0,132008690,93.0564,2.8627,2.0694,26.2515,
600693.SH,东百集团,2000-01-28,1.3619,1.3586,1.4492,1.3327,1.4363,2293400,19782558,0.0744,5.4632,8.6259,4.2773,476132368.8,N/A,1172237167.2,53618510,0,132008690,98.1402,3.0191,2.1825,27.6857,
600693.SH,东百集团,2000-02-14,1.4363,1.4767,1.5802,1.4767,1.5802,2345200,22532000,0.1439,10.0225,9.6077,4.3739,523852842.7,N/A,1289724901.3,53618510,0,132008690,107.9763,3.3217,2.4012,30.4605,
600693.SH,东百集团,2000-02-15,1.5802,1.6158,1.7387,1.5333,1.5527,3908900,40704336,-0.0275,-1.74,10.4132,7.2902,514737696,N/A,1267283424,53618510,0,132008690,106.0975,3.2639,2.3594,29.9305,
600693.SH,东百集团,2000-02-16,1.5527,1.5527,1.6498,1.5365,1.6206,2074900,20446978,0.0679,4.375,9.8544,3.8697,537257470.2,N/A,1322727073.8,53618510,0,132008690,110.7393,3.4067,2.4626,31.2399,
600693.SH,东百集团,2000-02-17,1.6206,1.6999,1.7759,1.4638,1.4961,2396200,23587258,-0.1245,-7.6846,9.8436,4.469,495971217.5,N/A,1221080382.5,53618510,0,132008690,102.2294,3.1449,2.2734,28.8393,
600693.SH,东百集团,2000-02-18,1.4961,1.4638,1.5365,1.4185,1.5349,1122300,10149217,0.0388,2.5946,9.0432,2.0931,508839659.9,N/A,1252762468.1,53618510,0,132008690,104.8818,3.2265,2.3324,29.5875,
600693.SH,东百集团,2000-02-21,1.5349,1.5349,1.5349,1.4524,1.4557,1445100,13114980,-0.0793,-5.1633,9.0755,2.6952,482566590,N/A,1188078210,53618510,0,132008690,99.4664,3.0599,2.212,28.0598,
600693.SH,东百集团,2000-02-22,1.4557,1.4411,1.4686,1.4233,1.4266,1289100,11459915,-0.0291,-2,8.8899,2.4042,472915258.2,N/A,1164316645.8,53618510,0,132008690,97.4771,2.9987,2.1677,27.4986,
600693.SH,东百集团,2000-02-23,1.4266,1.4266,1.4266,1.3554,1.3586,918600,7857781,-0.0679,-4.7619,8.5541,1.7132,450395484,N/A,1108872996,53618510,0,132008690,92.8353,2.8559,2.0645,26.1892,
600693.SH,东百集团,2000-02-24,1.3586,1.3505,1.4201,1.3505,1.4201,779600,6653689,0.0615,4.5238,8.5347,1.454,470770517.8,N/A,1159036298.2,53618510,0,132008690,97.035,2.9851,2.1579,27.3739,
600693.SH,东百集团,2000-02-25,1.4201,1.4282,1.4314,1.3748,1.4152,743900,6424327,-0.0049,-0.3417,8.636,1.3874,469161962.5,N/A,1155076037.5,53618510,0,132008690,96.7035,2.9749,2.1505,27.2804,
600693.SH,东百集团,2000-02-28,1.4152,1.3991,1.5204,1.3845,1.509,1583300,14385384,0.0938,6.6286,9.0857,2.9529,500260698.3,N/A,1231641077.7,53618510,0,132008690,103.1135,3.1721,2.2931,29.0887,
600693.SH,东百集团,2000-02-29,1.509,1.5204,1.5285,1.4557,1.5187,1375300,12709705,0.0097,0.6431,9.2414,2.565,503477808.9,N/A,1239561599.1,53618510,0,132008690,103.7766,3.1925,2.3078,29.2758,
600693.SH,东百集团,2000-03-01,1.5187,1.5139,1.5301,1.4557,1.4718,849000,7894675,-0.0469,-3.0884,9.2988,1.5834,487928441,N/A,1201279079,53618510,0,132008690,100.5716,3.0939,2.2365,28.3716,
600693.SH,东百集团,2000-03-02,1.4718,1.4864,1.5446,1.4654,1.5446,1403500,13128167,0.0728,4.9451,9.3539,2.6176,512056770.5,N/A,1260682989.5,53618510,0,132008690,105.5449,3.2469,2.3471,29.7746,
600693.SH,东百集团,2000-03-03,1.5446,1.5931,1.6999,1.5931,1.6999,5642500,59020572,0.1553,10.0524,10.46,10.5234,563530540.1,N/A,1387411331.9,53618510,0,132008690,116.1547,3.5733,2.5831,32.7676,
600693.SH,东百集团,2000-03-06,1.6999,1.7775,1.7905,1.5495,1.5527,3599300,37255004,-0.1472,-8.6584,10.3506,6.7128,514737696,N/A,1267283424,53618510,0,132008690,106.0975,3.2639,2.3594,29.9305,
600693.SH,东百集团,2000-03-07,1.5527,1.5479,1.5527,1.4961,1.5382,1110300,10507881,-0.0146,-0.9375,9.464,2.0707,509912030.1,N/A,1255402641.9,53618510,0,132008690,105.1028,3.2333,2.3373,29.6499,
600693.SH,东百集团,2000-03-08,1.5382,1.5365,1.6659,1.5236,1.6611,1585900,15732941,0.1229,7.9916,9.9205,2.9577,550662097.7,N/A,1355729246.3,53618510,0,132008690,113.5022,3.4917,2.5241,32.0194,
600693.SH,东百集团,2000-03-09,1.6611,1.6611,1.7064,1.6093,1.6449,1416000,14505097,-0.0162,-0.9737,10.2437,2.6409,545300246.7,N/A,1342528377.3,53618510,0,132008690,112.397,3.4577,2.4995,31.7076,
600693.SH,东百集团,2000-03-10,1.6449,1.6303,1.6659,1.5851,1.5883,953400,9503597,-0.0566,-3.4415,9.9681,1.7781,526533768.2,N/A,1296325335.8,53618510,0,132008690,108.5289,3.3387,2.4135,30.6164,
600693.SH,东百集团,2000-03-13,1.5883,1.5689,1.6093,1.5608,1.6093,518800,5077353,0.021,1.3238,9.7867,0.9676,533504174.5,N/A,1313486465.5,53618510,0,132008690,109.9656,3.3829,2.4454,31.0217,
600693.SH,东百集团,2000-03-14,1.6093,1.5931,1.5931,1.4993,1.5446,1083600,10285290,-0.0647,-4.0201,9.4918,2.0209,512056770.5,N/A,1260682989.5,53618510,0,132008690,105.5449,3.2469,2.3471,29.7746,
600693.SH,东百集团,2000-03-15,1.5446,1.4864,1.598,1.4864,1.5624,753600,7232635,0.0178,1.1518,9.5974,1.4055,517954806.6,N/A,1275203945.4,53618510,0,132008690,106.7606,3.2843,2.3742,30.1175,
600693.SH,东百集团,2000-03-16,1.5624,1.5365,1.5495,1.4557,1.4751,583000,5435778,-0.0873,-5.5901,9.3238,1.0873,489000811.2,N/A,1203919252.8,53618510,0,132008690,100.7926,3.1007,2.2414,28.434,
600693.SH,东百集团,2000-03-17,1.4751,1.4718,1.6012,1.4718,1.564,904100,8619937,0.089,6.0307,9.5343,1.6862,518490991.7,N/A,1276524032.3,53618510,0,132008690,106.8711,3.2877,2.3766,30.1487,
600693.SH,东百集团,2000-03-20,1.564,1.5204,1.5915,1.5058,1.5818,665000,6354657,0.0178,1.1375,9.5559,1.2402,524389027.8,N/A,1291044988.2,53618510,0,132008690,108.0868,3.3251,2.4037,30.4917,
600693.SH,东百集团,2000-03-21,1.5818,1.5689,1.632,1.5252,1.6093,807400,7950436,0.0275,1.7382,9.847,1.5058,533504174.5,N/A,1313486465.5,53618510,0,132008690,109.9656,3.3829,2.4454,31.0217,
600693.SH,东百集团,2000-03-22,1.6093,1.6255,1.6659,1.6012,1.6336,1149100,11596630,0.0243,1.5075,10.0919,2.1431,541546951,N/A,1333287769,53618510,0,132008690,111.6234,3.4339,2.4823,31.4894,
600693.SH,东百集团,2000-03-23,1.6336,1.6546,1.6789,1.5851,1.6514,1447600,14705206,0.0178,1.0891,10.1583,2.6998,547444987.1,N/A,1347808724.9,53618510,0,132008690,112.8391,3.4713,2.5093,31.8323,
600693.SH,东百集团,2000-03-24,1.6514,1.6514,1.6773,1.6012,1.6029,1198100,12173591,-0.0485,-2.9383,10.1607,2.2345,531359434.1,N/A,1308206117.9,53618510,0,132008690,109.5236,3.3693,2.4356,30.897,
600693.SH,东百集团,2000-03-27,1.6029,1.6029,1.6983,1.5867,1.6918,1832300,18924590,0.089,5.5499,10.3283,3.4173,560849614.6,N/A,1380810897.4,53618510,0,132008690,115.6021,3.5563,2.5708,32.6118,
600693.SH,东百集团,2000-03-28,1.6918,1.6918,1.8196,1.674,1.674,5411800,58932926,-0.0178,-1.0516,10.8897,10.0932,554951578.5,N/A,1366289941.5,53618510,0,132008690,114.3864,3.5189,2.5437,32.2688,
600693.SH,东百集团,2000-03-29,1.674,1.7581,1.8422,1.7468,1.8422,6052000,68609869,0.1682,10.0483,11.3367,11.2871,610714828.9,N/A,1503578979.1,53618510,0,132008690,125.8803,3.8724,2.7993,35.5113,
600693.SH,东百集团,2000-03-30,1.8422,1.915,1.97,1.8438,1.9409,7759700,92052012,0.0987,5.3556,11.8628,14.4721,643422120,N/A,1584104280,53618510,0,132008690,132.6219,4.0798,2.9493,37.4131,
600693.SH,东百集团,2000-03-31,1.9409,1.75,2.0201,1.75,1.9166,2661900,31394273,-0.0243,-1.25,11.7939,4.9645,635379343.5,N/A,1564302976.5,53618510,0,132008690,130.9641,4.0288,2.9124,36.9454,
600693.SH,东百集团,2000-04-03,1.9166,1.9085,2.0153,1.8616,1.8762,1782900,21223284,-0.0404,-2.1097,11.9038,3.3252,621974716,N/A,1531300804,53618510,0,132008690,128.2012,3.9438,2.851,36.166,
600693.SH,东百集团,2000-04-04,1.8762,1.9005,1.9005,1.7791,1.8083,1929500,21917402,-0.0679,-3.6207,11.3591,3.5986,599454941.8,N/A,1475857154.2,53618510,0,132008690,123.5594,3.801,2.7477,34.8565,
600693.SH,东百集团,2000-04-05,1.8083,1.8066,1.8794,1.7791,1.873,1286800,14659835,0.0647,3.5778,11.3925,2.3999,620902345.8,N/A,1528660630.2,53618510,0,132008690,127.9801,3.937,2.846,36.1036,
600693.SH,东百集团,2000-04-06,1.873,1.8762,1.8924,1.8131,1.8924,1120200,12918613,0.0194,1.0363,11.5324,2.0892,627336567,N/A,1544501673,53618510,0,132008690,129.3063,3.9778,2.8755,36.4778,
600693.SH,东百集团,2000-04-07,1.8924,1.8924,1.9829,1.8762,1.949,1563200,18679084,0.0566,2.9915,11.9493,2.9154,646103045.5,N/A,1590704714.5,53618510,0,132008690,133.1745,4.0968,2.9616,37.569,
600693.SH,东百集团,2000-04-10,1.949,1.9457,2.0379,1.9409,1.9765,1671000,20722445,0.0275,1.4108,12.4012,3.1165,655218192.2,N/A,1613146191.8,53618510,0,132008690,135.0533,4.1546,3.0033,38.099,
600693.SH,东百集团,2000-04-11,1.9765,1.9765,2.0007,1.9102,1.9377,909800,10953531,-0.0388,-1.964,12.0395,1.6968,642349749.8,N/A,1581464106.2,53618510,0,132008690,132.4008,4.073,2.9444,37.3507,
600693.SH,东百集团,2000-04-12,1.9377,1.9409,1.9732,1.8794,1.9571,1953400,23169368,0.0194,1.0017,11.861,3.6431,648783971,N/A,1597305149,53618510,0,132008690,133.7271,4.1138,2.9738,37.7249,
600693.SH,东百集团,2000-04-13,1.9571,1.9409,2.0379,1.9409,2.0298,2338200,29043024,0.0728,3.719,12.4211,4.3608,672912300.5,N/A,1656709059.5,53618510,0,132008690,138.7004,4.2668,3.0844,39.1279,
600693.SH,东百集团,2000-04-14,2.0298,2.0298,2.0298,1.9571,1.9684,782000,9605372,-0.0615,-3.0279,12.2831,1.4585,652537266.7,N/A,1606545757.3,53618510,0,132008690,134.5007,4.1376,2.9911,37.9431,
600693.SH,东百集团,2000-04-17,1.9684,1.9684,1.9813,1.8616,1.8956,1328800,15691285,-0.0728,-3.6976,11.8086,2.4782,628408937.2,N/A,1547141846.8,53618510,0,132008690,129.5274,3.9846,2.8805,36.5401,
600693.SH,东百集团,2000-04-18,1.8956,1.9005,1.9571,1.8762,1.9571,963500,11451084,0.0615,3.2423,11.8849,1.797,648783971,N/A,1597305149,53618510,0,132008690,133.7271,4.1138,2.9738,37.7249,
600693.SH,东百集团,2000-04-19,1.9571,1.9571,1.9749,1.8568,1.9409,1058900,12623595,-0.0162,-0.8264,11.9214,1.9749,643422120,N/A,1584104280,53618510,0,132008690,132.6219,4.0798,2.9493,37.4131,
600693.SH,东百集团,2000-04-20,1.9409,1.9377,1.9571,1.8972,1.9344,602500,7169322,-0.0065,-0.3333,11.8993,1.1237,641277379.6,N/A,1578823932.4,53618510,0,132008690,132.1798,4.0662,2.9394,37.2884,
600693.SH,东百集团,2000-04-21,1.9344,1.9894,1.9894,1.8762,1.928,511300,6092158,-0.0065,-0.3344,11.915,0.9536,639132639.2,N/A,1573543584.8,53618510,0,132008690,131.7377,4.0526,2.9296,37.1637,
600693.SH,东百集团,2000-04-24,1.928,1.9085,1.9813,1.9085,1.9328,868700,10491825,0.0049,0.2517,12.0776,1.6201,640741194.5,N/A,1577503845.5,53618510,0,132008690,132.0693,4.0628,2.937,37.2572,
600693.SH,东百集团,2000-04-25,1.9328,1.9409,2.0282,1.936,2.0024,1392800,17040921,0.0695,3.5983,12.235,2.5976,663797153.8,N/A,1634267582.2,53618510,0,132008690,136.8216,4.209,3.0427,38.5979,
600693.SH,东百集团,2000-04-26,2.0024,2.0218,2.0687,1.9635,2.067,1881000,23497807,0.0647,3.231,12.4922,3.5081,685244557.8,N/A,1687071058.2,53618510,0,132008690,141.2423,4.345,3.141,39.845,
600693.SH,东百集团,2000-04-27,2.067,2.0832,2.135,2.0347,2.0865,2772900,36021833,0.0194,0.939,12.9907,5.1715,691678779,N/A,1702912101,53618510,0,132008690,142.5685,4.3858,3.1705,40.2191,
600693.SH,东百集团,2000-04-28,2.0865,2.0735,2.0994,2.0185,2.0347,1760400,22354317,-0.0518,-2.4806,12.6984,3.2832,674520855.8,N/A,1660669320.2,53618510,0,132008690,139.0319,4.277,3.0918,39.2214,
600693.SH,东百集团,2000-05-08,2.0347,2.0104,2.0525,1.9506,1.9991,1750800,21625890,-0.0356,-1.7488,12.352,2.4215,893640335.28,N/A,1631627408.4,72300998,0,132008690,136.6005,4.2022,3.0377,38.5355,
600693.SH,东百集团,2000-05-09,1.9991,1.9765,2.0832,1.9765,2.0234,2770000,34841272,0.0243,1.2136,12.5781,3.8312,904485484.98,N/A,1651428711.9,72300998,0,132008690,138.2583,4.2532,3.0746,39.0032,
600693.SH,东百集团,2000-05-10,2.0234,2.0218,2.0476,1.8794,1.9053,2267800,27640329,-0.1181,-5.8353,12.1882,3.1366,851705756.44,N/A,1555062368.2,72300998,0,132008690,130.1905,4.005,2.8952,36.7272,
600693.SH,东百集团,2000-05-11,1.9053,1.8924,1.9571,1.8924,1.9377,1444000,17185623,0.0323,1.6978,11.9014,1.9972,866165956.04,N/A,1581464106.2,72300998,0,132008690,132.4008,4.073,2.9444,37.3507,
600693.SH,东百集团,2000-05-12,1.9377,1.9247,1.9652,1.9085,1.9393,418600,4989598,0.0016,0.0835,11.9197,0.579,866888966.02,N/A,1582784193.1,72300998,0,132008690,132.5114,4.0764,2.9468,37.3819,
600693.SH,东百集团,2000-05-15,1.9393,1.9894,1.9894,1.8843,1.9328,380900,4490822,-0.0065,-0.3336,11.79,0.5268,863996926.1,N/A,1577503845.5,72300998,0,132008690,132.0693,4.0628,2.937,37.2572,
600693.SH,东百集团,2000-05-16,1.9328,1.9377,2.0541,1.9215,1.9991,2192200,27229870,0.0663,3.431,12.4213,3.032,893640335.28,N/A,1631627408.4,72300998,0,132008690,136.6005,4.2022,3.0377,38.5355,
600693.SH,东百集团,2000-05-17,1.9991,2.0218,2.046,1.9263,1.9328,996300,12293673,-0.0663,-3.3172,12.3393,1.378,863996926.1,N/A,1577503845.5,72300998,0,132008690,132.0693,4.0628,2.937,37.2572,
600693.SH,东百集团,2000-05-18,1.9328,1.9328,1.9425,1.8762,1.9166,1170600,13776839,-0.0162,-0.8368,11.769,1.6191,856766826.3,N/A,1564302976.5,72300998,0,132008690,130.9641,4.0288,2.9124,36.9454,
600693.SH,东百集团,2000-05-19,1.9166,1.9538,2.0298,1.9409,1.9732,890800,10911561,0.0566,2.9536,12.2492,1.2321,882072175.6,N/A,1610506018,72300998,0,132008690,134.8322,4.1478,2.9984,38.0367,
600693.SH,东百集团,2000-05-22,1.9732,1.9732,2.1447,1.9732,2.1447,2162500,27531452,0.1714,8.6885,12.7313,2.991,958711233.48,N/A,1750435229.4,72300998,0,132008690,146.5472,4.5082,3.2589,41.3415,
600693.SH,东百集团,2000-05-23,2.1447,2.1447,2.1447,2.1447,2.1447,N/A,N/A,0,0,N/A,N/A,958711233.48,N/A,1750435229.4,72300998,0,132008690,146.5472,4.5082,3.2589,41.3415,
600693.SH,东百集团,2000-05-24,2.1447,2.1803,2.1964,2.0557,2.0784,1388900,18095620,-0.0663,-3.092,13.0287,1.921,929067824.3,N/A,1696311666.5,72300998,0,132008690,142.0159,4.3688,3.1582,40.0632,
600693.SH,东百集团,2000-05-25,2.0784,2.0865,2.2822,2.0541,2.2466,4867300,66211261,0.1682,8.0934,13.6033,6.732,1004260862.22,N/A,1833600704.1,72300998,0,132008690,153.5098,4.7224,3.4138,43.3057,
600693.SH,东百集团,2000-05-26,2.2466,2.245,2.3048,2.1948,2.245,2200000,30712848,-0.0016,-0.072,13.9604,3.0428,1003537852.24,N/A,1832280617.2,72300998,0,132008690,153.3993,4.719,3.4113,43.2745,
600693.SH,东百集团,2000-05-29,2.245,2.2773,2.2951,2.2094,2.2094,1756700,24543911,-0.0356,-1.585,13.9716,2.4297,987631632.68,N/A,1803238705.4,72300998,0,132008690,150.9679,4.6442,3.3573,42.5886,
600693.SH,东百集团,2000-05-30,2.2094,2.2611,2.2611,2.2142,2.2288,1675300,23116483,0.0194,0.8785,13.7984,2.3171,996307752.44,N/A,1819079748.2,72300998,0,132008690,152.2941,4.685,3.3867,42.9627,
600693.SH,东百集团,2000-05-31,2.2288,2.2288,2.376,2.2158,2.308,1901100,27222091,0.0793,3.5559,14.3191,2.6294,1031735241.46,N/A,1883764006.3,72300998,0,132008690,157.7095,4.8516,3.5072,44.4904,
600693.SH,东百集团,2000-06-01,2.308,2.3113,2.3533,2.2967,2.3388,1024900,14727855,0.0307,1.3315,14.37,1.4175,1045472431.08,N/A,1908845657.4,72300998,0,132008690,159.8094,4.9162,3.5539,45.0828,
600693.SH,东百集团,2000-06-02,2.3388,2.3452,2.4746,2.3388,2.3954,2745200,41108073,0.0566,2.4205,14.9745,3.7969,1070777780.38,N/A,1955048698.9,72300998,0,132008690,163.6775,5.0352,3.6399,46.174,
600693.SH,东百集团,2000-06-05,2.3954,2.3938,2.4261,2.2935,2.3145,2784800,40254800,-0.0809,-3.3761,14.4552,3.8517,1034627281.38,N/A,1889044353.9,72300998,0,132008690,158.1516,4.8652,3.517,44.6151,
600693.SH,东百集团,2000-06-06,2.3145,2.2967,2.3452,2.2805,2.3307,1101500,15721191,0.0162,0.6988,14.2725,1.5235,1041857381.18,N/A,1902245222.9,72300998,0,132008690,159.2568,4.8992,3.5416,44.9269,
600693.SH,东百集团,2000-06-07,2.3307,2.3307,2.3857,2.2805,2.3711,1101900,15928082,0.0404,1.7349,14.4551,1.524,1059932630.68,N/A,1935247395.4,72300998,0,132008690,162.0197,4.9842,3.603,45.7063,
600693.SH,东百集团,2000-06-08,2.3711,2.3792,2.4714,2.3291,2.4035,1506500,22473844,0.0323,1.3643,14.9179,2.0837,1074392830.28,N/A,1961649133.4,72300998,0,132008690,164.2301,5.0522,3.6522,46.3299,
600693.SH,东百集团,2000-06-09,2.4035,2.3938,2.4261,2.3663,2.4035,708600,10511326,0,0,14.8339,0.9801,1074392830.28,N/A,1961649133.4,72300998,0,132008690,164.2301,5.0522,3.6522,46.3299,
600693.SH,东百集团,2000-06-12,2.4035,2.4035,2.5151,2.3679,2.5005,1299000,19702178,0.097,4.0377,15.1672,1.7967,1117773429.08,N/A,2040854347.4,72300998,0,132008690,170.8612,5.2562,3.7996,48.2005,
600693.SH,东百集团,2000-06-13,2.5005,2.5086,2.5879,2.452,2.4698,951900,14723943,-0.0307,-1.229,15.468,1.3166,1104036239.46,N/A,2015772696.3,72300998,0,132008690,168.7613,5.1916,3.7529,47.6082,
600693.SH,东百集团,2000-06-14,2.4698,2.507,2.507,2.3614,2.3614,1341700,19960053,-0.1084,-4.3877,14.8767,1.8557,1055594570.8,N/A,1927326874,72300998,0,132008690,161.3566,4.9638,3.5883,45.5193,
600693.SH,东百集团,2000-06-15,2.3614,2.3614,2.3857,2.3291,2.3598,831800,12130670,-0.0016,-0.0685,14.5836,1.1505,1054871560.82,N/A,1926006787.1,72300998,0,132008690,161.2461,4.9604,3.5858,45.4881,
600693.SH,东百集团,2000-06-16,2.3598,2.3614,2.418,2.3291,2.3776,465700,6813994,0.0178,0.7539,14.6317,0.6441,1062824670.6,N/A,1940527743,72300998,0,132008690,162.4618,4.9978,3.6129,45.8311,
600693.SH,东百集团,2000-06-19,2.3776,2.3776,2.3776,2.3372,2.3614,355600,5171858,-0.0162,-0.6803,14.544,0.4918,1055594570.8,N/A,1927326874,72300998,0,132008690,161.3566,4.9638,3.5883,45.5193,
600693.SH,东百集团,2000-06-20,2.3614,2.3452,2.3857,2.3145,2.3695,341100,4927761,0.0081,0.3425,14.4467,0.4718,1059209620.7,N/A,1933927308.5,72300998,0,132008690,161.9092,4.9808,3.6006,45.6752,
600693.SH,东百集团,2000-06-21,2.3695,2.3614,2.4148,2.3533,2.4067,258500,3801482,0.0372,1.57,14.7059,0.3575,1075838850.24,N/A,1964289307.2,72300998,0,132008690,164.4511,5.059,3.6571,46.3922,
600693.SH,东百集团,2000-06-22,2.4067,2.4067,2.4714,2.4067,2.4245,458600,6872905,0.0178,0.7392,14.9867,0.6343,1083791960.02,N/A,1978810263.1,72300998,0,132008690,165.6668,5.0964,3.6841,46.7352,
600693.SH,东百集团,2000-06-23,2.4245,2.4504,2.4763,2.3776,2.3938,354600,5286518,-0.0307,-1.2675,14.9084,0.4904,1070054770.4,N/A,1953728612,72300998,0,132008690,163.567,5.0318,3.6374,46.1428,
600693.SH,东百集团,2000-06-26,2.3938,2.4019,2.4035,2.3113,2.3388,1185400,17171495,-0.055,-2.2973,14.4858,1.6395,1045472431.08,N/A,1908845657.4,72300998,0,132008690,159.8094,4.9162,3.5539,45.0828,
600693.SH,东百集团,2000-06-27,2.3388,2.3452,2.3889,2.3161,2.3388,320400,4644237,0,0,14.4951,0.4431,1045472431.08,N/A,1908845657.4,72300998,0,132008690,159.8094,4.9162,3.5539,45.0828,
600693.SH,东百集团,2000-06-28,2.3388,2.3614,2.3808,2.321,2.3711,886100,12866090,0.0323,1.3831,14.5199,1.2256,1059932630.68,N/A,1935247395.4,72300998,0,132008690,162.0197,4.9842,3.603,45.7063,
600693.SH,东百集团,2000-06-29,2.3711,2.3614,2.4504,2.3469,2.3711,492700,7295116,0,0,14.8064,0.6815,1059932630.68,N/A,1935247395.4,72300998,0,132008690,162.0197,4.9842,3.603,45.7063,
600693.SH,东百集团,2000-06-30,2.3711,2.3744,2.3938,2.2967,2.2983,616700,8910747,-0.0728,-3.0696,14.4491,0.853,1027397181.58,N/A,1875843484.9,72300998,0,132008690,157.0464,4.8312,3.4924,44.3033,
600693.SH,东百集团,2000-07-03,2.2983,2.287,2.2935,2.1835,2.2401,914800,12714073,-0.0582,-2.5334,13.8982,1.2653,1001368822.3,N/A,1828320356.5,72300998,0,132008690,153.0678,4.7088,3.4039,43.181,
600693.SH,东百集团,2000-07-04,2.2401,2.232,2.2563,2.1512,2.1835,957900,13047005,-0.0566,-2.5271,13.6204,1.3249,976063473,N/A,1782117315,72300998,0,132008690,149.1996,4.5898,3.3179,42.0897,
600693.SH,东百集团,2000-07-05,2.1835,2.1835,2.232,2.1803,2.232,786400,10678591,0.0485,2.2222,13.5791,1.0877,997753772.4,N/A,1821719922,72300998,0,132008690,152.5152,4.6918,3.3917,43.0251,
600693.SH,东百集团,2000-07-06,2.232,2.2158,2.2304,2.1512,2.2078,295500,4015276,-0.0243,-1.087,13.5881,0.4087,986908622.7,N/A,1801918618.5,72300998,0,132008690,150.8574,4.6408,3.3548,42.5574,
600693.SH,东百集团,2000-07-07,2.2078,2.1835,2.2563,2.1592,2.232,505400,6958254,0.0243,1.0989,13.7678,0.699,997753772.4,N/A,1821719922,72300998,0,132008690,152.5152,4.6918,3.3917,43.0251,
600693.SH,东百集团,2000-07-10,2.232,2.2611,2.2644,2.1366,2.1657,927700,12525750,-0.0663,-2.971,13.5019,1.2831,968110363.22,N/A,1767596359.1,72300998,0,132008690,147.9839,4.5524,3.2909,41.7468,
600693.SH,东百集团,2000-07-11,2.1657,2.1592,2.2482,2.0962,2.232,1277600,17366014,0.0663,3.062,13.5927,1.7671,997753772.4,N/A,1821719922,72300998,0,132008690,152.5152,4.6918,3.3917,43.0251,
600693.SH,东百集团,2000-07-12,2.232,2.2288,2.2951,2.2158,2.2951,959400,13397357,0.0631,2.8261,13.9643,1.327,1025951161.62,N/A,1873203311.1,72300998,0,132008690,156.8254,4.8244,3.4875,44.241,
600693.SH,东百集团,2000-07-13,2.2951,2.2886,2.3614,2.2644,2.3145,868800,12393447,0.0194,0.8457,14.265,1.2016,1034627281.38,N/A,1889044353.9,72300998,0,132008690,158.1516,4.8652,3.517,44.6151,
600693.SH,东百集团,2000-07-14,2.3145,2.3129,2.342,2.266,2.3113,1028400,14626578,-0.0032,-0.1398,14.2227,1.4224,1033181261.42,N/A,1886404180.1,72300998,0,132008690,157.9306,4.8584,3.5121,44.5528,
600693.SH,东百集团,2000-07-17,2.3113,2.3129,2.3129,2.2158,2.2304,545100,7600816,-0.0809,-3.499,13.9439,0.7539,997030762.42,N/A,1820399835.1,72300998,0,132008690,152.4046,4.6884,3.3892,42.9939,
600693.SH,东百集团,2000-07-18,2.2304,2.2045,2.3452,2.1366,2.2078,1217700,16542154,-0.0226,-1.0152,13.5848,1.6842,986908622.7,N/A,1801918618.5,72300998,0,132008690,150.8574,4.6408,3.3548,42.5574,
600693.SH,东百集团,2000-07-19,2.2078,2.211,2.211,2.135,2.177,643800,8612668,-0.0307,-1.3919,13.3779,0.8904,973171433.08,N/A,1776836967.4,72300998,0,132008690,148.7575,4.5762,3.3081,41.965,
600693.SH,东百集团,2000-07-20,2.177,2.1835,2.1835,2.135,2.1528,527300,7025034,-0.0243,-1.1144,13.3227,0.7293,962326283.38,N/A,1757035663.9,72300998,0,132008690,147.0998,4.5252,3.2712,41.4974,
600693.SH,东百集团,2000-07-21,2.1528,2.1592,2.2288,2.0703,2.1107,1060900,14125932,-0.0421,-1.9534,13.315,1.4673,943528023.9,N/A,1722713404.5,72300998,0,132008690,144.2263,4.4368,3.2073,40.6867,
600693.SH,东百集团,2000-07-24,2.1107,2.1107,2.135,2.0784,2.0865,819600,10641056,-0.0243,-1.1494,12.9832,1.1336,932682874.2,N/A,1702912101,72300998,0,132008690,142.5685,4.3858,3.1705,40.2191,
600693.SH,东百集团,2000-07-25,2.0865,2.0865,2.0994,2.0088,2.0185,1616900,20448886,-0.0679,-3.2558,12.647,2.2363,902316455.04,N/A,1647468451.2,72300998,0,132008690,137.9268,4.243,3.0672,38.9096,
600693.SH,东百集团,2000-07-26,2.0185,2.0169,2.067,2.0024,2.0056,1543100,19349553,-0.0129,-0.641,12.5394,2.1343,896532375.2,N/A,1636907756,72300998,0,132008690,137.0426,4.2158,3.0476,38.6602,
600693.SH,东百集团,2000-07-27,2.0056,2.0379,2.0816,2.025,2.0735,1714000,21726993,0.0679,3.3871,12.6762,2.3706,926898794.36,N/A,1692351405.8,72300998,0,132008690,141.6844,4.3586,3.1508,39.9697,
600693.SH,东百集团,2000-07-28,2.0735,2.0865,2.0865,2.0379,2.0493,831700,10595905,-0.0243,-1.17,12.7401,1.1503,916053644.66,N/A,1672550102.3,72300998,0,132008690,140.0266,4.3076,3.1139,39.502,
600693.SH,东百集团,2000-07-31,2.0493,2.0541,2.0719,2.0298,2.0315,760000,9612052,-0.0178,-0.8682,12.6474,1.0512,908100534.88,N/A,1658029146.4,72300998,0,132008690,138.8109,4.2702,3.0869,39.159,
600693.SH,东百集团,2000-08-01,2.0315,2.0379,2.1026,2.0315,2.0687,2254600,28819479,0.0372,1.8312,12.7825,3.1184,924729764.42,N/A,1688391145.1,72300998,0,132008690,141.3528,4.3484,3.1434,39.8761,
600693.SH,东百集团,2000-08-02,2.0687,2.0703,2.0865,2.0379,2.0541,663100,8412701,-0.0146,-0.7037,12.6869,0.9171,918222674.6,N/A,1676510363,72300998,0,132008690,140.3582,4.3178,3.1213,39.5955,
600693.SH,东百集团,2000-08-03,2.0541,2.0541,2.0735,2.0137,2.0185,930200,11712210,-0.0356,-1.7323,12.5911,1.2866,902316455.04,N/A,1647468451.2,72300998,0,132008690,137.9268,4.243,3.0672,38.9096,
600693.SH,东百集团,2000-08-04,2.0185,2.0218,2.0298,1.9668,1.9781,1004600,12360769,-0.0404,-2.0032,12.3042,1.3895,884241205.54,N/A,1614466278.7,72300998,0,132008690,135.1638,4.158,3.0058,38.1302,
600693.SH,东百集团,2000-08-07,1.9781,1.9732,2.0347,1.9441,2.0218,388700,4816107,0.0437,2.2077,12.3903,0.5376,903762475,N/A,1650108625,72300998,0,132008690,138.1478,4.2498,3.0722,38.972,
600693.SH,东百集团,2000-08-08,2.0218,2.0218,2.0509,2.0056,2.0266,414800,5188078,0.0049,0.24,12.5074,0.5737,905931504.94,N/A,1654068885.7,72300998,0,132008690,138.4793,4.26,3.0795,39.0655,
600693.SH,东百集团,2000-08-09,2.0266,2.0298,2.0541,2.0137,2.0218,680300,8525149,-0.0049,-0.2394,12.5315,0.9409,903762475,N/A,1650108625,72300998,0,132008690,138.1478,4.2498,3.0722,38.972,
600693.SH,东百集团,2000-08-10,2.0218,2.025,2.0298,1.9716,1.9991,517500,6373258,-0.0226,-1.12,12.3155,0.7158,893640335.28,N/A,1631627408.4,72300998,0,132008690,136.6005,4.2022,3.0377,38.5355,
600693.SH,东百集团,2000-08-11,1.9991,1.9991,2.0056,1.9732,1.991,406900,5011615,-0.0081,-0.4045,12.3166,0.5628,890025285.38,N/A,1625026973.9,72300998,0,132008690,136.0479,4.1852,3.0255,38.3796,
600693.SH,东百集团,2000-08-14,1.991,1.9878,2.0703,1.9829,2.067,855800,10813287,0.076,3.818,12.6353,1.1837,924006754.44,N/A,1687071058.2,72300998,0,132008690,141.2423,4.345,3.141,39.845,
600693.SH,东百集团,2000-08-15,2.067,2.0784,2.1188,2.0541,2.0865,1497400,19395666,0.0194,0.939,12.9529,2.0711,932682874.2,N/A,1702912101,72300998,0,132008690,142.5685,4.3858,3.1705,40.2191,
600693.SH,东百集团,2000-08-16,2.0865,2.0865,2.101,2.0557,2.067,644800,8269523,-0.0194,-0.9302,12.8249,0.8918,924006754.44,N/A,1687071058.2,72300998,0,132008690,141.2423,4.345,3.141,39.845,
600693.SH,东百集团,2000-08-17,2.067,2.0703,2.0929,2.067,2.0703,566100,7284697,0.0032,0.1565,12.8682,0.783,925452774.4,N/A,1689711232,72300998,0,132008690,141.4633,4.3518,3.1459,39.9073,
600693.SH,东百集团,2000-08-18,2.0703,2.0865,2.0865,2.0315,2.046,521400,6626037,-0.0243,-1.1719,12.7082,0.7212,914607624.7,N/A,1669909928.5,72300998,0,132008690,139.8056,4.3008,3.109,39.4396,
600693.SH,东百集团,2000-08-21,2.046,2.046,2.0719,2.0266,2.0703,1858800,23558850,0.0243,1.1858,12.6742,2.5709,925452774.4,N/A,1689711232,72300998,0,132008690,141.4633,4.3518,3.1459,39.9073,
600693.SH,东百集团,2000-08-22,2.0703,2.1059,2.1317,2.004,2.0153,1971300,25347568,-0.055,-2.6562,12.8583,2.7265,900870435.08,N/A,1644828277.4,72300998,0,132008690,137.7057,4.2362,3.0623,38.8473,
600693.SH,东百集团,2000-08-23,2.0153,2.0363,2.1188,1.9732,2.1026,2884100,36928497,0.0873,4.3339,12.8042,3.989,939912974,N/A,1716112970,72300998,0,132008690,143.6737,4.4198,3.195,40.5309,
600693.SH,东百集团,2000-08-24,2.1026,2.1188,2.2288,2.0994,2.1981,5607600,75263625,0.0954,4.5385,13.4217,7.7559,982570562.82,N/A,1793998097.1,72300998,0,132008690,150.1943,4.6204,3.34,42.3703,
600693.SH,东百集团,2000-08-25,2.1981,2.1997,2.2078,2.1512,2.1997,2212500,29849757,0.0016,0.0736,13.4914,3.0601,983293572.8,N/A,1795318184,72300998,0,132008690,150.3048,4.6238,3.3425,42.4015,
600693.SH,东百集团,2000-08-28,2.1997,2.2142,2.2644,2.1835,2.2579,2326800,31906606,0.0582,2.6471,13.7127,3.2182,1009321932.08,N/A,1842841312.4,72300998,0,132008690,154.2835,4.7462,3.431,43.5239,
600693.SH,东百集团,2000-08-29,2.2579,2.2628,2.3291,2.2256,2.2644,2944800,41402848,0.0065,0.2865,14.0596,4.073,1012213972,N/A,1848121660,72300998,0,132008690,154.7255,4.7598,3.4408,43.6486,
600693.SH,东百集团,2000-08-30,2.2644,2.2611,2.2773,2.2191,2.2239,2297300,31807953,-0.0404,-1.7857,13.8458,3.1774,994138722.5,N/A,1815119487.5,72300998,0,132008690,151.9626,4.6748,3.3794,42.8692,
600693.SH,东百集团,2000-08-31,2.2239,2.2142,2.2142,2.1188,2.1269,1945300,25967940,-0.097,-4.3636,13.3491,2.6906,950758123.7,N/A,1735914273.5,72300998,0,132008690,145.3315,4.4708,3.2319,40.9985,
600693.SH,东百集团,2000-09-01,2.1269,2.1107,2.1592,2.0897,2.1285,920900,12118225,0.0016,0.076,13.1591,1.2737,951481133.68,N/A,1737234360.4,72300998,0,132008690,145.442,4.4742,3.2344,41.0297,
600693.SH,东百集团,2000-09-04,2.1285,2.1301,2.1738,2.1188,2.1673,1061200,14045377,0.0388,1.8237,13.2354,1.4678,968833373.2,N/A,1768916446,72300998,0,132008690,148.0944,4.5558,3.2934,41.778,
600693.SH,东百集团,2000-09-05,2.1673,2.1334,2.1641,2.1042,2.1188,617800,8156151,-0.0485,-2.2388,13.2019,0.8545,947143073.8,N/A,1729313839,72300998,0,132008690,144.7789,4.4538,3.2196,40.8426,
600693.SH,东百集团,2000-09-06,2.1188,2.1107,2.1964,2.1026,2.1706,1478871,19771114,0.0518,2.4427,13.3691,2.0454,970279393.16,N/A,1771556619.8,72300998,0,132008690,148.3155,4.5626,3.2983,41.8403,
600693.SH,东百集团,2000-09-07,2.1706,2.1673,2.1997,2.1447,2.1835,791800,10643487,0.0129,0.5961,13.4421,1.0951,976063473,N/A,1782117315,72300998,0,132008690,149.1996,4.5898,3.3179,42.0897,
600693.SH,东百集团,2000-09-08,2.1835,2.1916,2.2207,2.1512,2.1657,805500,10905219,-0.0178,-0.8148,13.5384,1.1141,968110363.22,N/A,1767596359.1,72300998,0,132008690,147.9839,4.5524,3.2909,41.7468,
600693.SH,东百集团,2000-09-11,2.1657,2.1835,2.1835,2.1107,2.1317,1080600,14281529,-0.034,-1.5683,13.2163,1.4946,952927153.64,N/A,1739874534.2,72300998,0,132008690,145.663,4.481,3.2393,41.0921,
600693.SH,东百集团,2000-09-12,2.1317,2.1334,2.2126,2.1204,2.211,1379200,18567472,0.0793,3.7178,13.4625,1.9076,988354642.66,N/A,1804558792.3,72300998,0,132008690,151.0784,4.6476,3.3597,42.6198,
600693.SH,东百集团,2000-09-13,2.211,2.2514,2.2644,2.1835,2.2013,1869900,25675209,-0.0097,-0.4389,13.7308,2.5863,984016582.78,N/A,1796638270.9,72300998,0,132008690,150.4153,4.6272,3.345,42.4327,
600693.SH,东百集团,2000-09-14,2.2013,2.2013,2.2223,2.1512,2.1609,779000,10573205,-0.0404,-1.8369,13.5728,1.0774,965941333.28,N/A,1763636098.4,72300998,0,132008690,147.6524,4.5422,3.2835,41.6533,
600693.SH,东百集团,2000-09-15,2.1609,2.1997,2.2547,2.177,2.2369,1889300,25966277,0.076,3.518,13.7439,2.6131,999922802.34,N/A,1825680182.7,72300998,0,132008690,152.8467,4.702,3.399,43.1186,
600693.SH,东百集团,2000-09-18,2.2369,2.2514,2.2644,2.2078,2.2094,1615800,22403369,-0.0275,-1.2292,13.8652,2.2348,987631632.68,N/A,1803238705.4,72300998,0,132008690,150.9679,4.6442,3.3573,42.5886,
600693.SH,东百集团,2000-09-19,2.2094,2.1916,2.1997,2.1479,2.1916,867300,11623807,-0.0178,-0.8053,13.4023,1.1996,979678522.9,N/A,1788717749.5,72300998,0,132008690,149.7522,4.6068,3.3302,42.2456,
600693.SH,东百集团,2000-09-20,2.1916,2.1916,2.2029,2.1592,2.1916,646400,8728528,0,0,13.5033,0.894,979678522.9,N/A,1788717749.5,72300998,0,132008690,149.7522,4.6068,3.3302,42.2456,
600693.SH,东百集团,2000-09-21,2.1916,2.2078,2.2142,2.1609,2.2029,1116800,15108344,0.0113,0.5166,13.5282,1.5447,984739592.76,N/A,1797958357.8,72300998,0,132008690,150.5258,4.6306,3.3474,42.4639,
600693.SH,东百集团,2000-09-22,2.2029,2.2094,2.2094,2.1026,2.1075,1071700,14275622,-0.0954,-4.3319,13.3205,1.4823,942082003.94,N/A,1720073230.7,72300998,0,132008690,144.0053,4.43,3.2024,40.6244,
600693.SH,东百集团,2000-09-25,2.1075,2.0832,2.0865,1.9894,1.9894,2133700,26741268,-0.1181,-5.6025,12.5328,2.9511,889302275.4,N/A,1623706887,72300998,0,132008690,135.9374,4.1818,3.023,38.3484,
600693.SH,东百集团,2000-09-26,1.9894,1.9894,2.0897,1.9684,2.0121,1304500,16438696,0.0226,1.1382,12.6015,1.8043,899424415.12,N/A,1642188103.6,72300998,0,132008690,137.4847,4.2294,3.0574,38.7849,
600693.SH,东百集团,2000-09-27,2.0121,2.0476,2.0476,1.9943,2.0266,748000,9288307,0.0146,0.7235,12.4175,1.0346,905931504.94,N/A,1654068885.7,72300998,0,132008690,138.4793,4.26,3.0795,39.0655,
600693.SH,东百集团,2000-09-28,2.0266,2.0266,2.0379,1.9894,1.9991,374900,4635708,-0.0275,-1.3567,12.3652,0.5185,893640335.28,N/A,1631627408.4,72300998,0,132008690,136.6005,4.2022,3.0377,38.5355,
600693.SH,东百集团,2000-09-29,1.9991,1.9975,2.0137,1.9975,2.0056,302000,3744924,0.0065,0.3236,12.4004,0.4177,896532375.2,N/A,1636907756,72300998,0,132008690,137.0426,4.2158,3.0476,38.6602,
600693.SH,东百集团,2000-10-09,2.0056,2.0347,2.0751,2.0185,2.0751,234200,2957604,0.0695,3.4677,12.6285,0.3239,927621804.34,N/A,1693671492.7,72300998,0,132008690,141.7949,4.362,3.1533,40.0008,
600693.SH,东百集团,2000-10-10,2.0751,2.0751,2.1172,2.0751,2.1026,714500,9262304,0.0275,1.325,12.9633,0.9882,939912974,N/A,1716112970,72300998,0,132008690,143.6737,4.4198,3.195,40.5309,
600693.SH,东百集团,2000-10-11,2.1026,2.1026,2.1884,2.0703,2.1188,632800,8338720,0.0162,0.7692,13.1775,0.8752,947143073.8,N/A,1729313839,72300998,0,132008690,144.7789,4.4538,3.2196,40.8426,
600693.SH,东百集团,2000-10-12,2.1188,2.1188,2.1673,2.0703,2.1512,633000,8285408,0.0323,1.5267,13.0891,0.8755,961603273.4,N/A,1755715577,72300998,0,132008690,146.9893,4.5218,3.2688,41.4662,
600693.SH,东百集团,2000-10-13,2.1512,2.1479,2.1495,2.0768,2.0881,692200,8996404,-0.0631,-2.9323,12.9968,0.9574,933405884.18,N/A,1704232187.9,72300998,0,132008690,142.679,4.3892,3.1729,40.2503,
600693.SH,东百集团,2000-10-16,2.0881,2.0865,2.1188,2.0573,2.0881,452400,5843831,0,0,12.9174,0.6257,933405884.18,N/A,1704232187.9,72300998,0,132008690,142.679,4.3892,3.1729,40.2503,
600693.SH,东百集团,2000-10-17,2.0881,2.0962,2.1592,2.0784,2.0881,452300,5868886,0,0,12.9756,0.6256,933405884.18,N/A,1704232187.9,72300998,0,132008690,142.679,4.3892,3.1729,40.2503,
600693.SH,东百集团,2000-10-18,2.0881,2.0994,2.0994,2.0379,2.0509,748500,9582264,-0.0372,-1.7816,12.802,1.0353,916776654.64,N/A,1673870189.2,72300998,0,132008690,140.1371,4.311,3.1164,39.5332,
600693.SH,东百集团,2000-10-19,2.0509,2.0541,2.0541,2.0266,2.0298,510900,6422629,-0.021,-1.0252,12.5712,0.7066,907377524.9,N/A,1656709059.5,72300998,0,132008690,138.7004,4.2668,3.0844,39.1279,
600693.SH,东百集团,2000-10-20,2.0298,2.0347,2.08,2.0153,2.0557,894000,11263582,0.0259,1.2749,12.5991,1.2365,918945684.58,N/A,1677830449.9,72300998,0,132008690,140.4687,4.3212,3.1238,39.6267,
600693.SH,东百集团,2000-10-23,2.0557,2.0768,2.0768,2.0234,2.046,783500,9881784,-0.0097,-0.4721,12.6124,1.0837,914607624.7,N/A,1669909928.5,72300998,0,132008690,139.8056,4.3008,3.109,39.4396,
600693.SH,东百集团,2000-10-24,2.046,2.0476,2.0573,2.0331,2.0412,300600,3799915,-0.0049,-0.2372,12.6411,0.4158,912438594.76,N/A,1665949667.8,72300998,0,132008690,139.474,4.2906,3.1016,39.3461,
600693.SH,东百集团,2000-10-25,2.0412,2.0476,2.0848,2.0331,2.0622,425800,5414364,0.021,1.0301,12.7157,0.5889,921837724.5,N/A,1683110797.5,72300998,0,132008690,140.9107,4.3348,3.1336,39.7514,
600693.SH,东百集团,2000-10-26,2.0622,2.101,2.1026,2.0509,2.0654,530000,6817991,0.0032,0.1569,12.8641,0.733,923283744.46,N/A,1685750971.3,72300998,0,132008690,141.1318,4.3416,3.1385,39.8138,
600693.SH,东百集团,2000-10-27,2.0654,2.0557,2.0865,2.0347,2.0703,657600,8403649,0.0049,0.2349,12.7793,0.9095,925452774.4,N/A,1689711232,72300998,0,132008690,141.4633,4.3518,3.1459,39.9073,
600693.SH,东百集团,2000-10-30,2.0703,2.0703,2.0751,1.9894,2.0121,1375300,17167375,-0.0582,-2.8125,12.4826,1.9022,899424415.12,N/A,1642188103.6,72300998,0,132008690,137.4847,4.2294,3.0574,38.7849,
600693.SH,东百集团,2000-10-31,2.0121,2.0315,2.067,1.9862,2.0412,1165800,14583360,0.0291,1.4469,12.5093,1.6124,912438594.76,N/A,1665949667.8,72300998,0,132008690,139.474,4.2906,3.1016,39.3461,
600693.SH,东百集团,2000-11-01,2.0412,2.025,2.0412,2.0137,2.025,488900,6112535,-0.0162,-0.7924,12.5026,0.6762,905208494.96,N/A,1652748798.8,72300998,0,132008690,138.3688,4.2566,3.0771,39.0343,
600693.SH,东百集团,2000-11-02,2.025,2.0298,2.0573,1.9959,2.0056,377200,4731327,-0.0194,-0.9585,12.5433,0.5217,896532375.2,N/A,1636907756,72300998,0,132008690,137.0426,4.2158,3.0476,38.6602,
600693.SH,东百集团,2000-11-03,2.0056,2.0218,2.0347,2.0007,2.0185,262300,3266204,0.0129,0.6452,12.4522,0.3628,902316455.04,N/A,1647468451.2,72300998,0,132008690,137.9268,4.243,3.0672,38.9096,
600693.SH,东百集团,2000-11-06,2.0185,1.9959,2.0185,1.9926,2.0056,742300,9206889,-0.0129,-0.641,12.4032,1.0267,896532375.2,N/A,1636907756,72300998,0,132008690,137.0426,4.2158,3.0476,38.6602,
600693.SH,东百集团,2000-11-07,2.0056,2.0088,2.0298,1.9975,2.0088,693200,8605494,0.0032,0.1613,12.4142,0.9588,897978395.16,N/A,1639547929.8,72300998,0,132008690,137.2636,4.2226,3.0525,38.7226,
600693.SH,东百集团,2000-11-08,2.0088,2.0185,2.1107,2.0024,2.1107,835000,10629940,0.1019,5.0725,12.7305,1.1549,943528023.9,N/A,1722713404.5,72300998,0,132008690,144.2263,4.4368,3.2073,40.6867,
600693.SH,东百集团,2000-11-09,2.1107,2.0945,2.1803,2.0703,2.1592,4016000,53241988,0.0485,2.2989,13.2575,5.5546,965218323.3,N/A,1762316011.5,72300998,0,132008690,147.5418,4.5388,3.2811,41.6221,
600693.SH,东百集团,2000-11-10,2.1592,2.1512,2.1592,2.1204,2.1447,937500,12385771,-0.0146,-0.6742,13.2115,1.2967,958711233.48,N/A,1750435229.4,72300998,0,132008690,146.5472,4.5082,3.2589,41.3415,
600693.SH,东百集团,2000-11-13,2.1447,2.135,2.1997,2.135,2.1414,914000,12245457,-0.0032,-0.1508,13.3977,1.2642,957265213.52,N/A,1747795055.6,72300998,0,132008690,146.3261,4.5014,3.254,41.2791,
600693.SH,东百集团,2000-11-14,2.1414,2.1431,2.1512,2.1026,2.1382,896900,11775793,-0.0032,-0.1511,13.1294,1.2405,955819193.56,N/A,1745154881.8,72300998,0,132008690,146.1051,4.4946,3.2491,41.2168,
600693.SH,东百集团,2000-11-15,2.1382,2.1447,2.1803,2.135,2.1495,868500,11556503,0.0113,0.5295,13.3063,1.2012,960880263.42,N/A,1754395490.1,72300998,0,132008690,146.8787,4.5184,3.2663,41.435,
600693.SH,东百集团,2000-11-16,2.1495,2.1528,2.1786,2.1447,2.1786,1211200,16190798,0.0291,1.3544,13.3676,1.6752,973894443.06,N/A,1778157054.3,72300998,0,132008690,148.8681,4.5796,3.3106,41.9962,
600693.SH,东百集团,2000-11-17,2.1786,2.1916,2.2239,2.1592,2.211,1372000,18554842,0.0323,1.4848,13.5239,1.8976,988354642.66,N/A,1804558792.3,72300998,0,132008690,151.0784,4.6476,3.3597,42.6198,
600693.SH,东百集团,2000-11-20,2.211,2.2239,2.2611,2.2078,2.2498,3335250,46222296,0.0388,1.7557,13.8587,4.613,1005706882.18,N/A,1836240877.9,72300998,0,132008690,153.7309,4.7292,3.4187,43.368,
600693.SH,东百集团,2000-11-21,2.2498,2.2773,2.2935,2.2336,2.2369,2196452,30793276,-0.0129,-0.5751,14.0196,3.0379,999922802.34,N/A,1825680182.7,72300998,0,132008690,152.8467,4.702,3.399,43.1186,
600693.SH,东百集团,2000-11-22,2.2369,2.2385,2.2644,2.2126,2.2433,1136097,15695790,0.0065,0.2892,13.8155,1.5713,1002814842.26,N/A,1830960530.3,72300998,0,132008690,153.2888,4.7156,3.4089,43.2433,
600693.SH,东百集团,2000-11-23,2.2433,2.2433,2.253,2.2126,2.2288,1181048,16304581,-0.0146,-0.6489,13.8052,1.6335,996307752.44,N/A,1819079748.2,72300998,0,132008690,152.2941,4.685,3.3867,42.9627,
600693.SH,东百集团,2000-11-24,2.2288,2.2207,2.2433,2.1042,2.135,880420,11881450,-0.0938,-4.209,13.4952,1.2177,954373173.6,N/A,1742514708,72300998,0,132008690,145.8841,4.4878,3.2442,41.1544,
600693.SH,东百集团,2000-11-27,2.135,2.1042,2.1673,2.1042,2.1479,666654,8843478,0.0129,0.6061,13.2655,0.9221,960157253.44,N/A,1753075403.2,72300998,0,132008690,146.7682,4.515,3.2639,41.4038,
600693.SH,东百集团,2000-11-28,2.1479,2.1641,2.2239,2.1495,2.2158,891520,12104505,0.0679,3.1627,13.5774,1.2331,990523672.6,N/A,1808519053,72300998,0,132008690,151.41,4.6578,3.3671,42.7133,
600693.SH,东百集团,2000-11-29,2.2158,2.2158,2.2239,2.1463,2.1657,658962,8858766,-0.0501,-2.2628,13.4435,0.9114,968110363.22,N/A,1767596359.1,72300998,0,132008690,147.9839,4.5524,3.2909,41.7468,
600693.SH,东百集团,2000-11-30,2.1657,2.1948,2.1964,2.1431,2.1657,536909,7189891,0,0,13.3913,0.7426,968110363.22,N/A,1767596359.1,72300998,0,132008690,147.9839,4.5524,3.2909,41.7468,
600693.SH,东百集团,2000-12-01,2.1657,2.1657,2.1916,2.1512,2.1528,469689,6306854,-0.0129,-0.5975,13.4277,0.6496,962326283.38,N/A,1757035663.9,72300998,0,132008690,147.0998,4.5252,3.2712,41.4974,
600693.SH,东百集团,2000-12-04,2.1528,2.1592,2.211,2.1592,2.1835,465507,6315798,0.0307,1.4275,13.5676,0.6438,976063473,N/A,1782117315,72300998,0,132008690,149.1996,4.5898,3.3179,42.0897,
600693.SH,东百集团,2000-12-05,2.1835,2.1932,2.1997,2.1673,2.1786,869623,11723608,-0.0049,-0.2222,13.4813,1.2028,973894443.06,N/A,1778157054.3,72300998,0,132008690,148.8681,4.5796,3.3106,41.9962,
600693.SH,东百集团,2000-12-06,2.1786,2.1803,2.2466,2.1689,2.19,2169200,29718903,0.0113,0.5197,13.7004,3.0002,978955512.92,N/A,1787397662.6,72300998,0,132008690,149.6417,4.6034,3.3278,42.2145,
600693.SH,东百集团,2000-12-07,2.19,2.2158,2.2239,2.1512,2.1754,910781,12263774,-0.0146,-0.6647,13.4651,1.2597,972448423.1,N/A,1775516880.5,72300998,0,132008690,148.647,4.5728,3.3056,41.9339,
600693.SH,东百集团,2000-12-08,2.1754,2.1851,2.3129,2.1819,2.2595,2629328,36549181,0.0841,3.8662,13.9006,3.6366,1010044942.06,N/A,1844161399.3,72300998,0,132008690,154.394,4.7496,3.4334,43.5551,
600693.SH,东百集团,2000-12-11,2.2595,2.2644,2.3048,2.2336,2.2741,2398550,33717901,0.0146,0.6442,14.0576,3.3175,1016552031.88,N/A,1856042181.4,72300998,0,132008690,155.3886,4.7802,3.4556,43.8357,
600693.SH,东百集团,2000-12-12,2.2741,2.2482,2.2967,2.245,2.2482,937999,13125312,-0.0259,-1.138,13.9929,1.2974,1004983872.2,N/A,1834920791,72300998,0,132008690,153.6203,4.7258,3.4162,43.3368,
600693.SH,东百集团,2000-12-13,2.2482,2.2401,2.2579,2.1851,2.1851,714452,9816880,-0.0631,-2.8058,13.7404,0.9882,976786482.98,N/A,1783437401.9,72300998,0,132008690,149.3101,4.5932,3.3204,42.1209,
600693.SH,东百集团,2000-12-14,2.1851,2.1916,2.2256,2.1835,2.1948,512643,6962453,0.0097,0.4441,13.5815,0.709,981124542.86,N/A,1791357923.3,72300998,0,132008690,149.9732,4.6136,3.3351,42.308,
600693.SH,东百集团,2000-12-15,2.1948,2.1948,2.2013,2.1334,2.1431,618598,8260874,-0.0518,-2.3581,13.3542,0.8556,957988223.5,N/A,1749115142.5,72300998,0,132008690,146.4367,4.5048,3.2565,41.3103,
600693.SH,东百集团,2000-12-18,2.1431,2.1754,2.1754,2.1026,2.1673,1053000,13822190,0.0243,1.1321,13.1265,1.4564,968833373.2,N/A,1768916446,72300998,0,132008690,148.0944,4.5558,3.2934,41.778,
600693.SH,东百集团,2000-12-19,2.1673,2.1641,2.1819,2.1204,2.1495,1036915,13763218,-0.0178,-0.8209,13.2732,1.4342,960880263.42,N/A,1754395490.1,72300998,0,132008690,146.8787,4.5184,3.2663,41.435,
600693.SH,东百集团,2000-12-20,2.1495,2.1544,2.1657,2.1237,2.1641,981250,12990066,0.0146,0.6772,13.2383,1.3572,967387353.24,N/A,1766276272.2,72300998,0,132008690,147.8734,4.549,3.2884,41.7156,
600693.SH,东百集团,2000-12-21,2.1641,2.1641,2.1964,2.1431,2.1884,395165,5300566,0.0243,1.1211,13.4136,0.5466,978232502.94,N/A,1786077575.7,72300998,0,132008690,149.5312,4.6,3.3253,42.1833,
600693.SH,东百集团,2000-12-22,2.1884,2.1916,2.1997,2.1673,2.1754,506034,6814902,-0.0129,-0.5913,13.4673,0.6999,972448423.1,N/A,1775516880.5,72300998,0,132008690,148.647,4.5728,3.3056,41.9339,
600693.SH,东百集团,2000-12-25,2.1754,2.1819,2.1867,2.1285,2.1463,1001418,13302869,-0.0291,-1.3383,13.284,1.3851,959434243.46,N/A,1751755316.3,72300998,0,132008690,146.6577,4.5116,3.2614,41.3727,
600693.SH,东百集团,2000-12-26,2.1463,2.1512,2.1512,2.1091,2.1188,1481950,19443738,-0.0275,-1.2811,13.1204,2.0497,947143073.8,N/A,1729313839,72300998,0,132008690,144.7789,4.4538,3.2196,40.8426,
600693.SH,东百集团,2000-12-27,2.1188,2.0266,2.1964,2.0266,2.1528,2416776,31347315,0.034,1.6031,12.9707,3.3427,962326283.38,N/A,1757035663.9,72300998,0,132008690,147.0998,4.5252,3.2712,41.4974,
600693.SH,东百集团,2000-12-28,2.1528,2.0218,2.1495,2.0218,2.0622,1967700,25235193,-0.0906,-4.2074,12.8247,2.7215,921837724.5,N/A,1683110797.5,72300998,0,132008690,140.9107,4.3348,3.1336,39.7514,
600693.SH,东百集团,2000-12-29,2.0622,2.0525,2.101,2.0331,2.101,1314591,16703192,0.0388,1.8824,12.706,1.8182,939189964.02,N/A,1714792883.1,72300998,0,132008690,143.5632,4.4164,3.1926,40.4997,
600693.SH,东百集团,2001-01-02,2.101,2.0978,2.1398,2.059,2.1269,517412,6739994,0.0259,1.2317,13.0264,0.7156,950758123.7,N/A,1735914273.5,72300998,0,132008690,231.9413,4.5376,2.9643,-292.1332,
600693.SH,东百集团,2001-01-03,2.1269,2.135,2.1932,2.1188,2.1673,792848,10589741,0.0404,1.9011,13.3566,1.0966,968833373.2,N/A,1768916446,72300998,0,132008690,236.3508,4.6239,3.0207,-297.687,
600693.SH,东百集团,2001-01-04,2.1673,2.1673,2.1867,2.1447,2.156,328171,4380467,-0.0113,-0.5224,13.3481,0.4539,963772303.34,N/A,1759675837.7,72300998,0,132008690,235.1162,4.5997,3.0049,-296.132,
600693.SH,东百集团,2001-01-05,2.156,2.1512,2.1803,2.135,2.1657,559510,7497745,0.0097,0.4501,13.4006,0.7739,968110363.22,N/A,1767596359.1,72300998,0,132008690,236.1745,4.6204,3.0184,-297.4649,
600693.SH,东百集团,2001-01-08,2.1657,2.1738,2.177,2.0945,2.1042,743712,9735471,-0.0615,-2.8379,13.0904,1.0286,940635983.98,N/A,1717433056.9,72300998,0,132008690,229.472,4.4893,2.9328,-289.023,
600693.SH,东百集团,2001-01-09,2.1042,2.1107,2.1382,2.0929,2.1107,411862,5373114,0.0065,0.3075,13.0459,0.5696,943528023.9,N/A,1722713404.5,72300998,0,132008690,230.1775,4.5031,2.9418,-289.9116,
600693.SH,东百集团,2001-01-10,2.1107,2.1107,2.1544,2.1107,2.1382,376361,4970349,0.0275,1.3027,13.2063,0.5205,955819193.56,N/A,1745154881.8,72300998,0,132008690,233.176,4.5618,2.9801,-293.6883,
600693.SH,东百集团,2001-01-11,2.1382,2.1269,2.1512,2.1269,2.1285,545604,7212345,-0.0097,-0.4539,13.219,0.7546,951481133.68,N/A,1737234360.4,72300998,0,132008690,232.1177,4.5411,2.9666,-292.3553,
600693.SH,东百集团,2001-01-12,2.1285,2.135,2.1544,2.1269,2.1512,342108,4536109,0.0226,1.0638,13.2593,0.4732,961603273.4,N/A,1755715577,72300998,0,132008690,234.587,4.5894,2.9982,-295.4655,
600693.SH,东百集团,2001-01-15,2.1512,2.1592,2.19,2.067,2.0784,1187492,15732821,-0.0728,-3.3835,13.2488,1.6424,929067824.3,N/A,1696311666.5,72300998,0,132008690,226.6499,4.4341,2.8967,-285.4685,
600693.SH,东百集团,2001-01-16,2.0784,2.0703,2.1107,2.0541,2.0897,319484,4126433,0.0113,0.5447,12.9159,0.4419,934128894.16,N/A,1705552274.8,72300998,0,132008690,227.8845,4.4583,2.9125,-287.0236,
600693.SH,东百集团,2001-01-17,2.0897,2.0735,2.1188,2.0703,2.08,249242,3230819,-0.0097,-0.4644,12.9626,0.3447,929790834.28,N/A,1697631753.4,72300998,0,132008690,226.8262,4.4376,2.899,-285.6907,
600693.SH,东百集团,2001-01-18,2.08,2.0719,2.0962,2.0654,2.0719,351910,4513955,-0.0081,-0.3888,12.827,0.4867,926175784.38,N/A,1691031318.9,72300998,0,132008690,225.9443,4.4203,2.8877,-284.5799,
600693.SH,东百集团,2001-01-19,2.0719,2.0848,2.0994,2.0735,2.0865,230054,2960932,0.0146,0.7026,12.8706,0.3182,932682874.2,N/A,1702912101,72300998,0,132008690,227.5318,4.4514,2.908,-286.5793,
600693.SH,东百集团,2001-02-05,2.0865,2.0865,2.101,2.0056,2.0185,333394,4220751,-0.0679,-3.2558,12.6599,0.4611,902316455.04,N/A,1647468451.2,72300998,0,132008690,220.1238,4.3064,2.8133,-277.2488,
600693.SH,东百集团,2001-02-06,2.0185,2.0137,2.0137,1.97,1.9975,388181,4777891,-0.021,-1.0417,12.3084,0.5369,892917325.3,N/A,1630307321.5,72300998,0,132008690,217.8308,4.2616,2.784,-274.3608,
600693.SH,东百集团,2001-02-07,1.9975,1.9894,2.0007,1.9247,1.9409,349252,4222704,-0.0566,-2.834,12.0907,0.4831,867611976,N/A,1584104280,72300998,0,132008690,211.6575,4.1408,2.7051,-266.5854,
600693.SH,东百集团,2001-02-08,1.9409,1.9409,1.9409,1.839,1.8568,715748,8317592,-0.0841,-4.3333,11.6208,0.99,830015457.04,N/A,1515459761.2,72300998,0,132008690,202.4856,3.9614,2.5879,-255.0334,
600693.SH,东百集团,2001-02-09,1.8568,1.8519,1.9247,1.8519,1.8988,1328956,15647710,0.0421,2.2648,11.7744,1.8381,848813716.52,N/A,1549782020.6,72300998,0,132008690,207.0716,4.0511,2.6465,-260.8094,
600693.SH,东百集团,2001-02-12,1.8988,1.9005,1.9571,1.873,1.9393,551910,6544657,0.0404,2.1295,11.8582,0.7634,866888966.02,N/A,1582784193.1,72300998,0,132008690,211.4811,4.1374,2.7029,-266.3633,
600693.SH,东百集团,2001-02-13,1.9393,1.9409,1.9635,1.9247,1.9296,239334,2880404,-0.0097,-0.5004,12.0351,0.331,862550906.14,N/A,1574863671.7,72300998,0,132008690,210.4228,4.1166,2.6893,-265.0303,
600693.SH,东百集团,2001-02-14,1.9296,1.9296,1.9377,1.9166,1.936,76081,906162,0.0065,0.3353,11.9105,0.1052,865442946.06,N/A,1580144019.3,72300998,0,132008690,211.1283,4.1305,2.6983,-265.9189,
600693.SH,东百集团,2001-02-15,1.936,1.9344,1.9425,1.9021,1.9085,198441,2356974,-0.0275,-1.4202,11.8775,0.2745,853151776.4,N/A,1557702542,72300998,0,132008690,208.1298,4.0718,2.66,-262.1423,
600693.SH,东百集团,2001-02-16,1.9085,1.9053,1.9053,1.86,1.8924,165550,1923211,-0.0162,-0.8475,11.6171,0.229,845921676.6,N/A,1544501673,72300998,0,132008690,206.366,4.0373,2.6375,-259.9208,
600693.SH,东百集团,2001-02-19,1.8924,1.9085,1.9684,1.894,1.9457,290810,3483564,0.0534,2.8205,11.9788,0.4022,869781005.94,N/A,1588064540.7,72300998,0,132008690,212.1866,4.1512,2.7119,-267.2519,
600693.SH,东百集团,2001-02-20,1.9457,1.9409,1.9571,1.8924,1.8988,189409,2249625,-0.0469,-2.4106,11.8771,0.262,848813716.52,N/A,1549782020.6,72300998,0,132008690,207.0716,4.0511,2.6465,-260.8094,
600693.SH,东百集团,2001-02-21,1.8988,1.8988,1.8988,1.8471,1.8633,202933,2340577,-0.0356,-1.8739,11.5337,0.2807,832907496.96,N/A,1520740108.8,72300998,0,132008690,203.1912,3.9752,2.5969,-255.922,
600693.SH,东百集团,2001-02-22,1.8633,1.8633,1.9312,1.8633,1.8746,232212,2705809,0.0113,0.6076,11.6523,0.3212,837968566.82,N/A,1529980717.1,72300998,0,132008690,204.4258,3.9993,2.6127,-257.4771,
600693.SH,东百集团,2001-02-23,1.8746,1.8649,1.9215,1.8649,1.8924,214000,2514239,0.0178,0.9491,11.7488,0.296,845921676.6,N/A,1544501673,72300998,0,132008690,206.366,4.0373,2.6375,-259.9208,
600693.SH,东百集团,2001-02-26,1.8924,1.9134,1.9134,1.8956,1.9134,170358,2004674,0.021,1.1111,11.7674,0.2356,855320806.34,N/A,1561662802.7,72300998,0,132008690,208.659,4.0821,2.6668,-262.8088,
600693.SH,东百集团,2001-02-27,1.9134,1.9134,1.9312,1.8924,1.9134,137800,1629425,0,0,11.8246,0.1906,855320806.34,N/A,1561662802.7,72300998,0,132008690,208.659,4.0821,2.6668,-262.8088,
600693.SH,东百集团,2001-02-28,1.9134,1.9085,1.9085,1.8778,1.8843,100898,1179304,-0.0291,-1.5216,11.6881,0.1396,842306626.7,N/A,1537901238.5,72300998,0,132008690,205.4841,4.02,2.6262,-258.81,
600693.SH,东百集团,2001-03-01,1.8843,1.8616,1.9085,1.8616,1.8843,97207,1135128,0,0,11.6774,0.1344,842306626.7,N/A,1537901238.5,72300998,0,132008690,205.4841,4.02,2.6262,-258.81,
600693.SH,东百集团,2001-03-02,1.8843,1.9166,2.0007,1.9166,1.9377,929000,11189707,0.0534,2.8326,12.0449,1.2849,866165956.04,N/A,1581464106.2,72300998,0,132008690,211.3047,4.1339,2.7006,-266.1411,
600693.SH,东百集团,2001-03-05,1.9377,1.9571,1.9571,1.9085,1.9247,199071,2374614,-0.0129,-0.6678,11.9285,0.2753,860381876.2,N/A,1570903411,72300998,0,132008690,209.8937,4.1063,2.6826,-264.3639,
600693.SH,东百集团,2001-03-06,1.9247,1.9247,1.9846,1.9231,1.9506,563944,6817763,0.0259,1.3445,12.0894,0.78,871950035.88,N/A,1592024801.4,72300998,0,132008690,212.7158,4.1615,2.7186,-267.9183,
600693.SH,东百集团,2001-03-07,1.9506,1.97,1.9732,1.9328,1.9409,181400,2190090,-0.0097,-0.4975,12.0733,0.2509,867611976,N/A,1584104280,72300998,0,132008690,211.6575,4.1408,2.7051,-266.5854,
600693.SH,东百集团,2001-03-08,1.9409,1.9457,1.9603,1.9247,1.9328,241740,2897497,-0.0081,-0.4167,11.986,0.3344,863996926.1,N/A,1577503845.5,72300998,0,132008690,210.7756,4.1236,2.6938,-265.4746,
600693.SH,东百集团,2001-03-09,1.9328,1.9409,1.9506,1.9247,1.9296,252310,3016678,-0.0032,-0.1674,11.9562,0.349,862550906.14,N/A,1574863671.7,72300998,0,132008690,210.4228,4.1166,2.6893,-265.0303,
600693.SH,东百集团,2001-03-12,1.9296,1.9409,1.9716,1.9166,1.9474,486109,5830602,0.0178,0.922,11.9944,0.6723,870504015.92,N/A,1589384627.6,72300998,0,132008690,212.363,4.1546,2.7141,-267.474,
600693.SH,东百集团,2001-03-13,1.9474,1.97,1.97,1.9215,1.936,212741,2553638,-0.0113,-0.5814,12.0035,0.2942,865442946.06,N/A,1580144019.3,72300998,0,132008690,211.1283,4.1305,2.6983,-265.9189,
600693.SH,东百集团,2001-03-14,1.936,1.9053,1.9506,1.9053,1.9409,228776,2728803,0.0049,0.2506,11.9278,0.3164,867611976,N/A,1584104280,72300998,0,132008690,211.6575,4.1408,2.7051,-266.5854,
600693.SH,东百集团,2001-03-15,1.9409,1.9215,1.9522,1.9085,1.9247,203916,2433793,-0.0162,-0.8333,11.9353,0.282,860381876.2,N/A,1570903411,72300998,0,132008690,209.8937,4.1063,2.6826,-264.3639,
600693.SH,东百集团,2001-03-16,1.9247,1.9247,1.949,1.9215,1.9409,301010,3607862,0.0162,0.8403,11.9859,0.4163,867611976,N/A,1584104280,72300998,0,132008690,211.6575,4.1408,2.7051,-266.5854,
600693.SH,东百集团,2001-03-19,1.9409,1.9393,1.9813,1.9166,1.97,396626,4778705,0.0291,1.5,12.0484,0.5486,880626155.64,N/A,1607865844.2,72300998,0,132008690,214.8323,4.2029,2.7457,-270.5842,
600693.SH,东百集团,2001-03-20,1.97,1.9749,2.0121,1.9409,1.9959,545383,6658772,0.0259,1.3136,12.2094,0.7543,892194315.32,N/A,1628987234.6,72300998,0,132008690,217.6544,4.2581,2.7817,-274.1386,
600693.SH,东百集团,2001-03-21,1.9959,1.9959,2.0169,1.9668,2.004,343488,4230023,0.0081,0.4052,12.3149,0.4751,895809365.22,N/A,1635587669.1,72300998,0,132008690,218.5363,4.2754,2.793,-275.2494,
600693.SH,东百集团,2001-03-22,2.004,2.0137,2.1091,1.9975,2.0978,1586553,20298970,0.0938,4.6812,12.7944,2.1944,937743944.06,N/A,1712152709.3,72300998,0,132008690,228.7664,4.4755,2.9238,-288.1344,
600693.SH,东百集团,2001-03-23,2.0978,2.1172,2.1269,2.046,2.046,1087037,14040632,-0.0518,-2.4672,12.9164,1.5035,914607624.7,N/A,1669909928.5,72300998,0,132008690,223.1222,4.3651,2.8516,-281.0255,
600693.SH,东百集团,2001-03-26,2.046,2.046,2.1479,2.0396,2.1447,1348636,17698645,0.0987,4.8221,13.1234,1.8653,958711233.48,N/A,1750435229.4,72300998,0,132008690,233.8815,4.5756,2.9891,-294.5769,
600693.SH,东百集团,2001-03-27,2.1447,2.1479,2.1609,2.1188,2.1431,963597,12776047,-0.0016,-0.0754,13.2587,1.3328,957988223.5,N/A,1749115142.5,72300998,0,132008690,233.7051,4.5721,2.9869,-294.3547,
600693.SH,东百集团,2001-03-28,2.1431,2.1512,2.1512,2.1026,2.1317,388846,5107681,-0.0113,-0.5283,13.1355,0.5378,952927153.64,N/A,1739874534.2,72300998,0,132008690,232.4704,4.548,2.9711,-292.7996,
600693.SH,东百集团,2001-03-29,2.1317,2.1317,2.1414,2.1059,2.1269,685893,9011597,-0.0049,-0.2276,13.1385,0.9487,950758123.7,N/A,1735914273.5,72300998,0,132008690,231.9413,4.5376,2.9643,-292.1332,
600693.SH,东百集团,2001-03-30,2.1269,2.1285,2.1819,2.1123,2.1673,801975,10672910,0.0404,1.9011,13.3083,1.1092,968833373.2,N/A,1768916446,72300998,0,132008690,236.3508,4.6239,3.0207,-297.687,
600693.SH,东百集团,2001-04-02,2.1673,2.1689,2.1851,2.1512,2.1738,712516,9581963,0.0065,0.2985,13.4481,0.9855,971725413.12,N/A,1774196793.6,72300998,0,132008690,237.0564,4.6377,3.0297,-298.5757,
600693.SH,东百集团,2001-04-03,2.1738,2.1738,2.1754,2.1188,2.1479,634500,8409663,-0.0259,-1.1905,13.254,0.8776,960157253.44,N/A,1753075403.2,72300998,0,132008690,234.2343,4.5825,2.9936,-295.0212,
600693.SH,东百集团,2001-04-04,2.1479,2.1398,2.1592,2.0978,2.1026,643500,8434768,-0.0453,-2.1084,13.1076,0.89,939912974,N/A,1716112970,72300998,0,132008690,229.2956,4.4859,2.9305,-288.8008,
600693.SH,东百集团,2001-04-05,2.1026,2.0865,2.1317,2.0735,2.1123,376842,4900878,0.0097,0.4615,13.0051,0.5212,944251033.88,N/A,1724033491.4,72300998,0,132008690,230.3539,4.5066,2.9441,-290.1338,
600693.SH,东百集团,2001-04-06,2.1123,2.114,2.1479,2.114,2.1447,544367,7183863,0.0323,1.5314,13.1967,0.7529,958711233.48,N/A,1750435229.4,72300998,0,132008690,233.8815,4.5756,2.9891,-294.5769,
600693.SH,东百集团,2001-04-09,2.1447,2.1609,2.2288,2.1382,2.211,1759106,23741435,0.0663,3.092,13.4963,2.433,988354642.66,N/A,1804558792.3,72300998,0,132008690,241.1131,4.7171,3.0816,-303.6852,
600693.SH,东百集团,2001-04-10,2.211,2.232,2.2466,2.2013,2.2369,1456118,20031188,0.0259,1.1704,13.7566,2.014,999922802.34,N/A,1825680182.7,72300998,0,132008690,243.9352,4.7723,3.1176,-307.2397,
600693.SH,东百集团,2001-04-11,2.2369,2.2385,2.2611,2.2158,2.2369,1062544,14718259,0,0,13.8519,1.4696,999922802.34,N/A,1825680182.7,72300998,0,132008690,243.9352,4.7723,3.1176,-307.2397,
600693.SH,东百集团,2001-04-12,2.2369,2.2369,2.3064,2.2288,2.2644,3124026,43950168,0.0275,1.2292,14.0684,4.3209,1012213972,N/A,1848121660,72300998,0,132008690,246.9337,4.8309,3.156,-311.0163,
600693.SH,东百集团,2001-04-13,2.2644,2.2644,2.342,2.2514,2.3275,2860618,40689497,0.0631,2.7857,14.224,3.9565,1040411361.22,N/A,1899605049.1,72300998,0,132008690,253.8126,4.9655,3.2439,-319.6803,
600693.SH,东百集团,2001-04-16,2.3275,2.3452,2.4423,2.266,2.3291,6717887,98483909,0.0016,0.0695,14.66,9.2916,1041134371.2,N/A,1900925136,72300998,0,132008690,253.989,4.969,3.2461,-319.9025,
600693.SH,东百集团,2001-04-17,2.3291,2.3307,2.3582,2.2644,2.3,5137598,73376282,-0.0291,-1.25,14.2822,7.1058,1028120191.56,N/A,1877163571.8,72300998,0,132008690,250.8141,4.9069,3.2055,-315.9037,
600693.SH,东百集团,2001-04-18,2.3,2.2369,2.3339,2.2369,2.321,2706501,38371746,0.021,0.9142,14.1776,3.7434,1037519321.3,N/A,1894324701.5,72300998,0,132008690,253.1071,4.9517,3.2349,-318.7917,
600693.SH,东百集团,2001-04-19,2.321,2.3258,2.3452,2.2644,2.3452,2030518,28931284,0.0243,1.0453,14.2482,2.8084,1048364471,N/A,1914126005,72300998,0,132008690,255.7528,5.0035,3.2687,-322.124,
600693.SH,东百集团,2001-04-20,2.3452,2.4229,2.4391,2.2967,2.3097,2119990,31100340,-0.0356,-1.5172,14.67,2.9322,1032458251.44,N/A,1885084093.2,72300998,0,132008690,251.8724,4.9276,3.2191,-317.2366,
600693.SH,东百集团,2001-04-23,2.3097,2.3129,2.4132,2.2983,2.3986,2089568,30611956,0.089,3.8515,14.6499,2.8901,1072223800.34,N/A,1957688872.7,72300998,0,132008690,261.5733,5.1173,3.3431,-329.4551,
600693.SH,东百集团,2001-04-24,2.3986,2.4116,2.4229,2.3776,2.4148,1154559,17116212,0.0162,0.6743,14.8249,1.5969,1079453900.14,N/A,1970889741.7,72300998,0,132008690,263.3372,5.1518,3.3656,-331.6767,
600693.SH,东百集团,2001-04-25,2.4148,2.418,2.4229,2.2967,2.3129,1063461,15515255,-0.1019,-4.2197,14.5894,1.4709,1033904271.4,N/A,1887724267,72300998,0,132008690,252.2251,4.9345,3.2236,-317.6809,
600693.SH,东百集团,2001-04-26,2.3129,2.3048,2.3889,2.2983,2.3452,1238497,17933098,0.0323,1.3986,14.4797,1.713,1048364471,N/A,1914126005,72300998,0,132008690,255.7528,5.0035,3.2687,-322.124,
600693.SH,东百集团,2001-04-27,2.3452,2.3355,2.4035,2.3339,2.3776,1309494,19244836,0.0323,1.3793,14.6964,1.8112,1062824670.6,N/A,1940527743,72300998,0,132008690,259.2804,5.0725,3.3138,-326.5671,
600693.SH,东百集团,2001-04-30,2.3776,2.3938,2.5086,2.3857,2.4908,4140665,63120160,0.1132,4.7619,15.244,5.727,1113435369.2,N/A,2032933826,72300998,0,132008690,271.6271,5.314,3.4716,-342.1179,
600693.SH,东百集团,2001-05-08,2.4908,2.5086,2.5377,2.4746,2.5248,1527270,23698197,0.034,1.3636,15.5167,2.1124,1128618578.78,N/A,2060655650.9,72300998,0,132008690,275.3311,5.3865,3.5189,-346.7832,
600693.SH,东百集团,2001-05-09,2.5248,2.5377,2.5781,2.4795,2.5765,2040919,31993814,0.0518,2.05,15.6762,2.8228,1151754898.14,N/A,2102898431.7,72300998,0,132008690,280.9753,5.4969,3.591,-353.8921,
600693.SH,东百集团,2001-05-10,2.5765,2.5862,2.617,2.5426,2.5555,1626415,25941982,-0.021,-0.8161,15.9504,2.2495,1142355768.4,N/A,2085737302,72300998,0,132008690,278.6823,5.4521,3.5617,-351.0041,
600693.SH,东百集团,2001-05-11,2.5555,2.5539,2.6364,2.5539,2.6348,2239117,36228313,0.0793,3.1013,16.1797,3.0969,1177783257.42,N/A,2150421560.1,72300998,0,132008690,287.325,5.6211,3.6722,-361.8897,
600693.SH,东百集团,2001-05-14,2.6348,2.672,2.6995,2.6218,2.6525,2211034,36462728,0.0178,0.6753,16.4913,3.0581,1185736367.2,N/A,2164942516,72300998,0,132008690,289.2652,5.6591,3.697,-364.3334,
600693.SH,东百集团,2001-05-15,2.6525,2.6542,2.6817,2.5879,2.6655,2153645,34928386,0.0129,0.4878,16.2183,2.9787,1191520447.04,N/A,2175503211.2,72300998,0,132008690,290.6763,5.6867,3.715,-366.1106,
600693.SH,东百集团,2001-05-16,2.6655,2.6364,2.6833,2.5911,2.604,1251144,20467266,-0.0615,-2.3058,16.3588,1.7305,1164046067.8,N/A,2125339909,72300998,0,132008690,283.9738,5.5556,3.6293,-357.6687,
600693.SH,东百集团,2001-05-17,2.604,2.6121,2.6525,2.5959,2.6186,1264081,20484040,0.0146,0.559,16.2047,1.7484,1170553157.62,N/A,2137220691.1,72300998,0,132008690,285.5612,5.5866,3.6496,-359.6681,
600693.SH,东百集团,2001-05-18,2.6186,2.6121,2.8014,2.6121,2.769,2966757,50172797,0.1504,5.7443,16.9117,4.1033,1237793085.76,N/A,2259988772.8,72300998,0,132008690,301.9646,5.9075,3.8593,-380.3285,
600693.SH,东百集团,2001-05-21,2.769,2.7739,2.8466,2.7658,2.803,2249151,39071631,0.034,1.2266,17.3717,3.1108,1252976295.34,N/A,2287710597.7,72300998,0,132008690,305.6687,5.98,3.9066,-384.9937,
600693.SH,东百集团,2001-05-22,2.803,2.8305,2.8386,2.7739,2.8305,1224890,21280287,0.0275,0.981,17.3732,1.6942,1265267465,N/A,2310152075,72300998,0,132008690,308.6671,6.0387,3.9449,-388.7704,
600693.SH,东百集团,2001-05-23,2.8305,2.8305,2.845,2.6978,2.7269,2626967,44732586,-0.1035,-3.6571,17.0282,3.6334,1218994826.28,N/A,2225666513.4,72300998,0,132008690,297.3787,5.8178,3.8007,-374.5525,
600693.SH,东百集团,2001-05-24,2.7269,2.7318,2.7755,2.7092,2.7642,1194283,20268035,0.0372,1.3642,16.9709,1.6518,1235624055.82,N/A,2256028512.1,72300998,0,132008690,301.4355,5.8972,3.8525,-379.662,
600693.SH,东百集团,2001-05-25,2.7642,2.7658,2.8208,2.7253,2.7302,772471,13226141,-0.034,-1.2288,17.1219,1.0684,1220440846.24,N/A,2228306687.2,72300998,0,132008690,297.7315,5.8247,3.8052,-374.9968,
600693.SH,东百集团,2001-05-28,2.7302,2.7253,2.7415,2.6525,2.6525,1499220,24918092,-0.0776,-2.8436,16.6207,2.0736,1185736367.2,N/A,2164942516,72300998,0,132008690,289.2652,5.6591,3.697,-364.3334,
600693.SH,东百集团,2001-05-29,2.6525,2.6445,2.7464,2.5895,2.7205,2136024,35245115,0.0679,2.561,16.5003,2.9543,1216102786.36,N/A,2220386165.8,72300998,0,132008690,296.6732,5.804,3.7917,-373.6639,
600693.SH,东百集团,2001-05-30,2.7205,2.7253,2.7739,2.7011,2.7318,942263,15927609,0.0113,0.4162,16.9036,1.3033,1221163856.22,N/A,2229626774.1,72300998,0,132008690,297.9079,5.8282,3.8074,-375.219,
600693.SH,东百集团,2001-05-31,2.7318,2.7334,2.7528,2.6995,2.7528,844247,14258578,0.021,0.7697,16.8891,1.1677,1230562985.96,N/A,2246787903.8,72300998,0,132008690,300.2008,5.873,3.8367,-378.107,
600693.SH,东百集团,2001-06-01,2.7528,2.7625,2.8305,2.7415,2.8224,1252138,21627585,0.0695,2.5264,17.2725,1.7318,1261652415.1,N/A,2303551640.5,72300998,0,132008690,307.7852,6.0214,3.9337,-387.6596,
600693.SH,东百集团,2001-06-04,2.8224,2.8224,2.8499,2.7836,2.7949,1103754,19233018,-0.0275,-0.9742,17.4251,1.5266,1249361245.44,N/A,2281110163.2,72300998,0,132008690,304.7867,5.9628,3.8954,-383.883,
600693.SH,东百集团,2001-06-05,2.7949,2.8111,2.8224,2.6978,2.7302,1767625,29942760,-0.0647,-2.3148,16.9395,2.4448,1220440846.24,N/A,2228306687.2,72300998,0,132008690,297.7315,5.8247,3.8052,-374.9968,
600693.SH,东百集团,2001-06-06,2.7302,2.7334,2.7464,2.5895,2.5911,5274152,85560954,-0.1391,-5.0948,16.2227,7.2947,1158261987.96,N/A,2114779213.8,72300998,0,132008690,282.5627,5.528,3.6113,-355.8915,
600693.SH,东百集团,2001-06-07,2.5911,2.6089,2.7172,2.5879,2.6445,3716910,60887720,0.0534,2.0599,16.3813,5.1409,1182121317.3,N/A,2158342081.5,72300998,0,132008690,288.3833,5.6418,3.6857,-363.2226,
600693.SH,东百集团,2001-06-08,2.6445,2.6364,2.8466,2.6364,2.79,3698291,62404964,0.1456,5.5046,16.874,5.1151,1247192215.5,N/A,2277149902.5,72300998,0,132008690,304.2576,5.9524,3.8886,-383.2165,
600693.SH,东百集团,2001-06-11,2.79,2.7819,2.7819,2.6768,2.6817,2441994,40909194,-0.1084,-3.8841,16.7524,3.3775,1198750546.84,N/A,2188704080.2,72300998,0,132008690,292.4401,5.7212,3.7376,-368.3322,
600693.SH,东百集团,2001-06-12,2.6817,2.6687,2.7334,2.6218,2.6364,1651398,27143564,-0.0453,-1.6888,16.4367,2.2841,1178506267.4,N/A,2151741647,72300998,0,132008690,287.5014,5.6246,3.6744,-362.1118,
600693.SH,东百集团,2001-06-13,2.6364,2.6364,2.6364,2.6364,2.6364,N/A,N/A,0,0,N/A,N/A,1178506267.4,N/A,2151741647,72300998,0,132008690,287.5014,5.6246,3.6744,-362.1118,
600693.SH,东百集团,2001-06-14,2.6364,2.6364,2.714,2.5927,2.6202,1503851,24563660,-0.0162,-0.6135,16.3338,2.08,1171276167.6,N/A,2138540778,72300998,0,132008690,285.7376,5.5901,3.6519,-359.8903,
600693.SH,东百集团,2001-06-15,2.6202,2.6251,2.6364,2.5248,2.5393,1721622,27204034,-0.0809,-3.0864,15.8014,2.3812,1135125668.6,N/A,2072536433,72300998,0,132008690,276.9185,5.4176,3.5392,-348.7826,
600693.SH,东百集团,2001-06-18,2.5393,2.5393,2.5426,2.3857,2.4019,2286240,34548452,-0.1375,-5.414,15.1115,3.1621,1073669820.3,N/A,1960329046.5,72300998,0,132008690,261.9261,5.1242,3.3476,-329.8994,
600693.SH,东百集团,2001-06-19,2.4019,2.3938,2.418,2.3372,2.3776,1394479,20484945,-0.0243,-1.0101,14.69,1.9287,1062824670.6,N/A,1940527743,72300998,0,132008690,259.2804,5.0725,3.3138,-326.5671,
600693.SH,东百集团,2001-06-20,2.3776,2.4019,2.4407,2.3808,2.3921,659030,9822675,0.0146,0.6122,14.9047,0.9115,1069331760.42,N/A,1952408525.1,72300998,0,132008690,260.8678,5.1035,3.334,-328.5665,
600693.SH,东百集团,2001-06-21,2.3921,2.3905,2.4148,2.3808,2.4132,431750,6399982,0.021,0.879,14.8234,0.5972,1078730890.16,N/A,1969569654.8,72300998,0,132008690,263.1608,5.1484,3.3633,-331.4545,
600693.SH,东百集团,2001-06-22,2.4132,2.5199,2.5329,2.473,2.4989,1098493,16968484,0.0857,3.5523,15.4471,1.5193,1117050419.1,N/A,2039534260.5,72300998,0,132008690,272.509,5.3313,3.4828,-343.2287,
600693.SH,东百集团,2001-06-25,2.4989,2.4924,2.5005,2.4293,2.4552,674947,10273889,-0.0437,-1.7476,15.2218,0.9335,1097529149.64,N/A,2003891914.2,72300998,0,132008690,267.7467,5.2381,3.422,-337.2305,
600693.SH,东百集团,2001-06-26,2.4552,2.4585,2.5846,2.4585,2.5636,950447,14920433,0.1084,4.4137,15.6983,1.3146,1145970818.3,N/A,2092337736.5,72300998,0,132008690,279.5642,5.4693,3.573,-352.1149,
600693.SH,东百集团,2001-06-27,2.5636,2.5571,2.583,2.5393,2.5717,606803,9636336,0.0081,0.3155,15.8805,0.8393,1149585868.2,N/A,2098938171,72300998,0,132008690,280.4461,5.4866,3.5843,-353.2256,
600693.SH,东百集团,2001-06-28,2.5717,2.5879,2.5992,2.5151,2.5215,1107908,17394462,-0.0501,-1.9497,15.7003,1.5324,1127172558.82,N/A,2058015477.1,72300998,0,132008690,274.9783,5.3796,3.5144,-346.3389,
600693.SH,东百集团,2001-06-29,2.5215,2.5215,2.5393,2.4682,2.4698,561200,8638534,-0.0518,-2.0526,15.393,0.7762,1104036239.46,N/A,2015772696.3,72300998,0,132008690,269.3341,5.2692,3.4422,-339.2299,
600693.SH,东百集团,2001-07-02,2.4698,2.4714,2.4811,2.4116,2.4293,553868,8346748,-0.0404,-1.6372,15.0699,0.7661,1085960989.96,N/A,1982770523.8,72300998,0,132008690,264.9246,5.1829,3.3859,-333.6761,
600693.SH,东百集团,2001-07-03,2.4293,2.4261,2.4536,2.4261,2.4504,306739,4636649,0.021,0.8655,15.1159,0.4243,1095360119.7,N/A,1999931653.5,72300998,0,132008690,267.2175,5.2278,3.4152,-336.5641,
600693.SH,东百集团,2001-07-04,2.4504,2.452,2.5005,2.4196,2.4261,373330,5623330,-0.0243,-0.9901,15.0626,0.5164,1084514970,N/A,1980130350,72300998,0,132008690,264.5718,5.176,3.3814,-333.2318,
600693.SH,东百集团,2001-07-05,2.4261,2.4261,2.4665,2.4116,2.4245,316058,4724736,-0.0016,-0.0667,14.949,0.4371,1083791960.02,N/A,1978810263.1,72300998,0,132008690,264.3954,5.1726,3.3791,-333.0096,
600693.SH,东百集团,2001-07-06,2.4245,2.4116,2.4504,2.4116,2.4229,255400,3823851,-0.0016,-0.0667,14.972,0.3532,1083068950.04,N/A,1977490176.2,72300998,0,132008690,264.2191,5.1691,3.3769,-332.7874,
600693.SH,东百集团,2001-07-09,2.4229,2.418,2.418,2.3808,2.3938,252744,3733928,-0.0291,-1.2016,14.7736,0.3496,1070054770.4,N/A,1953728612,72300998,0,132008690,261.0442,5.107,3.3363,-328.7887,
600693.SH,东百集团,2001-07-10,2.3938,2.4342,2.4585,2.4099,2.4423,246866,3703807,0.0485,2.027,15.0033,0.3414,1091745069.8,N/A,1993331219,72300998,0,132008690,266.3356,5.2105,3.4039,-335.4533,
600693.SH,东百集团,2001-07-11,2.4423,2.4423,2.4763,2.4293,2.4374,114766,1732964,-0.0049,-0.1987,15.1,0.1587,1089576039.86,N/A,1989370958.3,72300998,0,132008690,265.8065,5.2002,3.3972,-334.7868,
600693.SH,东百集团,2001-07-12,2.4374,2.4245,2.4585,2.4067,2.4455,186678,2806357,0.0081,0.3318,15.0331,0.2582,1093191089.76,N/A,1995971392.8,72300998,0,132008690,266.6884,5.2174,3.4084,-335.8976,
600693.SH,东百集团,2001-07-13,2.4455,2.4682,2.4682,2.4213,2.4245,191700,2882614,-0.021,-0.8598,15.0371,0.2651,1083791960.02,N/A,1978810263.1,72300998,0,132008690,264.3954,5.1726,3.3791,-333.0096,
600693.SH,东百集团,2001-07-16,2.4245,2.3938,2.4342,2.3744,2.3744,489600,7240188,-0.0501,-2.068,14.788,0.6772,1061378650.64,N/A,1937887569.2,72300998,0,132008690,258.9276,5.0656,3.3092,-326.1228,
600693.SH,东百集团,2001-07-17,2.3744,2.3776,2.418,2.3517,2.3744,258360,3793464,0,0,14.6829,0.3573,1061378650.64,N/A,1937887569.2,72300998,0,132008690,258.9276,5.0656,3.3092,-326.1228,
600693.SH,东百集团,2001-07-18,2.3744,2.3776,2.3938,2.3727,2.3938,288678,4255253,0.0194,0.8174,14.7405,0.3993,1070054770.4,N/A,1953728612,72300998,0,132008690,261.0442,5.107,3.3363,-328.7887,
600693.SH,东百集团,2001-07-19,2.3938,2.4213,2.4213,2.3727,2.3905,192631,2848855,-0.0032,-0.1351,14.7892,0.2664,1068608750.44,N/A,1951088438.2,72300998,0,132008690,260.6914,5.1001,3.3318,-328.3444,
600693.SH,东百集团,2001-07-20,2.3905,2.3776,2.4326,2.3776,2.4229,269910,4014661,0.0323,1.3532,14.8741,0.3733,1083068950.04,N/A,1977490176.2,72300998,0,132008690,264.2191,5.1691,3.3769,-332.7874,
600693.SH,东百集团,2001-07-23,2.4229,2.4342,2.4358,2.3614,2.3711,592370,8734431,-0.0518,-2.1362,14.7449,0.8193,1059932630.68,N/A,1935247395.4,72300998,0,132008690,258.5749,5.0587,3.3047,-325.6785,
600693.SH,东百集团,2001-07-24,2.3711,2.3679,2.4148,2.3452,2.4035,300222,4391642,0.0323,1.3643,14.628,0.4152,1074392830.28,N/A,1961649133.4,72300998,0,132008690,262.1025,5.1277,3.3498,-330.1216,
600693.SH,东百集团,2001-07-25,2.4035,2.4019,2.4488,2.3938,2.4326,727348,10865048,0.0291,1.2113,14.9379,1.006,1087407009.92,N/A,1985410697.6,72300998,0,132008690,265.2774,5.1898,3.3904,-334.1204,
600693.SH,东百集团,2001-07-26,2.4326,2.4277,2.4342,2.3808,2.3857,248972,3687198,-0.0469,-1.9282,14.8097,0.3444,1066439720.5,N/A,1947128177.5,72300998,0,132008690,260.1623,5.0897,3.325,-327.6779,
600693.SH,东百集团,2001-07-27,2.3857,2.3906,2.402,2.345,2.3857,237197,3450599,0,0,14.5474,0.3281,1059209620.7,N/A,1933927308.5,72300998,0,132008690,258.3985,5.0552,3.3025,-325.4563,
600693.SH,东百集团,2001-07-30,2.3857,2.3531,2.3857,2.1479,2.1528,859550,11706532,-0.2329,-9.7611,13.6194,1.1888,955819193.56,N/A,1745154881.8,72300998,0,132008690,233.176,4.5618,2.9801,-293.6883,
600693.SH,东百集团,2001-07-31,2.1528,2.1316,2.2065,2.0518,2.0812,410741,5345750,-0.0717,-3.3283,13.0149,0.5681,924006754.44,N/A,1687071058.2,72300998,0,132008690,225.4152,4.41,2.8809,-283.9135,
600693.SH,东百集团,2001-08-01,2.0812,2.086,2.1593,2.086,2.1528,419604,5465457,0.0717,3.4429,13.0253,0.5804,955819193.56,N/A,1745154881.8,72300998,0,132008690,233.176,4.5618,2.9801,-293.6883,
600693.SH,东百集团,2001-08-02,2.1528,2.1496,2.1593,2.0209,2.0535,720552,9135894,-0.0993,-4.6142,12.679,0.9966,911715584.78,N/A,1664629580.9,72300998,0,132008690,222.4167,4.3513,2.8426,-280.1368,
600693.SH,东百集团,2001-08-03,2.0535,2.0681,2.1284,2.0681,2.1007,337511,4356538,0.0472,2.2998,12.9078,0.4668,932682874.2,N/A,1702912101,72300998,0,132008690,227.5318,4.4514,2.908,-286.5793,
600693.SH,东百集团,2001-08-06,2.1007,2.1023,2.1496,2.0144,2.06,335686,4201553,-0.0407,-1.938,12.5163,0.4643,914607624.7,N/A,1669909928.5,72300998,0,132008690,223.1222,4.3651,2.8516,-281.0255,
600693.SH,东百集团,2001-08-07,2.06,2.06,2.1219,2.0193,2.1154,306788,3926248,0.0554,2.6877,12.7979,0.4243,939189964.02,N/A,1714792883.1,72300998,0,132008690,229.1192,4.4824,2.9283,-288.5787,
600693.SH,东百集团,2001-08-08,2.1154,2.1496,2.1903,2.1414,2.174,945650,12561225,0.0586,2.7714,13.2832,1.3079,965218323.3,N/A,1762316011.5,72300998,0,132008690,235.4689,4.6066,3.0094,-296.5763,
600693.SH,东百集团,2001-08-09,2.174,2.1626,2.2375,2.1626,2.2196,502770,6811582,0.0456,2.0974,13.5481,0.6954,985462602.74,N/A,1799278444.7,72300998,0,132008690,240.4076,4.7033,3.0725,-302.7966,
600693.SH,东百集团,2001-08-10,2.2196,2.2131,2.2473,2.1951,2.2114,540902,7352966,-0.0081,-0.3668,13.5939,0.7481,981847552.84,N/A,1792678010.2,72300998,0,132008690,239.5257,4.686,3.0613,-301.6858,
600693.SH,东百集团,2001-08-13,2.2114,2.2147,2.2342,2.1837,2.1968,294704,3988136,-0.0147,-0.6627,13.5327,0.4076,975340463.02,N/A,1780797228.1,72300998,0,132008690,237.9383,4.655,3.041,-299.6864,
600693.SH,东百集团,2001-08-14,2.1968,2.2033,2.2147,2.1512,2.1658,217349,2907067,-0.0309,-1.4085,13.3751,0.3006,961603273.4,N/A,1755715577,72300998,0,132008690,234.587,4.5894,2.9982,-295.4655,
600693.SH,东百集团,2001-08-15,2.1658,2.2147,2.2147,2.1577,2.187,130548,1748970,0.0212,0.9774,13.3971,0.1806,971002403.14,N/A,1772876706.7,72300998,0,132008690,236.88,4.6342,3.0275,-298.3535,
600693.SH,东百集团,2001-08-16,2.187,2.1593,2.1903,2.1528,2.1577,126054,1675183,-0.0293,-1.3403,13.2894,0.1743,957988223.5,N/A,1749115142.5,72300998,0,132008690,233.7051,4.5721,2.9869,-294.3547,
600693.SH,东百集团,2001-08-17,2.1577,2.1398,2.1447,2.1056,2.1251,205600,2681342,-0.0326,-1.5094,13.0415,0.2844,943528023.9,N/A,1722713404.5,72300998,0,132008690,230.1775,4.5031,2.9418,-289.9116,
600693.SH,东百集团,2001-08-20,2.1251,2.1251,2.1463,2.117,2.1447,172115,2255858,0.0195,0.9195,13.1067,0.2381,952204143.66,N/A,1738554447.3,72300998,0,132008690,232.2941,4.5445,2.9689,-292.5775,
600693.SH,东百集团,2001-08-21,2.1447,2.1886,2.1886,2.1528,2.1723,90824,1212155,0.0277,1.2908,13.3462,0.1256,964495313.32,N/A,1760995924.6,72300998,0,132008690,235.2925,4.6032,3.0072,-296.3541,
600693.SH,东百集团,2001-08-22,2.1723,2.1789,2.1789,2.0926,2.1154,338900,4395880,-0.057,-2.6237,12.971,0.4687,939189964.02,N/A,1714792883.1,72300998,0,132008690,229.1192,4.4824,2.9283,-288.5787,
600693.SH,东百集团,2001-08-23,2.1154,2.0958,2.117,2.003,2.1056,158100,2025861,-0.0098,-0.4619,12.8138,0.2187,934851904.14,N/A,1706872361.7,72300998,0,132008690,228.0609,4.4617,2.9148,-287.2458,
600693.SH,东百集团,2001-08-24,2.1056,2.0974,2.1333,2.0926,2.0942,96300,1247921,-0.0114,-0.5414,12.9587,0.1332,929790834.28,N/A,1697631753.4,72300998,0,132008690,226.8262,4.4376,2.899,-285.6907,
600693.SH,东百集团,2001-08-27,2.0942,2.0844,2.117,2.003,2.0046,467900,5807527,-0.0896,-4.2768,12.4119,0.6472,890025285.38,N/A,1625026973.9,72300998,0,132008690,217.1253,4.2478,2.775,-273.4722,
600693.SH,东百集团,2001-08-28,2.0046,1.9948,2.0193,1.9558,2.0176,226548,2751990,0.013,0.6499,12.1475,0.3133,895809365.22,N/A,1635587669.1,72300998,0,132008690,218.5363,4.2754,2.793,-275.2494,
600693.SH,东百集团,2001-08-29,2.0176,2.0193,2.0632,2.0193,2.0274,145622,1820962,0.0098,0.4843,12.5047,0.2014,900147425.1,N/A,1643508190.5,72300998,0,132008690,219.5946,4.2961,2.8065,-276.5824,
600693.SH,东百集团,2001-08-30,2.0274,2.0062,2.0502,2.003,2.0062,56745,703681,-0.0212,-1.0442,12.4008,0.0785,890748295.36,N/A,1626347060.8,72300998,0,132008690,217.3017,4.2512,2.7772,-273.6943,
600693.SH,东百集团,2001-08-31,2.0062,2.003,2.0274,1.9509,1.9704,281016,3406494,-0.0358,-1.7857,12.1221,0.3887,874842075.8,N/A,1597305149,72300998,0,132008690,213.4213,4.1753,2.7276,-268.8069,
600693.SH,东百集团,2001-09-03,1.9704,1.9786,1.9818,1.9509,1.9558,181250,2185281,-0.0147,-0.7438,12.0567,0.2507,868334985.98,N/A,1585424366.9,72300998,0,132008690,211.8338,4.1443,2.7074,-266.8076,
600693.SH,东百集团,2001-09-04,1.9558,1.9623,2.029,1.9574,2.0242,144210,1766033,0.0684,3.4971,12.2463,0.1995,898701405.14,N/A,1640868016.7,72300998,0,132008690,219.2419,4.2892,2.802,-276.138,
600693.SH,东百集团,2001-09-05,2.0242,2.0242,2.0567,2.0193,2.0242,236876,2962907,0,0,12.5083,0.3276,898701405.14,N/A,1640868016.7,72300998,0,132008690,219.2419,4.2892,2.802,-276.138,
600693.SH,东百集团,2001-09-06,2.0242,2.0193,2.0518,1.9916,1.9948,151178,1860794,-0.0293,-1.4481,12.3086,0.2091,885687225.5,N/A,1617106452.5,72300998,0,132008690,216.067,4.2271,2.7615,-272.1393,
600693.SH,东百集团,2001-09-07,1.9948,2.0046,2.0046,1.9379,1.9379,419401,5060154,-0.057,-2.8571,12.0652,0.5801,860381876.2,N/A,1570903411,72300998,0,132008690,209.8937,4.1063,2.6826,-264.3639,
600693.SH,东百集团,2001-09-10,1.9379,1.9379,2.0014,1.8743,1.9965,194940,2345981,0.0586,3.0252,12.0344,0.2696,886410235.48,N/A,1618426539.4,72300998,0,132008690,216.2434,4.2305,2.7637,-272.3614,
600693.SH,东百集团,2001-09-11,1.9965,1.9965,2.06,1.946,2.0486,983266,12232563,0.0521,2.6101,12.4407,1.36,909546554.84,N/A,1660669320.2,72300998,0,132008690,221.8876,4.3409,2.8359,-279.4704,
600693.SH,东百集团,2001-09-12,2.0486,2.0193,2.0323,1.9753,1.9883,463009,5678385,-0.0603,-2.9412,12.2641,0.6404,882795185.58,N/A,1611826104.9,72300998,0,132008690,215.3615,4.2133,2.7524,-271.2506,
600693.SH,东百集团,2001-09-13,1.9883,2.0193,2.047,1.99,1.9997,290182,3588233,0.0114,0.5733,12.3655,0.4014,887856255.44,N/A,1621066713.2,72300998,0,132008690,216.5961,4.2374,2.7682,-272.8057,
600693.SH,东百集团,2001-09-14,1.9997,2.0274,2.029,1.9053,1.9216,557705,6640804,-0.0782,-3.9088,11.9074,0.7714,853151776.4,N/A,1557702542,72300998,0,132008690,208.1298,4.0718,2.66,-262.1423,
600693.SH,东百集团,2001-09-17,1.9216,1.9134,1.946,1.889,1.9102,226488,2650887,-0.0114,-0.5932,11.7043,0.3133,848090706.54,N/A,1548461933.7,72300998,0,132008690,206.8952,4.0476,2.6442,-260.5872,
600693.SH,东百集团,2001-09-18,1.9102,1.9346,1.9574,1.9069,1.9183,117999,1394148,0.0081,0.4263,11.8149,0.1632,851705756.44,N/A,1555062368.2,72300998,0,132008690,207.7771,4.0649,2.6555,-261.698,
600693.SH,东百集团,2001-09-19,1.9183,1.9395,1.9834,1.9053,1.9704,233187,2791702,0.0521,2.7165,11.9719,0.3225,874842075.8,N/A,1597305149,72300998,0,132008690,213.4213,4.1753,2.7276,-268.8069,
600693.SH,东百集团,2001-09-20,1.9704,1.9867,2.0176,1.9509,1.9623,222000,2703715,-0.0081,-0.4132,12.1789,0.307,871227025.9,N/A,1590704714.5,72300998,0,132008690,212.5394,4.1581,2.7164,-267.6962,
600693.SH,东百集团,2001-09-21,1.9623,1.9509,1.959,1.9134,1.9297,148160,1756240,-0.0326,-1.6598,11.8537,0.2049,856766826.3,N/A,1564302976.5,72300998,0,132008690,209.0117,4.089,2.6713,-263.2531,
600693.SH,东百集团,2001-09-24,1.9297,1.9362,1.9574,1.889,1.9053,232971,2729352,-0.0244,-1.2658,11.7154,0.3222,845921676.6,N/A,1544501673,72300998,0,132008690,206.366,4.0373,2.6375,-259.9208,
600693.SH,东百集团,2001-09-25,1.9053,1.9297,1.933,1.9037,1.9134,72090,847034,0.0081,0.4274,11.7497,0.0997,849536726.5,N/A,1551102107.5,72300998,0,132008690,207.2479,4.0545,2.6487,-261.0315,
600693.SH,东百集团,2001-09-26,1.9134,1.9134,1.9493,1.8906,1.9118,529929,6254715,-0.0016,-0.0851,11.8029,0.7329,848813716.52,N/A,1549782020.6,72300998,0,132008690,207.0716,4.0511,2.6465,-260.8094,
600693.SH,东百集团,2001-09-27,1.9118,1.9216,1.9281,1.8955,1.9085,97588,1143109,-0.0033,-0.1704,11.7136,0.135,847367696.56,N/A,1547141846.8,72300998,0,132008690,206.7188,4.0442,2.642,-260.3651,
600693.SH,东百集团,2001-09-28,1.9085,1.9102,1.9102,1.7945,1.8581,366731,4158693,-0.0505,-2.6451,11.3399,0.5072,824954387.18,N/A,1506219152.9,72300998,0,132008690,201.251,3.9372,2.5721,-253.4783,
600693.SH,东百集团,2001-10-08,1.8581,1.8564,1.8646,1.7685,1.7718,190440,2100624,-0.0863,-4.645,11.0304,0.2634,786634858.24,N/A,1436254547.2,72300998,0,132008690,191.9028,3.7543,2.4526,-241.7041,
600693.SH,东百集团,2001-10-09,1.7718,1.7848,1.8141,1.7506,1.8141,237197,2601081,0.0423,2.3897,10.9659,0.3281,805433117.72,N/A,1470576806.6,72300998,0,132008690,196.4887,3.844,2.5112,-247.4801,
600693.SH,东百集团,2001-10-10,1.8141,1.8076,1.8076,1.6968,1.7066,248145,2652500,-0.1075,-5.9246,10.6893,0.3432,757714459.04,N/A,1383451071.2,72300998,0,132008690,184.8475,3.6163,2.3625,-232.8179,
600693.SH,东百集团,2001-10-11,1.7066,1.7034,1.7213,1.6056,1.6252,605139,6086537,-0.0814,-4.771,10.0581,0.837,721563960.04,N/A,1317446726.2,72300998,0,132008690,176.0285,3.4438,2.2497,-221.7102,
600693.SH,东百集团,2001-10-12,1.6252,1.5633,1.6903,1.5633,1.6578,383783,3845012,0.0326,2.004,10.0187,0.5308,736024159.64,N/A,1343848464.2,72300998,0,132008690,179.5561,3.5128,2.2948,-226.1533,
600693.SH,东百集团,2001-10-15,1.6578,1.6545,1.6854,1.6464,1.6626,325030,3322572,0.0049,0.2947,10.2224,0.4496,738193189.58,N/A,1347808724.9,72300998,0,132008690,180.0852,3.5231,2.3016,-226.8197,
600693.SH,东百集团,2001-10-16,1.6626,1.6692,1.6789,1.604,1.6089,142216,1419904,-0.0537,-3.2321,9.9841,0.1967,714333860.24,N/A,1304245857.2,72300998,0,132008690,174.2646,3.4093,2.2272,-219.4886,
600693.SH,东百集团,2001-10-17,1.6089,1.5991,1.6138,1.5633,1.5959,108310,1055500,-0.013,-0.8097,9.7452,0.1498,708549780.4,N/A,1293685162,72300998,0,132008690,172.8536,3.3817,2.2092,-217.7114,
600693.SH,东百集团,2001-10-18,1.5959,1.5959,1.6056,1.5731,1.5845,124487,1214199,-0.0114,-0.7143,9.7536,0.1722,703488710.54,N/A,1284444553.7,72300998,0,132008690,171.6189,3.3575,2.1934,-216.1563,
600693.SH,东百集团,2001-10-19,1.5845,1.5845,1.5845,1.4786,1.4949,264320,2451852,-0.0896,-5.6526,9.2761,0.3656,663723161.64,N/A,1211839774.2,72300998,0,132008690,161.918,3.1677,2.0694,-203.9378,
600693.SH,东百集团,2001-10-22,1.4949,1.4656,1.4819,1.3467,1.4021,869455,7523921,-0.0928,-6.2092,8.6536,1.2025,622511592.78,N/A,1136594820.9,72300998,0,132008690,151.8642,2.971,1.9409,-191.275,
600693.SH,东百集团,2001-10-23,1.4021,1.5389,1.5421,1.5145,1.5421,813808,7697845,0.14,9.9884,9.459,1.1256,684690451.06,N/A,1250122294.3,72300998,0,132008690,167.033,3.2678,2.1348,-210.3803,
600693.SH,东百集团,2001-10-24,1.5421,1.5991,1.6675,1.5894,1.6284,2120613,21264628,0.0863,5.5966,10.0276,2.933,723009980,N/A,1320086900,72300998,0,132008690,176.3812,3.4507,2.2543,-222.1545,
600693.SH,东百集团,2001-10-25,1.6284,1.6284,1.6529,1.5796,1.5926,443500,4386804,-0.0358,-2.2,9.8913,0.6134,707103760.44,N/A,1291044988.2,72300998,0,132008690,172.5008,3.3748,2.2047,-217.2671,
600693.SH,东百集团,2001-10-26,1.5926,1.5552,1.6089,1.547,1.5666,281113,2699223,-0.0261,-1.636,9.6019,0.3888,695535600.76,N/A,1269923597.8,72300998,0,132008690,169.6787,3.3195,2.1686,-213.7126,
600693.SH,东百集团,2001-10-29,1.5666,1.5975,1.6561,1.5796,1.6545,534346,5334142,0.0879,5.6133,9.9826,0.7391,734578139.68,N/A,1341208290.4,72300998,0,132008690,179.2033,3.5059,2.2903,-225.709,
600693.SH,东百集团,2001-10-30,1.6545,1.6594,1.6643,1.6284,1.6447,299343,3023209,-0.0098,-0.5906,10.0995,0.414,730240079.8,N/A,1333287769,72300998,0,132008690,178.145,3.4852,2.2768,-224.376,
600693.SH,东百集团,2001-10-31,1.6447,1.6447,1.6447,1.5894,1.6284,224925,2229675,-0.0163,-0.9901,9.913,0.3111,723009980,N/A,1320086900,72300998,0,132008690,176.3812,3.4507,2.2543,-222.1545,
600693.SH,东百集团,2001-11-01,1.6284,1.6366,1.6838,1.6284,1.674,424932,4325005,0.0456,2.8,10.1781,0.5877,743254259.44,N/A,1357049333.2,72300998,0,132008690,181.3199,3.5473,2.3174,-228.3748,
600693.SH,东百集团,2001-11-02,1.674,1.6773,1.7001,1.6545,1.6643,600233,6184470,-0.0098,-0.5837,10.3034,0.8302,738916199.56,N/A,1349128811.8,72300998,0,132008690,180.2616,3.5266,2.3038,-227.0419,
600693.SH,东百集团,2001-11-05,1.6643,1.6529,1.6643,1.6268,1.6447,254143,2564600,-0.0195,-1.1742,10.0912,0.3515,730240079.8,N/A,1333287769,72300998,0,132008690,178.145,3.4852,2.2768,-224.376,
600693.SH,东百集团,2001-11-06,1.6447,1.6382,1.6545,1.6089,1.6138,154053,1540338,-0.0309,-1.8812,9.9988,0.2131,716502890.18,N/A,1308206117.9,72300998,0,132008690,174.7938,3.4196,2.234,-220.1551,
600693.SH,东百集团,2001-11-07,1.6138,1.5959,1.6203,1.4835,1.4835,636573,5972100,-0.1303,-8.0727,9.3816,0.8804,658662091.78,N/A,1202599165.9,72300998,0,132008690,160.6833,3.1436,2.0536,-202.3828,
600693.SH,东百集团,2001-11-08,1.4835,1.4623,1.5145,1.4428,1.4965,240602,2184511,0.013,0.8782,9.0794,0.3328,664446171.62,N/A,1213159861.1,72300998,0,132008690,162.0943,3.1712,2.0717,-204.16,
600693.SH,东百集团,2001-11-09,1.4965,1.5031,1.5503,1.4819,1.5307,275000,2558542,0.0342,2.2851,9.3038,0.3804,679629381.2,N/A,1240881686,72300998,0,132008690,165.7983,3.2436,2.119,-208.8252,
600693.SH,东百集团,2001-11-12,1.5307,1.547,1.5633,1.5242,1.5389,158100,1499167,0.0081,0.5319,9.4824,0.2187,683244431.1,N/A,1247482120.5,72300998,0,132008690,166.6803,3.2609,2.1303,-209.936,
600693.SH,东百集团,2001-11-13,1.5389,1.5145,1.5373,1.4965,1.5373,143866,1339632,-0.0016,-0.1058,9.3117,0.199,682521421.12,N/A,1246162033.6,72300998,0,132008690,166.5039,3.2574,2.128,-209.7139,
600693.SH,东百集团,2001-11-14,1.5373,1.5307,1.5568,1.5275,1.534,130782,1237202,-0.0033,-0.2119,9.46,0.1809,681075401.16,N/A,1243521859.8,72300998,0,132008690,166.1511,3.2505,2.1235,-209.2695,
600693.SH,东百集团,2001-11-15,1.534,1.547,1.547,1.5161,1.534,47100,442395,0,0,9.3927,0.0651,681075401.16,N/A,1243521859.8,72300998,0,132008690,166.1511,3.2505,2.1235,-209.2695,
600693.SH,东百集团,2001-11-16,1.534,1.6284,1.6806,1.5633,1.5796,934903,9244150,0.0456,2.9724,9.8878,1.2931,701319680.6,N/A,1280484293,72300998,0,132008690,171.0898,3.3471,2.1866,-215.4899,
600693.SH,东百集团,2001-11-19,1.5796,1.5535,1.6936,1.5519,1.6854,1395252,14210314,0.1058,6.701,10.1848,1.9298,748315329.3,N/A,1366289941.5,72300998,0,132008690,182.5546,3.5714,2.3332,-229.9299,
600693.SH,东百集团,2001-11-20,1.6854,1.6903,1.7701,1.6903,1.7164,1402641,14799447,0.0309,1.8357,10.5511,1.94,762052518.92,N/A,1391371592.6,72300998,0,132008690,185.9058,3.637,2.376,-234.1508,
600693.SH,东百集团,2001-11-21,1.7164,1.718,1.7245,1.6968,1.7196,447441,4697850,0.0033,0.1898,10.4994,0.6189,763498538.88,N/A,1394011766.4,72300998,0,132008690,186.2586,3.6439,2.3805,-234.5952,
600693.SH,东百集团,2001-11-22,1.7196,1.7082,1.7701,1.7082,1.7571,883207,9495072,0.0375,2.178,10.7507,1.2216,780127768.42,N/A,1424373765.1,72300998,0,132008690,190.3153,3.7233,2.4323,-239.7047,
600693.SH,东百集团,2001-11-23,1.7571,1.7441,1.7652,1.7343,1.7587,522853,5629815,0.0016,0.0927,10.7675,0.7232,780850778.4,N/A,1425693852,72300998,0,132008690,190.4917,3.7267,2.4346,-239.9269,
600693.SH,东百集团,2001-11-26,1.7587,1.7538,1.7538,1.705,1.7294,463118,4889137,-0.0293,-1.6667,10.557,0.6405,767836598.76,N/A,1401932287.8,72300998,0,132008690,187.3169,3.6646,2.394,-235.9281,
600693.SH,东百集团,2001-11-27,1.7294,1.7196,1.7555,1.7196,1.7538,263155,2809226,0.0244,1.4124,10.6752,0.364,778681748.46,N/A,1421733591.3,72300998,0,132008690,189.9626,3.7164,2.4278,-239.2604,
600693.SH,东百集团,2001-11-28,1.7538,1.7652,1.7945,1.7636,1.7734,769688,8424102,0.0195,1.1142,10.9448,1.0646,787357868.22,N/A,1437574634.1,72300998,0,132008690,192.0791,3.7578,2.4549,-241.9263,
600693.SH,东百集团,2001-11-29,1.7734,1.7783,1.8043,1.7555,1.7913,508654,5583344,0.0179,1.0101,10.9767,0.7035,795310978,N/A,1452095590,72300998,0,132008690,194.0193,3.7957,2.4797,-244.3699,
600693.SH,东百集团,2001-11-30,1.7913,1.788,1.8401,1.7766,1.8173,501719,5606972,0.0261,1.4545,11.1755,0.6939,806879137.68,N/A,1473216980.4,72300998,0,132008690,196.8414,3.8509,2.5157,-247.9244,
600693.SH,东百集团,2001-12-03,1.8173,1.8173,1.8532,1.7994,1.8173,584399,6581524,0,0,11.262,0.8083,806879137.68,N/A,1473216980.4,72300998,0,132008690,196.8414,3.8509,2.5157,-247.9244,
600693.SH,东百集团,2001-12-04,1.8173,1.819,1.819,1.7962,1.8108,447942,4977963,-0.0065,-0.3584,11.113,0.6196,803987097.76,N/A,1467936632.8,72300998,0,132008690,196.1359,3.8371,2.5067,-247.0358,
600693.SH,东百集团,2001-12-05,1.8108,1.7929,1.7994,1.7343,1.7343,1261650,13639358,-0.0765,-4.2266,10.8107,1.745,770005628.7,N/A,1405892548.5,72300998,0,132008690,187.846,3.675,2.4008,-236.5945,
600693.SH,东百集团,2001-12-06,1.7343,1.7294,1.7734,1.7294,1.7718,509359,5468699,0.0375,2.1596,10.7364,0.7045,786634858.24,N/A,1436254547.2,72300998,0,132008690,191.9028,3.7543,2.4526,-241.7041,
600693.SH,东百集团,2001-12-07,1.7718,1.7718,1.7832,1.7424,1.7473,337166,3627127,-0.0244,-1.3787,10.7577,0.4663,775789708.54,N/A,1416453243.7,72300998,0,132008690,189.257,3.7026,2.4188,-238.3718,
600693.SH,东百集团,2001-12-10,1.7473,1.7457,1.7506,1.7196,1.7457,306829,3259884,-0.0016,-0.0932,10.6244,0.4244,775066698.56,N/A,1415133156.8,72300998,0,132008690,189.0807,3.6991,2.4166,-238.1496,
600693.SH,东百集团,2001-12-11,1.7457,1.7506,1.7555,1.7066,1.7262,568018,6014721,-0.0195,-1.1194,10.589,0.7856,766390578.8,N/A,1399292114,72300998,0,132008690,186.9641,3.6577,2.3895,-235.4838,
600693.SH,东百集团,2001-12-12,1.7262,1.7115,1.7669,1.7017,1.7473,472069,5055239,0.0212,1.2264,10.7087,0.6529,775789708.54,N/A,1416453243.7,72300998,0,132008690,189.257,3.7026,2.4188,-238.3718,
600693.SH,东百集团,2001-12-13,1.7473,1.7766,1.788,1.7457,1.7604,780357,8471088,0.013,0.7456,10.8554,1.0793,781573788.38,N/A,1427013938.9,72300998,0,132008690,190.6681,3.7302,2.4368,-240.149,
600693.SH,东百集团,2001-12-14,1.7604,1.7571,1.8125,1.7148,1.8076,1064394,11591326,0.0472,2.6827,10.8901,1.4722,802541077.8,N/A,1465296459,72300998,0,132008690,195.7832,3.8302,2.5022,-246.5915,
600693.SH,东百集团,2001-12-17,1.8076,1.8108,1.8499,1.8043,1.8222,1733011,19419064,0.0147,0.8108,11.2054,2.3969,809048167.62,N/A,1477177241.1,72300998,0,132008690,197.3706,3.8613,2.5225,-248.5909,
600693.SH,东百集团,2001-12-18,1.8222,1.8222,1.8304,1.7636,1.8206,818057,9040089,-0.0016,-0.0894,11.0507,1.1315,808325157.64,N/A,1475857154.2,72300998,0,132008690,197.1942,3.8578,2.5203,-248.3687,
600693.SH,东百集团,2001-12-19,1.8206,1.8239,1.8499,1.7929,1.8401,914115,10279483,0.0195,1.0733,11.2453,1.2643,817001277.4,N/A,1491698197,72300998,0,132008690,199.3108,3.8993,2.5473,-251.0346,
600693.SH,东百集团,2001-12-20,1.8401,1.8564,1.8564,1.7229,1.7555,673972,7358560,-0.0847,-4.6018,10.9182,0.9322,779404758.44,N/A,1423053678.2,72300998,0,132008690,190.139,3.7198,2.4301,-239.4825,
600693.SH,东百集团,2001-12-21,1.7555,1.7424,1.7701,1.7034,1.7604,613902,6541693,0.0049,0.2783,10.6559,0.8491,781573788.38,N/A,1427013938.9,72300998,0,132008690,190.6681,3.7302,2.4368,-240.149,
600693.SH,东百集团,2001-12-24,1.7604,1.7571,1.7669,1.6578,1.6626,430846,4514471,-0.0977,-5.5504,10.4782,0.5959,738193189.58,N/A,1347808724.9,72300998,0,132008690,180.0852,3.5231,2.3016,-226.8197,
600693.SH,东百集团,2001-12-25,1.6626,1.6578,1.661,1.6089,1.6382,548604,5494014,-0.0244,-1.4691,10.0145,0.7588,727348039.88,N/A,1328007421.4,72300998,0,132008690,177.4395,3.4714,2.2678,-223.4874,
600693.SH,东百集团,2001-12-26,1.6382,1.6415,1.6578,1.617,1.6545,240530,2422562,0.0163,0.994,10.0718,0.3327,734578139.68,N/A,1341208290.4,72300998,0,132008690,179.2033,3.5059,2.2903,-225.709,
600693.SH,东百集团,2001-12-27,1.6545,1.6529,1.6692,1.547,1.5829,886244,8831984,-0.0717,-4.3307,9.9656,1.2258,702765700.56,N/A,1283124466.8,72300998,0,132008690,171.4425,3.3541,2.1911,-215.9342,
600693.SH,东百集团,2001-12-28,1.5829,1.5715,1.6138,1.5715,1.5926,402009,3912528,0.0098,0.6173,9.7324,0.556,707103760.44,N/A,1291044988.2,72300998,0,132008690,172.5008,3.3748,2.2047,-217.2671,
600693.SH,东百集团,2001-12-31,1.5926,1.6138,1.718,1.6122,1.7001,573579,5870034,0.1075,6.7485,10.234,0.7933,754822419.12,N/A,1378170723.6,72300998,0,132008690,184.142,3.6025,2.3534,-231.9293,
600693.SH,东百集团,2002-01-04,1.7001,1.6903,1.6903,1.6415,1.6545,225200,2291156,-0.0456,-2.682,10.1739,0.3115,734578139.68,N/A,1341208290.4,72300998,0,132008690,-22.5653,4.1917,2.2224,-25.4983,
600693.SH,东百集团,2002-01-07,1.6545,1.6366,1.6529,1.6203,1.6529,179547,1802383,-0.0016,-0.0984,10.0385,0.2483,733855129.7,N/A,1339888203.5,72300998,0,132008690,-22.5431,4.1876,2.2202,-25.4732,
600693.SH,东百集团,2002-01-08,1.6529,1.6219,1.6529,1.5894,1.5991,225861,2234823,-0.0537,-3.2512,9.8947,0.3124,709995800.36,N/A,1296325335.8,72300998,0,132008690,-21.8102,4.0515,2.148,-24.6451,
600693.SH,东百集团,2002-01-09,1.5991,1.5959,1.5959,1.5242,1.5324,440600,4205627,-0.0668,-4.1752,9.5452,0.6094,680352391.18,N/A,1242201772.9,72300998,0,132008690,-20.8995,3.8823,2.0583,-23.6161,
600693.SH,东百集团,2002-01-10,1.5324,1.5226,1.5633,1.4575,1.5519,415744,3816667,0.0195,1.2752,9.1803,0.575,689028510.94,N/A,1258042815.7,72300998,0,132008690,-21.1661,3.9318,2.0846,-23.9172,
600693.SH,东百集团,2002-01-11,1.5519,1.5519,1.5519,1.4754,1.477,241950,2220699,-0.0749,-4.8269,9.1783,0.3346,655770051.86,N/A,1197318818.3,72300998,0,132008690,-20.1444,3.742,1.9839,-22.7628,
600693.SH,东百集团,2002-01-14,1.477,1.4656,1.4672,1.4167,1.433,616953,5457386,-0.044,-2.9768,8.8457,0.8533,636248782.4,N/A,1161676472,72300998,0,132008690,-19.5447,3.6306,1.9249,-22.0852,
600693.SH,东百集团,2002-01-15,1.433,1.5145,1.5145,1.4249,1.4298,338803,3039050,-0.0033,-0.2273,8.97,0.4686,634802762.44,N/A,1159036298.2,72300998,0,132008690,-19.5003,3.6224,1.9205,-22.035,
600693.SH,东百集团,2002-01-16,1.4298,1.433,1.464,1.4005,1.4379,313061,2752883,0.0081,0.5695,8.7934,0.433,638417812.34,N/A,1165636732.7,72300998,0,132008690,-19.6114,3.643,1.9314,-22.1605,
600693.SH,东百集团,2002-01-17,1.4379,1.4379,1.4379,1.306,1.3158,369800,3051738,-0.1221,-8.4938,8.2524,0.5115,584192063.84,N/A,1066630215.2,72300998,0,132008690,-17.9456,3.3336,1.7674,-20.2782,
600693.SH,东百集团,2002-01-18,1.3158,1.2865,1.3484,1.223,1.319,941356,7439378,0.0033,0.2475,7.9028,1.302,585638083.8,N/A,1069270389,72300998,0,132008690,-17.99,3.3418,1.7718,-20.3284,
600693.SH,东百集团,2002-01-21,1.319,1.3076,1.3076,1.2392,1.2555,479851,3720796,-0.0635,-4.8148,7.7541,0.6637,557440694.58,N/A,1017786999.9,72300998,0,132008690,-17.1239,3.1809,1.6865,-19.3496,
600693.SH,东百集团,2002-01-22,1.2555,1.1301,1.1432,1.1301,1.1301,283800,1970097,-0.1254,-9.987,6.9418,0.3925,501768926.12,N/A,916140308.6,72300998,0,132008690,-15.4137,2.8632,1.518,-17.4172,
600693.SH,东百集团,2002-01-23,1.1301,1.0178,1.1725,1.0178,1.166,2880669,18665277,0.0358,3.17,6.4795,3.9843,517675145.68,N/A,945182220.4,72300998,0,132008690,-15.9023,2.954,1.5661,-17.9693,
600693.SH,东百集团,2002-01-24,1.166,1.1041,1.2392,1.0487,1.2034,2968635,21123254,0.0375,3.2123,7.1155,4.1059,534304375.22,N/A,975544219.1,72300998,0,132008690,-16.4131,3.0489,1.6165,-18.5465,
600693.SH,东百集团,2002-01-25,1.2034,1.2034,1.2669,1.1643,1.223,1105706,8272673,0.0195,1.6238,7.4818,1.5293,542980494.98,N/A,991385261.9,72300998,0,132008690,-16.6797,3.0984,1.6427,-18.8477,
600693.SH,东百集团,2002-01-28,1.223,1.2295,1.2295,1.1008,1.1025,1605113,11415852,-0.1205,-9.8535,7.1122,2.22,489477756.46,N/A,893698831.3,72300998,0,132008690,-15.0361,2.7931,1.4808,-16.9905,
600693.SH,东百集团,2002-01-29,1.1025,1.1008,1.1888,1.0813,1.1709,610899,4356526,0.0684,6.2038,7.1313,0.8449,519844175.62,N/A,949142481.1,72300998,0,132008690,-15.9689,2.9664,1.5727,-18.0446,
600693.SH,东百集团,2002-01-30,1.1709,1.1725,1.2327,1.1643,1.2148,732447,5414072,0.044,3.7552,7.3918,1.0131,539365445.08,N/A,984784827.4,72300998,0,132008690,-16.5686,3.0778,1.6318,-18.7222,
600693.SH,东百集团,2002-01-31,1.2148,1.2344,1.337,1.2148,1.3272,2483163,19941789,0.1124,9.2493,8.0308,3.4345,589253133.7,N/A,1075870823.5,72300998,0,132008690,-18.1011,3.3625,1.7827,-20.4539,
600693.SH,东百集团,2002-02-01,1.3272,1.319,1.3679,1.3076,1.3239,1070341,8777450,-0.0033,-0.2454,8.2006,1.4804,587807113.74,N/A,1073230649.7,72300998,0,132008690,-18.0567,3.3542,1.7783,-20.4037,
600693.SH,东百集团,2002-02-04,1.3239,1.3272,1.3614,1.3239,1.3451,532144,4397073,0.0212,1.599,8.2629,0.736,597206243.48,N/A,1090391779.4,72300998,0,132008690,-18.3454,3.4078,1.8068,-20.7299,
600693.SH,东百集团,2002-02-05,1.3451,1.3451,1.3549,1.3174,1.3337,634389,5188176,-0.0114,-0.8475,8.1782,0.8774,592145173.62,N/A,1081151171.1,72300998,0,132008690,-18.1899,3.379,1.7914,-20.5543,
600693.SH,东百集团,2002-02-06,1.3337,1.3321,1.3516,1.28,1.293,751472,6108962,-0.0407,-3.0525,8.1293,1.0394,574069924.12,N/A,1048148998.6,72300998,0,132008690,-17.6347,3.2758,1.7368,-19.9269,
600693.SH,东百集团,2002-02-07,1.293,1.2783,1.3418,1.2783,1.3256,362182,2935272,0.0326,2.5189,8.1044,0.5009,588530123.72,N/A,1074550736.6,72300998,0,132008690,-18.0789,3.3583,1.7805,-20.4288,
600693.SH,东百集团,2002-02-08,1.3256,1.337,1.3386,1.2946,1.3028,309319,2510186,-0.0228,-1.7199,8.1152,0.4278,578407984,N/A,1056069520,72300998,0,132008690,-17.7679,3.3006,1.7499,-20.0774,
600693.SH,东百集团,2002-02-25,1.3028,1.3028,1.3028,1.3028,1.3028,N/A,N/A,0,0,N/A,N/A,578407984,N/A,1056069520,72300998,0,132008690,-17.7679,3.3006,1.7499,-20.0774,
600693.SH,东百集团,2002-02-26,1.3028,1.3712,1.433,1.3402,1.433,3871309,33943068,0.1303,10,8.7679,5.3544,636248782.4,N/A,1161676472,72300998,0,132008690,-19.5447,3.6306,1.9249,-22.0852,
600693.SH,东百集团,2002-02-27,1.433,1.4493,1.4623,1.4216,1.4461,2062384,18304849,0.013,0.9091,8.8756,2.8525,642032862.24,N/A,1172237167.2,72300998,0,132008690,-19.7224,3.6636,1.9424,-22.286,
600693.SH,东百集团,2002-02-28,1.4461,1.433,1.4542,1.4184,1.4477,921882,8129518,0.0016,0.1126,8.8184,1.2751,642755872.22,N/A,1173557254.1,72300998,0,132008690,-19.7446,3.6678,1.9446,-22.311,
600693.SH,东百集团,2002-03-01,1.4477,1.4461,1.4493,1.4021,1.4021,861900,7517594,-0.0456,-3.1496,8.7221,1.1921,622511592.78,N/A,1136594820.9,72300998,0,132008690,-19.1228,3.5522,1.8833,-21.6083,
600693.SH,东百集团,2002-03-04,1.4021,1.3874,1.4428,1.3777,1.4363,497791,4339434,0.0342,2.439,8.7174,0.6885,637694802.36,N/A,1164316645.8,72300998,0,132008690,-19.5892,3.6389,1.9292,-22.1354,
600693.SH,东百集团,2002-03-05,1.4363,1.4363,1.4933,1.4363,1.4884,1396272,12615503,0.0521,3.6281,9.0351,1.9312,660831121.72,N/A,1206559426.6,72300998,0,132008690,-20.2999,3.7709,1.9992,-22.9385,
600693.SH,东百集团,2002-03-06,1.4884,1.4851,1.5112,1.4656,1.4721,1780979,16260364,-0.0163,-1.0941,9.13,2.4633,653601021.92,N/A,1193358557.6,72300998,0,132008690,-20.0778,3.7296,1.9774,-22.6875,
600693.SH,东百集团,2002-03-07,1.4721,1.49,1.5731,1.49,1.5307,1699411,16011895,0.0586,3.9823,9.422,2.3505,679629381.2,N/A,1240881686,72300998,0,132008690,-20.8773,3.8782,2.0561,-23.591,
600693.SH,东百集团,2002-03-08,1.5307,1.534,1.5715,1.5145,1.5552,1832093,17313234,0.0244,1.5957,9.45,2.534,690474530.9,N/A,1260682989.5,72300998,0,132008690,-21.2105,3.9401,2.0889,-23.9674,
600693.SH,东百集团,2002-03-11,1.5552,1.5552,1.6447,1.5389,1.6284,2722562,26882111,0.0733,4.712,9.8738,3.7656,723009980,N/A,1320086900,72300998,0,132008690,-22.2099,4.1257,2.1874,-25.0968,
600693.SH,东百集团,2002-03-12,1.6284,1.6252,1.6366,1.5601,1.5715,2099337,20570063,-0.057,-3.5,9.7984,2.9036,697704630.7,N/A,1273883858.5,72300998,0,132008690,-21.4326,3.9813,2.1108,-24.2184,
600693.SH,东百集团,2002-03-13,1.5715,1.5715,1.5975,1.5145,1.5145,1324290,12597911,-0.057,-3.6269,9.513,1.8316,672399281.4,N/A,1227680817,72300998,0,132008690,-20.6552,3.8369,2.0342,-23.34,
600693.SH,东百集团,2002-03-14,1.5145,1.5112,1.5715,1.4998,1.5698,833274,7823107,0.0554,3.6559,9.3884,1.1525,696981620.72,N/A,1272563771.6,72300998,0,132008690,-21.4104,3.9772,2.1086,-24.1933,
600693.SH,东百集团,2002-03-15,1.5698,1.5666,1.5796,1.49,1.4949,797221,7562286,-0.0749,-4.7718,9.4858,1.1026,663723161.64,N/A,1211839774.2,72300998,0,132008690,-20.3887,3.7874,2.008,-23.0389,
600693.SH,东百集团,2002-03-18,1.4949,1.547,1.5698,1.4786,1.4884,565403,5219797,-0.0065,-0.4357,9.232,0.782,660831121.72,N/A,1206559426.6,72300998,0,132008690,-20.2999,3.7709,1.9992,-22.9385,
600693.SH,东百集团,2002-03-19,1.4884,1.5031,1.5307,1.49,1.5291,498597,4637028,0.0407,2.7352,9.3002,0.6896,678906371.22,N/A,1239561599.1,72300998,0,132008690,-20.8551,3.874,2.0539,-23.5659,
600693.SH,东百集团,2002-03-20,1.5291,1.6757,1.6757,1.547,1.5877,2257475,22151014,0.0586,3.8339,9.8123,3.1223,704934730.5,N/A,1287084727.5,72300998,0,132008690,-21.6547,4.0226,2.1327,-24.4694,
600693.SH,东百集团,2002-03-21,1.5877,1.6447,1.6447,1.5649,1.5991,1080241,10617662,0.0114,0.7179,9.829,1.4941,709995800.36,N/A,1296325335.8,72300998,0,132008690,-21.8102,4.0515,2.148,-24.6451,
600693.SH,东百集团,2002-03-22,1.5991,1.5796,1.604,1.5698,1.5926,657191,6384971,-0.0065,-0.4073,9.7155,0.909,707103760.44,N/A,1291044988.2,72300998,0,132008690,-21.7213,4.035,2.1392,-24.5447,
600693.SH,东百集团,2002-03-25,1.5926,1.5959,1.5959,1.547,1.5601,623449,5982408,-0.0326,-2.045,9.5957,0.8623,692643560.84,N/A,1264643250.2,72300998,0,132008690,-21.2771,3.9524,2.0955,-24.0427,
600693.SH,东百集团,2002-03-26,1.5601,1.5715,1.5926,1.5633,1.5747,1495601,14471525,0.0147,0.9395,9.6761,2.0686,699150650.66,N/A,1276524032.3,72300998,0,132008690,-21.477,3.9896,2.1152,-24.2686,
600693.SH,东百集团,2002-03-27,1.5747,1.5796,1.591,1.5601,1.5877,643100,6210844,0.013,0.8273,9.6577,0.8895,704934730.5,N/A,1287084727.5,72300998,0,132008690,-21.6547,4.0226,2.1327,-24.4694,
600693.SH,东百集团,2002-03-28,1.5877,1.5959,1.6366,1.5877,1.6122,1809720,18018743,0.0244,1.5385,9.9566,2.503,715779880.2,N/A,1306886031,72300998,0,132008690,-21.9878,4.0845,2.1655,-24.8458,
600693.SH,东百集团,2002-03-29,1.6122,1.6122,1.6122,1.5112,1.5128,1121927,10747864,-0.0993,-6.1616,9.5798,1.5517,671676271.42,N/A,1226360730.1,72300998,0,132008690,-20.633,3.8328,2.0321,-23.3149,
600693.SH,东百集团,2002-04-01,1.5128,1.5324,1.547,1.5063,1.5356,452730,4263650,0.0228,1.507,9.4176,0.6262,681798411.14,N/A,1244841946.7,72300998,0,132008690,-20.944,3.8906,2.0627,-23.6663,
600693.SH,东百集团,2002-04-02,1.5356,1.5356,1.5438,1.4835,1.5096,581735,5366295,-0.0261,-1.6967,9.2246,0.8046,670230251.46,N/A,1223720556.3,72300998,0,132008690,-20.5886,3.8245,2.0277,-23.2647,
600693.SH,东百集团,2002-04-03,1.5096,1.5096,1.5438,1.5096,1.5324,558149,5244294,0.0228,1.5102,9.3959,0.772,680352391.18,N/A,1242201772.9,72300998,0,132008690,-20.8995,3.8823,2.0583,-23.6161,
600693.SH,东百集团,2002-04-04,1.5324,1.5389,1.5845,1.5096,1.5812,930079,8935147,0.0489,3.1881,9.6069,1.2864,702042690.58,N/A,1281804379.9,72300998,0,132008690,-21.5658,4.0061,2.1239,-24.369,
600693.SH,东百集团,2002-04-05,1.5812,1.5894,1.648,1.5894,1.6089,3673856,36580207,0.0277,1.7508,9.9569,5.0813,714333860.24,N/A,1304245857.2,72300998,0,132008690,-21.9434,4.0762,2.1611,-24.7956,
600693.SH,东百集团,2002-04-08,1.6089,1.6073,1.6333,1.5894,1.6317,1094357,10852250,0.0228,1.417,9.9166,1.5136,724455999.96,N/A,1322727073.8,72300998,0,132008690,-22.2544,4.134,2.1917,-25.147,
600693.SH,东百集团,2002-04-09,1.6317,1.6122,1.6773,1.5959,1.6512,2522119,25495396,0.0195,1.1976,10.1087,3.4884,733132119.72,N/A,1338568116.6,72300998,0,132008690,-22.5209,4.1835,2.218,-25.4481,
600693.SH,东百集团,2002-04-10,1.6512,1.6529,1.661,1.6203,1.6333,1277738,12839210,-0.0179,-1.0848,10.0484,1.7672,725179009.94,N/A,1324047160.7,72300998,0,132008690,-22.2766,4.1381,2.1939,-25.1721,
600693.SH,东百集团,2002-04-11,1.6333,1.6333,1.6415,1.5829,1.5845,1025220,10116453,-0.0489,-2.991,9.8676,1.418,703488710.54,N/A,1284444553.7,72300998,0,132008690,-21.6103,4.0143,2.1283,-24.4192,
600693.SH,东百集团,2002-04-12,1.5845,1.5812,1.6284,1.5812,1.6105,533360,5268438,0.0261,1.6444,9.8778,0.7377,715056870.22,N/A,1305565944.1,72300998,0,132008690,-21.9656,4.0803,2.1633,-24.8207,
600693.SH,东百集团,2002-04-15,1.6105,1.6203,1.6203,1.5959,1.6024,475500,4692153,-0.0081,-0.5056,9.8678,0.6577,711441820.32,N/A,1298965509.6,72300998,0,132008690,-21.8546,4.0597,2.1524,-24.6952,
600693.SH,东百集团,2002-04-16,1.6024,1.5991,1.6284,1.5959,1.6105,381624,3779318,0.0081,0.5081,9.9033,0.5278,715056870.22,N/A,1305565944.1,72300998,0,132008690,-21.9656,4.0803,2.1633,-24.8207,
600693.SH,东百集团,2002-04-17,1.6105,1.6203,1.6284,1.5959,1.6236,371239,3678624,0.013,0.8089,9.909,0.5135,720840950.06,N/A,1316126639.3,72300998,0,132008690,-22.1433,4.1133,2.1808,-25.0215,
600693.SH,东百集团,2002-04-18,1.6236,1.6284,1.6284,1.5487,1.5617,760878,7409722,-0.0619,-3.8114,9.7384,1.0524,693366570.82,N/A,1265963337.1,72300998,0,132008690,-21.2993,3.9566,2.0977,-24.0678,
600693.SH,东百集团,2002-04-19,1.5617,1.5552,1.5633,1.4851,1.5389,1160944,10855863,-0.0228,-1.4599,9.3509,1.6057,683244431.1,N/A,1247482120.5,72300998,0,132008690,-20.9884,3.8988,2.0671,-23.7165,
600693.SH,东百集团,2002-04-22,1.5389,1.5112,1.547,1.5079,1.5307,312341,2938283,-0.0081,-0.5291,9.4073,0.432,679629381.2,N/A,1240881686,72300998,0,132008690,-20.8773,3.8782,2.0561,-23.591,
600693.SH,东百集团,2002-04-23,1.5307,1.5307,1.5568,1.5307,1.5389,282345,2675758,0.0081,0.5319,9.4769,0.3905,683244431.1,N/A,1247482120.5,72300998,0,132008690,-20.9884,3.8988,2.0671,-23.7165,
600693.SH,东百集团,2002-04-24,1.5389,1.4493,1.6089,1.433,1.5438,411600,3920594,0.0049,0.3175,9.5253,0.5693,685413461.04,N/A,1251442381.2,72300998,0,132008690,-21.055,3.9112,2.0736,-23.7918,
600693.SH,东百集团,2002-04-25,1.5438,1.5519,1.5633,1.5405,1.5568,344700,3289796,0.013,0.8439,9.5439,0.4768,691197540.88,N/A,1262003076.4,72300998,0,132008690,-21.2327,3.9442,2.0911,-23.9925,
600693.SH,东百集团,2002-04-26,1.5568,1.5633,1.5959,1.5633,1.5861,346616,3379403,0.0293,1.8828,9.7497,0.4794,704211720.52,N/A,1285764640.6,72300998,0,132008690,-21.6325,4.0184,2.1305,-24.4443,
600693.SH,东百集团,2002-04-29,1.5861,1.5796,1.635,1.5747,1.6284,1071397,10650258,0.0423,2.6694,9.9405,1.4819,723009980,N/A,1320086900,72300998,0,132008690,-22.2099,4.1257,2.1874,-25.0968,
600693.SH,东百集团,2002-04-30,1.6284,1.635,1.6561,1.604,1.6431,1056731,10617533,0.0147,0.9,10.0475,1.4616,729517069.82,N/A,1331967682.1,72300998,0,132008690,-22.4098,4.1629,2.207,-25.3227,
600693.SH,东百集团,2002-05-08,1.6431,1.604,1.6398,1.604,1.6203,376212,3749188,-0.0228,-1.3875,9.9656,0.5203,719394930.1,N/A,1313486465.5,72300998,0,132008690,-22.0989,4.1051,2.1764,-24.9713,
600693.SH,东百集团,2002-05-09,1.6203,1.6122,1.6382,1.604,1.6187,399318,3980941,-0.0016,-0.1005,9.9694,0.5523,718671920.12,N/A,1312166378.6,72300998,0,132008690,-22.0767,4.101,2.1742,-24.9462,
600693.SH,东百集团,2002-05-10,1.6187,1.6284,1.6382,1.5877,1.591,409219,4037975,-0.0277,-1.7103,9.8675,0.566,706380750.46,N/A,1289724901.3,72300998,0,132008690,-21.6991,4.0308,2.137,-24.5196,
600693.SH,东百集团,2002-05-13,1.591,1.5812,1.5812,1.5601,1.5649,310059,2982952,-0.0261,-1.6377,9.6206,0.4288,694812590.78,N/A,1268603510.9,72300998,0,132008690,-21.3437,3.9648,2.1021,-24.118,
600693.SH,东百集团,2002-05-14,1.5649,1.5715,1.5845,1.5535,1.5552,300248,2882330,-0.0098,-0.6243,9.5998,0.4153,690474530.9,N/A,1260682989.5,72300998,0,132008690,-21.2105,3.9401,2.0889,-23.9674,
600693.SH,东百集团,2002-05-15,1.5552,1.5487,1.5926,1.5226,1.5307,394600,3757909,-0.0244,-1.5707,9.5233,0.5458,679629381.2,N/A,1240881686,72300998,0,132008690,-20.8773,3.8782,2.0561,-23.591,
600693.SH,东百集团,2002-05-16,1.5307,1.5226,1.5389,1.4721,1.4868,761114,7008908,-0.044,-2.8723,9.2087,1.0527,660108111.74,N/A,1205239339.7,72300998,0,132008690,-20.2777,3.7668,1.9971,-22.9134,
600693.SH,东百集团,2002-05-17,1.4868,1.4705,1.5063,1.4689,1.5063,259648,2373921,0.0195,1.3143,9.1428,0.3591,668784231.5,N/A,1221080382.5,72300998,0,132008690,-20.5442,3.8163,2.0233,-23.2145,
600693.SH,东百集团,2002-05-20,1.5063,1.4982,1.4982,1.4347,1.4754,356959,3199713,-0.0309,-2.0541,8.9638,0.4937,655047041.88,N/A,1195998731.4,72300998,0,132008690,-20.1222,3.7379,1.9817,-22.7377,
600693.SH,东百集团,2002-05-21,1.4754,1.5145,1.5454,1.4851,1.5307,699071,6552201,0.0554,3.7528,9.3727,0.9669,679629381.2,N/A,1240881686,72300998,0,132008690,-20.8773,3.8782,2.0561,-23.591,
600693.SH,东百集团,2002-05-22,1.5307,1.5356,1.591,1.5275,1.5894,1299843,12487189,0.0586,3.8298,9.6067,1.7978,705657740.48,N/A,1288404814.4,72300998,0,132008690,-21.6769,4.0267,2.1349,-24.4945,
600693.SH,东百集团,2002-05-23,1.5894,1.5943,1.6203,1.5894,1.6122,1409186,13912082,0.0228,1.4344,9.8724,1.9491,715779880.2,N/A,1306886031,72300998,0,132008690,-21.9878,4.0845,2.1655,-24.8458,
600693.SH,东百集团,2002-05-24,1.6122,1.6154,1.6252,1.5666,1.5698,834290,8142844,-0.0423,-2.6263,9.7602,1.1539,696981620.72,N/A,1272563771.6,72300998,0,132008690,-21.4104,3.9772,2.1086,-24.1933,
600693.SH,东百集团,2002-05-27,1.5698,1.5715,1.6056,1.5715,1.5991,891389,8695090,0.0293,1.8672,9.7545,1.2329,709995800.36,N/A,1296325335.8,72300998,0,132008690,-21.8102,4.0515,2.148,-24.6451,
600693.SH,东百集团,2002-05-28,1.5991,1.604,1.6187,1.5796,1.5796,1280011,12605029,-0.0195,-1.222,9.8476,1.7704,701319680.6,N/A,1280484293,72300998,0,132008690,-21.5436,4.0019,2.1217,-24.3439,
600693.SH,东百集团,2002-05-29,1.5796,1.5796,1.5845,1.4982,1.5161,900011,8410384,-0.0635,-4.0206,9.3448,1.2448,673122291.38,N/A,1229000903.9,72300998,0,132008690,-20.6774,3.841,2.0364,-23.3651,
600693.SH,东百集团,2002-05-30,1.5161,1.5128,1.5291,1.4819,1.5242,611396,5662108,0.0081,0.5371,9.261,0.8456,676737341.28,N/A,1235601338.4,72300998,0,132008690,-20.7885,3.8617,2.0474,-23.4906,
600693.SH,东百集团,2002-05-31,1.5242,1.5177,1.5226,1.49,1.4949,286858,2644806,-0.0293,-1.9231,9.2199,0.3968,663723161.64,N/A,1211839774.2,72300998,0,132008690,-20.3887,3.7874,2.008,-23.0389,
600693.SH,东百集团,2002-06-03,1.4949,1.4819,1.49,1.4493,1.4672,359311,3253727,-0.0277,-1.8519,9.0555,0.497,651431991.98,N/A,1189398296.9,72300998,0,132008690,-20.0112,3.7173,1.9708,-22.6122,
600693.SH,东百集团,2002-06-04,1.4672,1.4656,1.521,1.4656,1.5079,322584,2967883,0.0407,2.7747,9.2003,0.4462,669507241.48,N/A,1222400469.4,72300998,0,132008690,-20.5664,3.8204,2.0255,-23.2396,
600693.SH,东百集团,2002-06-05,1.5079,1.5112,1.5193,1.4509,1.4575,364879,3301284,-0.0505,-3.3477,9.0476,0.5047,647093932.1,N/A,1181477775.5,72300998,0,132008690,-19.8779,3.6925,1.9577,-22.4616,
600693.SH,东百集团,2002-06-06,1.4575,1.433,1.547,1.433,1.5275,809493,7416342,0.07,4.8045,9.1617,1.1196,678183361.24,N/A,1238241512.2,72300998,0,132008690,-20.8329,3.8699,2.0517,-23.5408,
600693.SH,东百集团,2002-06-07,1.5275,1.5226,1.547,1.5047,1.5242,840854,7923414,-0.0033,-0.2132,9.4231,1.163,676737341.28,N/A,1235601338.4,72300998,0,132008690,-20.7885,3.8617,2.0474,-23.4906,
600693.SH,东百集团,2002-06-10,1.5242,1.5145,1.5242,1.4851,1.4917,370639,3408008,-0.0326,-2.1368,9.195,0.5126,662277141.68,N/A,1209199600.4,72300998,0,132008690,-20.3443,3.7792,2.0036,-22.9887,
600693.SH,东百集团,2002-06-11,1.4917,1.4917,1.5145,1.4851,1.4982,349200,3209909,0.0065,0.4367,9.1922,0.483,665169181.6,N/A,1214479948,72300998,0,132008690,-20.4331,3.7957,2.0124,-23.089,
600693.SH,东百集团,2002-06-12,1.4982,1.4982,1.4982,1.4623,1.4786,399634,3612553,-0.0195,-1.3043,9.0397,0.5527,656493061.84,N/A,1198638905.2,72300998,0,132008690,-20.1666,3.7462,1.9861,-22.7879,
600693.SH,东百集团,2002-06-13,1.4786,1.4786,1.4851,1.4509,1.4509,332522,2988157,-0.0277,-1.8722,8.9863,0.4599,644201892.18,N/A,1176197427.9,72300998,0,132008690,-19.7891,3.676,1.9489,-22.3612,
600693.SH,东百集团,2002-06-14,1.4509,1.4461,1.477,1.4412,1.4444,356408,3182931,-0.0065,-0.4489,8.9306,0.493,641309852.26,N/A,1170917080.3,72300998,0,132008690,-19.7002,3.6595,1.9402,-22.2609,
600693.SH,东百集团,2002-06-17,1.4444,1.433,1.4558,1.433,1.4542,121600,1079664,0.0098,0.6764,8.8788,0.1682,645647912.14,N/A,1178837601.7,72300998,0,132008690,-19.8335,3.6843,1.9533,-22.4114,
600693.SH,东百集团,2002-06-18,1.4542,1.4575,1.5145,1.4558,1.4998,442750,4069318,0.0456,3.1355,9.191,0.6124,665892191.58,N/A,1215800034.9,72300998,0,132008690,-20.4554,3.7998,2.0146,-23.1141,
600693.SH,东百集团,2002-06-19,1.4998,1.4982,1.4982,1.4689,1.4689,162680,1477938,-0.0309,-2.063,9.0849,0.225,652155001.96,N/A,1190718383.8,72300998,0,132008690,-20.0334,3.7214,1.973,-22.6373,
600693.SH,东百集团,2002-06-20,1.4689,1.4607,1.5031,1.4607,1.4884,400279,3657370,0.0195,1.3304,9.1371,0.5536,660831121.72,N/A,1206559426.6,72300998,0,132008690,-20.2999,3.7709,1.9992,-22.9385,
600693.SH,东百集团,2002-06-21,1.4884,1.4754,1.5601,1.4721,1.5389,790838,7450138,0.0505,3.3917,9.4206,1.0938,683244431.1,N/A,1247482120.5,72300998,0,132008690,-20.9884,3.8988,2.0671,-23.7165,
600693.SH,东百集团,2002-06-24,1.5389,1.6936,1.6936,1.5959,1.6936,4850436,49896247,0.1547,10.0529,10.287,6.7087,751930379.2,N/A,1372890376,72300998,0,132008690,-23.0983,4.2907,2.2749,-26.1007,
600693.SH,东百集团,2002-06-25,1.6936,1.692,1.7066,1.6203,1.6252,2793397,28556106,-0.0684,-4.0385,10.2227,3.8636,721563960.04,N/A,1317446726.2,72300998,0,132008690,-22.1655,4.1175,2.183,-25.0466,
600693.SH,东百集团,2002-06-26,1.6252,1.6284,1.6871,1.6105,1.6692,1917258,19448822,0.044,2.7054,10.1441,2.6518,741085229.5,N/A,1353089072.5,72300998,0,132008690,-22.7652,4.2289,2.242,-25.7242,
600693.SH,东百集团,2002-06-27,1.6692,1.6692,1.6773,1.6301,1.635,1015090,10302997,-0.0342,-2.0488,10.1498,1.404,725902019.92,N/A,1325367247.6,72300998,0,132008690,-22.2988,4.1422,2.1961,-25.1972,
600693.SH,东百集团,2002-06-28,1.635,1.635,1.635,1.635,1.635,N/A,N/A,0,0,N/A,N/A,725902019.92,N/A,1325367247.6,72300998,0,132008690,-22.2988,4.1422,2.1961,-25.1972,
600693.SH,东百集团,2002-07-01,1.635,1.635,1.635,1.635,1.635,N/A,N/A,0,0,N/A,N/A,725902019.92,N/A,1325367247.6,72300998,0,132008690,-22.2988,4.1422,2.1961,-25.1972,
600693.SH,东百集团,2002-07-02,1.635,1.5959,1.617,1.5829,1.6056,649945,6393698,-0.0293,-1.7928,9.8373,0.8989,712887840.28,N/A,1301605683.4,72300998,0,132008690,-21.899,4.068,2.1567,-24.7454,
600693.SH,东百集团,2002-07-03,1.6056,1.6203,1.6236,1.5959,1.6187,500570,4943180,0.013,0.8114,9.8751,0.6923,718671920.12,N/A,1312166378.6,72300998,0,132008690,-22.0767,4.101,2.1742,-24.9462,
600693.SH,东百集团,2002-07-04,1.6187,1.6236,1.6284,1.6056,1.6056,452700,4488669,-0.013,-0.8048,9.9153,0.6261,712887840.28,N/A,1301605683.4,72300998,0,132008690,-21.899,4.068,2.1567,-24.7454,
600693.SH,东百集团,2002-07-05,1.6056,1.5975,1.6187,1.5894,1.6008,401075,3943298,-0.0049,-0.3043,9.8318,0.5547,710718810.34,N/A,1297645422.7,72300998,0,132008690,-21.8324,4.0556,2.1502,-24.6701,
600693.SH,东百集团,2002-07-08,1.6008,1.6089,1.635,1.5926,1.6252,535719,5314002,0.0244,1.5259,9.9194,0.741,721563960.04,N/A,1317446726.2,72300998,0,132008690,-22.1655,4.1175,2.183,-25.0466,
600693.SH,东百集团,2002-07-09,1.6252,1.6268,1.6268,1.5959,1.5959,362840,3574920,-0.0293,-1.8036,9.8526,0.5018,708549780.4,N/A,1293685162,72300998,0,132008690,-21.7657,4.0432,2.1436,-24.5949,
600693.SH,东百集团,2002-07-10,1.5959,1.5877,1.5975,1.5601,1.5715,489882,4734849,-0.0244,-1.5306,9.6653,0.6776,697704630.7,N/A,1273883858.5,72300998,0,132008690,-21.4326,3.9813,2.1108,-24.2184,
600693.SH,东百集团,2002-07-11,1.5715,1.5715,1.5861,1.5633,1.5698,237300,2294952,-0.0016,-0.1036,9.6711,0.3282,696981620.72,N/A,1272563771.6,72300998,0,132008690,-21.4104,3.9772,2.1086,-24.1933,
600693.SH,东百集团,2002-07-12,1.5698,1.5715,1.5959,1.5715,1.5877,251921,2446709,0.0179,1.1411,9.7122,0.3484,704934730.5,N/A,1287084727.5,72300998,0,132008690,-21.6547,4.0226,2.1327,-24.4694,
600693.SH,东百集团,2002-07-15,1.5877,1.5877,1.5877,1.5601,1.5649,306910,2949032,-0.0228,-1.4359,9.6088,0.4245,694812590.78,N/A,1268603510.9,72300998,0,132008690,-21.3437,3.9648,2.1021,-24.118,
600693.SH,东百集团,2002-07-16,1.5649,1.5715,1.5796,1.547,1.5503,298678,2863761,-0.0147,-0.9365,9.5881,0.4131,688305500.96,N/A,1256722728.8,72300998,0,132008690,-21.1439,3.9277,2.0824,-23.8921,
600693.SH,东百集团,2002-07-17,1.5503,1.5503,1.5584,1.5275,1.5584,270407,2558645,0.0081,0.5252,9.4622,0.374,691920550.86,N/A,1263323163.3,72300998,0,132008690,-21.2549,3.9483,2.0933,-24.0176,
600693.SH,东百集团,2002-07-18,1.5584,1.5633,1.5812,1.5389,1.5649,289506,2780072,0.0065,0.418,9.6028,0.4004,694812590.78,N/A,1268603510.9,72300998,0,132008690,-21.3437,3.9648,2.1021,-24.118,
600693.SH,东百集团,2002-07-19,1.5649,1.5649,1.5877,1.5633,1.578,291380,2807510,0.013,0.8325,9.6352,0.403,700596670.62,N/A,1279164206.1,72300998,0,132008690,-21.5214,3.9978,2.1195,-24.3188,
600693.SH,东百集团,2002-07-22,1.578,1.5389,1.5633,1.5389,1.547,199203,1898386,-0.0309,-1.9608,9.5299,0.2755,686859481,N/A,1254082555,72300998,0,132008690,-21.0994,3.9194,2.078,-23.842,
600693.SH,东百集团,2002-07-23,1.547,1.547,1.5666,1.5421,1.5584,214206,2042119,0.0114,0.7368,9.5334,0.2963,691920550.86,N/A,1263323163.3,72300998,0,132008690,-21.2549,3.9483,2.0933,-24.0176,
600693.SH,东百集团,2002-07-24,1.5584,1.5584,1.5584,1.5177,1.5291,317767,2987262,-0.0293,-1.8809,9.4008,0.4395,678906371.22,N/A,1239561599.1,72300998,0,132008690,-20.8551,3.874,2.0539,-23.5659,
600693.SH,东百集团,2002-07-25,1.5291,1.5373,1.5373,1.5014,1.5128,254782,2371060,-0.0163,-1.065,9.3062,0.3524,671676271.42,N/A,1226360730.1,72300998,0,132008690,-20.633,3.8328,2.0321,-23.3149,
600693.SH,东百集团,2002-07-26,1.5128,1.5128,1.5242,1.4998,1.5014,147400,1366820,-0.0114,-0.7535,9.2729,0.2039,666615201.56,N/A,1217120121.8,72300998,0,132008690,-20.4776,3.8039,2.0167,-23.1392,
600693.SH,东百集团,2002-07-29,1.5014,1.5014,1.5421,1.5014,1.5389,177179,1667489,0.0375,2.4946,9.4113,0.2451,683244431.1,N/A,1247482120.5,72300998,0,132008690,-20.9884,3.8988,2.0671,-23.7165,
600693.SH,东百集团,2002-07-30,1.5389,1.547,1.5731,1.5275,1.5617,199268,1900965,0.0228,1.4815,9.5397,0.2756,693366570.82,N/A,1265963337.1,72300998,0,132008690,-21.2993,3.9566,2.0977,-24.0678,
600693.SH,东百集团,2002-07-31,1.5617,1.5601,1.5633,1.5291,1.5373,192298,1821122,-0.0244,-1.5641,9.4703,0.266,682521421.12,N/A,1246162033.6,72300998,0,132008690,-20.9662,3.8947,2.0649,-23.6914,
600693.SH,东百集团,2002-08-01,1.5373,1.5356,1.5617,1.521,1.547,171861,1622295,0.0098,0.6356,9.4396,0.2377,686859481,N/A,1254082555,72300998,0,132008690,-21.0994,3.9194,2.078,-23.842,
600693.SH,东百集团,2002-08-02,1.547,1.547,1.5861,1.547,1.5796,381054,3680213,0.0326,2.1053,9.658,0.527,701319680.6,N/A,1280484293,72300998,0,132008690,-21.5436,4.0019,2.1217,-24.3439,
600693.SH,东百集团,2002-08-05,1.5796,1.5763,1.5926,1.5666,1.5715,391600,3805035,-0.0081,-0.5155,9.7166,0.5416,697704630.7,N/A,1273883858.5,72300998,0,132008690,-21.4326,3.9813,2.1108,-24.2184,
600693.SH,东百集团,2002-08-06,1.5715,1.5633,1.5975,1.5552,1.5894,749074,7289016,0.0179,1.1399,9.7307,1.036,705657740.48,N/A,1288404814.4,72300998,0,132008690,-21.6769,4.0267,2.1349,-24.4945,
600693.SH,东百集团,2002-08-07,1.5894,1.5829,1.591,1.5715,1.578,202053,1959600,-0.0114,-0.7172,9.6984,0.2795,700596670.62,N/A,1279164206.1,72300998,0,132008690,-21.5214,3.9978,2.1195,-24.3188,
600693.SH,东百集团,2002-08-08,1.578,1.5763,1.5812,1.5503,1.5519,250400,2405500,-0.0261,-1.6512,9.6066,0.3463,689028510.94,N/A,1258042815.7,72300998,0,132008690,-21.1661,3.9318,2.0846,-23.9172,
600693.SH,东百集团,2002-08-09,1.5519,1.5487,1.5552,1.5275,1.5307,279213,2638406,-0.0212,-1.3641,9.4494,0.3862,679629381.2,N/A,1240881686,72300998,0,132008690,-20.8773,3.8782,2.0561,-23.591,
600693.SH,东百集团,2002-08-12,1.5307,1.5373,1.547,1.5161,1.5405,200617,1887383,0.0098,0.6383,9.4079,0.2775,683967441.08,N/A,1248802207.4,72300998,0,132008690,-21.0106,3.9029,2.0692,-23.7416,
600693.SH,东百集团,2002-08-13,1.5405,1.5324,1.5535,1.5324,1.5405,154410,1461902,0,0,9.4677,0.2136,683967441.08,N/A,1248802207.4,72300998,0,132008690,-21.0106,3.9029,2.0692,-23.7416,
600693.SH,东百集团,2002-08-14,1.5405,1.5552,1.5682,1.5389,1.5617,279610,2673709,0.0212,1.3742,9.5623,0.3867,693366570.82,N/A,1265963337.1,72300998,0,132008690,-21.2993,3.9566,2.0977,-24.0678,
600693.SH,东百集团,2002-08-15,1.5617,1.5633,1.5829,1.5503,1.5796,442640,4265108,0.0179,1.147,9.6356,0.6122,701319680.6,N/A,1280484293,72300998,0,132008690,-21.5436,4.0019,2.1217,-24.3439,
600693.SH,东百集团,2002-08-16,1.5796,1.5861,1.6024,1.5747,1.5926,1414867,13829875,0.013,0.8247,9.7747,1.9569,707103760.44,N/A,1291044988.2,72300998,0,132008690,-21.7213,4.035,2.1392,-24.5447,
600693.SH,东百集团,2002-08-19,1.5926,1.5975,1.5975,1.5519,1.5796,295393,2864920,-0.013,-0.818,9.6987,0.4086,701319680.6,N/A,1280484293,72300998,0,132008690,-21.5436,4.0019,2.1217,-24.3439,
600693.SH,东百集团,2002-08-20,1.5796,1.5796,1.5975,1.5731,1.5926,581124,5678218,0.013,0.8247,9.7711,0.8038,707103760.44,N/A,1291044988.2,72300998,0,132008690,-21.7213,4.035,2.1392,-24.5447,
600693.SH,东百集团,2002-08-21,1.5926,1.5943,1.6105,1.5894,1.5959,446946,4393414,0.0033,0.2045,9.8299,0.6182,708549780.4,N/A,1293685162,72300998,0,132008690,-21.7657,4.0432,2.1436,-24.5949,
600693.SH,东百集团,2002-08-22,1.5959,1.5926,1.604,1.5715,1.5845,615084,6009262,-0.0114,-0.7143,9.7698,0.8507,703488710.54,N/A,1284444553.7,72300998,0,132008690,-21.6103,4.0143,2.1283,-24.4192,
600693.SH,东百集团,2002-08-23,1.5845,1.5845,1.5991,1.5796,1.5877,218521,2131738,0.0033,0.2055,9.7553,0.3022,704934730.5,N/A,1287084727.5,72300998,0,132008690,-21.6547,4.0226,2.1327,-24.4694,
600693.SH,东百集团,2002-08-26,1.5877,1.5796,1.5943,1.5649,1.5731,265050,2564402,-0.0147,-0.9231,9.6752,0.3666,698427640.68,N/A,1275203945.4,72300998,0,132008690,-21.4548,3.9854,2.113,-24.2435,
600693.SH,东百集团,2002-08-27,1.5731,1.604,1.6089,1.5812,1.5943,396241,3888778,0.0212,1.3458,9.8142,0.548,707826770.42,N/A,1292365075.1,72300998,0,132008690,-21.7435,4.0391,2.1414,-24.5698,
600693.SH,东百集团,2002-08-28,1.5943,1.5959,1.6008,1.5698,1.5715,271163,2638133,-0.0228,-1.43,9.729,0.375,697704630.7,N/A,1273883858.5,72300998,0,132008690,-21.4326,3.9813,2.1108,-24.2184,
600693.SH,东百集团,2002-08-29,1.5715,1.5829,1.5926,1.5666,1.5731,219310,2117997,0.0016,0.1036,9.6575,0.3033,698427640.68,N/A,1275203945.4,72300998,0,132008690,-21.4548,3.9854,2.113,-24.2435,
600693.SH,东百集团,2002-08-30,1.5731,1.5682,1.5829,1.5682,1.5812,153849,1486338,0.0081,0.5176,9.661,0.2128,702042690.58,N/A,1281804379.9,72300998,0,132008690,-21.5658,4.0061,2.1239,-24.369,
600693.SH,东百集团,2002-09-02,1.5812,1.5698,1.5926,1.5633,1.5926,105704,1026579,0.0114,0.7209,9.7118,0.1462,707103760.44,N/A,1291044988.2,72300998,0,132008690,-21.7213,4.035,2.1392,-24.5447,
600693.SH,东百集团,2002-09-03,1.5926,1.5926,1.5926,1.5926,1.5926,N/A,N/A,0,0,N/A,N/A,707103760.44,N/A,1291044988.2,72300998,0,132008690,-21.7213,4.035,2.1392,-24.5447,
600693.SH,东百集团,2002-09-04,1.5926,1.5926,1.5926,1.547,1.5487,404578,3864883,-0.044,-2.7607,9.5529,0.5596,687582490.98,N/A,1255402641.9,72300998,0,132008690,-21.1216,3.9236,2.0802,-23.8671,
600693.SH,东百集团,2002-09-05,1.5487,1.547,1.5568,1.5128,1.5145,504000,4721991,-0.0342,-2.2082,9.369,0.6971,672399281.4,N/A,1227680817,72300998,0,132008690,-20.6552,3.8369,2.0342,-23.34,
600693.SH,东百集团,2002-09-06,1.5145,1.5145,1.5291,1.5079,1.5128,200177,1862534,-0.0016,-0.1075,9.3044,0.2769,671676271.42,N/A,1226360730.1,72300998,0,132008690,-20.633,3.8328,2.0321,-23.3149,
600693.SH,东百集团,2002-09-09,1.5128,1.5128,1.521,1.5014,1.5079,158300,1465308,-0.0049,-0.3229,9.2565,0.2189,669507241.48,N/A,1222400469.4,72300998,0,132008690,-20.5664,3.8204,2.0255,-23.2396,
600693.SH,东百集团,2002-09-10,1.5079,1.5079,1.5177,1.5079,1.5128,60200,559006,0.0049,0.324,9.2858,0.0833,671676271.42,N/A,1226360730.1,72300998,0,132008690,-20.633,3.8328,2.0321,-23.3149,
600693.SH,东百集团,2002-09-11,1.5128,1.5145,1.5145,1.4737,1.4884,230987,2114201,-0.0244,-1.6146,9.1529,0.3195,660831121.72,N/A,1206559426.6,72300998,0,132008690,-20.2999,3.7709,1.9992,-22.9385,
600693.SH,东百集团,2002-09-12,1.4884,1.4917,1.5063,1.4819,1.4982,125518,1150675,0.0098,0.6565,9.1674,0.1736,665169181.6,N/A,1214479948,72300998,0,132008690,-20.4331,3.7957,2.0124,-23.089,
600693.SH,东百集团,2002-09-13,1.4982,1.4982,1.5063,1.4851,1.4884,131565,1204517,-0.0098,-0.6522,9.1553,0.182,660831121.72,N/A,1206559426.6,72300998,0,132008690,-20.2999,3.7709,1.9992,-22.9385,
600693.SH,东百集团,2002-09-16,1.4884,1.4737,1.4917,1.4461,1.4607,309550,2778452,-0.0277,-1.86,8.9758,0.4281,648539952.06,N/A,1184117949.3,72300998,0,132008690,-19.9223,3.7008,1.9621,-22.5118,
600693.SH,东百集团,2002-09-17,1.4607,1.4623,1.477,1.4542,1.4672,133568,1200962,0.0065,0.4459,8.9914,0.1847,651431991.98,N/A,1189398296.9,72300998,0,132008690,-20.0112,3.7173,1.9708,-22.6122,
600693.SH,东百集团,2002-09-18,1.4672,1.4656,1.4721,1.4542,1.4607,92445,831601,-0.0065,-0.444,8.9956,0.1279,648539952.06,N/A,1184117949.3,72300998,0,132008690,-19.9223,3.7008,1.9621,-22.5118,
600693.SH,东百集团,2002-09-19,1.4607,1.464,1.49,1.4379,1.4851,192066,1727354,0.0244,1.6722,8.9935,0.2656,659385101.76,N/A,1203919252.8,72300998,0,132008690,-20.2555,3.7627,1.9949,-22.8883,
600693.SH,东百集团,2002-09-20,1.4851,1.4672,1.4933,1.4623,1.4835,104971,954324,-0.0016,-0.1096,9.0913,0.1452,658662091.78,N/A,1202599165.9,72300998,0,132008690,-20.2333,3.7585,1.9927,-22.8632,
600693.SH,东百集团,2002-09-23,1.4835,1.4819,1.4851,1.4705,1.4803,161852,1469050,-0.0033,-0.2195,9.0765,0.2239,657216071.82,N/A,1199958992.1,72300998,0,132008690,-20.1888,3.7503,1.9883,-22.813,
600693.SH,东百集团,2002-09-24,1.4803,1.4819,1.4933,1.4819,1.4933,225941,2066369,0.013,0.8801,9.1456,0.3125,663000151.66,N/A,1210519687.3,72300998,0,132008690,-20.3665,3.7833,2.0058,-23.0138,
600693.SH,东百集团,2002-09-25,1.4933,1.4965,1.5047,1.49,1.4965,351944,3231876,0.0033,0.2181,9.1829,0.4868,664446171.62,N/A,1213159861.1,72300998,0,132008690,-20.4109,3.7915,2.0102,-23.064,
600693.SH,东百集团,2002-09-26,1.4965,1.5014,1.5145,1.4656,1.4689,431348,3924143,-0.0277,-1.8498,9.0974,0.5966,652155001.96,N/A,1190718383.8,72300998,0,132008690,-20.0334,3.7214,1.973,-22.6373,
600693.SH,东百集团,2002-09-27,1.4689,1.4493,1.477,1.4379,1.4623,129740,1166651,-0.0065,-0.4435,8.9922,0.1794,649262962.04,N/A,1185438036.2,72300998,0,132008690,-19.9445,3.7049,1.9642,-22.5369,
600693.SH,东百集团,2002-10-08,1.4623,1.4493,1.4623,1.4444,1.4575,46700,417249,-0.0049,-0.3341,8.9347,0.0646,647093932.1,N/A,1181477775.5,72300998,0,132008690,-19.8779,3.6925,1.9577,-22.4616,
600693.SH,东百集团,2002-10-09,1.4575,1.4575,1.4575,1.3598,1.3679,380800,3298388,-0.0896,-6.1453,8.6617,0.5267,607328383.2,N/A,1108872996,72300998,0,132008690,-18.6563,3.4656,1.8374,-21.0813,
600693.SH,东百集团,2002-10-10,1.3679,1.3695,1.3809,1.3467,1.35,208000,1742137,-0.0179,-1.3095,8.3757,0.2877,599375273.42,N/A,1094352040.1,72300998,0,132008690,-18.412,3.4202,1.8133,-20.8052,
600693.SH,东百集团,2002-10-11,1.35,1.35,1.376,1.3435,1.3516,244400,2037623,0.0016,0.1206,8.3372,0.338,600098283.4,N/A,1095672127,72300998,0,132008690,-18.4342,3.4243,1.8155,-20.8303,
600693.SH,东百集团,2002-10-14,1.3516,1.3516,1.3646,1.3321,1.3581,136569,1129756,0.0065,0.4819,8.2724,0.1889,602990323.32,N/A,1100952474.6,72300998,0,132008690,-18.5231,3.4408,1.8243,-20.9307,
600693.SH,东百集团,2002-10-15,1.3581,1.3728,1.3728,1.3484,1.3549,71241,593044,-0.0033,-0.2398,8.3245,0.0985,601544303.36,N/A,1098312300.8,72300998,0,132008690,-18.4787,3.4326,1.8199,-20.8805,
600693.SH,东百集团,2002-10-16,1.3549,1.3581,1.3777,1.3581,1.3581,183982,1543421,0.0033,0.2404,8.389,0.2545,602990323.32,N/A,1100952474.6,72300998,0,132008690,-18.5231,3.4408,1.8243,-20.9307,
600693.SH,东百集团,2002-10-17,1.3581,1.3516,1.3614,1.2995,1.3028,255001,2059144,-0.0554,-4.0767,8.075,0.3527,578407984,N/A,1056069520,72300998,0,132008690,-17.7679,3.3006,1.7499,-20.0774,
600693.SH,东百集团,2002-10-18,1.3028,1.3044,1.3288,1.2865,1.3272,273571,2198225,0.0244,1.875,8.0353,0.3784,589253133.7,N/A,1075870823.5,72300998,0,132008690,-18.1011,3.3625,1.7827,-20.4539,
600693.SH,东百集团,2002-10-21,1.3272,1.3272,1.3337,1.319,1.3321,89956,732434,0.0049,0.3681,8.1421,0.1244,591422163.64,N/A,1079831084.2,72300998,0,132008690,-18.1677,3.3748,1.7893,-20.5292,
600693.SH,东百集团,2002-10-22,1.3321,1.3321,1.3744,1.3272,1.3679,290603,2416775,0.0358,2.6895,8.3164,0.4019,607328383.2,N/A,1108872996,72300998,0,132008690,-18.6563,3.4656,1.8374,-21.0813,
600693.SH,东百集团,2002-10-23,1.3679,1.3809,1.4005,1.376,1.3874,824956,7023107,0.0195,1.4286,8.5133,1.141,616004502.96,N/A,1124714038.8,72300998,0,132008690,-18.9229,3.5151,1.8636,-21.3825,
600693.SH,东百集团,2002-10-24,1.3874,1.3874,1.3874,1.3663,1.3663,153200,1289996,-0.0212,-1.5258,8.4203,0.2119,606605373.22,N/A,1107552909.1,72300998,0,132008690,-18.6341,3.4615,1.8352,-21.0562,
600693.SH,东百集团,2002-10-25,1.3663,1.3353,1.3809,1.3353,1.3435,130390,1083964,-0.0228,-1.6687,8.3132,0.1803,596483233.5,N/A,1089071692.5,72300998,0,132008690,-18.3232,3.4037,1.8046,-20.7049,
600693.SH,东百集团,2002-10-28,1.3435,1.3435,1.3435,1.3435,1.3435,N/A,N/A,0,0,N/A,N/A,596483233.5,N/A,1089071692.5,72300998,0,132008690,-18.3232,3.4037,1.8046,-20.7049,
600693.SH,东百集团,2002-10-29,1.3435,1.3353,1.3467,1.3028,1.3418,263855,2128498,-0.0016,-0.1212,8.0669,0.3649,595760223.52,N/A,1087751605.6,72300998,0,132008690,-18.301,3.3996,1.8024,-20.6798,
600693.SH,东百集团,2002-10-30,1.3418,1.3223,1.3418,1.3109,1.3272,168850,1374564,-0.0147,-1.0922,8.1407,0.2335,589253133.7,N/A,1075870823.5,72300998,0,132008690,-18.1011,3.3625,1.7827,-20.4539,
600693.SH,东百集团,2002-10-31,1.3272,1.3435,1.35,1.319,1.3272,144009,1177195,0,0,8.1745,0.1992,589253133.7,N/A,1075870823.5,72300998,0,132008690,-18.1011,3.3625,1.7827,-20.4539,
600693.SH,东百集团,2002-11-01,1.3272,1.3142,1.3353,1.3142,1.3321,75341,611580,0.0049,0.3681,8.1175,0.1042,591422163.64,N/A,1079831084.2,72300998,0,132008690,-18.1677,3.3748,1.7893,-20.5292,
600693.SH,东百集团,2002-11-04,1.3321,1.3418,1.3614,1.3321,1.35,192880,1587048,0.0179,1.3447,8.2282,0.2668,599375273.42,N/A,1094352040.1,72300998,0,132008690,-18.412,3.4202,1.8133,-20.8052,
600693.SH,东百集团,2002-11-05,1.35,1.3549,1.3842,1.3549,1.3744,424521,3576896,0.0244,1.8094,8.4257,0.5872,610220423.12,N/A,1114153343.6,72300998,0,132008690,-18.7452,3.4821,1.8461,-21.1817,
600693.SH,东百集团,2002-11-06,1.3744,1.3744,1.3744,1.3581,1.3581,242309,2030003,-0.0163,-1.1848,8.3777,0.3351,602990323.32,N/A,1100952474.6,72300998,0,132008690,-18.5231,3.4408,1.8243,-20.9307,
600693.SH,东百集团,2002-11-07,1.3581,1.3532,1.3695,1.35,1.3581,496546,4132191,0,0,8.3219,0.6868,602990323.32,N/A,1100952474.6,72300998,0,132008690,-18.5231,3.4408,1.8243,-20.9307,
600693.SH,东百集团,2002-11-08,1.3581,1.3842,1.3907,1.3028,1.306,561021,4587252,-0.0521,-3.8369,8.1766,0.776,579854003.96,N/A,1058709693.8,72300998,0,132008690,-17.8124,3.3088,1.7543,-20.1276,
600693.SH,东百集团,2002-11-11,1.306,1.3076,1.3207,1.2946,1.2962,164050,1314385,-0.0098,-0.7481,8.0121,0.2269,575515944.08,N/A,1050789172.4,72300998,0,132008690,-17.6791,3.2841,1.7411,-19.977,
600693.SH,东百集团,2002-11-12,1.2962,1.306,1.306,1.2311,1.236,511784,3947784,-0.0603,-4.6482,7.7138,0.7079,548764574.82,N/A,1001945957.1,72300998,0,132008690,-16.8573,3.1314,1.6602,-19.0485,
600693.SH,东百集团,2002-11-13,1.236,1.2246,1.2506,1.2181,1.2458,370280,2798466,0.0098,0.7905,7.5577,0.5121,553102634.7,N/A,1009866478.5,72300998,0,132008690,-16.9906,3.1562,1.6733,-19.199,
600693.SH,东百集团,2002-11-14,1.2458,1.2506,1.2539,1.2067,1.2132,283001,2148955,-0.0326,-2.6144,7.5935,0.3914,538642435.1,N/A,983464740.5,72300998,0,132008690,-16.5464,3.0737,1.6296,-18.6971,
600693.SH,东百集团,2002-11-15,1.2132,1.2051,1.2392,1.2051,1.2165,269820,2025912,0.0033,0.2685,7.5084,0.3732,540088455.06,N/A,986104914.3,72300998,0,132008690,-16.5908,3.0819,1.634,-18.7473,
600693.SH,东百集团,2002-11-18,1.2165,1.2213,1.223,1.1725,1.1823,236140,1728519,-0.0342,-2.8112,7.3199,0.3266,524905245.48,N/A,958383089.4,72300998,0,132008690,-16.1244,2.9953,1.588,-18.2203,
600693.SH,东百集团,2002-11-19,1.1823,1.1806,1.2132,1.1741,1.2099,251099,1834274,0.0277,2.3416,7.305,0.3473,537196415.14,N/A,980824566.7,72300998,0,132008690,-16.502,3.0654,1.6252,-18.6469,
600693.SH,东百集团,2002-11-20,1.2099,1.2051,1.2051,1.1611,1.1611,207350,1492872,-0.0489,-4.0377,7.1998,0.2868,515506115.74,N/A,941221959.7,72300998,0,132008690,-15.8357,2.9416,1.5596,-17.894,
600693.SH,东百集团,2002-11-21,1.1611,1.1562,1.1562,1.1204,1.1236,305700,2132835,-0.0375,-3.2258,6.9769,0.4228,498876886.2,N/A,910859961,72300998,0,132008690,-15.3249,2.8467,1.5093,-17.3168,
600693.SH,东百集团,2002-11-22,1.1236,1.1513,1.1546,1.0911,1.1301,267534,1855849,0.0065,0.5797,6.9369,0.37,501768926.12,N/A,916140308.6,72300998,0,132008690,-15.4137,2.8632,1.518,-17.4172,
600693.SH,东百集团,2002-11-25,1.1301,1.1367,1.1448,1.1155,1.1383,135016,939301,0.0081,0.7205,6.957,0.1867,505383976.02,N/A,922740743.1,72300998,0,132008690,-15.5247,2.8839,1.529,-17.5427,
600693.SH,东百集团,2002-11-26,1.1383,1.1432,1.1546,1.1057,1.1057,181085,1250014,-0.0326,-2.8612,6.9029,0.2505,490923776.42,N/A,896339005.1,72300998,0,132008690,-15.0805,2.8014,1.4852,-17.0407,
600693.SH,东百集团,2002-11-27,1.1057,1.1057,1.1334,1.0911,1.1253,349610,2388738,0.0195,1.7673,6.8326,0.4835,499599896.18,N/A,912180047.9,72300998,0,132008690,-15.3471,2.8509,1.5115,-17.3419,
600693.SH,东百集团,2002-11-28,1.1253,1.1236,1.1725,1.1155,1.1709,465597,3280259,0.0456,4.0521,7.0453,0.644,519844175.62,N/A,949142481.1,72300998,0,132008690,-15.9689,2.9664,1.5727,-18.0446,
600693.SH,东百集团,2002-11-29,1.1709,1.1709,1.2034,1.1562,1.1855,559608,4067362,0.0147,1.2517,7.2682,0.774,526351265.44,N/A,961023263.2,72300998,0,132008690,-16.1688,3.0035,1.5924,-18.2705,
600693.SH,东百集团,2002-12-02,1.1855,1.1692,1.1839,1.1415,1.1448,294967,2094579,-0.0407,-3.4341,7.1011,0.408,508276015.94,N/A,928021090.7,72300998,0,132008690,-15.6136,2.9004,1.5377,-17.643,
600693.SH,东百集团,2002-12-03,1.1448,1.1432,1.1627,1.1318,1.1627,176427,1250284,0.0179,1.5647,7.0867,0.244,516229125.72,N/A,942542046.6,72300998,0,132008690,-15.8579,2.9458,1.5618,-17.9191,
600693.SH,东百集团,2002-12-04,1.1627,1.1643,1.1953,1.1562,1.1774,201600,1461257,0.0147,1.2605,7.2483,0.2788,522736215.54,N/A,954422828.7,72300998,0,132008690,-16.0578,2.9829,1.5815,-18.145,
600693.SH,东百集团,2002-12-05,1.1774,1.1725,1.1741,1.1497,1.1643,169544,1209603,-0.013,-1.1065,7.1344,0.2345,516952135.7,N/A,943862133.5,72300998,0,132008690,-15.8801,2.9499,1.564,-17.9442,
600693.SH,东百集团,2002-12-06,1.1643,1.1643,1.179,1.1432,1.1546,144100,1028055,-0.0098,-0.8392,7.1343,0.1993,512614075.82,N/A,935941612.1,72300998,0,132008690,-15.7468,2.9251,1.5508,-17.7936,
600693.SH,东百集团,2002-12-09,1.1546,1.166,1.166,1.1481,1.1529,87020,618285,-0.0016,-0.141,7.1051,0.1204,511891065.84,N/A,934621525.2,72300998,0,132008690,-15.7246,2.921,1.5486,-17.7685,
600693.SH,东百集团,2002-12-10,1.1529,1.1529,1.1627,1.1367,1.1432,213600,1506129,-0.0098,-0.8475,7.0512,0.2954,507553005.96,N/A,926701003.8,72300998,0,132008690,-15.5914,2.8963,1.5355,-17.6179,
600693.SH,东百集团,2002-12-11,1.1432,1.1399,1.1481,1.1187,1.1383,180415,1252145,-0.0049,-0.4274,6.9404,0.2495,505383976.02,N/A,922740743.1,72300998,0,132008690,-15.5247,2.8839,1.529,-17.5427,
600693.SH,东百集团,2002-12-12,1.1383,1.1367,1.1562,1.1318,1.1497,237374,1674337,0.0114,1.0014,7.0536,0.3283,510445045.88,N/A,931981351.4,72300998,0,132008690,-15.6802,2.9128,1.5443,-17.7183,
600693.SH,东百集团,2002-12-13,1.1497,1.1448,1.1871,1.1318,1.1823,271205,1936197,0.0326,2.8329,7.1392,0.3751,524905245.48,N/A,958383089.4,72300998,0,132008690,-16.1244,2.9953,1.588,-18.2203,
600693.SH,东百集团,2002-12-16,1.1823,1.1839,1.1969,1.1757,1.1888,199430,1455297,0.0065,0.551,7.2973,0.2758,527797285.4,N/A,963663437,72300998,0,132008690,-16.2133,3.0118,1.5968,-18.3207,
600693.SH,东百集团,2002-12-17,1.1888,1.1888,1.2132,1.1806,1.2099,376415,2760440,0.0212,1.7808,7.3335,0.5206,537196415.14,N/A,980824566.7,72300998,0,132008690,-16.502,3.0654,1.6252,-18.6469,
600693.SH,东百集团,2002-12-18,1.2099,1.2018,1.2132,1.1953,1.2002,338559,2500631,-0.0098,-0.8075,7.3861,0.4683,532858355.26,N/A,972904045.3,72300998,0,132008690,-16.3687,3.0407,1.6121,-18.4963,
600693.SH,东百集团,2002-12-19,1.2002,1.1969,1.2051,1.1904,1.1985,226069,1659942,-0.0016,-0.1357,7.3426,0.3127,532135345.28,N/A,971583958.4,72300998,0,132008690,-16.3465,3.0365,1.6099,-18.4712,
600693.SH,东百集团,2002-12-20,1.1985,1.1937,1.2181,1.1855,1.2132,277666,2053500,0.0147,1.2228,7.3956,0.384,538642435.1,N/A,983464740.5,72300998,0,132008690,-16.5464,3.0737,1.6296,-18.6971,
600693.SH,东百集团,2002-12-23,1.2132,1.2132,1.2441,1.1969,1.223,496904,3715848,0.0098,0.8054,7.478,0.6873,542980494.98,N/A,991385261.9,72300998,0,132008690,-16.6797,3.0984,1.6427,-18.8477,
600693.SH,东百集团,2002-12-24,1.223,1.2083,1.2425,1.2067,1.2344,358115,2684025,0.0114,0.9321,7.4949,0.4953,548041564.84,N/A,1000625870.2,72300998,0,132008690,-16.8351,3.1273,1.658,-19.0234,
600693.SH,东百集团,2002-12-25,1.2344,1.2441,1.2604,1.2148,1.2197,239149,1818179,-0.0147,-1.1873,7.6027,0.3308,541534475.02,N/A,988745088.1,72300998,0,132008690,-16.6352,3.0902,1.6383,-18.7975,
600693.SH,东百集团,2002-12-26,1.2197,1.2132,1.2165,1.1562,1.1595,240388,1746973,-0.0603,-4.9399,7.2673,0.3325,514783105.76,N/A,939901872.8,72300998,0,132008690,-15.8135,2.9375,1.5574,-17.8689,
600693.SH,东百集团,2002-12-27,1.1595,1.1562,1.192,1.1415,1.1855,330902,2370282,0.0261,2.2472,7.1631,0.4577,526351265.44,N/A,961023263.2,72300998,0,132008690,-16.1688,3.0035,1.5924,-18.2705,
600693.SH,东百集团,2002-12-30,1.1855,1.1725,1.2051,1.1578,1.1611,435317,3151731,-0.0244,-2.0604,7.2401,0.6021,515506115.74,N/A,941221959.7,72300998,0,132008690,-15.8357,2.9416,1.5596,-17.894,
600693.SH,东百集团,2002-12-31,1.1611,1.1562,1.1823,1.1318,1.1334,157080,1113008,-0.0277,-2.3843,7.0856,0.2173,503214946.08,N/A,918780482.4,72300998,0,132008690,-15.4581,2.8715,1.5224,-17.4674,
600693.SH,东百集团,2003-01-02,1.1334,1.1318,1.1595,1.1236,1.1529,311330,2182362,0.0195,1.7241,7.0098,0.4306,511891065.84,N/A,934621525.2,72300998,0,132008690,45.0084,2.7421,2.6274,46.9361,
600693.SH,东百集团,2003-01-03,1.1529,1.1529,1.1839,1.1529,1.1774,419650,3025772,0.0244,2.1186,7.2102,0.5804,522736215.54,N/A,954422828.7,72300998,0,132008690,45.962,2.8002,2.683,47.9305,
600693.SH,东百集团,2003-01-06,1.1774,1.1774,1.2051,1.166,1.2018,297533,2170651,0.0244,2.0747,7.2955,0.4115,533581365.24,N/A,974224132.2,72300998,0,132008690,46.9155,2.8583,2.7387,48.9249,
600693.SH,东百集团,2003-01-07,1.2018,1.2034,1.2132,1.1725,1.1806,257800,1889454,-0.0212,-1.7615,7.3291,0.3566,524182235.5,N/A,957063002.5,72300998,0,132008690,46.0891,2.8079,2.6905,48.0631,
600693.SH,东百集团,2003-01-08,1.1806,1.166,1.2116,1.1497,1.2099,289374,2116450,0.0293,2.4828,7.3139,0.4002,537196415.14,N/A,980824566.7,72300998,0,132008690,47.2334,2.8777,2.7573,49.2564,
600693.SH,东百集团,2003-01-09,1.2099,1.2099,1.2458,1.1969,1.2344,728781,5465719,0.0244,2.0188,7.4998,1.008,548041564.84,N/A,1000625870.2,72300998,0,132008690,48.187,2.9358,2.8129,50.2508,
600693.SH,东百集团,2003-01-10,1.2344,1.2458,1.2458,1.2132,1.2165,913152,6893103,-0.0179,-1.4512,7.5487,1.263,540088455.06,N/A,986104914.3,72300998,0,132008690,47.4877,2.8931,2.7721,49.5215,
600693.SH,东百集团,2003-01-13,1.2165,1.2116,1.262,1.2116,1.262,907845,6913115,0.0456,3.7483,7.6149,1.2556,560332734.5,N/A,1023067347.5,72300998,0,132008690,49.2677,3.0016,2.876,51.3778,
600693.SH,东百集团,2003-01-14,1.262,1.262,1.3353,1.2392,1.3028,2117095,16843386,0.0407,3.2258,7.9559,2.9282,578407984,N/A,1056069520,72300998,0,132008690,50.857,3.0984,2.9688,53.0351,
600693.SH,东百集团,2003-01-15,1.3028,1.3044,1.3435,1.2881,1.3093,2326500,18778490,0.0065,0.5,8.0716,3.2178,581300023.92,N/A,1061349867.6,72300998,0,132008690,51.1112,3.1139,2.9836,53.3003,
600693.SH,东百集团,2003-01-16,1.3093,1.3109,1.3337,1.3028,1.3288,1113015,8984185,0.0195,1.4925,8.0719,1.5394,589976143.68,N/A,1077190910.4,72300998,0,132008690,51.8741,3.1604,3.0282,54.0958,
600693.SH,东百集团,2003-01-17,1.3288,1.3321,1.3321,1.3011,1.3109,995928,8024226,-0.0179,-1.348,8.057,1.3775,582023033.9,N/A,1062669954.5,72300998,0,132008690,51.1748,3.1178,2.9873,53.3666,
600693.SH,东百集团,2003-01-20,1.3109,1.3028,1.3109,1.28,1.3076,613198,4872543,-0.0033,-0.2484,7.9461,0.8481,580577013.94,N/A,1060029780.7,72300998,0,132008690,51.0477,3.11,2.9799,53.234,
600693.SH,东百集团,2003-01-21,1.3076,1.3011,1.3239,1.2946,1.306,1353168,10886884,-0.0016,-0.1245,8.0455,1.8716,579854003.96,N/A,1058709693.8,72300998,0,132008690,50.9841,3.1062,2.9762,53.1677,
600693.SH,东百集团,2003-01-22,1.306,1.2767,1.35,1.2767,1.3386,610428,4977476,0.0326,2.4938,8.1541,0.8443,594314203.56,N/A,1085111431.8,72300998,0,132008690,52.2555,3.1836,3.0504,54.4936,
600693.SH,东百集团,2003-01-23,1.3386,1.3435,1.3467,1.306,1.3125,447285,3641493,-0.0261,-1.9465,8.1413,0.6186,582746043.88,N/A,1063990041.4,72300998,0,132008690,51.2384,3.1217,2.9911,53.4329,
600693.SH,东百集团,2003-01-24,1.3125,1.3044,1.3321,1.3044,1.3321,296984,2407773,0.0195,1.4888,8.1074,0.4108,591422163.64,N/A,1079831084.2,72300998,0,132008690,52.0012,3.1681,3.0356,54.2284,
600693.SH,东百集团,2003-01-27,1.3321,1.3044,1.3549,1.3044,1.3516,468470,3853897,0.0195,1.467,8.2266,0.6479,600098283.4,N/A,1095672127,72300998,0,132008690,52.7641,3.2146,3.0801,55.0239,
600693.SH,东百集团,2003-01-28,1.3516,1.3598,1.3598,1.3386,1.3581,296645,2461362,0.0065,0.4819,8.2973,0.4103,602990323.32,N/A,1100952474.6,72300998,0,132008690,53.0184,3.2301,3.095,55.2891,
600693.SH,东百集团,2003-01-29,1.3581,1.3451,1.3516,1.3288,1.337,332772,2732567,-0.0212,-1.5588,8.2115,0.4603,593591193.58,N/A,1083791344.9,72300998,0,132008690,52.192,3.1798,3.0467,54.4273,
600693.SH,东百集团,2003-02-10,1.337,1.3256,1.3256,1.2995,1.3028,205300,1655962,-0.0342,-2.5579,8.0661,0.284,578407984,N/A,1056069520,72300998,0,132008690,50.857,3.0984,2.9688,53.0351,
600693.SH,东百集团,2003-02-11,1.3028,1.2946,1.3207,1.2914,1.3174,157113,1256679,0.0147,1.125,7.9986,0.2173,584915073.82,N/A,1067950302.1,72300998,0,132008690,51.4291,3.1333,3.0022,53.6317,
600693.SH,东百集团,2003-02-12,1.3174,1.3125,1.3353,1.3044,1.3304,230106,1867055,0.013,0.9889,8.1139,0.3183,590699153.66,N/A,1078510997.3,72300998,0,132008690,51.9377,3.1643,3.0319,54.1621,
600693.SH,东百集团,2003-02-13,1.3304,1.3304,1.3484,1.319,1.319,240600,1971717,-0.0114,-0.8568,8.195,0.3328,585638083.8,N/A,1069270389,72300998,0,132008690,51.4927,3.1371,3.0059,53.698,
600693.SH,东百集团,2003-02-14,1.319,1.319,1.3288,1.306,1.3239,162002,1316386,0.0049,0.3704,8.1257,0.2241,587807113.74,N/A,1073230649.7,72300998,0,132008690,51.6834,3.1488,3.017,53.8969,
600693.SH,东百集团,2003-02-17,1.3239,1.3272,1.3435,1.3142,1.3256,236293,1924389,0.0016,0.123,8.1441,0.3268,588530123.72,N/A,1074550736.6,72300998,0,132008690,51.747,3.1526,3.0207,53.9632,
600693.SH,东百集团,2003-02-18,1.3256,1.3386,1.3386,1.3125,1.3256,103423,838472,0,0,8.1072,0.143,588530123.72,N/A,1074550736.6,72300998,0,132008690,51.747,3.1526,3.0207,53.9632,
600693.SH,东百集团,2003-02-19,1.3256,1.3321,1.3353,1.3158,1.3337,148279,1205050,0.0081,0.6143,8.1269,0.2051,592145173.62,N/A,1081151171.1,72300998,0,132008690,52.0648,3.172,3.0393,54.2947,
600693.SH,东百集团,2003-02-20,1.3337,1.3337,1.3516,1.3337,1.3418,269889,2224615,0.0081,0.6105,8.2427,0.3733,595760223.52,N/A,1087751605.6,72300998,0,132008690,52.3827,3.1914,3.0579,54.6262,
600693.SH,东百集团,2003-02-21,1.3418,1.3418,1.3418,1.2995,1.3028,273900,2206129,-0.0391,-2.9126,8.0545,0.3788,578407984,N/A,1056069520,72300998,0,132008690,50.857,3.0984,2.9688,53.0351,
600693.SH,东百集团,2003-02-24,1.3028,1.2995,1.3125,1.2995,1.3109,242203,1942410,0.0081,0.625,8.0198,0.335,582023033.9,N/A,1062669954.5,72300998,0,132008690,51.1748,3.1178,2.9873,53.3666,
600693.SH,东百集团,2003-02-25,1.3109,1.3125,1.3418,1.3109,1.3256,266008,2166320,0.0147,1.118,8.1438,0.3679,588530123.72,N/A,1074550736.6,72300998,0,132008690,51.747,3.1526,3.0207,53.9632,
600693.SH,东百集团,2003-02-26,1.3256,1.3386,1.3386,1.3158,1.3272,160540,1303869,0.0016,0.1229,8.1218,0.222,589253133.7,N/A,1075870823.5,72300998,0,132008690,51.8105,3.1565,3.0245,54.0295,
600693.SH,东百集团,2003-02-27,1.3272,1.3272,1.3321,1.3125,1.3223,197600,1605564,-0.0049,-0.3681,8.1253,0.2733,587084103.76,N/A,1071910562.8,72300998,0,132008690,51.6198,3.1449,3.0133,53.8306,
600693.SH,东百集团,2003-02-28,1.3223,1.3158,1.3207,1.2881,1.3093,307376,2467131,-0.013,-0.9852,8.0264,0.4251,581300023.92,N/A,1061349867.6,72300998,0,132008690,51.1112,3.1139,2.9836,53.3003,
600693.SH,东百集团,2003-03-03,1.3093,1.3028,1.3174,1.2979,1.3158,247427,1983577,0.0065,0.4975,8.0168,0.3422,584192063.84,N/A,1066630215.2,72300998,0,132008690,51.3655,3.1294,2.9985,53.5655,
600693.SH,东百集团,2003-03-04,1.3158,1.319,1.3321,1.3125,1.3288,260575,2114780,0.013,0.9901,8.1158,0.3604,589976143.68,N/A,1077190910.4,72300998,0,132008690,51.8741,3.1604,3.0282,54.0958,
600693.SH,东百集团,2003-03-05,1.3288,1.3288,1.3386,1.3125,1.3256,274401,2236932,-0.0033,-0.2451,8.1521,0.3795,588530123.72,N/A,1074550736.6,72300998,0,132008690,51.747,3.1526,3.0207,53.9632,
600693.SH,东百集团,2003-03-06,1.3256,1.3223,1.3223,1.2946,1.3028,378500,3031368,-0.0228,-1.7199,8.0089,0.5235,578407984,N/A,1056069520,72300998,0,132008690,50.857,3.0984,2.9688,53.0351,
600693.SH,东百集团,2003-03-07,1.3028,1.306,1.306,1.2962,1.2962,256100,2047081,-0.0065,-0.5,7.9933,0.3542,575515944.08,N/A,1050789172.4,72300998,0,132008690,50.6027,3.0829,2.9539,52.7699,
600693.SH,东百集团,2003-03-10,1.2962,1.2962,1.2962,1.2425,1.2474,344600,2673990,-0.0489,-3.7688,7.7597,0.4766,553825644.68,N/A,1011186565.4,72300998,0,132008690,48.6955,2.9667,2.8426,50.7811,
600693.SH,东百集团,2003-03-11,1.2474,1.2539,1.2539,1.2344,1.2425,185001,1410785,-0.0049,-0.3916,7.6258,0.2559,551656614.74,N/A,1007226304.7,72300998,0,132008690,48.5048,2.9551,2.8315,50.5822,
600693.SH,东百集团,2003-03-12,1.2425,1.2392,1.2425,1.2262,1.2425,159532,1209976,0,0,7.5845,0.2206,551656614.74,N/A,1007226304.7,72300998,0,132008690,48.5048,2.9551,2.8315,50.5822,
600693.SH,东百集团,2003-03-13,1.2425,1.2539,1.2539,1.223,1.2246,258355,1958784,-0.0179,-1.4417,7.5818,0.3573,543703504.96,N/A,992705348.8,72300998,0,132008690,47.8055,2.9125,2.7907,49.853,
600693.SH,东百集团,2003-03-14,1.2246,1.2295,1.2425,1.2051,1.2409,456915,3425387,0.0163,1.3298,7.4968,0.632,550933604.76,N/A,1005906217.8,72300998,0,132008690,48.4413,2.9512,2.8278,50.5159,
600693.SH,东百集团,2003-03-17,1.2409,1.2409,1.2686,1.2295,1.2425,563317,4331373,0.0016,0.1312,7.6891,0.7791,551656614.74,N/A,1007226304.7,72300998,0,132008690,48.5048,2.9551,2.8315,50.5822,
600693.SH,东百集团,2003-03-18,1.2425,1.2425,1.2669,1.2295,1.2327,313250,2408128,-0.0098,-0.7864,7.6876,0.4333,547318554.86,N/A,999305783.3,72300998,0,132008690,48.1234,2.9319,2.8092,50.1845,
600693.SH,东百集团,2003-03-19,1.2327,1.223,1.2637,1.2034,1.2344,227800,1736518,0.0016,0.1321,7.623,0.3151,548041564.84,N/A,1000625870.2,72300998,0,132008690,48.187,2.9358,2.8129,50.2508,
600693.SH,东百集团,2003-03-20,1.2344,1.2539,1.2539,1.2213,1.2262,103600,782294,-0.0081,-0.6596,7.5511,0.1433,544426514.94,N/A,994025435.7,72300998,0,132008690,47.8691,2.9164,2.7944,49.9193,
600693.SH,东百集团,2003-03-21,1.2262,1.223,1.236,1.223,1.2278,98003,740691,0.0016,0.1328,7.5578,0.1355,545149524.92,N/A,995345522.6,72300998,0,132008690,47.9327,2.9203,2.7981,49.9856,
600693.SH,东百集团,2003-03-24,1.2278,1.2295,1.2376,1.2067,1.2262,169823,1270957,-0.0016,-0.1326,7.484,0.2349,544426514.94,N/A,994025435.7,72300998,0,132008690,47.8691,2.9164,2.7944,49.9193,
600693.SH,东百集团,2003-03-25,1.2262,1.2262,1.2262,1.1904,1.2034,326800,2420585,-0.0228,-1.8592,7.4069,0.452,534304375.22,N/A,975544219.1,72300998,0,132008690,46.9791,2.8622,2.7424,48.9912,
600693.SH,东百集团,2003-03-26,1.2034,1.2165,1.2165,1.1871,1.1904,157500,1152697,-0.013,-1.0825,7.3187,0.2178,528520295.38,N/A,964983523.9,72300998,0,132008690,46.4705,2.8312,2.7127,48.4608,
600693.SH,东百集团,2003-03-27,1.1904,1.1904,1.236,1.1806,1.2213,531450,3908953,0.0309,2.5992,7.3553,0.7351,542257485,N/A,990065175,72300998,0,132008690,47.6784,2.9048,2.7832,49.7204,
600693.SH,东百集团,2003-03-28,1.2213,1.2213,1.2441,1.2018,1.2051,513200,3874186,-0.0163,-1.3333,7.5491,0.7098,535027385.2,N/A,976864306,72300998,0,132008690,47.0427,2.866,2.7461,49.0575,
600693.SH,东百集团,2003-03-31,1.2051,1.2051,1.236,1.1888,1.2327,1918084,14103308,0.0277,2.2973,7.3528,2.6529,547318554.86,N/A,999305783.3,72300998,0,132008690,48.1234,2.9319,2.8092,50.1845,
600693.SH,东百集团,2003-04-01,1.2327,1.2213,1.2588,1.2148,1.2474,1724954,13036670,0.0147,1.1889,7.5577,2.3858,553825644.68,N/A,1011186565.4,72300998,0,132008690,48.6955,2.9667,2.8426,50.7811,
600693.SH,东百集团,2003-04-02,1.2474,1.2539,1.262,1.2327,1.2409,945445,7239789,-0.0065,-0.5222,7.6575,1.3077,550933604.76,N/A,1005906217.8,72300998,0,132008690,48.4413,2.9512,2.8278,50.5159,
600693.SH,东百集团,2003-04-03,1.2409,1.2376,1.2441,1.2213,1.2246,458240,3456296,-0.0163,-1.3123,7.5425,0.6338,543703504.96,N/A,992705348.8,72300998,0,132008690,47.8055,2.9125,2.7907,49.853,
600693.SH,东百集团,2003-04-04,1.2246,1.2213,1.2295,1.2099,1.2262,307500,2305340,0.0016,0.133,7.497,0.4253,544426514.94,N/A,994025435.7,72300998,0,132008690,47.8691,2.9164,2.7944,49.9193,
600693.SH,东百集团,2003-04-07,1.2262,1.2132,1.2295,1.192,1.2051,758048,5601606,-0.0212,-1.7264,7.3895,1.0485,535027385.2,N/A,976864306,72300998,0,132008690,47.0427,2.866,2.7461,49.0575,
600693.SH,东百集团,2003-04-08,1.2051,1.2051,1.2067,1.1806,1.1855,708466,5166625,-0.0195,-1.6216,7.2927,0.9799,526351265.44,N/A,961023263.2,72300998,0,132008690,46.2798,2.8196,2.7016,48.2619,
600693.SH,东百集团,2003-04-09,1.1855,1.1855,1.2148,1.1529,1.2116,1477208,10685574,0.0261,2.1978,7.2336,2.0431,537919425.12,N/A,982144653.6,72300998,0,132008690,47.297,2.8815,2.761,49.3226,
600693.SH,东百集团,2003-04-10,1.2116,1.223,1.262,1.2034,1.2539,2428240,18289062,0.0423,3.4946,7.5318,3.3585,556717684.6,N/A,1016466913,72300998,0,132008690,48.9498,2.9822,2.8575,51.0463,
600693.SH,东百集团,2003-04-11,1.2539,1.2474,1.262,1.2295,1.2539,1054137,8070938,0,0,7.6564,1.458,556717684.6,N/A,1016466913,72300998,0,132008690,48.9498,2.9822,2.8575,51.0463,
600693.SH,东百集团,2003-04-14,1.2539,1.2458,1.3028,1.2425,1.28,1772947,13821816,0.0261,2.0779,7.796,2.4522,568285844.28,N/A,1037588303.4,72300998,0,132008690,49.967,3.0442,2.9168,52.107,
600693.SH,东百集团,2003-04-15,1.28,1.2865,1.2897,1.2669,1.28,937285,7343277,0,0,7.8346,1.2964,568285844.28,N/A,1037588303.4,72300998,0,132008690,49.967,3.0442,2.9168,52.107,
600693.SH,东百集团,2003-04-16,1.28,1.28,1.2865,1.223,1.2344,2044367,15660762,-0.0456,-3.5623,7.6604,2.8276,548041564.84,N/A,1000625870.2,72300998,0,132008690,48.187,2.9358,2.8129,50.2508,
600693.SH,东百集团,2003-04-17,1.2344,1.2458,1.2946,1.2376,1.293,1692811,13148778,0.0586,4.7493,7.7674,2.3413,574069924.12,N/A,1048148998.6,72300998,0,132008690,50.4755,3.0752,2.9465,52.6373,
600693.SH,东百集团,2003-04-18,1.293,1.2865,1.3174,1.2767,1.3093,2018688,16139804,0.0163,1.2594,7.9952,2.7921,581300023.92,N/A,1061349867.6,72300998,0,132008690,51.1112,3.1139,2.9836,53.3003,
600693.SH,东百集团,2003-04-21,1.3093,1.3093,1.3093,1.2392,1.2572,875263,6822649,-0.0521,-3.9801,7.795,1.2106,558163704.56,N/A,1019107086.8,72300998,0,132008690,49.077,2.99,2.8649,51.1789,
600693.SH,东百集团,2003-04-22,1.2572,1.2539,1.2686,1.2409,1.2588,341963,2633391,0.0016,0.1295,7.7008,0.473,558886714.54,N/A,1020427173.7,72300998,0,132008690,49.1405,2.9938,2.8686,51.2452,
600693.SH,东百集团,2003-04-23,1.2588,1.2392,1.2539,1.1888,1.2116,1115401,8322873,-0.0472,-3.7516,7.4618,1.5427,537919425.12,N/A,982144653.6,72300998,0,132008690,47.297,2.8815,2.761,49.3226,
600693.SH,东百集团,2003-04-24,1.2116,1.2083,1.2116,1.1774,1.1823,720998,5282366,-0.0293,-2.4194,7.3265,0.9972,524905245.48,N/A,958383089.4,72300998,0,132008690,46.1527,2.8118,2.6942,48.1294,
600693.SH,东百集团,2003-04-25,1.1823,1.1806,1.2002,1.1481,1.1529,638849,4582020,-0.0293,-2.4793,7.1723,0.8836,511891065.84,N/A,934621525.2,72300998,0,132008690,45.0084,2.7421,2.6274,46.9361,
600693.SH,东百集团,2003-04-28,1.1529,1.1529,1.1725,1.122,1.1676,874786,6121997,0.0147,1.2712,6.9983,1.2099,518398155.66,N/A,946502307.3,72300998,0,132008690,45.5805,2.777,2.6608,47.5327,
600693.SH,东百集团,2003-04-29,1.1676,1.1676,1.1676,1.1236,1.1253,565050,3955327,-0.0423,-3.6262,7,0.7815,499599896.18,N/A,912180047.9,72300998,0,132008690,43.9277,2.6763,2.5643,45.8091,
600693.SH,东百集团,2003-04-30,1.1253,1.1399,1.1546,1.0959,1.1106,970970,6652126,-0.0147,-1.3025,6.851,1.343,493092806.36,N/A,900299265.8,72300998,0,132008690,43.3556,2.6414,2.5309,45.2124,
600693.SH,东百集团,2003-05-12,1.1106,1.1171,1.1269,1.0585,1.0601,1029856,6853676,-0.0505,-4.5455,6.655,1.4244,470679496.98,N/A,859376571.9,72300998,0,132008690,41.3848,2.5213,2.4159,43.1573,
600693.SH,东百集团,2003-05-13,1.0601,1.0601,1.0715,0.9771,0.995,1759217,10855446,-0.0651,-6.1444,6.1706,2.4332,441759097.78,N/A,806573095.9,72300998,0,132008690,38.842,2.3664,2.2674,40.5056,
600693.SH,东百集团,2003-05-14,0.995,1.0015,1.0389,1.0015,1.0292,1023218,6422510,0.0342,3.437,6.2768,1.4152,456942307.36,N/A,834294920.8,72300998,0,132008690,40.177,2.4477,2.3453,41.8977,
600693.SH,东百集团,2003-05-15,1.0292,1.0227,1.078,1.0227,1.0617,1102640,7122379,0.0326,3.1646,6.4594,1.5251,471402506.96,N/A,860696658.8,72300998,0,132008690,41.4484,2.5252,2.4196,43.2236,
600693.SH,东百集团,2003-05-16,1.0617,1.065,1.0845,1.0438,1.0764,676815,4412330,0.0147,1.3804,6.5193,0.9361,477909596.78,N/A,872577440.9,72300998,0,132008690,42.0206,2.5601,2.453,43.8203,
600693.SH,东百集团,2003-05-19,1.0764,1.0715,1.1057,1.0683,1.0992,930096,6222764,0.0228,2.118,6.6905,1.2864,488031736.5,N/A,891058657.5,72300998,0,132008690,42.9106,2.6143,2.5049,44.7484,
600693.SH,东百集团,2003-05-20,1.0992,1.0927,1.0959,1.0634,1.0911,744810,4930327,-0.0081,-0.7407,6.6196,1.0302,484416686.6,N/A,884458223,72300998,0,132008690,42.5927,2.5949,2.4864,44.4169,
600693.SH,东百集团,2003-05-21,1.0911,1.0878,1.1073,1.0683,1.1041,766900,5142761,0.013,1.194,6.7059,1.0607,490200766.44,N/A,895018918.2,72300998,0,132008690,43.1013,2.6259,2.5161,44.9473,
600693.SH,东百集团,2003-05-22,1.1041,1.1073,1.1383,1.1073,1.122,2035468,14041992,0.0179,1.6224,6.8987,2.8153,498153876.22,N/A,909539874.1,72300998,0,132008690,43.8006,2.6685,2.5569,45.6765,
600693.SH,东百集团,2003-05-23,1.122,1.122,1.1269,1.0992,1.1122,832014,5686604,-0.0098,-0.8708,6.8347,1.1508,493815816.34,N/A,901619352.7,72300998,0,132008690,43.4191,2.6453,2.5346,45.2787,
600693.SH,东百集团,2003-05-26,1.1122,1.109,1.1236,1.1041,1.1073,605118,4130771,-0.0049,-0.4392,6.8264,0.8369,491646786.4,N/A,897659092,72300998,0,132008690,43.2284,2.6337,2.5235,45.0798,
600693.SH,东百集团,2003-05-27,1.1073,1.1008,1.1204,1.0992,1.1139,408700,2784400,0.0065,0.5882,6.8128,0.5653,494538826.32,N/A,902939439.6,72300998,0,132008690,43.4827,2.6491,2.5383,45.345,
600693.SH,东百集团,2003-05-28,1.1139,1.1073,1.1367,1.1025,1.1187,529830,3656754,0.0049,0.4386,6.9017,0.7328,496707856.26,N/A,906899700.3,72300998,0,132008690,43.6734,2.6608,2.5495,45.5439,
600693.SH,东百集团,2003-05-29,1.1187,1.1139,1.1236,1.1073,1.1236,457161,3125622,0.0049,0.4367,6.837,0.6323,498876886.2,N/A,910859961,72300998,0,132008690,43.8641,2.6724,2.5606,45.7428,
600693.SH,东百集团,2003-05-30,1.1236,1.1334,1.135,1.1155,1.1301,538143,3722335,0.0065,0.5797,6.917,0.7443,501768926.12,N/A,916140308.6,72300998,0,132008690,44.1184,2.6879,2.5754,46.008,
600693.SH,东百集团,2003-06-02,1.1301,1.1285,1.135,1.1122,1.135,475669,3270743,0.0049,0.4323,6.8761,0.6579,503937956.06,N/A,920100569.3,72300998,0,132008690,44.3091,2.6995,2.5866,46.2068,
600693.SH,东百集团,2003-06-03,1.135,1.1269,1.1318,1.1057,1.1139,458044,3132929,-0.0212,-1.8651,6.8398,0.6335,494538826.32,N/A,902939439.6,72300998,0,132008690,43.4827,2.6491,2.5383,45.345,
600693.SH,东百集团,2003-06-04,1.1139,1.1106,1.1171,1.0878,1.1008,432549,2917637,-0.013,-1.1696,6.7452,0.5983,488754746.48,N/A,892378744.4,72300998,0,132008690,42.9741,2.6182,2.5086,44.8147,
600693.SH,东百集团,2003-06-05,1.1008,1.1008,1.1155,1.0878,1.0878,408999,2761862,-0.013,-1.1834,6.7527,0.5657,482970666.64,N/A,881818049.2,72300998,0,132008690,42.4656,2.5872,2.4789,44.2843,
600693.SH,东百集团,2003-06-06,1.0878,1.0878,1.0894,1.0748,1.0878,356999,2371706,0,0,6.6435,0.4938,482970666.64,N/A,881818049.2,72300998,0,132008690,42.4656,2.5872,2.4789,44.2843,
600693.SH,东百集团,2003-06-09,1.0878,1.0829,1.0878,1.0683,1.0715,167519,1107627,-0.0163,-1.497,6.6119,0.2317,475740566.84,N/A,868617180.2,72300998,0,132008690,41.8298,2.5484,2.4418,43.6214,
600693.SH,东百集团,2003-06-10,1.0715,1.0715,1.0829,1.0666,1.0748,199045,1312588,0.0033,0.304,6.5944,0.2753,477186586.8,N/A,871257354,72300998,0,132008690,41.957,2.5562,2.4493,43.754,
600693.SH,东百集团,2003-06-11,1.0748,1.0748,1.1008,1.0731,1.1008,263445,1766907,0.0261,2.4242,6.7069,0.3644,488754746.48,N/A,892378744.4,72300998,0,132008690,42.9741,2.6182,2.5086,44.8147,
600693.SH,东百集团,2003-06-12,1.1008,1.1122,1.1155,1.0911,1.1155,395900,2677100,0.0147,1.3314,6.7621,0.5476,495261836.3,N/A,904259526.5,72300998,0,132008690,43.5463,2.653,2.542,45.4113,
600693.SH,东百集团,2003-06-13,1.1155,1.1106,1.1236,1.1041,1.122,575727,3939566,0.0065,0.5839,6.8428,0.7963,498153876.22,N/A,909539874.1,72300998,0,132008690,43.8006,2.6685,2.5569,45.6765,
600693.SH,东百集团,2003-06-16,1.122,1.122,1.1285,1.1122,1.1187,301901,2078201,-0.0033,-0.2903,6.8837,0.4176,496707856.26,N/A,906899700.3,72300998,0,132008690,43.6734,2.6608,2.5495,45.5439,
600693.SH,东百集团,2003-06-17,1.1187,1.1155,1.1171,1.0959,1.0976,230269,1560516,-0.0212,-1.8923,6.7769,0.3185,487308726.52,N/A,889738570.6,72300998,0,132008690,42.847,2.6104,2.5012,44.6821,
600693.SH,东百集团,2003-06-18,1.0976,1.0992,1.1057,1.0911,1.1025,123300,833395,0.0049,0.4451,6.7591,0.1705,489477756.46,N/A,893698831.3,72300998,0,132008690,43.0377,2.622,2.5123,44.881,
600693.SH,东百集团,2003-06-19,1.1025,1.0992,1.0992,1.0748,1.0894,288699,1915403,-0.013,-1.1817,6.6346,0.3993,483693676.62,N/A,883138136.1,72300998,0,132008690,42.5291,2.5911,2.4827,44.3506,
600693.SH,东百集团,2003-06-20,1.0894,1.0862,1.0959,1.0813,1.0878,191064,1273305,-0.0016,-0.1495,6.6643,0.2643,482970666.64,N/A,881818049.2,72300998,0,132008690,42.4656,2.5872,2.4789,44.2843,
600693.SH,东百集团,2003-06-23,1.0878,1.0764,1.0829,1.0634,1.0748,194109,1275674,-0.013,-1.1976,6.5719,0.2685,477186586.8,N/A,871257354,72300998,0,132008690,41.957,2.5562,2.4493,43.754,
600693.SH,东百集团,2003-06-24,1.0748,1.0748,1.0845,1.0666,1.0764,199800,1317700,0.0016,0.1515,6.5951,0.2763,477909596.78,N/A,872577440.9,72300998,0,132008690,42.0206,2.5601,2.453,43.8203,
600693.SH,东百集团,2003-06-25,1.0764,1.0715,1.0845,1.0699,1.0699,93600,617795,-0.0065,-0.6051,6.6004,0.1295,475017556.86,N/A,867297093.3,72300998,0,132008690,41.7663,2.5446,2.4381,43.5551,
600693.SH,东百集团,2003-06-26,1.0699,1.0634,1.0862,1.0455,1.0715,437430,2846740,0.0016,0.1522,6.5079,0.605,475740566.84,N/A,868617180.2,72300998,0,132008690,41.8298,2.5484,2.4418,43.6214,
600693.SH,东百集团,2003-06-27,1.0715,1.0715,1.0715,1.0715,1.0715,N/A,N/A,0,0,N/A,N/A,475740566.84,N/A,868617180.2,72300998,0,132008690,41.8298,2.5484,2.4418,43.6214,
600693.SH,东百集团,2003-06-30,1.0715,1.0552,1.0585,1.0308,1.0455,256700,1645234,-0.0261,-2.4316,6.4092,0.355,464172407.16,N/A,847495789.8,72300998,0,132008690,40.8127,2.4865,2.3825,42.5607,
600693.SH,东百集团,2003-07-01,1.0455,1.0455,1.0536,1.0373,1.0389,209800,1348137,-0.0065,-0.6231,6.4258,0.2902,461280367.24,N/A,842215442.2,72300998,0,132008690,40.5584,2.471,2.3676,42.2955,
600693.SH,东百集团,2003-07-02,1.0389,1.0373,1.0455,1.0308,1.0389,340039,2166082,0,0,6.3701,0.4703,461280367.24,N/A,842215442.2,72300998,0,132008690,40.5584,2.471,2.3676,42.2955,
600693.SH,东百集团,2003-07-03,1.0389,1.0422,1.0503,1.0357,1.0503,347284,2221945,0.0114,1.0972,6.3981,0.4803,466341437.1,N/A,851456050.5,72300998,0,132008690,41.0034,2.4981,2.3936,42.7596,
600693.SH,东百集团,2003-07-04,1.0503,1.0536,1.0569,1.0292,1.0406,248371,1588779,-0.0098,-0.9302,6.3968,0.3435,462003377.22,N/A,843535529.1,72300998,0,132008690,40.622,2.4749,2.3713,42.3618,
600693.SH,东百集团,2003-07-07,1.0406,1.0341,1.0455,1.0276,1.0406,308388,1965797,0,0,6.3744,0.4265,462003377.22,N/A,843535529.1,72300998,0,132008690,40.622,2.4749,2.3713,42.3618,
600693.SH,东百集团,2003-07-08,1.0406,1.0406,1.0699,1.0406,1.0683,550370,3571841,0.0277,2.6604,6.4899,0.7612,474294546.88,N/A,865977006.4,72300998,0,132008690,41.7027,2.5407,2.4344,43.4888,
600693.SH,东百集团,2003-07-09,1.0683,1.065,1.0699,1.0601,1.0617,314700,2059045,-0.0065,-0.6098,6.5429,0.4353,471402506.96,N/A,860696658.8,72300998,0,132008690,41.4484,2.5252,2.4196,43.2236,
600693.SH,东百集团,2003-07-10,1.0617,1.0666,1.078,1.0552,1.0715,436055,2864594,0.0098,0.9202,6.5693,0.6031,475740566.84,N/A,868617180.2,72300998,0,132008690,41.8298,2.5484,2.4418,43.6214,
600693.SH,东百集团,2003-07-11,1.0715,1.0715,1.0748,1.0617,1.0715,208152,1364084,0,0,6.5533,0.2879,475740566.84,N/A,868617180.2,72300998,0,132008690,41.8298,2.5484,2.4418,43.6214,
600693.SH,东百集团,2003-07-14,1.0715,1.0699,1.0764,1.065,1.0764,226702,1492623,0.0049,0.4559,6.5841,0.3136,477909596.78,N/A,872577440.9,72300998,0,132008690,42.0206,2.5601,2.453,43.8203,
600693.SH,东百集团,2003-07-15,1.0764,1.0813,1.0813,1.0666,1.0715,206114,1357969,-0.0049,-0.4539,6.5884,0.2851,475740566.84,N/A,868617180.2,72300998,0,132008690,41.8298,2.5484,2.4418,43.6214,
600693.SH,东百集团,2003-07-16,1.0715,1.0731,1.0878,1.0617,1.0878,520780,3441188,0.0163,1.5198,6.6078,0.7203,482970666.64,N/A,881818049.2,72300998,0,132008690,42.4656,2.5872,2.4789,44.2843,
600693.SH,东百集团,2003-07-17,1.0878,1.0878,1.0911,1.0699,1.0829,503830,3339209,-0.0049,-0.4491,6.6277,0.6969,480801636.7,N/A,877857788.5,72300998,0,132008690,42.2748,2.5756,2.4678,44.0854,
600693.SH,东百集团,2003-07-18,1.0829,1.0813,1.0878,1.0617,1.065,561083,3715079,-0.0179,-1.6541,6.6213,0.776,472848526.92,N/A,863336832.6,72300998,0,132008690,41.5756,2.533,2.427,43.3562,
600693.SH,东百集团,2003-07-21,1.065,1.0666,1.0666,1.0145,1.0276,520051,3303106,-0.0375,-3.5168,6.3515,0.7193,456219297.38,N/A,832974833.9,72300998,0,132008690,40.1134,2.4439,2.3416,41.8314,
600693.SH,东百集团,2003-07-22,1.0276,1.0406,1.0487,1.0096,1.0227,451069,2817794,-0.0049,-0.4754,6.2469,0.6239,454050267.44,N/A,829014573.2,72300998,0,132008690,39.9227,2.4323,2.3305,41.6326,
600693.SH,东百集团,2003-07-23,1.0227,1.0227,1.0373,1.0178,1.0308,183052,1156102,0.0081,0.7962,6.3157,0.2532,457665317.34,N/A,835615007.7,72300998,0,132008690,40.2406,2.4516,2.3491,41.964,
600693.SH,东百集团,2003-07-24,1.0308,1.0308,1.0569,1.021,1.0552,413431,2638348,0.0244,2.3697,6.3816,0.5718,468510467.04,N/A,855416311.2,72300998,0,132008690,41.1941,2.5097,2.4047,42.9584,
600693.SH,东百集团,2003-07-25,1.0552,1.0569,1.078,1.0324,1.0422,1287267,8373288,-0.013,-1.2346,6.5047,1.7804,462726387.2,N/A,844855616,72300998,0,132008690,40.6856,2.4787,2.375,42.4281,
600693.SH,东百集团,2003-07-28,1.0422,1.0389,1.0389,1.021,1.0243,231190,1457248,-0.0179,-1.7188,6.3032,0.3198,454773277.42,N/A,830334660.1,72300998,0,132008690,39.9863,2.4361,2.3342,41.6988,
600693.SH,东百集团,2003-07-29,1.0243,1.0259,1.0324,1.0178,1.0292,165900,1044091,0.0049,0.4769,6.2935,0.2295,456942307.36,N/A,834294920.8,72300998,0,132008690,40.177,2.4477,2.3453,41.8977,
600693.SH,东百集团,2003-07-30,1.0292,1.0292,1.0292,1.0096,1.0178,166264,1038986,-0.0114,-1.1076,6.249,0.23,451881237.5,N/A,825054312.5,72300998,0,132008690,39.732,2.4206,2.3194,41.4337,
600693.SH,东百集团,2003-07-31,1.0178,1.0145,1.0178,1.0064,1.008,234713,1458099,-0.0098,-0.96,6.2123,0.3246,447543177.62,N/A,817133791.1,72300998,0,132008690,39.3506,2.3974,2.2971,41.0359,
600693.SH,东百集团,2003-08-01,1.008,1.0031,1.021,1.0031,1.021,151304,938362,0.013,1.2924,6.2018,0.2093,453327257.46,N/A,827694486.3,72300998,0,132008690,39.8591,2.4284,2.3268,41.5663,
600693.SH,东百集团,2003-08-04,1.021,1.0162,1.0276,0.9966,1.0227,319810,1997250,0.0016,0.1595,6.2451,0.4423,454050267.44,N/A,829014573.2,72300998,0,132008690,39.9227,2.4323,2.3305,41.6326,
600693.SH,东百集团,2003-08-05,1.0227,1.0227,1.0341,1.0178,1.0227,180020,1135975,0,0,6.3103,0.249,454050267.44,N/A,829014573.2,72300998,0,132008690,39.9227,2.4323,2.3305,41.6326,
600693.SH,东百集团,2003-08-06,1.0227,1.0227,1.0357,1.0129,1.0276,142119,896468,0.0049,0.4777,6.3079,0.1966,456219297.38,N/A,832974833.9,72300998,0,132008690,40.1134,2.4439,2.3416,41.8314,
600693.SH,东百集团,2003-08-07,1.0276,1.0259,1.0357,1.0259,1.0276,111193,702770,0,0,6.3203,0.1538,456219297.38,N/A,832974833.9,72300998,0,132008690,40.1134,2.4439,2.3416,41.8314,
600693.SH,东百集团,2003-08-08,1.0276,1.0227,1.0259,1.0048,1.0096,188450,1173774,-0.0179,-1.7433,6.2286,0.2606,448266187.6,N/A,818453878,72300998,0,132008690,39.4141,2.4013,2.3008,41.1022,
600693.SH,东百集团,2003-08-11,1.0096,1.0113,1.0129,1.0015,1.0113,95970,593564,0.0016,0.1613,6.1849,0.1327,448989197.58,N/A,819773964.9,72300998,0,132008690,39.4777,2.4051,2.3045,41.1685,
600693.SH,东百集团,2003-08-12,1.0113,1.0113,1.0227,1.0031,1.0194,204648,1268057,0.0081,0.8052,6.1963,0.2831,452604247.48,N/A,826374399.4,72300998,0,132008690,39.7956,2.4245,2.3231,41.5,
600693.SH,东百集团,2003-08-13,1.0194,1.021,1.021,1.0096,1.0162,134150,838176,-0.0033,-0.3195,6.2481,0.1855,451158227.52,N/A,823734225.6,72300998,0,132008690,39.6684,2.4168,2.3157,41.3674,
600693.SH,东百集团,2003-08-14,1.0162,1.0113,1.0178,1.0031,1.0064,119700,742748,-0.0098,-0.9615,6.2051,0.1656,446820167.64,N/A,815813704.2,72300998,0,132008690,39.287,2.3935,2.2934,40.9696,
600693.SH,东百集团,2003-08-15,1.0064,1.0048,1.0064,0.9934,0.9999,151600,929960,-0.0065,-0.6472,6.1343,0.2097,443928127.72,N/A,810533356.6,72300998,0,132008690,39.0327,2.378,2.2785,40.7044,
600693.SH,东百集团,2003-08-18,0.9999,1.0015,1.008,0.9917,1.0015,99482,612171,0.0016,0.1629,6.1536,0.1376,444651137.7,N/A,811853443.5,72300998,0,132008690,39.0963,2.3819,2.2823,40.7707,
600693.SH,东百集团,2003-08-19,1.0015,1.0031,1.0096,0.9966,1.0064,66700,411810,0.0049,0.4878,6.1741,0.0923,446820167.64,N/A,815813704.2,72300998,0,132008690,39.287,2.3935,2.2934,40.9696,
600693.SH,东百集团,2003-08-20,1.0064,1.0015,1.0227,1.0015,1.021,199495,1242177,0.0147,1.4563,6.2266,0.2759,453327257.46,N/A,827694486.3,72300998,0,132008690,39.8591,2.4284,2.3268,41.5663,
600693.SH,东百集团,2003-08-21,1.021,1.0162,1.0194,1.0064,1.0145,93655,582541,-0.0065,-0.638,6.2201,0.1295,450435217.54,N/A,822414138.7,72300998,0,132008690,39.6049,2.4129,2.3119,41.3011,
600693.SH,东百集团,2003-08-22,1.0145,1.0145,1.0259,1.0064,1.021,189450,1186084,0.0065,0.6421,6.2607,0.262,453327257.46,N/A,827694486.3,72300998,0,132008690,39.8591,2.4284,2.3268,41.5663,
600693.SH,东百集团,2003-08-25,1.021,1.0096,1.0096,1.0015,1.0048,107450,663526,-0.0163,-1.5949,6.1752,0.1486,446097157.66,N/A,814493617.3,72300998,0,132008690,39.2234,2.3897,2.2897,40.9033,
600693.SH,东百集团,2003-08-26,1.0048,0.995,1.0096,0.995,1.0031,166476,1024491,-0.0016,-0.1621,6.154,0.2303,445374147.68,N/A,813173530.4,72300998,0,132008690,39.1599,2.3858,2.286,40.837,
600693.SH,东百集团,2003-08-27,1.0031,1.0031,1.0064,0.9966,1.0031,61300,376731,0,0,6.1457,0.0848,445374147.68,N/A,813173530.4,72300998,0,132008690,39.1599,2.3858,2.286,40.837,
600693.SH,东百集团,2003-08-28,1.0031,1.0015,1.0601,0.9982,1.0357,917770,5852838,0.0326,3.2468,6.3772,1.2694,459834347.28,N/A,839575268.4,72300998,0,132008690,40.4313,2.4632,2.3602,42.1629,
600693.SH,东百集团,2003-08-29,1.0357,1.0276,1.0552,1.0178,1.0503,795008,5091469,0.0147,1.4151,6.4043,1.0996,466341437.1,N/A,851456050.5,72300998,0,132008690,41.0034,2.4981,2.3936,42.7596,
600693.SH,东百集团,2003-09-01,1.0503,1.0422,1.0748,1.0389,1.0731,1045218,6828269,0.0228,2.1705,6.5329,1.4456,476463576.82,N/A,869937267.1,72300998,0,132008690,41.8934,2.5523,2.4455,43.6877,
600693.SH,东百集团,2003-09-02,1.0731,1.0715,1.0911,1.052,1.0829,981724,6464302,0.0098,0.9105,6.5846,1.3578,480801636.7,N/A,877857788.5,72300998,0,132008690,42.2748,2.5756,2.4678,44.0854,
600693.SH,东百集团,2003-09-03,1.0829,1.078,1.0862,1.0634,1.0748,548286,3617759,-0.0081,-0.7519,6.5983,0.7583,477186586.8,N/A,871257354,72300998,0,132008690,41.957,2.5562,2.4493,43.754,
600693.SH,东百集团,2003-09-04,1.0748,1.0699,1.0748,1.0552,1.0617,537331,3520596,-0.013,-1.2121,6.552,0.7432,471402506.96,N/A,860696658.8,72300998,0,132008690,41.4484,2.5252,2.4196,43.2236,
600693.SH,东百集团,2003-09-05,1.0617,1.0503,1.1236,1.0438,1.0862,2062064,13817410,0.0244,2.3006,6.7008,2.8521,482247656.66,N/A,880497962.3,72300998,0,132008690,42.402,2.5833,2.4752,44.218,
600693.SH,东百集团,2003-09-08,1.0862,1.0862,1.1367,1.0764,1.0992,1519948,10358306,0.013,1.1994,6.8149,2.1023,488031736.5,N/A,891058657.5,72300998,0,132008690,42.9106,2.6143,2.5049,44.7484,
600693.SH,东百集团,2003-09-09,1.0992,1.0927,1.0992,1.0683,1.0813,468274,3105255,-0.0179,-1.6296,6.6313,0.6477,480078626.72,N/A,876537701.6,72300998,0,132008690,42.2113,2.5717,2.4641,44.0191,
600693.SH,东百集团,2003-09-10,1.0813,1.0731,1.0878,1.0471,1.078,656230,4297385,-0.0033,-0.3012,6.5486,0.9076,478632606.76,N/A,873897527.8,72300998,0,132008690,42.0841,2.5639,2.4567,43.8865,
600693.SH,东百集团,2003-09-11,1.078,1.0764,1.0764,1.0487,1.0503,387473,2521965,-0.0277,-2.568,6.5088,0.5359,466341437.1,N/A,851456050.5,72300998,0,132008690,41.0034,2.4981,2.3936,42.7596,
600693.SH,东百集团,2003-09-12,1.0503,1.0552,1.0634,1.0357,1.0422,360388,2317460,-0.0081,-0.7752,6.4305,0.4985,462726387.2,N/A,844855616,72300998,0,132008690,40.6856,2.4787,2.375,42.4281,
600693.SH,东百集团,2003-09-15,1.0422,1.0357,1.0585,1.0145,1.0178,316874,2009109,-0.0244,-2.3438,6.3404,0.4383,451881237.5,N/A,825054312.5,72300998,0,132008690,39.732,2.4206,2.3194,41.4337,
600693.SH,东百集团,2003-09-16,1.0178,1.021,1.0276,1.0096,1.0259,204858,1278637,0.0081,0.8,6.2416,0.2833,455496287.4,N/A,831654747,72300998,0,132008690,40.0499,2.44,2.3379,41.7651,
600693.SH,东百集团,2003-09-17,1.0259,1.0227,1.0259,1.008,1.0096,174350,1085654,-0.0163,-1.5873,6.2269,0.2411,448266187.6,N/A,818453878,72300998,0,132008690,39.4141,2.4013,2.3008,41.1022,
600693.SH,东百集团,2003-09-18,1.0096,1.008,1.0259,1.008,1.0096,156321,976290,0,0,6.2454,0.2162,448266187.6,N/A,818453878,72300998,0,132008690,39.4141,2.4013,2.3008,41.1022,
600693.SH,东百集团,2003-09-19,1.0096,1.0145,1.0324,1.0096,1.0292,150300,938431,0.0195,1.9355,6.2437,0.2079,456942307.36,N/A,834294920.8,72300998,0,132008690,40.177,2.4477,2.3453,41.8977,
600693.SH,东百集团,2003-09-22,1.0292,1.0341,1.0341,1.0178,1.0227,153619,963535,-0.0065,-0.6329,6.2722,0.2125,454050267.44,N/A,829014573.2,72300998,0,132008690,39.9227,2.4323,2.3305,41.6326,
600693.SH,东百集团,2003-09-23,1.0227,1.0194,1.0292,1.0096,1.0292,353078,2209086,0.0065,0.6369,6.2567,0.4883,456942307.36,N/A,834294920.8,72300998,0,132008690,40.177,2.4477,2.3453,41.8977,
600693.SH,东百集团,2003-09-24,1.0292,1.0308,1.0438,1.0194,1.0389,275277,1747677,0.0098,0.9494,6.3488,0.3807,461280367.24,N/A,842215442.2,72300998,0,132008690,40.5584,2.471,2.3676,42.2955,
600693.SH,东百集团,2003-09-25,1.0389,1.0357,1.0357,1.0113,1.0145,148700,932288,-0.0244,-2.3511,6.2696,0.2057,450435217.54,N/A,822414138.7,72300998,0,132008690,39.6049,2.4129,2.3119,41.3011,
600693.SH,东百集团,2003-09-26,1.0145,1.0031,1.0227,0.9999,1.0048,167910,1037670,-0.0098,-0.9631,6.1799,0.2322,446097157.66,N/A,814493617.3,72300998,0,132008690,39.2234,2.3897,2.2897,40.9033,
600693.SH,东百集团,2003-09-29,1.0048,1.0096,1.0096,0.9917,0.9934,172809,1057615,-0.0114,-1.1345,6.1201,0.239,441036087.8,N/A,805253009,72300998,0,132008690,38.7784,2.3625,2.2637,40.4393,
600693.SH,东百集团,2003-09-30,0.9934,0.9934,0.995,0.964,0.9803,444278,2670328,-0.013,-1.3115,6.0105,0.6145,435252007.96,N/A,794692313.8,72300998,0,132008690,38.2699,2.3316,2.234,39.9089,
600693.SH,东百集团,2003-10-08,0.9803,0.9852,0.9852,0.9673,0.9754,102748,615010,-0.0049,-0.4983,5.9856,0.1421,433082978.02,N/A,790732053.1,72300998,0,132008690,38.0791,2.3199,2.2229,39.71,
600693.SH,东百集团,2003-10-09,0.9754,0.9689,0.982,0.9689,0.9738,127800,765685,-0.0016,-0.1669,5.9913,0.1768,432359968.04,N/A,789411966.2,72300998,0,132008690,38.0156,2.3161,2.2192,39.6437,
600693.SH,东百集团,2003-10-10,0.9738,0.9787,1.0031,0.9689,0.9982,243271,1468628,0.0244,2.5084,6.037,0.3365,443205117.74,N/A,809213269.7,72300998,0,132008690,38.9691,2.3742,2.2748,40.6381,
600693.SH,东百集团,2003-10-13,0.9982,0.9982,1.0048,0.9885,0.9917,160000,979398,-0.0065,-0.6525,6.1212,0.2213,440313077.82,N/A,803932922.1,72300998,0,132008690,38.7149,2.3587,2.26,40.373,
600693.SH,东百集团,2003-10-14,0.9917,0.9917,1.0048,0.9803,0.9852,101400,619193,-0.0065,-0.6568,6.1064,0.1402,437421037.9,N/A,798652574.5,72300998,0,132008690,38.4606,2.3432,2.2452,40.1078,
600693.SH,东百集团,2003-10-15,0.9852,0.9787,0.9982,0.9689,0.9689,165780,998892,-0.0163,-1.6529,6.0254,0.2293,430190938.1,N/A,785451705.5,72300998,0,132008690,37.8249,2.3044,2.208,39.4449,
600693.SH,东百集团,2003-10-16,0.9689,0.9689,0.9771,0.9543,0.9575,168200,994801,-0.0114,-1.1765,5.9144,0.2326,425129868.24,N/A,776211097.2,72300998,0,132008690,37.3799,2.2773,2.1821,38.9808,
600693.SH,东百集团,2003-10-17,0.9575,0.9543,0.9624,0.9445,0.9494,243032,1418300,-0.0081,-0.8503,5.8359,0.3361,421514818.34,N/A,769610662.7,72300998,0,132008690,37.062,2.258,2.1635,38.6493,
600693.SH,东百集团,2003-10-20,0.9494,0.9526,0.9526,0.9331,0.9445,161600,936022,-0.0049,-0.5146,5.7922,0.2235,419345788.4,N/A,765650402,72300998,0,132008690,36.8713,2.2464,2.1524,38.4505,
600693.SH,东百集团,2003-10-21,0.9445,0.9738,0.9738,0.9478,0.9624,168139,987665,0.0179,1.8966,5.8741,0.2326,427298898.18,N/A,780171357.9,72300998,0,132008690,37.5706,2.289,2.1932,39.1797,
600693.SH,东百集团,2003-10-22,0.9624,0.964,0.9901,0.9608,0.9852,250330,1503811,0.0228,2.3689,6.0073,0.3462,437421037.9,N/A,798652574.5,72300998,0,132008690,38.4606,2.3432,2.2452,40.1078,
600693.SH,东百集团,2003-10-23,0.9852,0.9852,0.9901,0.9608,0.9673,379596,2266141,-0.0179,-1.8182,5.9699,0.525,429467928.12,N/A,784131618.6,72300998,0,132008690,37.7613,2.3006,2.2043,39.3786,
600693.SH,东百集团,2003-10-24,0.9673,0.9673,0.9771,0.9608,0.9738,211893,1262941,0.0065,0.6734,5.9603,0.2931,432359968.04,N/A,789411966.2,72300998,0,132008690,38.0156,2.3161,2.2192,39.6437,
600693.SH,东百集团,2003-10-27,0.9738,0.9722,0.9722,0.9412,0.9445,200852,1168151,-0.0293,-3.01,5.816,0.2778,419345788.4,N/A,765650402,72300998,0,132008690,36.8713,2.2464,2.1524,38.4505,
600693.SH,东百集团,2003-10-28,0.9445,0.9445,0.9543,0.925,0.9347,208300,1199078,-0.0098,-1.0345,5.7565,0.2881,415007728.52,N/A,757729880.6,72300998,0,132008690,36.4899,2.2231,2.1301,38.0527,
600693.SH,东百集团,2003-10-29,0.9347,0.9429,0.9429,0.8712,0.8875,484787,2676672,-0.0472,-5.0523,5.5213,0.6705,394040439.1,N/A,719447360.5,72300998,0,132008690,34.6463,2.1108,2.0225,36.1302,
600693.SH,东百集团,2003-10-30,0.8875,0.8794,0.8875,0.8549,0.8549,733100,3899824,-0.0326,-3.6697,5.3196,1.014,379580239.5,N/A,693045622.5,72300998,0,132008690,33.3749,2.0333,1.9483,34.8043,
600693.SH,东百集团,2003-10-31,0.8549,0.8517,0.8875,0.8517,0.8614,457665,2433808,0.0065,0.7619,5.3179,0.633,382472279.42,N/A,698325970.1,72300998,0,132008690,33.6292,2.0488,1.9631,35.0695,
600693.SH,东百集团,2003-11-03,0.8614,0.8598,0.8794,0.8517,0.8712,515433,2743750,0.0098,1.1342,5.3232,0.7129,386810339.3,N/A,706246491.5,72300998,0,132008690,34.0106,2.0721,1.9854,35.4672,
600693.SH,东百集团,2003-11-04,0.8712,0.8712,0.8989,0.8663,0.8728,597703,3231836,0.0016,0.1869,5.4071,0.8267,387533349.28,N/A,707566578.4,72300998,0,132008690,34.0742,2.0759,1.9891,35.5335,
600693.SH,东百集团,2003-11-05,0.8728,0.8712,0.8794,0.8549,0.8614,354755,1886665,-0.0114,-1.306,5.3182,0.4907,382472279.42,N/A,698325970.1,72300998,0,132008690,33.6292,2.0488,1.9631,35.0695,
600693.SH,东百集团,2003-11-06,0.8614,0.8598,0.8598,0.8159,0.8224,484700,2485001,-0.0391,-4.5369,5.1269,0.6704,365120039.9,N/A,666643884.5,72300998,0,132008690,32.1035,1.9559,1.8741,33.4784,
600693.SH,东百集团,2003-11-07,0.8224,0.8159,0.8224,0.7898,0.8028,472490,2332782,-0.0195,-2.3762,4.9372,0.6535,356443920.14,N/A,650802841.7,72300998,0,132008690,31.3406,1.9094,1.8295,32.6829,
600693.SH,东百集团,2003-11-10,0.8028,0.8028,0.8045,0.7931,0.8012,365864,1791762,-0.0016,-0.2028,4.8973,0.506,355720910.16,N/A,649482754.8,72300998,0,132008690,31.277,1.9055,1.8258,32.6166,
600693.SH,东百集团,2003-11-11,0.8012,0.8028,0.8207,0.7947,0.8142,230340,1145607,0.013,1.626,4.9735,0.3186,361504990,N/A,660043450,72300998,0,132008690,31.7856,1.9365,1.8555,33.1469,
600693.SH,东百集团,2003-11-12,0.8142,0.8142,0.8191,0.8012,0.8077,135600,675403,-0.0065,-0.8,4.9808,0.1875,358612950.08,N/A,654763102.4,72300998,0,132008690,31.5313,1.921,1.8407,32.8818,
600693.SH,东百集团,2003-11-13,0.8077,0.8028,0.8142,0.7947,0.8061,202709,1000330,-0.0016,-0.2016,4.9348,0.2804,357889940.1,N/A,653443015.5,72300998,0,132008690,31.4677,1.9171,1.8369,32.8155,
600693.SH,东百集团,2003-11-14,0.8061,0.811,0.8321,0.8093,0.8305,352699,1782463,0.0244,3.0303,5.0538,0.4878,368735089.8,N/A,673244319,72300998,0,132008690,32.4213,1.9752,1.8926,33.8099,
600693.SH,东百集团,2003-11-17,0.8305,0.8273,0.8305,0.8175,0.824,171602,866852,-0.0065,-0.7843,5.0515,0.2373,365843049.88,N/A,667963971.4,72300998,0,132008690,32.167,1.9597,1.8778,33.5447,
600693.SH,东百集团,2003-11-18,0.824,0.8175,0.8175,0.8061,0.8126,146600,730547,-0.0114,-1.3834,4.9833,0.2028,360781980.02,N/A,658723363.1,72300998,0,132008690,31.722,1.9326,1.8518,33.0806,
600693.SH,东百集团,2003-11-19,0.8126,0.8061,0.8321,0.8061,0.8305,257498,1305447,0.0179,2.2044,5.0697,0.3561,368735089.8,N/A,673244319,72300998,0,132008690,32.4213,1.9752,1.8926,33.8099,
600693.SH,东百集团,2003-11-20,0.8305,0.8321,0.8696,0.8191,0.8614,870482,4564842,0.0309,3.7255,5.244,1.204,382472279.42,N/A,698325970.1,72300998,0,132008690,33.6292,2.0488,1.9631,35.0695,
600693.SH,东百集团,2003-11-21,0.8614,0.8663,0.8712,0.8403,0.8419,505610,2645013,-0.0195,-2.2684,5.2313,0.6993,373796159.66,N/A,682484927.3,72300998,0,132008690,32.8663,2.0024,1.9186,34.2739,
600693.SH,东百集团,2003-11-24,0.8419,0.8403,0.8891,0.8403,0.8712,480054,2555122,0.0293,3.4816,5.3226,0.664,386810339.3,N/A,706246491.5,72300998,0,132008690,34.0106,2.0721,1.9854,35.4672,
600693.SH,东百集团,2003-11-25,0.8712,0.8745,0.907,0.8696,0.8826,811750,4421476,0.0114,1.3084,5.4468,1.1227,391871409.16,N/A,715487099.8,72300998,0,132008690,34.4556,2.0992,2.0114,35.9313,
600693.SH,东百集团,2003-11-26,0.8826,0.8794,0.8924,0.8712,0.8842,378638,2049482,0.0016,0.1845,5.4128,0.5237,392594419.14,N/A,716807186.7,72300998,0,132008690,34.5192,2.1031,2.0151,35.9976,
600693.SH,东百集团,2003-11-27,0.8842,0.8794,0.8891,0.85,0.8598,410529,2177854,-0.0244,-2.7624,5.305,0.5678,381749269.44,N/A,697005883.2,72300998,0,132008690,33.5656,2.045,1.9594,35.0032,
600693.SH,东百集团,2003-11-28,0.8598,0.8582,0.8647,0.8533,0.8614,267750,1412082,0.0016,0.1894,5.2739,0.3703,382472279.42,N/A,698325970.1,72300998,0,132008690,33.6292,2.0488,1.9631,35.0695,
600693.SH,东百集团,2003-12-01,0.8614,0.8631,0.8891,0.8631,0.8875,348507,1885475,0.0261,3.0246,5.4101,0.482,394040439.1,N/A,719447360.5,72300998,0,132008690,34.6463,2.1108,2.0225,36.1302,
600693.SH,东百集团,2003-12-02,0.8875,0.894,0.8973,0.8777,0.8891,429517,2344372,0.0016,0.1835,5.4582,0.5941,394763449.08,N/A,720767447.4,72300998,0,132008690,34.7099,2.1147,2.0262,36.1965,
600693.SH,东百集团,2003-12-03,0.8891,0.8875,0.9005,0.8794,0.894,554520,3045845,0.0049,0.5495,5.4928,0.767,396932479.02,N/A,724727708.1,72300998,0,132008690,34.9006,2.1263,2.0373,36.3953,
600693.SH,东百集团,2003-12-04,0.894,0.894,0.8956,0.881,0.8956,417948,2273624,0.0016,0.1821,5.44,0.5781,397655489,N/A,726047795,72300998,0,132008690,34.9642,2.1302,2.041,36.4616,
600693.SH,东百集团,2003-12-05,0.8956,0.9022,0.9201,0.8956,0.9168,838256,4679127,0.0212,2.3636,5.582,1.1594,407054618.74,N/A,743208924.7,72300998,0,132008690,35.7906,2.1805,2.0893,37.3235,
600693.SH,东百集团,2003-12-08,0.9168,0.9184,0.9233,0.8826,0.8875,458900,2534662,-0.0293,-3.1972,5.5233,0.6347,394040439.1,N/A,719447360.5,72300998,0,132008690,34.6463,2.1108,2.0225,36.1302,
600693.SH,东百集团,2003-12-09,0.8875,0.8875,0.8956,0.8761,0.8859,411150,2234229,-0.0016,-0.1835,5.4341,0.5687,393317429.12,N/A,718127273.6,72300998,0,132008690,34.5827,2.1069,2.0188,36.0639,
600693.SH,东百集团,2003-12-10,0.8859,0.8859,0.8956,0.8761,0.8908,278151,1513701,0.0049,0.5515,5.442,0.3847,395486459.06,N/A,722087534.3,72300998,0,132008690,34.7734,2.1185,2.0299,36.2628,
600693.SH,东百集团,2003-12-11,0.8908,0.8956,0.9038,0.881,0.9022,442224,2428659,0.0114,1.2797,5.4919,0.6116,400547528.92,N/A,731328142.6,72300998,0,132008690,35.2184,2.1457,2.0559,36.7268,
600693.SH,东百集团,2003-12-12,0.9022,0.9038,0.9119,0.8924,0.9005,319840,1770964,-0.0016,-0.1805,5.537,0.4424,399824518.94,N/A,730008055.7,72300998,0,132008690,35.1549,2.1418,2.0522,36.6605,
600693.SH,东百集团,2003-12-15,0.9005,0.9022,0.9201,0.8956,0.9022,597506,3331404,0.0016,0.1808,5.5755,0.8264,400547528.92,N/A,731328142.6,72300998,0,132008690,35.2184,2.1457,2.0559,36.7268,
600693.SH,东百集团,2003-12-16,0.9022,0.9005,0.9087,0.8696,0.8842,1130051,6127447,-0.0179,-1.9856,5.4223,1.563,392594419.14,N/A,716807186.7,72300998,0,132008690,34.5192,2.1031,2.0151,35.9976,
600693.SH,东百集团,2003-12-17,0.8842,0.8908,0.8956,0.8745,0.8745,509540,2769855,-0.0098,-1.105,5.436,0.7047,388256359.26,N/A,708886665.3,72300998,0,132008690,34.1377,2.0798,1.9928,35.5998,
600693.SH,东百集团,2003-12-18,0.8745,0.8745,0.8745,0.8452,0.85,466144,2451158,-0.0244,-2.7933,5.2584,0.6447,377411209.56,N/A,689085361.8,72300998,0,132008690,33.1842,2.0217,1.9371,34.6054,
600693.SH,东百集团,2003-12-19,0.85,0.8452,0.8517,0.7947,0.8126,764604,3866336,-0.0375,-4.4061,5.0567,1.0575,360781980.02,N/A,658723363.1,72300998,0,132008690,31.722,1.9326,1.8518,33.0806,
600693.SH,东百集团,2003-12-22,0.8126,0.8093,0.8338,0.7979,0.8338,809941,4038713,0.0212,2.6052,4.9864,1.1202,370181109.76,N/A,675884492.8,72300998,0,132008690,32.5485,1.983,1.9,33.9425,
600693.SH,东百集团,2003-12-23,0.8338,0.8387,0.8435,0.824,0.8321,503821,2577517,-0.0016,-0.1953,5.1159,0.6968,369458099.78,N/A,674564405.9,72300998,0,132008690,32.4849,1.9791,1.8963,33.8762,
600693.SH,东百集团,2003-12-24,0.8321,0.8354,0.85,0.8305,0.8468,501093,2585998,0.0147,1.7613,5.1607,0.6931,375965189.6,N/A,686445188,72300998,0,132008690,33.057,2.014,1.9297,34.4728,
600693.SH,东百集团,2003-12-25,0.8468,0.8419,0.8452,0.8273,0.8387,394954,2031357,-0.0081,-0.9615,5.1433,0.5463,372350139.7,N/A,679844753.5,72300998,0,132008690,32.7392,1.9946,1.9112,34.1413,
600693.SH,东百集团,2003-12-26,0.8387,0.8403,0.8517,0.8289,0.85,393196,2031131,0.0114,1.3592,5.1657,0.5438,377411209.56,N/A,689085361.8,72300998,0,132008690,33.1842,2.0217,1.9371,34.6054,
600693.SH,东百集团,2003-12-29,0.85,0.8435,0.8435,0.8273,0.8305,283190,1450808,-0.0195,-2.2989,5.1231,0.3917,368735089.8,N/A,673244319,72300998,0,132008690,32.4213,1.9752,1.8926,33.8099,
600693.SH,东百集团,2003-12-30,0.8305,0.8305,0.8354,0.8224,0.8224,344500,1744745,-0.0081,-0.9804,5.0646,0.4765,365120039.9,N/A,666643884.5,72300998,0,132008690,32.1035,1.9559,1.8741,33.4784,
600693.SH,东百集团,2003-12-31,0.8224,0.8207,0.824,0.8126,0.8191,261549,1311706,-0.0033,-0.396,5.0151,0.3618,363674019.94,N/A,664003710.7,72300998,0,132008690,31.9763,1.9481,1.8666,33.3458,
600693.SH,东百集团,2004-01-02,0.8191,0.8191,0.8289,0.8159,0.824,271501,1368573,0.0049,0.5964,5.0408,0.3755,365843049.88,N/A,667963971.4,72300998,0,132008690,25.9507,1.8221,1.403,24.0068,
600693.SH,东百集团,2004-01-05,0.824,0.824,0.8338,0.7996,0.824,694670,3478045,0,0,5.0068,0.9608,365843049.88,N/A,667963971.4,72300998,0,132008690,25.9507,1.8221,1.403,24.0068,
600693.SH,东百集团,2004-01-06,0.824,0.8256,0.8289,0.7979,0.8045,814924,4038051,-0.0195,-2.3715,4.9551,1.1271,357166930.12,N/A,652122928.6,72300998,0,132008690,25.3353,1.7789,1.3697,23.4375,
600693.SH,东百集团,2004-01-07,0.8045,0.8093,0.8289,0.8061,0.8289,841004,4222123,0.0244,3.0364,5.0203,1.1632,368012079.82,N/A,671924232.1,72300998,0,132008690,26.1045,1.8329,1.4113,24.1491,
600693.SH,东百集团,2004-01-08,0.8289,0.8289,0.85,0.8289,0.8452,931795,4805452,0.0163,1.9646,5.1572,1.2888,375242179.62,N/A,685125101.1,72300998,0,132008690,26.6174,1.8689,1.439,24.6236,
600693.SH,东百集团,2004-01-09,0.8452,0.85,0.8826,0.8419,0.8598,1698212,9003519,0.0147,1.7341,5.3018,2.3488,381749269.44,N/A,697005883.2,72300998,0,132008690,27.079,1.9013,1.4639,25.0506,
600693.SH,东百集团,2004-01-12,0.8598,0.8598,0.8663,0.8419,0.8631,615698,3237947,0.0033,0.3788,5.259,0.8516,383195289.4,N/A,699646057,72300998,0,132008690,27.1815,1.9085,1.4695,25.1455,
600693.SH,东百集团,2004-01-13,0.8631,0.8631,0.8696,0.8484,0.868,712634,3752498,0.0049,0.566,5.2657,0.9856,385364319.34,N/A,703606317.7,72300998,0,132008690,27.3354,1.9193,1.4778,25.2878,
600693.SH,东百集团,2004-01-14,0.868,0.8663,0.8745,0.8582,0.8728,580118,3093294,0.0049,0.5629,5.3322,0.8024,387533349.28,N/A,707566578.4,72300998,0,132008690,27.4893,1.9301,1.4861,25.4301,
600693.SH,东百集团,2004-01-15,0.8728,0.8728,0.8745,0.8517,0.8598,533256,2829666,-0.013,-1.4925,5.3064,0.7375,381749269.44,N/A,697005883.2,72300998,0,132008690,27.079,1.9013,1.4639,25.0506,
600693.SH,东百集团,2004-01-16,0.8598,0.8598,0.8696,0.8566,0.8663,667592,3539091,0.0065,0.7576,5.3013,0.9234,384641309.36,N/A,702286230.8,72300998,0,132008690,27.2841,1.9157,1.475,25.2403,
600693.SH,东百集团,2004-01-29,0.8663,0.8712,0.9022,0.8631,0.9005,749985,4071689,0.0342,3.9474,5.429,1.0373,399824518.94,N/A,730008055.7,72300998,0,132008690,28.3611,1.9913,1.5333,26.2367,
600693.SH,东百集团,2004-01-30,0.9005,0.8973,0.9087,0.8891,0.8989,1147441,6328337,-0.0016,-0.1808,5.5152,1.587,399101508.96,N/A,728687968.8,72300998,0,132008690,28.3098,1.9877,1.5305,26.1892,
600693.SH,东百集团,2004-02-02,0.8989,0.9266,0.9266,0.8924,0.9136,963521,5382679,0.0147,1.6304,5.5865,1.3327,405608598.78,N/A,740568750.9,72300998,0,132008690,28.7714,2.0201,1.5554,26.6162,
600693.SH,东百集团,2004-02-03,0.9136,0.9184,0.9412,0.9103,0.9412,1133403,6452166,0.0277,3.0303,5.6927,1.5676,417899768.44,N/A,763010228.2,72300998,0,132008690,29.6433,2.0814,1.6026,27.4228,
600693.SH,东百集团,2004-02-04,0.9412,0.9461,0.9657,0.9331,0.964,1293214,7510921,0.0228,2.4221,5.8079,1.7887,428021908.16,N/A,781491444.8,72300998,0,132008690,30.3613,2.1318,1.6414,28.087,
600693.SH,东百集团,2004-02-05,0.964,0.9608,0.9787,0.9461,0.9787,1569744,9257150,0.0147,1.5203,5.8972,2.1711,434528997.98,N/A,793372226.9,72300998,0,132008690,30.8229,2.1642,1.6664,28.514,
600693.SH,东百集团,2004-02-06,0.9787,0.9771,0.9803,0.9575,0.9575,1391189,8286066,-0.0212,-2.1631,5.9561,1.9242,425129868.24,N/A,776211097.2,72300998,0,132008690,30.1561,2.1174,1.6303,27.8972,
600693.SH,东百集团,2004-02-09,0.9575,0.9543,0.9982,0.9526,0.9852,1343411,8088182,0.0277,2.8912,6.0206,1.8581,437421037.9,N/A,798652574.5,72300998,0,132008690,31.028,2.1786,1.6774,28.7038,
600693.SH,东百集团,2004-02-10,0.9852,0.9852,0.9901,0.9689,0.9771,1092150,6546918,-0.0081,-0.8264,5.9945,1.5106,433805988,N/A,792052140,72300998,0,132008690,30.7716,2.1606,1.6636,28.4665,
600693.SH,东百集团,2004-02-11,0.9771,0.9803,0.9852,0.9608,0.9754,936038,5582039,-0.0016,-0.1667,5.9635,1.2946,433082978.02,N/A,790732053.1,72300998,0,132008690,30.7203,2.157,1.6608,28.4191,
600693.SH,东百集团,2004-02-12,0.9754,0.9803,1.0064,0.9722,1.0031,1375798,8371269,0.0277,2.8381,6.0847,1.9029,445374147.68,N/A,813173530.4,72300998,0,132008690,31.5921,2.2182,1.7079,29.2257,
600693.SH,东百集团,2004-02-13,1.0031,1.0031,1.0064,0.9624,0.9657,1059070,6383504,-0.0375,-3.7338,6.0275,1.4648,428744918.14,N/A,782811531.7,72300998,0,132008690,30.4126,2.1354,1.6442,28.1344,
600693.SH,东百集团,2004-02-16,0.9657,0.9657,1.0064,0.9624,1.0015,1136662,6871182,0.0358,3.7099,6.0451,1.5721,444651137.7,N/A,811853443.5,72300998,0,132008690,31.5409,2.2146,1.7052,29.1782,
600693.SH,东百集团,2004-02-17,1.0015,1.0015,1.0308,0.9934,1.0178,2446477,15280924,0.0163,1.626,6.2461,3.3837,451881237.5,N/A,825054312.5,72300998,0,132008690,32.0537,2.2506,1.7329,29.6527,
600693.SH,东百集团,2004-02-18,1.0178,1.0162,1.0243,1.0015,1.0227,1028475,6384078,0.0049,0.48,6.2073,1.4225,454050267.44,N/A,829014573.2,72300998,0,132008690,32.2076,2.2614,1.7412,29.795,
600693.SH,东百集团,2004-02-19,1.0227,1.0227,1.0243,1.008,1.0162,792706,4933199,-0.0065,-0.6369,6.2232,1.0964,451158227.52,N/A,823734225.6,72300998,0,132008690,32.0024,2.247,1.7301,29.6052,
600693.SH,东百集团,2004-02-20,1.0162,1.0194,1.0227,1.0031,1.0194,845827,5269769,0.0033,0.3205,6.2303,1.1699,452604247.48,N/A,826374399.4,72300998,0,132008690,32.105,2.2542,1.7357,29.7001,
600693.SH,东百集团,2004-02-23,1.0194,1.0324,1.0422,1.0096,1.0129,1524638,9647105,-0.0065,-0.639,6.3275,2.1087,449712207.56,N/A,821094051.8,72300998,0,132008690,31.8999,2.2398,1.7246,29.5103,
600693.SH,东百集团,2004-02-24,1.0129,1.0096,1.0096,0.9722,0.9901,1323199,8018004,-0.0228,-2.2508,6.0596,1.8301,439590067.84,N/A,802612835.2,72300998,0,132008690,31.1819,2.1894,1.6858,28.8461,
600693.SH,东百集团,2004-02-25,0.9901,0.9868,1.0031,0.9526,0.9559,884540,5329965,-0.0342,-3.4539,6.0257,1.2234,424406858.26,N/A,774891010.3,72300998,0,132008690,30.1048,2.1138,1.6275,27.8498,
600693.SH,东百集团,2004-02-26,0.9559,0.9526,0.9559,0.9331,0.9478,785833,4548926,-0.0081,-0.8518,5.7887,1.0869,420791808.36,N/A,768290575.8,72300998,0,132008690,29.8484,2.0958,1.6137,27.6126,
600693.SH,东百集团,2004-02-27,0.9478,0.9478,0.9657,0.9445,0.9624,433954,2546976,0.0147,1.5464,5.8692,0.6002,427298898.18,N/A,780171357.9,72300998,0,132008690,30.31,2.1282,1.6386,28.0396,
600693.SH,东百集团,2004-03-01,0.9624,0.9689,0.9771,0.9543,0.9738,455596,2702611,0.0114,1.1844,5.932,0.6301,432359968.04,N/A,789411966.2,72300998,0,132008690,30.669,2.1534,1.658,28.3717,
600693.SH,东百集团,2004-03-02,0.9738,0.9738,0.9901,0.9657,0.9787,445456,2673671,0.0049,0.5017,6.0021,0.6161,434528997.98,N/A,793372226.9,72300998,0,132008690,30.8229,2.1642,1.6664,28.514,
600693.SH,东百集团,2004-03-03,0.9787,0.9771,0.9982,0.9575,0.9608,764251,4584908,-0.0179,-1.8303,5.9992,1.057,426575888.2,N/A,778851271,72300998,0,132008690,30.2587,2.1246,1.6359,27.9921,
600693.SH,东百集团,2004-03-04,0.9608,0.9575,1.0031,0.9526,0.9982,747529,4501892,0.0375,3.8983,6.0224,1.0339,443205117.74,N/A,809213269.7,72300998,0,132008690,31.4383,2.2074,1.6996,29.0833,
600693.SH,东百集团,2004-03-05,0.9982,0.995,1.0015,0.9787,0.9787,548800,3331154,-0.0195,-1.9576,6.0699,0.759,434528997.98,N/A,793372226.9,72300998,0,132008690,30.8229,2.1642,1.6664,28.514,
600693.SH,东百集团,2004-03-08,0.9787,0.9706,0.9771,0.9478,0.9494,432600,2550900,-0.0293,-2.995,5.8967,0.5983,421514818.34,N/A,769610662.7,72300998,0,132008690,29.8997,2.0994,1.6164,27.66,
600693.SH,东百集团,2004-03-09,0.9494,0.9461,0.9608,0.9298,0.9315,287900,1676554,-0.0179,-1.8868,5.8234,0.3982,413561708.56,N/A,755089706.8,72300998,0,132008690,29.3356,2.0597,1.5859,27.1381,
600693.SH,东百集团,2004-03-10,0.9315,0.9282,0.9706,0.9282,0.9657,401440,2348431,0.0342,3.6713,5.85,0.5552,428744918.14,N/A,782811531.7,72300998,0,132008690,30.4126,2.1354,1.6442,28.1344,
600693.SH,东百集团,2004-03-11,0.9657,0.9608,0.982,0.9575,0.9803,530696,3167697,0.0147,1.5177,5.9689,0.734,435252007.96,N/A,794692313.8,72300998,0,132008690,30.8741,2.1678,1.6691,28.5614,
600693.SH,东百集团,2004-03-12,0.9803,0.9803,0.9934,0.9738,0.9836,585371,3531548,0.0033,0.3322,6.033,0.8096,436698027.92,N/A,797332487.6,72300998,0,132008690,30.9767,2.175,1.6747,28.6563,
600693.SH,东百集团,2004-03-15,0.9836,0.9885,1.0048,0.9836,1.0048,840016,5140099,0.0212,2.1523,6.119,1.1618,446097157.66,N/A,814493617.3,72300998,0,132008690,31.6434,2.2218,1.7107,29.2731,
600693.SH,东百集团,2004-03-16,1.0048,1.0064,1.0096,0.9868,0.9966,459662,2812356,-0.0081,-0.8104,6.1183,0.6358,442482107.76,N/A,807893182.8,72300998,0,132008690,31.387,2.2038,1.6968,29.0359,
600693.SH,东百集团,2004-03-17,0.9966,0.9982,1.0048,0.9885,0.9999,617588,3787457,0.0033,0.3268,6.1327,0.8542,443928127.72,N/A,810533356.6,72300998,0,132008690,31.4896,2.211,1.7024,29.1308,
600693.SH,东百集团,2004-03-18,0.9999,1.0015,1.008,0.9787,0.9836,520306,3180189,-0.0163,-1.6287,6.1122,0.7196,436698027.92,N/A,797332487.6,72300998,0,132008690,30.9767,2.175,1.6747,28.6563,
600693.SH,东百集团,2004-03-19,0.9836,0.9836,1.0031,0.9836,1.0015,555960,3401252,0.0179,1.8212,6.1178,0.769,444651137.7,N/A,811853443.5,72300998,0,132008690,31.5409,2.2146,1.7052,29.1782,
600693.SH,东百集团,2004-03-22,1.0015,1.0064,1.0096,0.9934,1.008,564851,3470827,0.0065,0.6504,6.1447,0.7812,447543177.62,N/A,817133791.1,72300998,0,132008690,31.746,2.229,1.7163,29.368,
600693.SH,东百集团,2004-03-23,1.008,1.0096,1.0096,0.9901,0.9982,455752,2789057,-0.0098,-0.9693,6.1197,0.6304,443205117.74,N/A,809213269.7,72300998,0,132008690,31.4383,2.2074,1.6996,29.0833,
600693.SH,东百集团,2004-03-24,0.9982,1.0178,1.0178,0.9917,1.008,691718,4271144,0.0098,0.9788,6.1747,0.9567,447543177.62,N/A,817133791.1,72300998,0,132008690,31.746,2.229,1.7163,29.368,
600693.SH,东百集团,2004-03-25,1.008,1.0015,1.0096,0.9901,0.9966,403623,2479142,-0.0114,-1.1309,6.1422,0.5583,442482107.76,N/A,807893182.8,72300998,0,132008690,31.387,2.2038,1.6968,29.0359,
600693.SH,东百集团,2004-03-26,0.9966,0.9934,1.008,0.9868,0.9982,500967,3070129,0.0016,0.1634,6.1284,0.6929,443205117.74,N/A,809213269.7,72300998,0,132008690,31.4383,2.2074,1.6996,29.0833,
600693.SH,东百集团,2004-03-29,0.9982,0.9999,0.9999,0.9771,0.9787,538617,3266224,-0.0195,-1.9576,6.0641,0.745,434528997.98,N/A,793372226.9,72300998,0,132008690,30.8229,2.1642,1.6664,28.514,
600693.SH,东百集团,2004-03-30,0.9787,0.9803,0.9868,0.9706,0.982,359071,2161524,0.0033,0.3328,6.0198,0.4966,435975017.94,N/A,796012400.7,72300998,0,132008690,30.9254,2.1714,1.6719,28.6089,
600693.SH,东百集团,2004-03-31,0.982,0.9787,1.0048,0.9787,1.0048,416777,2549390,0.0228,2.3217,6.1169,0.5764,446097157.66,N/A,814493617.3,72300998,0,132008690,31.6434,2.2218,1.7107,29.2731,
600693.SH,东百集团,2004-04-01,1.0048,1.0048,1.0096,0.995,1.0031,404617,2492069,-0.0016,-0.1621,6.1591,0.5596,445374147.68,N/A,813173530.4,72300998,0,132008690,31.5921,2.2182,1.7079,29.2257,
600693.SH,东百集团,2004-04-02,1.0031,1.0031,1.0227,1.0031,1.0145,688059,4280751,0.0114,1.1364,6.2215,0.9517,450435217.54,N/A,822414138.7,72300998,0,132008690,31.9511,2.2434,1.7273,29.5578,
600693.SH,东百集团,2004-04-05,1.0145,1.0145,1.0341,1.008,1.0308,1024220,6426975,0.0163,1.6051,6.275,1.4166,457665317.34,N/A,835615007.7,72300998,0,132008690,32.464,2.2794,1.7551,30.0322,
600693.SH,东百集团,2004-04-06,1.0308,1.0341,1.0341,1.0145,1.0308,801280,5034967,0,0,6.2837,1.1083,457665317.34,N/A,835615007.7,72300998,0,132008690,32.464,2.2794,1.7551,30.0322,
600693.SH,东百集团,2004-04-07,1.0308,1.0308,1.0341,1.0145,1.0243,738199,4638526,-0.0065,-0.6319,6.2836,1.021,454773277.42,N/A,830334660.1,72300998,0,132008690,32.2589,2.265,1.744,29.8424,
600693.SH,东百集团,2004-04-08,1.0243,1.0259,1.0487,1.0259,1.0357,1220379,7775251,0.0114,1.1129,6.3712,1.6879,459834347.28,N/A,839575268.4,72300998,0,132008690,32.6179,2.2902,1.7634,30.1745,
600693.SH,东百集团,2004-04-09,1.0357,1.0341,1.0357,0.9868,0.9934,825427,5124546,-0.0423,-4.0881,6.2084,1.1417,441036087.8,N/A,805253009,72300998,0,132008690,31.2844,2.1966,1.6913,28.941,
600693.SH,东百集团,2004-04-12,0.9934,0.9934,1.0015,0.9787,0.9917,441577,2688619,-0.0016,-0.1639,6.0887,0.6107,440313077.82,N/A,803932922.1,72300998,0,132008690,31.2331,2.193,1.6885,28.8935,
600693.SH,东百集团,2004-04-13,0.9917,0.9934,1.0178,0.9917,1.0015,727220,4481228,0.0098,0.9852,6.1621,1.0058,444651137.7,N/A,811853443.5,72300998,0,132008690,31.5409,2.2146,1.7052,29.1782,
600693.SH,东百集团,2004-04-14,1.0015,1.0129,1.0845,0.9852,1.0699,3090413,19967792,0.0684,6.8293,6.4612,4.2744,475017556.86,N/A,867297093.3,72300998,0,132008690,33.6949,2.3658,1.8216,31.1709,
600693.SH,东百集团,2004-04-15,1.0699,1.0666,1.0829,1.0389,1.0503,3224659,21026470,-0.0195,-1.8265,6.5205,4.46,466341437.1,N/A,851456050.5,72300998,0,132008690,33.0794,2.3226,1.7883,30.6015,
600693.SH,东百集团,2004-04-16,1.0503,1.0503,1.0601,0.9771,1.0113,1709798,10580206,-0.0391,-3.7209,6.188,2.3648,448989197.58,N/A,819773964.9,72300998,0,132008690,31.8486,2.2362,1.7218,29.4629,
600693.SH,东百集团,2004-04-19,1.0113,1.0129,1.021,0.982,0.9885,851820,5211653,-0.0228,-2.2544,6.1183,1.1782,438867057.86,N/A,801292748.3,72300998,0,132008690,31.1306,2.1858,1.683,28.7987,
600693.SH,东百集团,2004-04-20,0.9885,0.9885,1.008,0.9868,1.0064,497000,3041031,0.0179,1.8122,6.1188,0.6874,446820167.64,N/A,815813704.2,72300998,0,132008690,31.6947,2.2254,1.7135,29.3205,
600693.SH,东百集团,2004-04-21,1.0064,1.0048,1.008,0.982,0.9885,464049,2828625,-0.0179,-1.7799,6.0955,0.6418,438867057.86,N/A,801292748.3,72300998,0,132008690,31.1306,2.1858,1.683,28.7987,
600693.SH,东百集团,2004-04-22,0.9885,0.9934,0.9982,0.9771,0.9966,418382,2529281,0.0081,0.8237,6.0454,0.5787,442482107.76,N/A,807893182.8,72300998,0,132008690,31.387,2.2038,1.6968,29.0359,
600693.SH,东百集团,2004-04-23,0.9966,0.9901,0.9901,0.9478,0.951,942574,5601362,-0.0456,-4.5752,5.9426,1.3037,422237828.32,N/A,770930749.6,72300998,0,132008690,29.951,2.103,1.6192,27.7074,
600693.SH,东百集团,2004-04-26,0.951,0.9445,0.9608,0.9445,0.9543,282319,1648849,0.0033,0.3425,5.8404,0.3905,423683848.28,N/A,773570923.4,72300998,0,132008690,30.0536,2.1102,1.6248,27.8023,
600693.SH,东百集团,2004-04-27,0.9543,0.9478,0.9657,0.9364,0.9396,275299,1600593,-0.0147,-1.5358,5.814,0.3808,417176758.46,N/A,761690141.3,72300998,0,132008690,29.592,2.0778,1.5998,27.3753,
600693.SH,东百集团,2004-04-28,0.9396,0.9429,0.9608,0.9298,0.9526,314596,1823517,0.013,1.3865,5.7964,0.4351,422960838.3,N/A,772250836.5,72300998,0,132008690,30.0023,2.1066,1.622,27.7549,
600693.SH,东百集团,2004-04-29,0.9526,0.9526,0.9543,0.9347,0.9364,339302,1962328,-0.0163,-1.7094,5.7834,0.4693,415730738.5,N/A,759049967.5,72300998,0,132008690,29.4894,2.0706,1.5943,27.2804,
600693.SH,东百集团,2004-04-30,0.9364,0.9445,0.9526,0.9298,0.9429,176597,1018617,0.0065,0.6957,5.768,0.2443,418622778.42,N/A,764330315.1,72300998,0,132008690,29.6946,2.085,1.6054,27.4702,
600693.SH,东百集团,2004-05-10,0.9429,0.9429,0.9429,0.9152,0.9201,216500,1230376,-0.0228,-2.418,5.683,0.2994,408500638.7,N/A,745849098.5,72300998,0,132008690,28.9766,2.0345,1.5665,26.806,
600693.SH,东百集团,2004-05-11,0.9201,0.9168,0.9184,0.9022,0.9136,276822,1548027,-0.0065,-0.708,5.5921,0.3829,405608598.78,N/A,740568750.9,72300998,0,132008690,28.7714,2.0201,1.5554,26.6162,
600693.SH,东百集团,2004-05-12,0.9136,0.9136,0.9347,0.9103,0.9347,189281,1075396,0.0212,2.3173,5.6815,0.2618,415007728.52,N/A,757729880.6,72300998,0,132008690,29.4381,2.0669,1.5915,27.233,
600693.SH,东百集团,2004-05-13,0.9347,0.9347,0.9347,0.9119,0.9136,359690,2030594,-0.0212,-2.2648,5.6454,0.4975,405608598.78,N/A,740568750.9,72300998,0,132008690,28.7714,2.0201,1.5554,26.6162,
600693.SH,东百集团,2004-05-14,0.9136,0.9201,0.9201,0.9038,0.9054,464570,2591077,-0.0081,-0.8913,5.5774,0.6425,401993548.88,N/A,733968316.4,72300998,0,132008690,28.515,2.0021,1.5416,26.379,
600693.SH,东百集团,2004-05-17,0.9054,0.9054,0.9201,0.8956,0.9087,181373,1008043,0.0033,0.3597,5.5578,0.2509,403439568.84,N/A,736608490.2,72300998,0,132008690,28.6176,2.0093,1.5471,26.4739,
600693.SH,东百集团,2004-05-18,0.9087,0.9103,0.9315,0.9087,0.9266,203414,1143250,0.0179,1.9713,5.6203,0.2813,411392678.62,N/A,751129446.1,72300998,0,132008690,29.1817,2.0489,1.5776,26.9958,
600693.SH,东百集团,2004-05-19,0.9266,0.9347,0.938,0.9217,0.9315,291425,1668448,0.0049,0.5272,5.7251,0.4031,413561708.56,N/A,755089706.8,72300998,0,132008690,29.3356,2.0597,1.5859,27.1381,
600693.SH,东百集团,2004-05-20,0.9315,0.9282,0.9461,0.925,0.9347,308861,1772820,0.0033,0.3497,5.7399,0.4272,415007728.52,N/A,757729880.6,72300998,0,132008690,29.4381,2.0669,1.5915,27.233,
600693.SH,东百集团,2004-05-21,0.9347,0.9347,0.938,0.9184,0.9266,139967,796309,-0.0081,-0.8711,5.6893,0.1936,411392678.62,N/A,751129446.1,72300998,0,132008690,29.1817,2.0489,1.5776,26.9958,
600693.SH,东百集团,2004-05-24,0.9266,0.9331,0.9364,0.9119,0.9152,248000,1396696,-0.0114,-1.2302,5.6318,0.343,406331608.76,N/A,741888837.8,72300998,0,132008690,28.8227,2.0237,1.5582,26.6637,
600693.SH,东百集团,2004-05-25,0.9152,0.9152,0.9152,0.8712,0.8728,502500,2742142,-0.0423,-4.6263,5.457,0.695,387533349.28,N/A,707566578.4,72300998,0,132008690,27.4893,1.9301,1.4861,25.4301,
600693.SH,东百集团,2004-05-26,0.8728,0.8712,0.8794,0.8614,0.868,187265,996688,-0.0049,-0.5597,5.3223,0.259,385364319.34,N/A,703606317.7,72300998,0,132008690,27.3354,1.9193,1.4778,25.2878,
600693.SH,东百集团,2004-05-27,0.868,0.8777,0.894,0.8582,0.8875,266810,1444674,0.0195,2.2514,5.4146,0.369,394040439.1,N/A,719447360.5,72300998,0,132008690,27.9508,1.9625,1.5111,25.8571,
600693.SH,东百集团,2004-05-28,0.8875,0.8924,0.8924,0.8712,0.8761,254427,1374416,-0.0114,-1.2844,5.402,0.3519,388979369.24,N/A,710206752.2,72300998,0,132008690,27.5918,1.9373,1.4917,25.525,
600693.SH,东百集团,2004-05-31,0.8761,0.8761,0.9054,0.8745,0.8842,163190,883600,0.0081,0.9294,5.4145,0.2257,392594419.14,N/A,716807186.7,72300998,0,132008690,27.8483,1.9553,1.5055,25.7622,
600693.SH,东百集团,2004-06-01,0.8842,0.8842,0.9038,0.8777,0.9022,353466,1945229,0.0179,2.0258,5.5033,0.4889,400547528.92,N/A,731328142.6,72300998,0,132008690,28.4124,1.9949,1.536,26.2841,
600693.SH,东百集团,2004-06-02,0.9022,0.9054,0.9119,0.8956,0.9022,307212,1701068,0,0,5.5371,0.4249,400547528.92,N/A,731328142.6,72300998,0,132008690,28.4124,1.9949,1.536,26.2841,
600693.SH,东百集团,2004-06-03,0.9022,0.9022,0.9038,0.8794,0.8875,240205,1309131,-0.0147,-1.6245,5.4501,0.3322,394040439.1,N/A,719447360.5,72300998,0,132008690,27.9508,1.9625,1.5111,25.8571,
600693.SH,东百集团,2004-06-04,0.8875,0.8761,0.8875,0.8761,0.8875,315505,1706723,0,0,5.4095,0.4364,394040439.1,N/A,719447360.5,72300998,0,132008690,27.9508,1.9625,1.5111,25.8571,
600693.SH,东百集团,2004-06-07,0.8875,0.8875,0.8875,0.8631,0.8712,142701,763476,-0.0163,-1.8349,5.3502,0.1974,386810339.3,N/A,706246491.5,72300998,0,132008690,27.438,1.9265,1.4834,25.3827,
600693.SH,东百集团,2004-06-08,0.8712,0.8631,0.8712,0.8566,0.8566,165699,877596,-0.0147,-1.6822,5.2963,0.2292,380303249.48,N/A,694365709.4,72300998,0,132008690,26.9764,1.8941,1.4584,24.9557,
600693.SH,东百集团,2004-06-09,0.8566,0.8566,0.8614,0.8387,0.8403,169702,887245,-0.0163,-1.9011,5.2283,0.2347,373073149.68,N/A,681164840.4,72300998,0,132008690,26.4635,1.8581,1.4307,24.4812,
600693.SH,东百集团,2004-06-10,0.8403,0.8468,0.8484,0.8289,0.8321,231409,1187141,-0.0081,-0.969,5.1301,0.3201,369458099.78,N/A,674564405.9,72300998,0,132008690,26.2071,1.8401,1.4168,24.244,
600693.SH,东百集团,2004-06-11,0.8321,0.8354,0.8517,0.8338,0.837,302400,1562965,0.0049,0.5871,5.1685,0.4183,371627129.72,N/A,678524666.6,72300998,0,132008690,26.361,1.8509,1.4251,24.3863,
600693.SH,东百集团,2004-06-14,0.837,0.837,0.8435,0.8077,0.811,208201,1046353,-0.0261,-3.1128,5.0257,0.288,360058970.04,N/A,657403276.2,72300998,0,132008690,25.5404,1.7933,1.3808,23.6272,
600693.SH,东百集团,2004-06-15,0.811,0.811,0.811,0.811,0.811,N/A,N/A,0,0,N/A,N/A,360058970.04,N/A,657403276.2,72300998,0,132008690,25.5404,1.7933,1.3808,23.6272,
600693.SH,东百集团,2004-06-16,0.811,0.8403,0.8403,0.824,0.8289,272895,1393041,0.0179,2.2088,5.1047,0.3774,368012079.82,N/A,671924232.1,72300998,0,132008690,26.1045,1.8329,1.4113,24.1491,
600693.SH,东百集团,2004-06-17,0.8289,0.8142,0.8289,0.8077,0.8126,193828,970500,-0.0163,-1.9646,5.007,0.2681,360781980.02,N/A,658723363.1,72300998,0,132008690,25.5917,1.7969,1.3835,23.6747,
600693.SH,东百集团,2004-06-18,0.8126,0.8061,0.8126,0.7996,0.8126,191703,950040,0,0,4.9558,0.2651,360781980.02,N/A,658723363.1,72300998,0,132008690,25.5917,1.7969,1.3835,23.6747,
600693.SH,东百集团,2004-06-21,0.8126,0.8159,0.8468,0.8093,0.8289,118501,597810,0.0163,2.004,5.0448,0.1639,368012079.82,N/A,671924232.1,72300998,0,132008690,26.1045,1.8329,1.4113,24.1491,
600693.SH,东百集团,2004-06-22,0.8289,0.8273,0.8354,0.8142,0.8289,171982,875015,0,0,5.0878,0.2379,368012079.82,N/A,671924232.1,72300998,0,132008690,26.1045,1.8329,1.4113,24.1491,
600693.SH,东百集团,2004-06-23,0.8289,0.8305,0.8305,0.811,0.8224,165500,833316,-0.0065,-0.7859,5.0351,0.2289,365120039.9,N/A,666643884.5,72300998,0,132008690,25.8994,1.8185,1.4002,23.9593,
600693.SH,东百集团,2004-06-24,0.8224,0.8028,0.8419,0.8028,0.8142,169830,850844,-0.0081,-0.9901,5.01,0.2349,361504990,N/A,660043450,72300998,0,132008690,25.643,1.8005,1.3863,23.7221,
600693.SH,东百集团,2004-06-25,0.8142,0.8142,0.8191,0.8028,0.811,353155,1758153,-0.0033,-0.4,4.9784,0.4885,360058970.04,N/A,657403276.2,72300998,0,132008690,25.5404,1.7933,1.3808,23.6272,
600693.SH,东百集团,2004-06-28,0.811,0.8061,0.8354,0.7979,0.8028,192901,957993,-0.0081,-1.004,4.9662,0.2668,356443920.14,N/A,650802841.7,72300998,0,132008690,25.284,1.7753,1.3669,23.39,
600693.SH,东百集团,2004-06-29,0.8028,0.8028,0.8061,0.7768,0.7947,334202,1616309,-0.0081,-1.0142,4.8363,0.4622,352828870.24,N/A,644202407.2,72300998,0,132008690,25.0275,1.7573,1.353,23.1528,
600693.SH,东百集团,2004-06-30,0.7947,0.7931,0.8045,0.7784,0.7833,124100,601620,-0.0114,-1.4344,4.8479,0.1716,347767800.38,N/A,634961798.9,72300998,0,132008690,24.6685,1.7321,1.3336,22.8207,
600693.SH,东百集团,2004-07-01,0.7833,0.7817,0.8077,0.7817,0.8061,221421,1089646,0.0228,2.9106,4.9212,0.3062,357889940.1,N/A,653443015.5,72300998,0,132008690,25.3865,1.7825,1.3725,23.4849,
600693.SH,东百集团,2004-07-02,0.8061,0.7996,0.8061,0.7931,0.8012,143200,702887,-0.0049,-0.6061,4.9084,0.1981,355720910.16,N/A,649482754.8,72300998,0,132008690,25.2327,1.7717,1.3641,23.3426,
600693.SH,东百集团,2004-07-05,0.8012,0.8012,0.8045,0.7963,0.7996,80393,394533,-0.0016,-0.2033,4.9076,0.1112,354997900.18,N/A,648162667.9,72300998,0,132008690,25.1814,1.7681,1.3614,23.2951,
600693.SH,东百集团,2004-07-06,0.7996,0.7996,0.8175,0.7996,0.8126,214192,1066823,0.013,1.6293,4.9807,0.2963,360781980.02,N/A,658723363.1,72300998,0,132008690,25.5917,1.7969,1.3835,23.6747,
600693.SH,东百集团,2004-07-07,0.8126,0.8061,0.8061,0.7947,0.8012,109300,536767,-0.0114,-1.4028,4.911,0.1512,355720910.16,N/A,649482754.8,72300998,0,132008690,25.2327,1.7717,1.3641,23.3426,
600693.SH,东百集团,2004-07-08,0.8012,0.7931,0.8012,0.7914,0.8012,75300,368372,0,0,4.8921,0.1041,355720910.16,N/A,649482754.8,72300998,0,132008690,25.2327,1.7717,1.3641,23.3426,
600693.SH,东百集团,2004-07-09,0.8012,0.8028,0.8045,0.7882,0.7947,126892,619695,-0.0065,-0.813,4.8836,0.1755,352828870.24,N/A,644202407.2,72300998,0,132008690,25.0275,1.7573,1.353,23.1528,
600693.SH,东百集团,2004-07-12,0.7947,0.7865,0.7931,0.7605,0.7686,254700,1211323,-0.0261,-3.2787,4.7559,0.3523,341260710.56,N/A,623081016.8,72300998,0,132008690,24.207,1.6997,1.3087,22.3937,
600693.SH,东百集团,2004-07-13,0.7686,0.7556,0.7735,0.754,0.7703,72051,339426,0.0016,0.2119,4.7109,0.0997,341983720.54,N/A,624401103.7,72300998,0,132008690,24.2583,1.7033,1.3115,22.4411,
600693.SH,东百集团,2004-07-14,0.7703,0.767,0.7686,0.7377,0.7523,240900,1114160,-0.0179,-2.3256,4.625,0.3332,334030610.76,N/A,609880147.8,72300998,0,132008690,23.6941,1.6636,1.281,21.9192,
600693.SH,东百集团,2004-07-15,0.7523,0.7523,0.7654,0.7523,0.7621,116731,542276,0.0098,1.2987,4.6455,0.1615,338368670.64,N/A,617800669.2,72300998,0,132008690,24.0018,1.6852,1.2976,22.2039,
600693.SH,东百集团,2004-07-16,0.7621,0.7703,0.7898,0.7654,0.7882,279075,1335115,0.0261,3.4188,4.7841,0.386,349936830.32,N/A,638922059.6,72300998,0,132008690,24.8224,1.7429,1.342,22.963,
600693.SH,东百集团,2004-07-19,0.7882,0.7882,0.7882,0.7768,0.7817,126270,607008,-0.0065,-0.8264,4.8072,0.1746,347044790.4,N/A,633641712,72300998,0,132008690,24.6173,1.7285,1.3309,22.7732,
600693.SH,东百集团,2004-07-20,0.7817,0.7817,0.7817,0.7735,0.7751,81780,389982,-0.0065,-0.8333,4.7687,0.1131,344152750.48,N/A,628361364.4,72300998,0,132008690,24.4121,1.7141,1.3198,22.5835,
600693.SH,东百集团,2004-07-21,0.7751,0.7751,0.7849,0.7735,0.7849,128300,614093,0.0098,1.2605,4.7864,0.1775,348490810.36,N/A,636281885.8,72300998,0,132008690,24.7198,1.7357,1.3364,22.8681,
600693.SH,东百集团,2004-07-22,0.7849,0.7898,0.7898,0.767,0.767,131300,628486,-0.0179,-2.2822,4.7866,0.1816,340537700.58,N/A,621760929.9,72300998,0,132008690,24.1557,1.6961,1.3059,22.3462,
600693.SH,东百集团,2004-07-23,0.767,0.767,0.7686,0.7572,0.7686,97814,457765,0.0016,0.2123,4.68,0.1353,341260710.56,N/A,623081016.8,72300998,0,132008690,24.207,1.6997,1.3087,22.3937,
600693.SH,东百集团,2004-07-26,0.7686,0.7751,0.7751,0.7507,0.7523,137700,640907,-0.0163,-2.1186,4.6544,0.1905,334030610.76,N/A,609880147.8,72300998,0,132008690,23.6941,1.6636,1.281,21.9192,
600693.SH,东百集团,2004-07-27,0.7523,0.7491,0.7589,0.7409,0.7523,146300,671159,0,0,4.5876,0.2023,334030610.76,N/A,609880147.8,72300998,0,132008690,23.6941,1.6636,1.281,21.9192,
600693.SH,东百集团,2004-07-28,0.7523,0.7523,0.7637,0.7475,0.7589,275068,1272791,0.0065,0.8658,4.6272,0.3804,336922650.68,N/A,615160495.4,72300998,0,132008690,23.8992,1.678,1.292,22.109,
600693.SH,东百集团,2004-07-29,0.7589,0.7637,0.7703,0.7605,0.7703,190090,893136,0.0114,1.5021,4.6985,0.2629,341983720.54,N/A,624401103.7,72300998,0,132008690,24.2583,1.7033,1.3115,22.4411,
600693.SH,东百集团,2004-07-30,0.7703,0.7768,0.7768,0.7589,0.7703,118571,558332,0,0,4.7088,0.164,341983720.54,N/A,624401103.7,72300998,0,132008690,24.2583,1.7033,1.3115,22.4411,
600693.SH,东百集团,2004-08-02,0.7703,0.7621,0.7621,0.7589,0.7589,59500,278173,-0.0114,-1.4799,4.6752,0.0823,336922650.68,N/A,615160495.4,72300998,0,132008690,23.8992,1.678,1.292,22.109,
600693.SH,东百集团,2004-08-03,0.7589,0.7523,0.7654,0.7491,0.754,40650,188198,-0.0049,-0.6438,4.6297,0.0562,334753620.74,N/A,611200234.7,72300998,0,132008690,23.7454,1.6672,1.2837,21.9667,
600693.SH,东百集团,2004-08-04,0.754,0.754,0.78,0.754,0.7735,132970,630330,0.0195,2.5918,4.7404,0.1839,343429740.5,N/A,627041277.5,72300998,0,132008690,24.3608,1.7105,1.317,22.536,
600693.SH,东百集团,2004-08-05,0.7735,0.7703,0.78,0.7654,0.7735,133275,631071,0,0,4.7351,0.1843,343429740.5,N/A,627041277.5,72300998,0,132008690,24.3608,1.7105,1.317,22.536,
600693.SH,东百集团,2004-08-06,0.7735,0.7751,0.811,0.7735,0.7849,578700,2825084,0.0114,1.4737,4.8818,0.8004,348490810.36,N/A,636281885.8,72300998,0,132008690,24.7198,1.7357,1.3364,22.8681,
600693.SH,东百集团,2004-08-09,0.7849,0.7654,0.7817,0.7654,0.7751,259440,1228079,-0.0098,-1.2448,4.7336,0.3588,344152750.48,N/A,628361364.4,72300998,0,132008690,24.4121,1.7141,1.3198,22.5835,
600693.SH,东百集团,2004-08-10,0.7751,0.7703,0.7784,0.767,0.7751,66450,316329,0,0,4.7604,0.0919,344152750.48,N/A,628361364.4,72300998,0,132008690,24.4121,1.7141,1.3198,22.5835,
600693.SH,东百集团,2004-08-11,0.7751,0.7719,0.7849,0.7686,0.7784,105550,504075,0.0033,0.4202,4.7757,0.146,345598770.44,N/A,631001538.2,72300998,0,132008690,24.5147,1.7213,1.3253,22.6784,
600693.SH,东百集团,2004-08-12,0.7784,0.767,0.7751,0.7523,0.7637,169400,791826,-0.0147,-1.8828,4.6743,0.2343,339091680.62,N/A,619120756.1,72300998,0,132008690,24.0531,1.6888,1.3004,22.2514,
600693.SH,东百集团,2004-08-13,0.7637,0.7703,0.7768,0.7589,0.7686,94600,445911,0.0049,0.6397,4.7136,0.1308,341260710.56,N/A,623081016.8,72300998,0,132008690,24.207,1.6997,1.3087,22.3937,
600693.SH,东百集团,2004-08-16,0.7686,0.7621,0.7621,0.7442,0.7507,83650,385976,-0.0179,-2.3305,4.6142,0.1157,333307600.78,N/A,608560060.9,72300998,0,132008690,23.6428,1.66,1.2782,21.8718,
600693.SH,东百集团,2004-08-17,0.7507,0.7507,0.7523,0.7393,0.7491,112150,515771,-0.0016,-0.2169,4.5989,0.1551,332584590.8,N/A,607239974,72300998,0,132008690,23.5915,1.6564,1.2754,21.8244,
600693.SH,东百集团,2004-08-18,0.7491,0.7442,0.7572,0.7426,0.754,84271,389165,0.0049,0.6522,4.618,0.1166,334753620.74,N/A,611200234.7,72300998,0,132008690,23.7454,1.6672,1.2837,21.9667,
600693.SH,东百集团,2004-08-19,0.754,0.7475,0.7523,0.7328,0.7393,152700,695803,-0.0147,-1.9438,4.5567,0.2112,328246530.92,N/A,599319452.6,72300998,0,132008690,23.2838,1.6348,1.2588,21.5397,
600693.SH,东百集团,2004-08-20,0.7393,0.7328,0.7458,0.7247,0.7361,144640,651767,-0.0033,-0.4405,4.5061,0.2001,326800510.96,N/A,596679278.8,72300998,0,132008690,23.1812,1.6276,1.2532,21.4448,
600693.SH,东百集团,2004-08-23,0.7361,0.7328,0.7361,0.7247,0.7328,115514,519024,-0.0033,-0.4425,4.4932,0.1598,325354491,N/A,594039105,72300998,0,132008690,23.0787,1.6204,1.2477,21.3499,
600693.SH,东百集团,2004-08-24,0.7328,0.7377,0.7686,0.7344,0.754,142100,656626,0.0212,2.8889,4.6209,0.1965,334753620.74,N/A,611200234.7,72300998,0,132008690,23.7454,1.6672,1.2837,21.9667,
600693.SH,东百集团,2004-08-25,0.754,0.7572,0.7572,0.7409,0.7442,103800,476381,-0.0098,-1.2959,4.5894,0.1436,330415560.86,N/A,603279713.3,72300998,0,132008690,23.4377,1.6456,1.2671,21.682,
600693.SH,东百集团,2004-08-26,0.7442,0.7442,0.7523,0.7377,0.7491,61450,281848,0.0049,0.6565,4.5866,0.085,332584590.8,N/A,607239974,72300998,0,132008690,23.5915,1.6564,1.2754,21.8244,
600693.SH,东百集团,2004-08-27,0.7491,0.7491,0.7491,0.7295,0.7361,100900,455539,-0.013,-1.7391,4.5148,0.1396,326800510.96,N/A,596679278.8,72300998,0,132008690,23.1812,1.6276,1.2532,21.4448,
600693.SH,东百集团,2004-08-30,0.7361,0.7214,0.7393,0.7214,0.7377,49700,223338,0.0016,0.2212,4.4937,0.0687,327523520.94,N/A,597999365.7,72300998,0,132008690,23.2325,1.6312,1.256,21.4922,
600693.SH,东百集团,2004-08-31,0.7377,0.7572,0.7654,0.7458,0.7556,314314,1454701,0.0179,2.4283,4.6282,0.4347,335476630.72,N/A,612520321.6,72300998,0,132008690,23.7967,1.6708,1.2865,22.0141,
600693.SH,东百集团,2004-09-01,0.7556,0.7523,0.7523,0.7328,0.7377,129700,587993,-0.0179,-2.3707,4.5335,0.1794,327523520.94,N/A,597999365.7,72300998,0,132008690,23.2325,1.6312,1.256,21.4922,
600693.SH,东百集团,2004-09-02,0.7377,0.7279,0.7572,0.7263,0.7556,168508,772429,0.0179,2.4283,4.5839,0.2331,335476630.72,N/A,612520321.6,72300998,0,132008690,23.7967,1.6708,1.2865,22.0141,
600693.SH,东百集团,2004-09-03,0.7556,0.7572,0.7768,0.7556,0.7637,426240,2003292,0.0081,1.0776,4.6999,0.5895,339091680.62,N/A,619120756.1,72300998,0,132008690,24.0531,1.6888,1.3004,22.2514,
600693.SH,东百集团,2004-09-06,0.7637,0.7572,0.7654,0.7491,0.7621,96230,446778,-0.0016,-0.2132,4.6428,0.1331,338368670.64,N/A,617800669.2,72300998,0,132008690,24.0018,1.6852,1.2976,22.2039,
600693.SH,东百集团,2004-09-07,0.7621,0.754,0.7719,0.7523,0.7703,176170,826401,0.0081,1.0684,4.6909,0.2437,341983720.54,N/A,624401103.7,72300998,0,132008690,24.2583,1.7033,1.3115,22.4411,
600693.SH,东百集团,2004-09-08,0.7703,0.7735,0.7784,0.7605,0.7637,198049,934244,-0.0065,-0.8457,4.7172,0.2739,339091680.62,N/A,619120756.1,72300998,0,132008690,24.0531,1.6888,1.3004,22.2514,
600693.SH,东百集团,2004-09-09,0.7637,0.7589,0.767,0.7409,0.7491,206200,949591,-0.0147,-1.919,4.6052,0.2852,332584590.8,N/A,607239974,72300998,0,132008690,23.5915,1.6564,1.2754,21.8244,
600693.SH,东百集团,2004-09-10,0.7491,0.7491,0.7523,0.7377,0.7458,102900,470252,-0.0033,-0.4348,4.57,0.1423,331138570.84,N/A,604599800.2,72300998,0,132008690,23.489,1.6492,1.2699,21.7295,
600693.SH,东百集团,2004-09-13,0.7458,0.754,0.754,0.7312,0.7328,117168,530848,-0.013,-1.7467,4.5307,0.1621,325354491,N/A,594039105,72300998,0,132008690,23.0787,1.6204,1.2477,21.3499,
600693.SH,东百集团,2004-09-14,0.7328,0.7523,0.7605,0.7409,0.7589,274566,1265893,0.0261,3.5556,4.6105,0.3798,336922650.68,N/A,615160495.4,72300998,0,132008690,23.8992,1.678,1.292,22.109,
600693.SH,东百集团,2004-09-15,0.7589,0.7507,0.8077,0.7507,0.7914,1034946,5025224,0.0326,4.2918,4.8555,1.4314,351382850.28,N/A,641562233.4,72300998,0,132008690,24.925,1.7501,1.3475,23.0579,
600693.SH,东百集团,2004-09-16,0.7914,0.7914,0.7979,0.7833,0.7947,626786,3042359,0.0033,0.4115,4.8539,0.8669,352828870.24,N/A,644202407.2,72300998,0,132008690,25.0275,1.7573,1.353,23.1528,
600693.SH,东百集团,2004-09-17,0.7947,0.7979,0.8159,0.7865,0.8159,1033536,5092912,0.0212,2.6639,4.9277,1.4295,362227999.98,N/A,661363536.9,72300998,0,132008690,25.6943,1.8041,1.3891,23.7696,
600693.SH,东百集团,2004-09-20,0.8159,0.8224,0.837,0.811,0.837,1297032,6553179,0.0212,2.5948,5.0524,1.7939,371627129.72,N/A,678524666.6,72300998,0,132008690,26.361,1.8509,1.4251,24.3863,
600693.SH,东百集团,2004-09-21,0.837,0.8354,0.8517,0.8191,0.837,1141770,5859431,0,0,5.1319,1.5792,371627129.72,N/A,678524666.6,72300998,0,132008690,26.361,1.8509,1.4251,24.3863,
600693.SH,东百集团,2004-09-22,0.837,0.8256,0.837,0.8061,0.8077,677420,3408255,-0.0293,-3.5019,5.0312,0.9369,358612950.08,N/A,654763102.4,72300998,0,132008690,25.4378,1.7861,1.3752,23.5323,
600693.SH,东百集团,2004-09-23,0.8077,0.8126,0.8338,0.7996,0.8338,398900,1992776,0.0261,3.2258,4.9957,0.5517,370181109.76,N/A,675884492.8,72300998,0,132008690,26.2584,1.8437,1.4196,24.2915,
600693.SH,东百集团,2004-09-24,0.8338,0.8354,0.868,0.811,0.8126,1723185,8923454,-0.0212,-2.5391,5.1785,2.3833,360781980.02,N/A,658723363.1,72300998,0,132008690,25.5917,1.7969,1.3835,23.6747,
600693.SH,东百集团,2004-09-27,0.8126,0.8126,0.8403,0.8061,0.8191,496447,2488469,0.0065,0.8016,5.0126,0.6866,363674019.94,N/A,664003710.7,72300998,0,132008690,25.7968,1.8113,1.3946,23.8645,
600693.SH,东百集团,2004-09-28,0.8191,0.8207,0.8224,0.8061,0.8093,209979,1048119,-0.0098,-1.1928,4.9915,0.2904,359335960.06,N/A,656083189.3,72300998,0,132008690,25.4891,1.7897,1.378,23.5798,
600693.SH,东百集团,2004-09-29,0.8093,0.8093,0.8191,0.7979,0.8061,207237,1024066,-0.0033,-0.4024,4.9415,0.2866,357889940.1,N/A,653443015.5,72300998,0,132008690,25.3865,1.7825,1.3725,23.4849,
600693.SH,东百集团,2004-09-30,0.8061,0.8093,0.8159,0.7963,0.8061,508344,2530725,0,0,4.9784,0.7031,357889940.1,N/A,653443015.5,72300998,0,132008690,25.3865,1.7825,1.3725,23.4849,
600693.SH,东百集团,2004-10-08,0.8061,0.7914,0.8256,0.7914,0.824,165105,818829,0.0179,2.2222,4.9594,0.2284,365843049.88,N/A,667963971.4,72300998,0,132008690,25.9507,1.8221,1.403,24.0068,
600693.SH,东百集团,2004-10-11,0.824,0.8631,0.8745,0.837,0.8484,3254637,17071880,0.0244,2.9644,5.2454,4.5015,376688199.58,N/A,687765274.9,72300998,0,132008690,26.72,1.8761,1.4445,24.7185,
600693.SH,东百集团,2004-10-12,0.8484,0.8387,0.8403,0.8159,0.8159,743231,3771847,-0.0326,-3.8388,5.0749,1.028,362227999.98,N/A,661363536.9,72300998,0,132008690,25.6943,1.8041,1.3891,23.7696,
600693.SH,东百集团,2004-10-13,0.8159,0.8142,0.8207,0.8012,0.8159,610612,3035828,0,0,4.9718,0.8445,362227999.98,N/A,661363536.9,72300998,0,132008690,25.6943,1.8041,1.3891,23.7696,
600693.SH,东百集团,2004-10-14,0.8159,0.8207,0.8207,0.767,0.767,554130,2704593,-0.0489,-5.988,4.8808,0.7664,340537700.58,N/A,621760929.9,72300998,0,132008690,24.1557,1.6961,1.3059,22.3462,
600693.SH,东百集团,2004-10-15,0.767,0.7735,0.7768,0.754,0.7605,254050,1187314,-0.0065,-0.8493,4.6735,0.3514,337645660.66,N/A,616480582.3,72300998,0,132008690,23.9505,1.6816,1.2948,22.1565,
600693.SH,东百集团,2004-10-18,0.7605,0.7605,0.7735,0.7491,0.7637,175549,818977,0.0033,0.4283,4.6652,0.2428,339091680.62,N/A,619120756.1,72300998,0,132008690,24.0531,1.6888,1.3004,22.2514,
600693.SH,东百集团,2004-10-19,0.7637,0.7817,0.7947,0.7621,0.767,306127,1465991,0.0033,0.4264,4.7888,0.4234,340537700.58,N/A,621760929.9,72300998,0,132008690,24.1557,1.6961,1.3059,22.3462,
600693.SH,东百集团,2004-10-20,0.767,0.7589,0.7654,0.7458,0.754,332120,1533183,-0.013,-1.6985,4.6164,0.4594,334753620.74,N/A,611200234.7,72300998,0,132008690,23.7454,1.6672,1.2837,21.9667,
600693.SH,东百集团,2004-10-21,0.754,0.7589,0.7621,0.7361,0.7475,255240,1176125,-0.0065,-0.8639,4.6079,0.353,331861580.82,N/A,605919887.1,72300998,0,132008690,23.5402,1.6528,1.2726,21.7769,
600693.SH,东百集团,2004-10-22,0.7475,0.7344,0.754,0.7295,0.754,293347,1334357,0.0065,0.8715,4.5487,0.4057,334753620.74,N/A,611200234.7,72300998,0,132008690,23.7454,1.6672,1.2837,21.9667,
600693.SH,东百集团,2004-10-25,0.754,0.7654,0.7686,0.7409,0.7475,304807,1403787,-0.0065,-0.8639,4.6055,0.4216,331861580.82,N/A,605919887.1,72300998,0,132008690,23.5402,1.6528,1.2726,21.7769,
600693.SH,东百集团,2004-10-26,0.7475,0.7377,0.7572,0.7328,0.7572,258232,1178392,0.0098,1.3072,4.5633,0.3572,336199640.7,N/A,613840408.5,72300998,0,132008690,23.848,1.6744,1.2893,22.0616,
600693.SH,东百集团,2004-10-27,0.7572,0.7589,0.7735,0.7491,0.7703,215807,1008517,0.013,1.7204,4.6732,0.2985,341983720.54,N/A,624401103.7,72300998,0,132008690,24.2583,1.7033,1.3115,22.4411,
600693.SH,东百集团,2004-10-28,0.7703,0.7703,0.7768,0.7589,0.7654,329850,1553136,-0.0049,-0.6342,4.7086,0.4562,339814690.6,N/A,620440843,72300998,0,132008690,24.1044,1.6924,1.3031,22.2988,
600693.SH,东百集团,2004-10-29,0.7654,0.7458,0.7589,0.7393,0.7458,231016,1062376,-0.0195,-2.5532,4.5987,0.3195,331138570.84,N/A,604599800.2,72300998,0,132008690,23.489,1.6492,1.2699,21.7295,
600693.SH,东百集团,2004-11-01,0.7458,0.7458,0.7589,0.7442,0.7458,231992,1070564,0,0,4.6147,0.3209,331138570.84,N/A,604599800.2,72300998,0,132008690,23.489,1.6492,1.2699,21.7295,
600693.SH,东百集团,2004-11-02,0.7458,0.7393,0.7556,0.7393,0.7556,151203,695495,0.0098,1.31,4.5997,0.2091,335476630.72,N/A,612520321.6,72300998,0,132008690,23.7967,1.6708,1.2865,22.0141,
600693.SH,东百集团,2004-11-03,0.7556,0.7556,0.7784,0.7556,0.7751,556807,2639434,0.0195,2.5862,4.7403,0.7701,344152750.48,N/A,628361364.4,72300998,0,132008690,24.4121,1.7141,1.3198,22.5835,
600693.SH,东百集团,2004-11-04,0.7751,0.7817,0.7865,0.7475,0.7491,213192,998898,-0.0261,-3.3613,4.6854,0.2949,332584590.8,N/A,607239974,72300998,0,132008690,23.5915,1.6564,1.2754,21.8244,
600693.SH,东百集团,2004-11-05,0.7491,0.7605,0.7621,0.7458,0.7523,196143,905639,0.0033,0.4348,4.6172,0.2713,334030610.76,N/A,609880147.8,72300998,0,132008690,23.6941,1.6636,1.281,21.9192,
600693.SH,东百集团,2004-11-08,0.7523,0.7572,0.7572,0.7491,0.7556,85466,394480,0.0033,0.4329,4.6156,0.1182,335476630.72,N/A,612520321.6,72300998,0,132008690,23.7967,1.6708,1.2865,22.0141,
600693.SH,东百集团,2004-11-09,0.7556,0.7556,0.7589,0.7491,0.7572,73543,340602,0.0016,0.2155,4.6313,0.1017,336199640.7,N/A,613840408.5,72300998,0,132008690,23.848,1.6744,1.2893,22.0616,
600693.SH,东百集团,2004-11-10,0.7572,0.7605,0.78,0.754,0.78,419382,1987780,0.0228,3.0108,4.7398,0.5801,346321780.42,N/A,632321625.1,72300998,0,132008690,24.566,1.7249,1.3281,22.7258,
600693.SH,东百集团,2004-11-11,0.78,0.7735,0.7882,0.7686,0.7686,619691,2961582,-0.0114,-1.4614,4.7791,0.8571,341260710.56,N/A,623081016.8,72300998,0,132008690,24.207,1.6997,1.3087,22.3937,
600693.SH,东百集团,2004-11-12,0.7686,0.7686,0.7898,0.7637,0.7751,432234,2056285,0.0065,0.8475,4.7573,0.5978,344152750.48,N/A,628361364.4,72300998,0,132008690,24.4121,1.7141,1.3198,22.5835,
600693.SH,东百集团,2004-11-15,0.7751,0.7768,0.7898,0.7751,0.7898,315576,1514473,0.0147,1.8908,4.7991,0.4365,350659840.3,N/A,640242146.5,72300998,0,132008690,24.8737,1.7465,1.3447,23.0105,
600693.SH,东百集团,2004-11-16,0.7898,0.7898,0.7979,0.7784,0.78,215899,1037602,-0.0098,-1.2371,4.806,0.2986,346321780.42,N/A,632321625.1,72300998,0,132008690,24.566,1.7249,1.3281,22.7258,
600693.SH,东百集团,2004-11-17,0.78,0.7833,0.7914,0.7735,0.7784,351830,1689637,-0.0016,-0.2088,4.8024,0.4866,345598770.44,N/A,631001538.2,72300998,0,132008690,24.5147,1.7213,1.3253,22.6784,
600693.SH,东百集团,2004-11-18,0.7784,0.7784,0.7979,0.7735,0.7963,439379,2129616,0.0179,2.3013,4.8469,0.6077,353551880.22,N/A,645522494.1,72300998,0,132008690,25.0788,1.7609,1.3558,23.2002,
600693.SH,东百集团,2004-11-19,0.7963,0.7979,0.8045,0.7849,0.7979,344253,1677843,0.0016,0.2045,4.8739,0.4761,354274890.2,N/A,646842581,72300998,0,132008690,25.1301,1.7645,1.3586,23.2477,
600693.SH,东百集团,2004-11-22,0.7979,0.8028,0.8061,0.7898,0.8012,540333,2653194,0.0033,0.4082,4.9103,0.7473,355720910.16,N/A,649482754.8,72300998,0,132008690,25.2327,1.7717,1.3641,23.3426,
600693.SH,东百集团,2004-11-23,0.8012,0.7996,0.7996,0.7865,0.7963,347849,1693272,-0.0049,-0.6098,4.8678,0.4811,353551880.22,N/A,645522494.1,72300998,0,132008690,25.0788,1.7609,1.3558,23.2002,
600693.SH,东百集团,2004-11-24,0.7963,0.7947,0.8012,0.7817,0.7817,318700,1546802,-0.0147,-1.8405,4.8535,0.4408,347044790.4,N/A,633641712,72300998,0,132008690,24.6173,1.7285,1.3309,22.7732,
600693.SH,东百集团,2004-11-25,0.7817,0.7817,0.7947,0.7735,0.7898,306376,1471658,0.0081,1.0417,4.8034,0.4238,350659840.3,N/A,640242146.5,72300998,0,132008690,24.8737,1.7465,1.3447,23.0105,
600693.SH,东百集团,2004-11-26,0.7898,0.7914,0.7931,0.7589,0.7849,172900,834305,-0.0049,-0.6186,4.8254,0.2391,348490810.36,N/A,636281885.8,72300998,0,132008690,24.7198,1.7357,1.3364,22.8681,
600693.SH,东百集团,2004-11-29,0.7849,0.7882,0.7882,0.7654,0.7784,221314,1051656,-0.0065,-0.8299,4.7519,0.3061,345598770.44,N/A,631001538.2,72300998,0,132008690,24.5147,1.7213,1.3253,22.6784,
600693.SH,东百集团,2004-11-30,0.7784,0.7768,0.7898,0.767,0.7735,253015,1209549,-0.0049,-0.6276,4.7805,0.3499,343429740.5,N/A,627041277.5,72300998,0,132008690,24.3608,1.7105,1.317,22.536,
600693.SH,东百集团,2004-12-01,0.7735,0.7882,0.8045,0.7833,0.8012,954692,4674102,0.0277,3.5789,4.8959,1.3204,355720910.16,N/A,649482754.8,72300998,0,132008690,25.2327,1.7717,1.3641,23.3426,
600693.SH,东百集团,2004-12-02,0.8012,0.8012,0.8142,0.7914,0.8045,889858,4399956,0.0033,0.4065,4.9446,1.2308,357166930.12,N/A,652122928.6,72300998,0,132008690,25.3353,1.7789,1.3697,23.4375,
600693.SH,东百集团,2004-12-03,0.8045,0.8061,0.8159,0.8012,0.8045,492890,2440894,0,0,4.9522,0.6817,357166930.12,N/A,652122928.6,72300998,0,132008690,25.3353,1.7789,1.3697,23.4375,
600693.SH,东百集团,2004-12-06,0.8045,0.8045,0.811,0.7963,0.8045,186900,921679,0,0,4.9314,0.2585,357166930.12,N/A,652122928.6,72300998,0,132008690,25.3353,1.7789,1.3697,23.4375,
600693.SH,东百集团,2004-12-07,0.8045,0.8012,0.8012,0.7833,0.7865,305200,1485073,-0.0179,-2.2267,4.8659,0.4221,349213820.34,N/A,637601972.7,72300998,0,132008690,24.7711,1.7393,1.3392,22.9156,
600693.SH,东百集团,2004-12-08,0.7865,0.7882,0.7947,0.7833,0.7865,92300,445914,0,0,4.8311,0.1277,349213820.34,N/A,637601972.7,72300998,0,132008690,24.7711,1.7393,1.3392,22.9156,
600693.SH,东百集团,2004-12-09,0.7865,0.7963,0.7979,0.7751,0.7833,183000,884431,-0.0033,-0.4141,4.833,0.2531,347767800.38,N/A,634961798.9,72300998,0,132008690,24.6685,1.7321,1.3336,22.8207,
600693.SH,东百集团,2004-12-10,0.7833,0.7865,0.7865,0.7589,0.7637,281807,1336901,-0.0195,-2.4948,4.744,0.3898,339091680.62,N/A,619120756.1,72300998,0,132008690,24.0531,1.6888,1.3004,22.2514,
600693.SH,东百集团,2004-12-13,0.7637,0.7589,0.7637,0.7491,0.7589,102559,477554,-0.0049,-0.6397,4.6564,0.1419,336922650.68,N/A,615160495.4,72300998,0,132008690,23.8992,1.678,1.292,22.109,
600693.SH,东百集团,2004-12-14,0.7589,0.7589,0.7637,0.7523,0.7589,103650,481749,0,0,4.6478,0.1434,336922650.68,N/A,615160495.4,72300998,0,132008690,23.8992,1.678,1.292,22.109,
600693.SH,东百集团,2004-12-15,0.7589,0.7637,0.7637,0.7458,0.7637,140300,651214,0.0049,0.6438,4.6416,0.194,339091680.62,N/A,619120756.1,72300998,0,132008690,24.0531,1.6888,1.3004,22.2514,
600693.SH,东百集团,2004-12-16,0.7637,0.7637,0.7637,0.7475,0.754,91350,421948,-0.0098,-1.2793,4.619,0.1263,334753620.74,N/A,611200234.7,72300998,0,132008690,23.7454,1.6672,1.2837,21.9667,
600693.SH,东百集团,2004-12-17,0.754,0.7507,0.754,0.7458,0.7458,118900,547374,-0.0081,-1.0799,4.6037,0.1645,331138570.84,N/A,604599800.2,72300998,0,132008690,23.489,1.6492,1.2699,21.7295,
600693.SH,东百集团,2004-12-20,0.7458,0.7409,0.7507,0.7409,0.7442,61310,281095,-0.0016,-0.2183,4.5848,0.0848,330415560.86,N/A,603279713.3,72300998,0,132008690,23.4377,1.6456,1.2671,21.682,
600693.SH,东百集团,2004-12-21,0.7442,0.7491,0.7589,0.7409,0.7426,114321,522649,-0.0016,-0.2188,4.5718,0.1581,329692550.88,N/A,601959626.4,72300998,0,132008690,23.3864,1.642,1.2643,21.6346,
600693.SH,东百集团,2004-12-22,0.7426,0.754,0.7654,0.7458,0.7654,138917,646171,0.0228,3.0702,4.6515,0.1921,339814690.6,N/A,620440843,72300998,0,132008690,24.1044,1.6924,1.3031,22.2988,
600693.SH,东百集团,2004-12-23,0.7654,0.7556,0.7654,0.7458,0.7491,62235,288918,-0.0163,-2.1277,4.6424,0.0861,332584590.8,N/A,607239974,72300998,0,132008690,23.5915,1.6564,1.2754,21.8244,
600693.SH,东百集团,2004-12-24,0.7491,0.7491,0.7572,0.7475,0.7523,98550,454674,0.0033,0.4348,4.6136,0.1363,334030610.76,N/A,609880147.8,72300998,0,132008690,23.6941,1.6636,1.281,21.9192,
600693.SH,东百集团,2004-12-27,0.7523,0.7621,0.7621,0.7491,0.754,53500,247379,0.0016,0.2165,4.6239,0.074,334753620.74,N/A,611200234.7,72300998,0,132008690,23.7454,1.6672,1.2837,21.9667,
600693.SH,东百集团,2004-12-28,0.754,0.754,0.7556,0.7458,0.7475,46367,213439,-0.0065,-0.8639,4.6033,0.0641,331861580.82,N/A,605919887.1,72300998,0,132008690,23.5402,1.6528,1.2726,21.7769,
600693.SH,东百集团,2004-12-29,0.7475,0.7491,0.7605,0.7458,0.7491,243527,1124771,0.0016,0.2179,4.6187,0.3368,332584590.8,N/A,607239974,72300998,0,132008690,23.5915,1.6564,1.2754,21.8244,
600693.SH,东百集团,2004-12-30,0.7491,0.7491,0.7491,0.7377,0.7475,204100,932484,-0.0016,-0.2174,4.5688,0.2823,331861580.82,N/A,605919887.1,72300998,0,132008690,23.5402,1.6528,1.2726,21.7769,
600693.SH,东百集团,2004-12-31,0.7475,0.7475,0.7475,0.723,0.7263,209900,939284,-0.0212,-2.8322,4.4749,0.2903,322462451.08,N/A,588758757.4,72300998,0,132008690,22.8735,1.606,1.2366,21.1601,
600693.SH,东百集团,2005-01-04,0.7263,0.7165,0.7247,0.7165,0.7181,102950,454537,-0.0081,-1.1211,4.4151,0.1424,318847401.18,N/A,582158322.9,72300998,0,132008690,20.0623,1.4675,1.1223,6.5913,
600693.SH,东百集团,2005-01-05,0.7181,0.7247,0.7361,0.7181,0.7263,73800,330468,0.0081,1.1338,4.4779,0.1021,322462451.08,N/A,588758757.4,72300998,0,132008690,20.2898,1.4841,1.135,6.666,
600693.SH,东百集团,2005-01-06,0.7263,0.7247,0.7312,0.7165,0.723,55489,245648,-0.0033,-0.4484,4.427,0.0767,321016431.12,N/A,586118583.6,72300998,0,132008690,20.1988,1.4775,1.1299,6.6361,
600693.SH,东百集团,2005-01-07,0.723,0.7214,0.7328,0.7165,0.7263,67100,298355,0.0033,0.4505,4.4464,0.0928,322462451.08,N/A,588758757.4,72300998,0,132008690,20.2898,1.4841,1.135,6.666,
600693.SH,东百集团,2005-01-10,0.7263,0.7165,0.7328,0.7165,0.7279,100100,448435,0.0016,0.2242,4.4799,0.1384,323185461.06,N/A,590078844.3,72300998,0,132008690,20.3352,1.4875,1.1376,6.681,
600693.SH,东百集团,2005-01-11,0.7279,0.7279,0.7377,0.7263,0.7377,104454,469572,0.0098,1.3423,4.4955,0.1445,327523520.94,N/A,597999365.7,72300998,0,132008690,20.6082,1.5074,1.1528,6.7706,
600693.SH,东百集团,2005-01-12,0.7377,0.7393,0.7393,0.7247,0.7279,75594,338251,-0.0098,-1.3245,4.4746,0.1046,323185461.06,N/A,590078844.3,72300998,0,132008690,20.3352,1.4875,1.1376,6.681,
600693.SH,东百集团,2005-01-13,0.7279,0.7247,0.7344,0.7247,0.7328,56666,253719,0.0049,0.6711,4.4774,0.0784,325354491,N/A,594039105,72300998,0,132008690,20.4717,1.4975,1.1452,6.7258,
600693.SH,东百集团,2005-01-14,0.7328,0.7328,0.7442,0.7328,0.7426,305760,1386869,0.0098,1.3333,4.5358,0.4229,329692550.88,N/A,601959626.4,72300998,0,132008690,20.7447,1.5174,1.1605,6.8155,
600693.SH,东百集团,2005-01-17,0.7426,0.7295,0.7409,0.7198,0.7247,217401,972441,-0.0179,-2.4123,4.473,0.3007,321739441.1,N/A,587438670.5,72300998,0,132008690,20.2443,1.4808,1.1325,6.6511,
600693.SH,东百集团,2005-01-18,0.7247,0.7328,0.7361,0.7165,0.7361,234821,1045053,0.0114,1.573,4.4504,0.3248,326800510.96,N/A,596679278.8,72300998,0,132008690,20.5627,1.5041,1.1503,6.7557,
600693.SH,东百集团,2005-01-19,0.7361,0.7312,0.7475,0.7214,0.7442,355851,1618397,0.0081,1.1062,4.548,0.4922,330415560.86,N/A,603279713.3,72300998,0,132008690,20.7902,1.5208,1.163,6.8304,
600693.SH,东百集团,2005-01-20,0.7442,0.7328,0.7328,0.7181,0.723,184100,816430,-0.0212,-2.8446,4.4347,0.2546,321016431.12,N/A,586118583.6,72300998,0,132008690,20.1988,1.4775,1.1299,6.6361,
600693.SH,东百集团,2005-01-21,0.723,0.7214,0.7328,0.7019,0.7312,282107,1244174,0.0081,1.1261,4.4103,0.3902,324631481.02,N/A,592719018.1,72300998,0,132008690,20.4262,1.4941,1.1427,6.7108,
600693.SH,东百集团,2005-01-24,0.7312,0.7409,0.7475,0.7279,0.7409,345071,1570324,0.0098,1.3363,4.5507,0.4773,328969540.9,N/A,600639539.5,72300998,0,132008690,20.6992,1.5141,1.1579,6.8005,
600693.SH,东百集团,2005-01-25,0.7409,0.7344,0.7361,0.7247,0.7344,127550,571970,-0.0065,-0.8791,4.4843,0.1764,326077500.98,N/A,595359191.9,72300998,0,132008690,20.5172,1.5008,1.1478,6.7407,
600693.SH,东百集团,2005-01-26,0.7344,0.7247,0.7344,0.7247,0.7279,71024,318253,-0.0065,-0.8869,4.4809,0.0982,323185461.06,N/A,590078844.3,72300998,0,132008690,20.3352,1.4875,1.1376,6.681,
600693.SH,东百集团,2005-01-27,0.7279,0.7214,0.7312,0.7181,0.7214,87000,385777,-0.0065,-0.8949,4.4342,0.1203,320293421.14,N/A,584798496.7,72300998,0,132008690,20.1533,1.4742,1.1274,6.6212,
600693.SH,东百集团,2005-01-28,0.7214,0.7181,0.7214,0.6953,0.697,262799,1141875,-0.0244,-3.386,4.3451,0.3635,309448271.44,N/A,564997193.2,72300998,0,132008690,19.4709,1.4242,1.0892,6.397,
600693.SH,东百集团,2005-01-31,0.697,0.697,0.7051,0.6628,0.666,194450,805158,-0.0309,-4.4393,4.1407,0.2689,295711081.82,N/A,539915542.1,72300998,0,132008690,18.6065,1.361,1.0409,6.113,
600693.SH,东百集团,2005-02-01,0.666,0.6628,0.6725,0.6514,0.653,211900,858047,-0.013,-1.956,4.0493,0.2931,289927001.98,N/A,529354846.9,72300998,0,132008690,18.2426,1.3344,1.0205,5.9934,
600693.SH,东百集团,2005-02-02,0.653,0.653,0.6888,0.653,0.6872,244650,1015297,0.0342,5.2369,4.15,0.3384,305110211.56,N/A,557076671.8,72300998,0,132008690,19.1979,1.4043,1.0739,6.3073,
600693.SH,东百集团,2005-02-03,0.6872,0.6872,0.6872,0.6677,0.6758,275200,1145893,-0.0114,-1.6588,4.1639,0.3806,300049141.7,N/A,547836063.5,72300998,0,132008690,18.8795,1.381,1.0561,6.2027,
600693.SH,东百集团,2005-02-04,0.6758,0.6709,0.6856,0.6677,0.6823,225389,938631,0.0065,0.9639,4.1645,0.3117,302941181.62,N/A,553116411.1,72300998,0,132008690,19.0614,1.3943,1.0663,6.2625,
600693.SH,东百集团,2005-02-16,0.6823,0.6839,0.697,0.6839,0.6872,166299,703385,0.0049,0.716,4.2296,0.23,305110211.56,N/A,557076671.8,72300998,0,132008690,19.1979,1.4043,1.0739,6.3073,
600693.SH,东百集团,2005-02-17,0.6872,0.6839,0.6888,0.6791,0.6872,153707,645404,0,0,4.1989,0.2126,305110211.56,N/A,557076671.8,72300998,0,132008690,19.1979,1.4043,1.0739,6.3073,
600693.SH,东百集团,2005-02-18,0.6872,0.6872,0.7002,0.6872,0.697,354000,1511927,0.0098,1.4218,4.271,0.4896,309448271.44,N/A,564997193.2,72300998,0,132008690,19.4709,1.4242,1.0892,6.397,
600693.SH,东百集团,2005-02-21,0.697,0.6888,0.7035,0.6872,0.7035,166125,713192,0.0065,0.9346,4.2931,0.2298,312340311.36,N/A,570277540.8,72300998,0,132008690,19.6529,1.4376,1.0994,6.4568,
600693.SH,东百集团,2005-02-22,0.7035,0.7067,0.7165,0.697,0.7149,276339,1202640,0.0114,1.6204,4.352,0.3822,317401381.22,N/A,579518149.1,72300998,0,132008690,19.9713,1.4609,1.1172,6.5614,
600693.SH,东百集团,2005-02-23,0.7149,0.7149,0.7214,0.71,0.7165,279987,1230510,0.0016,0.2278,4.3949,0.3873,318124391.2,N/A,580838236,72300998,0,132008690,20.0168,1.4642,1.1198,6.5763,
600693.SH,东百集团,2005-02-24,0.7165,0.7149,0.7165,0.7084,0.7165,333409,1457193,0,0,4.3706,0.4611,318124391.2,N/A,580838236,72300998,0,132008690,20.0168,1.4642,1.1198,6.5763,
600693.SH,东百集团,2005-02-25,0.7165,0.7198,0.7247,0.7165,0.7181,293900,1300168,0.0016,0.2273,4.4238,0.4065,318847401.18,N/A,582158322.9,72300998,0,132008690,20.0623,1.4675,1.1223,6.5913,
600693.SH,东百集团,2005-02-28,0.7181,0.7165,0.7165,0.7035,0.7116,235911,1028952,-0.0065,-0.907,4.3616,0.3263,315955361.26,N/A,576877975.3,72300998,0,132008690,19.8803,1.4542,1.1121,6.5315,
600693.SH,东百集团,2005-03-01,0.7116,0.7116,0.7133,0.7051,0.7133,208400,907532,0.0016,0.2288,4.3548,0.2882,316678371.24,N/A,578198062.2,72300998,0,132008690,19.9258,1.4575,1.1147,6.5464,
600693.SH,东百集团,2005-03-02,0.7133,0.7133,0.7198,0.6986,0.7002,288800,1254517,-0.013,-1.8265,4.3439,0.3994,310894291.4,N/A,567637367,72300998,0,132008690,19.5619,1.4309,1.0943,6.4269,
600693.SH,东百集团,2005-03-03,0.7002,0.7019,0.7133,0.6953,0.71,226700,979076,0.0098,1.3953,4.3188,0.3136,315232351.28,N/A,575557888.4,72300998,0,132008690,19.8348,1.4509,1.1096,6.5165,
600693.SH,东百集团,2005-03-04,0.71,0.71,0.7116,0.6986,0.7019,113400,490387,-0.0081,-1.1468,4.3244,0.1568,311617301.38,N/A,568957453.9,72300998,0,132008690,19.6074,1.4342,1.0969,6.4418,
600693.SH,东百集团,2005-03-07,0.7019,0.7067,0.7084,0.6953,0.7035,168987,727952,0.0016,0.232,4.3077,0.2337,312340311.36,N/A,570277540.8,72300998,0,132008690,19.6529,1.4376,1.0994,6.4568,
600693.SH,东百集团,2005-03-08,0.7035,0.6986,0.7149,0.6953,0.7149,265999,1154976,0.0114,1.6204,4.342,0.3679,317401381.22,N/A,579518149.1,72300998,0,132008690,19.9713,1.4609,1.1172,6.5614,
600693.SH,东百集团,2005-03-09,0.7149,0.7149,0.7181,0.7084,0.7133,294920,1291557,-0.0016,-0.2278,4.3793,0.4079,316678371.24,N/A,578198062.2,72300998,0,132008690,19.9258,1.4575,1.1147,6.5464,
600693.SH,东百集团,2005-03-10,0.7133,0.7165,0.7181,0.6888,0.6921,371200,1611479,-0.0212,-2.968,4.3413,0.5134,307279241.5,N/A,561036932.5,72300998,0,132008690,19.3344,1.4143,1.0816,6.3521,
600693.SH,东百集团,2005-03-11,0.6921,0.6986,0.6986,0.6856,0.6937,203800,864209,0.0016,0.2353,4.2405,0.2819,308002251.48,N/A,562357019.4,72300998,0,132008690,19.3799,1.4176,1.0841,6.3671,
600693.SH,东百集团,2005-03-14,0.6937,0.6937,0.6986,0.6807,0.6872,157100,662415,-0.0065,-0.939,4.2165,0.2173,305110211.56,N/A,557076671.8,72300998,0,132008690,19.1979,1.4043,1.0739,6.3073,
600693.SH,东百集团,2005-03-15,0.6872,0.6872,0.6905,0.6807,0.6823,228250,959806,-0.0049,-0.7109,4.2051,0.3157,302941181.62,N/A,553116411.1,72300998,0,132008690,19.0614,1.3943,1.0663,6.2625,
600693.SH,东百集团,2005-03-16,0.6823,0.6807,0.6856,0.6725,0.6791,247009,1028061,-0.0033,-0.4773,4.162,0.3416,301495161.66,N/A,550476237.3,72300998,0,132008690,18.9705,1.3876,1.0612,6.2326,
600693.SH,东百集团,2005-03-17,0.6791,0.6791,0.6823,0.6725,0.6725,101600,423182,-0.0065,-0.9592,4.1652,0.1405,298603121.74,N/A,545195889.7,72300998,0,132008690,18.7885,1.3743,1.051,6.1728,
600693.SH,东百集团,2005-03-18,0.6725,0.6725,0.6823,0.6563,0.6579,159750,651265,-0.0147,-2.1792,4.0768,0.221,292096031.92,N/A,533315107.6,72300998,0,132008690,18.3791,1.3444,1.0281,6.0383,
600693.SH,东百集团,2005-03-21,0.6579,0.6563,0.6644,0.6498,0.6514,180501,724722,-0.0065,-0.9901,4.0151,0.2497,289203992,N/A,528034760,72300998,0,132008690,18.1971,1.3311,1.018,5.9785,
600693.SH,东百集团,2005-03-22,0.6514,0.6514,0.6563,0.627,0.6286,179200,700401,-0.0228,-3.5,3.9085,0.2479,279081852.28,N/A,509553543.4,72300998,0,132008690,17.5602,1.2845,0.9823,5.7692,
600693.SH,东百集团,2005-03-23,0.6286,0.6221,0.6351,0.6188,0.6253,232919,893264,-0.0033,-0.5181,3.8351,0.3222,277635832.32,N/A,506913369.6,72300998,0,132008690,17.4692,1.2778,0.9772,5.7393,
600693.SH,东百集团,2005-03-24,0.6253,0.6188,0.6351,0.6188,0.6302,144119,554354,0.0049,0.7813,3.8465,0.1993,279804862.26,N/A,510873630.3,72300998,0,132008690,17.6057,1.2878,0.9849,5.7842,
600693.SH,东百集团,2005-03-25,0.6302,0.6302,0.6514,0.6253,0.6481,312908,1222188,0.0179,2.8424,3.9059,0.4328,287757972.04,N/A,525394586.2,72300998,0,132008690,18.1061,1.3244,1.0129,5.9486,
600693.SH,东百集团,2005-03-28,0.6481,0.6449,0.6449,0.6221,0.6351,186310,719026,-0.013,-2.0101,3.8593,0.2577,281973892.2,N/A,514833891,72300998,0,132008690,17.7422,1.2978,0.9925,5.829,
600693.SH,东百集团,2005-03-29,0.6351,0.627,0.6351,0.6188,0.6253,186211,717406,-0.0098,-1.5385,3.8527,0.2575,277635832.32,N/A,506913369.6,72300998,0,132008690,17.4692,1.2778,0.9772,5.7393,
600693.SH,东百集团,2005-03-30,0.6253,0.6253,0.6253,0.6042,0.609,206345,777257,-0.0163,-2.6042,3.7668,0.2854,270405732.52,N/A,493712500.6,72300998,0,132008690,17.0143,1.2446,0.9518,5.5899,
600693.SH,东百集团,2005-03-31,0.609,0.6025,0.6123,0.596,0.6107,172911,642290,0.0016,0.2674,3.7146,0.2392,271128742.5,N/A,495032587.5,72300998,0,132008690,17.0598,1.2479,0.9543,5.6048,
600693.SH,东百集团,2005-04-01,0.6107,0.6042,0.6449,0.6042,0.6302,275751,1054966,0.0195,3.2,3.8258,0.3814,279804862.26,N/A,510873630.3,72300998,0,132008690,17.6057,1.2878,0.9849,5.7842,
600693.SH,东百集团,2005-04-04,0.6302,0.6188,0.6237,0.609,0.6139,104700,395624,-0.0163,-2.584,3.7786,0.1448,272574762.46,N/A,497672761.3,72300998,0,132008690,17.1508,1.2545,0.9594,5.6347,
600693.SH,东百集团,2005-04-05,0.6139,0.6172,0.6221,0.6139,0.6156,80400,304573,0.0016,0.2653,3.7882,0.1112,273297772.44,N/A,498992848.2,72300998,0,132008690,17.1962,1.2579,0.962,5.6497,
600693.SH,东百集团,2005-04-06,0.6156,0.6156,0.6286,0.6058,0.6221,185500,703369,0.0065,1.0582,3.7917,0.2566,276189812.36,N/A,504273195.8,72300998,0,132008690,17.3782,1.2712,0.9722,5.7095,
600693.SH,东百集团,2005-04-07,0.6221,0.6188,0.6432,0.6188,0.6302,323051,1258876,0.0081,1.3089,3.8968,0.4468,279804862.26,N/A,510873630.3,72300998,0,132008690,17.6057,1.2878,0.9849,5.7842,
600693.SH,东百集团,2005-04-08,0.6302,0.627,0.6432,0.627,0.6416,297700,1165099,0.0114,1.8088,3.9137,0.4118,284865932.12,N/A,520114238.6,72300998,0,132008690,17.9241,1.3111,1.0027,5.8888,
600693.SH,东百集团,2005-04-11,0.6416,0.6449,0.6449,0.6318,0.6384,190855,747723,-0.0033,-0.5076,3.9178,0.264,283419912.16,N/A,517474064.8,72300998,0,132008690,17.8331,1.3045,0.9976,5.8589,
600693.SH,东百集团,2005-04-12,0.6384,0.6384,0.6384,0.6188,0.6286,238600,919113,-0.0098,-1.5306,3.8521,0.33,279081852.28,N/A,509553543.4,72300998,0,132008690,17.5602,1.2845,0.9823,5.7692,
600693.SH,东百集团,2005-04-13,0.6286,0.6351,0.6449,0.6286,0.64,265120,1038588,0.0114,1.8135,3.9174,0.3667,284142922.14,N/A,518794151.7,72300998,0,132008690,17.8786,1.3078,1.0001,5.8739,
600693.SH,东百集团,2005-04-14,0.64,0.6351,0.6595,0.6351,0.6416,446946,1779458,0.0016,0.2545,3.9814,0.6182,284865932.12,N/A,520114238.6,72300998,0,132008690,17.9241,1.3111,1.0027,5.8888,
600693.SH,东百集团,2005-04-15,0.6416,0.6302,0.6302,0.6204,0.6253,150262,576236,-0.0163,-2.5381,3.8349,0.2078,277635832.32,N/A,506913369.6,72300998,0,132008690,17.4692,1.2778,0.9772,5.7393,
600693.SH,东百集团,2005-04-18,0.6253,0.64,0.6514,0.6318,0.6367,423300,1662822,0.0114,1.8229,3.9282,0.5855,282696902.18,N/A,516153977.9,72300998,0,132008690,17.7877,1.3011,0.9951,5.844,
600693.SH,东百集团,2005-04-19,0.6367,0.6302,0.653,0.6237,0.6481,374448,1481737,0.0114,1.7903,3.9571,0.5179,287757972.04,N/A,525394586.2,72300998,0,132008690,18.1061,1.3244,1.0129,5.9486,
600693.SH,东百集团,2005-04-20,0.6481,0.64,0.6481,0.6335,0.6416,320475,1258534,-0.0065,-1.005,3.9271,0.4433,284865932.12,N/A,520114238.6,72300998,0,132008690,17.9241,1.3111,1.0027,5.8888,
600693.SH,东百集团,2005-04-21,0.6416,0.6416,0.6628,0.6416,0.6546,923097,3708785,0.013,2.0305,4.0178,1.2767,290650011.96,N/A,530674933.8,72300998,0,132008690,18.2881,1.3377,1.0231,6.0084,
600693.SH,东百集团,2005-04-22,0.6546,0.6481,0.6563,0.6253,0.6351,761395,2985931,-0.0195,-2.9851,3.9217,1.0531,281973892.2,N/A,514833891,72300998,0,132008690,17.7422,1.2978,0.9925,5.829,
600693.SH,东百集团,2005-04-25,0.6351,0.6318,0.6367,0.6139,0.6351,518739,1989167,0,0,3.8346,0.7175,281973892.2,N/A,514833891,72300998,0,132008690,17.7422,1.2978,0.9925,5.829,
600693.SH,东百集团,2005-04-26,0.6351,0.64,0.6693,0.6384,0.666,1354711,5478586,0.0309,4.8718,4.0441,1.8737,295711081.82,N/A,539915542.1,72300998,0,132008690,18.6065,1.361,1.0409,6.113,
600693.SH,东百集团,2005-04-27,0.666,0.666,0.6725,0.6514,0.6628,726390,2943479,-0.0033,-0.489,4.0522,1.0047,294265061.86,N/A,537275368.3,72300998,0,132008690,18.5155,1.3544,1.0358,6.0831,
600693.SH,东百集团,2005-04-28,0.6628,0.6628,0.6774,0.6481,0.6709,836533,3416998,0.0081,1.2285,4.0847,1.157,297880111.76,N/A,543875802.8,72300998,0,132008690,18.743,1.371,1.0485,6.1578,
600693.SH,东百集团,2005-04-29,0.6709,0.6644,0.6709,0.6595,0.6644,525088,2144263,-0.0065,-0.9709,4.0836,0.7263,294988071.84,N/A,538595455.2,72300998,0,132008690,18.561,1.3577,1.0383,6.0981,
600693.SH,东百集团,2005-05-09,0.6644,0.6709,0.6709,0.6416,0.6449,422348,1688919,-0.0195,-2.9412,3.9989,0.5842,286311952.08,N/A,522754412.4,72300998,0,132008690,18.0151,1.3178,1.0078,5.9187,
600693.SH,东百集团,2005-05-10,0.6449,0.6432,0.6563,0.6335,0.6563,390662,1547201,0.0114,1.7677,3.9605,0.5403,291373021.94,N/A,531995020.7,72300998,0,132008690,18.3336,1.3411,1.0256,6.0233,
600693.SH,东百集团,2005-05-11,0.6563,0.6563,0.6595,0.6384,0.6449,219312,872283,-0.0114,-1.737,3.9774,0.3033,286311952.08,N/A,522754412.4,72300998,0,132008690,18.0151,1.3178,1.0078,5.9187,
600693.SH,东百集团,2005-05-12,0.6449,0.6384,0.6384,0.6221,0.6237,385900,1493240,-0.0212,-3.2828,3.8695,0.5337,276912822.34,N/A,505593282.7,72300998,0,132008690,17.4237,1.2745,0.9747,5.7244,
600693.SH,东百集团,2005-05-13,0.6237,0.6188,0.6384,0.6123,0.6351,418257,1601579,0.0114,1.8277,3.8292,0.5785,281973892.2,N/A,514833891,72300998,0,132008690,17.7422,1.2978,0.9925,5.829,
600693.SH,东百集团,2005-05-16,0.6351,0.6318,0.653,0.6318,0.6481,479191,1893062,0.013,2.0513,3.9505,0.6628,287757972.04,N/A,525394586.2,72300998,0,132008690,18.1061,1.3244,1.0129,5.9486,
600693.SH,东百集团,2005-05-17,0.6481,0.653,0.6563,0.6432,0.6481,398832,1594315,0,0,3.9975,0.5516,287757972.04,N/A,525394586.2,72300998,0,132008690,18.1061,1.3244,1.0129,5.9486,
600693.SH,东百集团,2005-05-18,0.6481,0.6449,0.6579,0.6432,0.6546,244300,976991,0.0065,1.005,3.9991,0.3379,290650011.96,N/A,530674933.8,72300998,0,132008690,18.2881,1.3377,1.0231,6.0084,
600693.SH,东百集团,2005-05-19,0.6546,0.653,0.6677,0.653,0.666,527185,2142362,0.0114,1.7413,4.0638,0.7292,295711081.82,N/A,539915542.1,72300998,0,132008690,18.6065,1.361,1.0409,6.113,
600693.SH,东百集团,2005-05-20,0.666,0.666,0.6677,0.6546,0.6563,290800,1182381,-0.0098,-1.467,4.066,0.4022,291373021.94,N/A,531995020.7,72300998,0,132008690,18.3336,1.3411,1.0256,6.0233,
600693.SH,东百集团,2005-05-23,0.6563,0.6514,0.6563,0.6351,0.6384,249533,984648,-0.0179,-2.7295,3.946,0.3451,283419912.16,N/A,517474064.8,72300998,0,132008690,17.8331,1.3045,0.9976,5.8589,
600693.SH,东百集团,2005-05-24,0.6384,0.6384,0.6546,0.6318,0.653,213465,849984,0.0147,2.2959,3.9818,0.2952,289927001.98,N/A,529354846.9,72300998,0,132008690,18.2426,1.3344,1.0205,5.9934,
600693.SH,东百集团,2005-05-25,0.653,0.6514,0.6644,0.6481,0.6546,319525,1283766,0.0016,0.2494,4.0177,0.4419,290650011.96,N/A,530674933.8,72300998,0,132008690,18.2881,1.3377,1.0231,6.0084,
600693.SH,东百集团,2005-05-26,0.6546,0.6579,0.6611,0.6384,0.64,261280,1041400,-0.0147,-2.2388,3.9858,0.3614,284142922.14,N/A,518794151.7,72300998,0,132008690,17.8786,1.3078,1.0001,5.8739,
600693.SH,东百集团,2005-05-27,0.64,0.6384,0.6481,0.6367,0.6384,104100,410094,-0.0016,-0.2545,3.9394,0.144,283419912.16,N/A,517474064.8,72300998,0,132008690,17.8331,1.3045,0.9976,5.8589,
600693.SH,东百集团,2005-05-30,0.6384,0.6384,0.6465,0.6335,0.6465,250284,982403,0.0081,1.2755,3.9252,0.3462,287034962.06,N/A,524074499.3,72300998,0,132008690,18.0606,1.3211,1.0103,5.9336,
600693.SH,东百集团,2005-05-31,0.6465,0.6449,0.6481,0.64,0.6432,115780,458278,-0.0033,-0.5038,3.9582,0.1601,285588942.1,N/A,521434325.5,72300998,0,132008690,17.9696,1.3144,1.0052,5.9038,
600693.SH,东百集团,2005-06-01,0.6432,0.6384,0.6384,0.6172,0.6172,361800,1384399,-0.0261,-4.0506,3.8264,0.5004,274020782.42,N/A,500312935.1,72300998,0,132008690,17.2417,1.2612,0.9645,5.6646,
600693.SH,东百集团,2005-06-02,0.6172,0.6139,0.6221,0.609,0.6139,384017,1448499,-0.0033,-0.5277,3.772,0.5311,272574762.46,N/A,497672761.3,72300998,0,132008690,17.1508,1.2545,0.9594,5.6347,
600693.SH,东百集团,2005-06-03,0.6139,0.6172,0.6237,0.609,0.6204,151400,572867,0.0065,1.061,3.7838,0.2094,275466802.38,N/A,502953108.9,72300998,0,132008690,17.3327,1.2678,0.9696,5.6945,
600693.SH,东百集团,2005-06-06,0.6204,0.6237,0.6286,0.6139,0.6286,267677,1021703,0.0081,1.3123,3.8169,0.3702,279081852.28,N/A,509553543.4,72300998,0,132008690,17.5602,1.2845,0.9823,5.7692,
600693.SH,东百集团,2005-06-07,0.6286,0.6286,0.6384,0.627,0.627,240573,934786,-0.0016,-0.2591,3.8857,0.3327,278358842.3,N/A,508233456.5,72300998,0,132008690,17.5147,1.2812,0.9798,5.7543,
600693.SH,东百集团,2005-06-08,0.627,0.627,0.6742,0.627,0.6742,1050564,4247857,0.0472,7.5325,4.0434,1.453,299326131.72,N/A,546515976.6,72300998,0,132008690,18.834,1.3777,1.0536,6.1877,
600693.SH,东百集团,2005-06-09,0.6742,0.6677,0.6791,0.6579,0.6693,941123,3859600,-0.0049,-0.7246,4.1011,1.3017,297157101.78,N/A,542555715.9,72300998,0,132008690,18.6975,1.3677,1.046,6.1429,
600693.SH,东百集团,2005-06-10,0.6693,0.6595,0.6693,0.653,0.6563,421600,1710136,-0.013,-1.9465,4.0563,0.5831,291373021.94,N/A,531995020.7,72300998,0,132008690,18.3336,1.3411,1.0256,6.0233,
600693.SH,东百集团,2005-06-13,0.6563,0.6546,0.6839,0.6546,0.6725,791667,3259242,0.0163,2.4814,4.1169,1.095,298603121.74,N/A,545195889.7,72300998,0,132008690,18.7885,1.3743,1.051,6.1728,
600693.SH,东百集团,2005-06-14,0.6725,0.6709,0.6791,0.6498,0.6546,532200,2173487,-0.0179,-2.6634,4.084,0.7361,290650011.96,N/A,530674933.8,72300998,0,132008690,18.2881,1.3377,1.0231,6.0084,
600693.SH,东百集团,2005-06-15,0.6546,0.6514,0.6546,0.6432,0.6449,235465,936345,-0.0098,-1.4925,3.9766,0.3257,286311952.08,N/A,522754412.4,72300998,0,132008690,18.0151,1.3178,1.0078,5.9187,
600693.SH,东百集团,2005-06-16,0.6449,0.64,0.653,0.6351,0.6514,321761,1272858,0.0065,1.0101,3.9559,0.445,289203992,N/A,528034760,72300998,0,132008690,18.1971,1.3311,1.018,5.9785,
600693.SH,东百集团,2005-06-17,0.6514,0.653,0.6595,0.6449,0.6579,313919,1260862,0.0065,1,4.0165,0.4342,292096031.92,N/A,533315107.6,72300998,0,132008690,18.3791,1.3444,1.0281,6.0383,
600693.SH,东百集团,2005-06-20,0.6579,0.6465,0.6742,0.6465,0.6725,623014,2546257,0.0147,2.2277,4.087,0.8617,298603121.74,N/A,545195889.7,72300998,0,132008690,18.7885,1.3743,1.051,6.1728,
600693.SH,东百集团,2005-06-21,0.6725,0.6774,0.6774,0.6595,0.6644,349989,1428956,-0.0081,-1.2107,4.0829,0.4841,294988071.84,N/A,538595455.2,72300998,0,132008690,18.561,1.3577,1.0383,6.0981,
600693.SH,东百集团,2005-06-22,0.6644,0.6644,0.6677,0.653,0.6644,196489,797437,0,0,4.0584,0.2718,294988071.84,N/A,538595455.2,72300998,0,132008690,18.561,1.3577,1.0383,6.0981,
600693.SH,东百集团,2005-06-23,0.6644,0.6595,0.6693,0.6563,0.6628,259100,1055512,-0.0016,-0.2451,4.0738,0.3584,294265061.86,N/A,537275368.3,72300998,0,132008690,18.5155,1.3544,1.0358,6.0831,
600693.SH,东百集团,2005-06-24,0.6628,0.6579,0.666,0.653,0.6644,223800,908935,0.0016,0.2457,4.0614,0.3095,294988071.84,N/A,538595455.2,72300998,0,132008690,18.561,1.3577,1.0383,6.0981,
600693.SH,东百集团,2005-06-27,0.6644,0.6693,0.6888,0.666,0.6823,1110647,4642722,0.0179,2.6961,4.1802,1.5361,302941181.62,N/A,553116411.1,72300998,0,132008690,19.0614,1.3943,1.0663,6.2625,
600693.SH,东百集团,2005-06-28,0.6823,0.6823,0.6823,0.6823,0.6823,N/A,N/A,0,0,N/A,N/A,302941181.62,N/A,553116411.1,72300998,0,132008690,19.0614,1.3943,1.0663,6.2625,
600693.SH,东百集团,2005-06-29,0.6823,0.6677,0.6742,0.6546,0.6563,544300,2228271,-0.0261,-3.8186,4.0938,0.7528,291373021.94,N/A,531995020.7,72300998,0,132008690,18.3336,1.3411,1.0256,6.0233,
600693.SH,东百集团,2005-06-30,0.6563,0.666,0.666,0.6449,0.6514,489489,1965767,-0.0049,-0.7444,4.016,0.677,289203992,N/A,528034760,72300998,0,132008690,18.1971,1.3311,1.018,5.9785,
600693.SH,东百集团,2005-07-01,0.6514,0.6432,0.6514,0.627,0.6416,543604,2140580,-0.0098,-1.5,3.9378,0.7519,284865932.12,N/A,520114238.6,72300998,0,132008690,17.9241,1.3111,1.0027,5.8888,
600693.SH,东百集团,2005-07-04,0.6416,0.6221,0.6416,0.6188,0.6318,408799,1575902,-0.0098,-1.5228,3.855,0.5654,280527872.24,N/A,512193717.2,72300998,0,132008690,17.6512,1.2911,0.9874,5.7991,
600693.SH,东百集团,2005-07-05,0.6318,0.6384,0.6384,0.6204,0.6302,139800,539523,-0.0016,-0.2577,3.8592,0.1934,279804862.26,N/A,510873630.3,72300998,0,132008690,17.6057,1.2878,0.9849,5.7842,
600693.SH,东百集团,2005-07-06,0.6302,0.6237,0.6351,0.6156,0.6302,160791,614606,0,0,3.8224,0.2224,279804862.26,N/A,510873630.3,72300998,0,132008690,17.6057,1.2878,0.9849,5.7842,
600693.SH,东百集团,2005-07-07,0.6302,0.6286,0.6302,0.6188,0.6286,95600,367530,-0.0016,-0.2584,3.8445,0.1322,279081852.28,N/A,509553543.4,72300998,0,132008690,17.5602,1.2845,0.9823,5.7692,
600693.SH,东百集团,2005-07-08,0.6286,0.6188,0.627,0.6025,0.6058,218576,820642,-0.0228,-3.6269,3.7545,0.3023,268959712.56,N/A,491072326.8,72300998,0,132008690,16.9233,1.2379,0.9467,5.56,
600693.SH,东百集团,2005-07-11,0.6058,0.6188,0.6351,0.6042,0.6074,137000,516655,0.0016,0.2688,3.7712,0.1895,269682722.54,N/A,492392413.7,72300998,0,132008690,16.9688,1.2412,0.9492,5.5749,
600693.SH,东百集团,2005-07-12,0.6074,0.6074,0.6302,0.596,0.6253,309031,1165544,0.0179,2.9491,3.7716,0.4274,277635832.32,N/A,506913369.6,72300998,0,132008690,17.4692,1.2778,0.9772,5.7393,
600693.SH,东百集团,2005-07-13,0.6253,0.6188,0.627,0.609,0.609,150800,572045,-0.0163,-2.6042,3.7934,0.2086,270405732.52,N/A,493712500.6,72300998,0,132008690,17.0143,1.2446,0.9518,5.5899,
600693.SH,东百集团,2005-07-14,0.609,0.609,0.6188,0.6042,0.6172,160770,604914,0.0081,1.3369,3.7626,0.2224,274020782.42,N/A,500312935.1,72300998,0,132008690,17.2417,1.2612,0.9645,5.6646,
600693.SH,东百集团,2005-07-15,0.6172,0.6172,0.6188,0.6042,0.6058,193145,725070,-0.0114,-1.847,3.754,0.2671,268959712.56,N/A,491072326.8,72300998,0,132008690,16.9233,1.2379,0.9467,5.56,
600693.SH,东百集团,2005-07-18,0.6058,0.6009,0.6156,0.5488,0.5716,1086288,3857821,-0.0342,-5.6452,3.5514,1.5025,253776502.98,N/A,463350501.9,72300998,0,132008690,15.9679,1.168,0.8933,5.2461,
600693.SH,东百集团,2005-07-19,0.5716,0.5716,0.5862,0.5667,0.5781,313100,1108100,0.0065,1.1396,3.5391,0.4331,256668542.9,N/A,468630849.5,72300998,0,132008690,16.1499,1.1813,0.9034,5.3059,
600693.SH,东百集团,2005-07-20,0.5781,0.5797,0.5814,0.5618,0.5732,153460,541702,-0.0049,-0.8451,3.5299,0.2123,254499512.96,N/A,464670588.8,72300998,0,132008690,16.0134,1.1713,0.8958,5.2611,
600693.SH,东百集团,2005-07-21,0.5732,0.57,0.5781,0.5618,0.5716,158602,554920,-0.0016,-0.2841,3.4988,0.2194,253776502.98,N/A,463350501.9,72300998,0,132008690,15.9679,1.168,0.8933,5.2461,
600693.SH,东百集团,2005-07-22,0.5716,0.5716,0.5944,0.57,0.5862,306487,1102987,0.0147,2.5641,3.5988,0.4239,260283592.8,N/A,475231284,72300998,0,132008690,16.3774,1.198,0.9162,5.3806,
600693.SH,东百集团,2005-07-25,0.5862,0.5879,0.596,0.5797,0.5944,276089,999854,0.0081,1.3889,3.6215,0.3819,263898642.7,N/A,481831718.5,72300998,0,132008690,16.6048,1.2146,0.9289,5.4554,
600693.SH,东百集团,2005-07-26,0.5944,0.596,0.609,0.5928,0.6058,396027,1467583,0.0114,1.9178,3.7058,0.5477,268959712.56,N/A,491072326.8,72300998,0,132008690,16.9233,1.2379,0.9467,5.56,
600693.SH,东百集团,2005-07-27,0.6058,0.6025,0.6139,0.5944,0.6123,329703,1222825,0.0065,1.0753,3.7089,0.456,271851752.48,N/A,496352674.4,72300998,0,132008690,17.1053,1.2512,0.9569,5.6198,
600693.SH,东百集团,2005-07-28,0.6123,0.6123,0.6123,0.5993,0.6009,462023,1710675,-0.0114,-1.8617,3.7026,0.639,266790682.62,N/A,487112066.1,72300998,0,132008690,16.7868,1.2279,0.9391,5.5152,
600693.SH,东百集团,2005-07-29,0.6009,0.5993,0.6058,0.596,0.6025,104801,386966,0.0016,0.271,3.6924,0.145,267513692.6,N/A,488432153,72300998,0,132008690,16.8323,1.2312,0.9416,5.5301,
600693.SH,东百集团,2005-08-01,0.6025,0.64,0.64,0.5993,0.6188,507917,1932301,0.0163,2.7027,3.8044,0.7025,274743792.4,N/A,501633022,72300998,0,132008690,17.2872,1.2645,0.9671,5.6796,
600693.SH,东百集团,2005-08-02,0.6188,0.6107,0.6302,0.6107,0.6286,494160,1888420,0.0098,1.5789,3.8215,0.6835,279081852.28,N/A,509553543.4,72300998,0,132008690,17.5602,1.2845,0.9823,5.7692,
600693.SH,东百集团,2005-08-03,0.6286,0.6237,0.6351,0.6221,0.627,387000,1496327,-0.0016,-0.2591,3.8665,0.5353,278358842.3,N/A,508233456.5,72300998,0,132008690,17.5147,1.2812,0.9798,5.7543,
600693.SH,东百集团,2005-08-04,0.627,0.627,0.627,0.6123,0.6123,305047,1154862,-0.0147,-2.3377,3.7858,0.4219,271851752.48,N/A,496352674.4,72300998,0,132008690,17.1053,1.2512,0.9569,5.6198,
600693.SH,东百集团,2005-08-05,0.6123,0.6172,0.6286,0.6172,0.6286,276470,1058782,0.0163,2.6596,3.8296,0.3824,279081852.28,N/A,509553543.4,72300998,0,132008690,17.5602,1.2845,0.9823,5.7692,
600693.SH,东百集团,2005-08-08,0.6286,0.6318,0.6384,0.6286,0.6367,425544,1658587,0.0081,1.2953,3.8976,0.5886,282696902.18,N/A,516153977.9,72300998,0,132008690,17.7877,1.3011,0.9951,5.844,
600693.SH,东百集团,2005-08-09,0.6367,0.6351,0.6416,0.6318,0.6416,340211,1328025,0.0049,0.7673,3.9035,0.4705,284865932.12,N/A,520114238.6,72300998,0,132008690,17.9241,1.3111,1.0027,5.8888,
600693.SH,东百集团,2005-08-10,0.6416,0.6351,0.6449,0.6302,0.6432,507659,1984855,0.0016,0.2538,3.9098,0.7021,285588942.1,N/A,521434325.5,72300998,0,132008690,17.9696,1.3144,1.0052,5.9038,
600693.SH,东百集团,2005-08-11,0.6432,0.6465,0.6465,0.6351,0.6449,469467,1850975,0.0016,0.2532,3.9427,0.6493,286311952.08,N/A,522754412.4,72300998,0,132008690,18.0151,1.3178,1.0078,5.9187,
600693.SH,东百集团,2005-08-12,0.6449,0.64,0.6481,0.6302,0.6335,425900,1669880,-0.0114,-1.7677,3.9208,0.5891,281250882.22,N/A,513513804.1,72300998,0,132008690,17.6967,1.2945,0.99,5.8141,
600693.SH,东百集团,2005-08-15,0.6335,0.6123,0.6481,0.6123,0.6481,331292,1297525,0.0147,2.3136,3.9166,0.4582,287757972.04,N/A,525394586.2,72300998,0,132008690,18.1061,1.3244,1.0129,5.9486,
600693.SH,东百集团,2005-08-16,0.6481,0.6481,0.6546,0.6351,0.6465,518937,2054552,-0.0016,-0.2513,3.9592,0.7177,287034962.06,N/A,524074499.3,72300998,0,132008690,18.0606,1.3211,1.0103,5.9336,
600693.SH,东百集团,2005-08-17,0.6465,0.6449,0.6644,0.6351,0.6611,748709,2986692,0.0147,2.267,3.9891,1.0355,293542051.88,N/A,535955281.4,72300998,0,132008690,18.47,1.351,1.0332,6.0682,
600693.SH,东百集团,2005-08-18,0.6611,0.6678,0.6678,0.6361,0.6394,609973,2395849,-0.0217,-3.2828,3.9278,0.8437,276912822.34,N/A,505593282.7,72300998,0,132008690,17.4237,1.2745,0.9747,5.7244,
600693.SH,东百集团,2005-08-19,0.6394,0.6344,0.6545,0.6278,0.6411,276590,1055743,0.0017,0.2611,3.817,0.3826,277635832.32,N/A,506913369.6,72300998,0,132008690,17.4692,1.2778,0.9772,5.7393,
600693.SH,东百集团,2005-08-22,0.6411,0.6378,0.6879,0.6278,0.6795,2166843,8685259,0.0384,5.9896,4.0083,2.997,294265061.86,N/A,537275368.3,72300998,0,132008690,18.5155,1.3544,1.0358,6.0831,
600693.SH,东百集团,2005-08-23,0.6795,0.6745,0.7329,0.6612,0.6979,4514003,19062256,0.0184,2.7027,4.2229,6.2433,302218171.64,N/A,551796324.2,72300998,0,132008690,19.016,1.391,1.0638,6.2475,
600693.SH,东百集团,2005-08-24,0.6979,0.6912,0.6979,0.6745,0.6945,1301843,5356189,-0.0033,-0.4785,4.1143,1.8006,300772151.68,N/A,549156150.4,72300998,0,132008690,18.925,1.3843,1.0587,6.2176,
600693.SH,东百集团,2005-08-25,0.6945,0.6945,0.6962,0.6795,0.6945,699732,2877796,0,0,4.1127,0.9678,300772151.68,N/A,549156150.4,72300998,0,132008690,18.925,1.3843,1.0587,6.2176,
600693.SH,东百集团,2005-08-26,0.6945,0.6879,0.7062,0.6812,0.6879,772864,3197369,-0.0067,-0.9615,4.137,1.069,297880111.76,N/A,543875802.8,72300998,0,132008690,18.743,1.371,1.0485,6.1578,
600693.SH,东百集团,2005-08-29,0.6879,0.6845,0.6929,0.6728,0.6829,500277,2039895,-0.005,-0.7282,4.0775,0.6919,295711081.82,N/A,539915542.1,72300998,0,132008690,18.6065,1.361,1.0409,6.113,
600693.SH,东百集团,2005-08-30,0.6829,0.6728,0.6762,0.6578,0.6612,861346,3431218,-0.0217,-3.1785,3.9836,1.1913,286311952.08,N/A,522754412.4,72300998,0,132008690,18.0151,1.3178,1.0078,5.9187,
600693.SH,东百集团,2005-08-31,0.6612,0.6545,0.6812,0.6528,0.6762,709111,2845402,0.015,2.2727,4.0126,0.9808,292819041.9,N/A,534635194.5,72300998,0,132008690,18.4245,1.3477,1.0307,6.0532,
600693.SH,东百集团,2005-09-01,0.6762,0.6712,0.6912,0.6712,0.6862,776731,3187898,0.01,1.4815,4.1042,1.0743,297157101.78,N/A,542555715.9,72300998,0,132008690,18.6975,1.3677,1.046,6.1429,
600693.SH,东百集团,2005-09-02,0.6862,0.6912,0.7062,0.6879,0.7029,1468521,6156342,0.0167,2.4331,4.1922,2.0311,304387201.58,N/A,555756584.9,72300998,0,132008690,19.1524,1.401,1.0714,6.2924,
600693.SH,东百集团,2005-09-05,0.7029,0.7079,0.7229,0.6945,0.7146,1053567,4487804,0.0117,1.6627,4.2596,1.4572,309448271.44,N/A,564997193.2,72300998,0,132008690,19.4709,1.4242,1.0892,6.397,
600693.SH,东百集团,2005-09-06,0.7146,0.7179,0.7179,0.6778,0.6862,1275930,5380489,-0.0284,-3.972,4.2169,1.7647,297157101.78,N/A,542555715.9,72300998,0,132008690,18.6975,1.3677,1.046,6.1429,
600693.SH,东百集团,2005-09-07,0.6862,0.6778,0.7196,0.6778,0.7179,1251158,5296133,0.0317,4.6229,4.233,1.7305,310894291.4,N/A,567637367,72300998,0,132008690,19.5619,1.4309,1.0943,6.4269,
600693.SH,东百集团,2005-09-08,0.7179,0.7263,0.7413,0.7146,0.7246,2241888,9811698,0.0067,0.9302,4.3765,3.1008,313786331.32,N/A,572917714.6,72300998,0,132008690,19.7438,1.4442,1.1045,6.4867,
600693.SH,东百集团,2005-09-09,0.7246,0.7229,0.748,0.7229,0.743,1812823,7990472,0.0184,2.5346,4.4078,2.5073,321739441.1,N/A,587438670.5,72300998,0,132008690,20.2443,1.4808,1.1325,6.6511,
600693.SH,东百集团,2005-09-12,0.743,0.7396,0.768,0.7363,0.7446,1346994,6021655,0.0017,0.2247,4.4704,1.863,322462451.08,N/A,588758757.4,72300998,0,132008690,20.2898,1.4841,1.135,6.666,
600693.SH,东百集团,2005-09-13,0.7446,0.7597,0.7647,0.7313,0.7513,4359420,19493505,0.0067,0.8969,4.4716,6.0295,325354491,N/A,594039105,72300998,0,132008690,20.4717,1.4975,1.1452,6.7258,
600693.SH,东百集团,2005-09-14,0.7513,0.748,0.7546,0.743,0.7513,2025591,9079906,0,0,4.4826,2.8016,325354491,N/A,594039105,72300998,0,132008690,20.4717,1.4975,1.1452,6.7258,
600693.SH,东百集团,2005-09-15,0.7513,0.7513,0.7513,0.7363,0.7413,904790,4012694,-0.01,-1.3333,4.4349,1.2514,321016431.12,N/A,586118583.6,72300998,0,132008690,20.1988,1.4775,1.1299,6.6361,
600693.SH,东百集团,2005-09-16,0.7413,0.7413,0.7463,0.7346,0.7396,652246,2893536,-0.0017,-0.2252,4.4363,0.9021,320293421.14,N/A,584798496.7,72300998,0,132008690,20.1533,1.4742,1.1274,6.6212,
600693.SH,东百集团,2005-09-19,0.7396,0.7396,0.7613,0.7346,0.7597,1605210,7217167,0.02,2.7088,4.4961,2.2202,328969540.9,N/A,600639539.5,72300998,0,132008690,20.6992,1.5141,1.1579,6.8005,
600693.SH,东百集团,2005-09-20,0.7597,0.7647,0.7647,0.7396,0.7597,1434231,6450393,0,0,4.4975,1.9837,328969540.9,N/A,600639539.5,72300998,0,132008690,20.6992,1.5141,1.1579,6.8005,
600693.SH,东百集团,2005-09-21,0.7597,0.7563,0.7563,0.7363,0.7463,796598,3544044,-0.0134,-1.7582,4.449,1.1018,323185461.06,N/A,590078844.3,72300998,0,132008690,20.3352,1.4875,1.1376,6.681,
600693.SH,东百集团,2005-09-22,0.7463,0.7446,0.7446,0.7112,0.7162,1107499,4811768,-0.0301,-4.0268,4.3447,1.5318,310171281.42,N/A,566317280.1,72300998,0,132008690,19.5164,1.4276,1.0918,6.4119,
600693.SH,东百集团,2005-09-23,0.7162,0.7146,0.7263,0.7062,0.7096,528200,2264540,-0.0067,-0.9324,4.2873,0.7306,307279241.5,N/A,561036932.5,72300998,0,132008690,19.3344,1.4143,1.0816,6.3521,
600693.SH,东百集团,2005-09-26,0.7096,0.7096,0.7112,0.6678,0.7012,514158,2151122,-0.0083,-1.1765,4.1838,0.7111,303664191.6,N/A,554436498,72300998,0,132008690,19.1069,1.3976,1.0689,6.2774,
600693.SH,东百集团,2005-09-27,0.7012,0.7096,0.743,0.7012,0.7296,1849769,8025546,0.0284,4.0476,4.3387,2.5584,315955361.26,N/A,576877975.3,72300998,0,132008690,19.8803,1.4542,1.1121,6.5315,
600693.SH,东百集团,2005-09-28,0.7296,0.7213,0.738,0.7162,0.7246,636531,2759683,-0.005,-0.6865,4.3355,0.8804,313786331.32,N/A,572917714.6,72300998,0,132008690,19.7438,1.4442,1.1045,6.4867,
600693.SH,东百集团,2005-09-29,0.7246,0.7346,0.7463,0.7246,0.7346,725724,3181613,0.01,1.3825,4.3841,1.0038,318124391.2,N/A,580838236,72300998,0,132008690,20.0168,1.4642,1.1198,6.5763,
600693.SH,东百集团,2005-09-30,0.7346,0.7346,0.7346,0.7129,0.7146,620531,2682407,-0.02,-2.7273,4.3228,0.8583,309448271.44,N/A,564997193.2,72300998,0,132008690,19.4709,1.4242,1.0892,6.397,
600693.SH,东百集团,2005-10-10,0.7146,0.7146,0.7146,0.6912,0.6929,398499,1669004,-0.0217,-3.0374,4.1882,0.5512,300049141.7,N/A,547836063.5,72300998,0,132008690,18.8795,1.381,1.0561,6.2027,
600693.SH,东百集团,2005-10-11,0.6929,0.6895,0.7012,0.6812,0.7012,403420,1674173,0.0083,1.2048,4.15,0.558,303664191.6,N/A,554436498,72300998,0,132008690,19.1069,1.3976,1.0689,6.2774,
600693.SH,东百集团,2005-10-12,0.7012,0.7012,0.7146,0.6929,0.7096,717095,3018763,0.0083,1.1905,4.2097,0.9918,307279241.5,N/A,561036932.5,72300998,0,132008690,19.3344,1.4143,1.0816,6.3521,
600693.SH,东百集团,2005-10-13,0.7096,0.7079,0.7129,0.6962,0.6996,552550,2329851,-0.01,-1.4118,4.2165,0.7642,302941181.62,N/A,553116411.1,72300998,0,132008690,19.0614,1.3943,1.0663,6.2625,
600693.SH,东百集团,2005-10-14,0.6996,0.6996,0.7179,0.6929,0.7046,726501,3074653,0.005,0.716,4.2321,1.0048,305110211.56,N/A,557076671.8,72300998,0,132008690,19.1979,1.4043,1.0739,6.3073,
600693.SH,东百集团,2005-10-17,0.7046,0.6979,0.7229,0.6979,0.7213,520860,2225810,0.0167,2.3697,4.2733,0.7204,312340311.36,N/A,570277540.8,72300998,0,132008690,19.6529,1.4376,1.0994,6.4568,
600693.SH,东百集团,2005-10-18,0.7213,0.7263,0.7413,0.7263,0.7329,1509085,6637165,0.0117,1.6204,4.3981,2.0872,317401381.22,N/A,579518149.1,72300998,0,132008690,19.9713,1.4609,1.1172,6.5614,
600693.SH,东百集团,2005-10-19,0.7329,0.7329,0.7463,0.7179,0.7229,840550,3682141,-0.01,-1.3667,4.3806,1.1626,313063321.34,N/A,571597627.7,72300998,0,132008690,19.6983,1.4409,1.1019,6.4717,
600693.SH,东百集团,2005-10-20,0.7229,0.7179,0.7263,0.6979,0.7112,564473,2398534,-0.0117,-1.6166,4.2492,0.7807,308002251.48,N/A,562357019.4,72300998,0,132008690,19.3799,1.4176,1.0841,6.3671,
600693.SH,东百集团,2005-10-21,0.7112,0.7129,0.7396,0.7129,0.7296,1811087,7938118,0.0184,2.5822,4.3831,2.5049,315955361.26,N/A,576877975.3,72300998,0,132008690,19.8803,1.4542,1.1121,6.5315,
600693.SH,东百集团,2005-10-24,0.7296,0.7279,0.7396,0.7196,0.7279,778174,3403491,-0.0017,-0.2288,4.3737,1.0763,315232351.28,N/A,575557888.4,72300998,0,132008690,19.8348,1.4509,1.1096,6.5165,
600693.SH,东百集团,2005-10-25,0.7279,0.7246,0.7329,0.7062,0.7062,542900,2328083,-0.0217,-2.9817,4.2882,0.7509,305833221.54,N/A,558396758.7,72300998,0,132008690,19.2434,1.4076,1.0765,6.3222,
600693.SH,东百集团,2005-10-26,0.7062,0.7096,0.7096,0.6812,0.6829,639625,2660949,-0.0234,-3.3097,4.1602,0.8847,295711081.82,N/A,539915542.1,72300998,0,132008690,18.6065,1.361,1.0409,6.113,
600693.SH,东百集团,2005-10-27,0.6829,0.6762,0.6845,0.6461,0.6595,1271247,5016852,-0.0234,-3.423,3.9464,1.7583,285588942.1,N/A,521434325.5,72300998,0,132008690,17.9696,1.3144,1.0052,5.9038,
600693.SH,东百集团,2005-10-28,0.6595,0.6578,0.6628,0.6194,0.6328,582650,2232248,-0.0267,-4.0506,3.8312,0.8059,274020782.42,N/A,500312935.1,72300998,0,132008690,17.2417,1.2612,0.9645,5.6646,
600693.SH,东百集团,2005-10-31,0.6328,0.6361,0.6445,0.6278,0.6394,340917,1300913,0.0067,1.0554,3.8159,0.4715,276912822.34,N/A,505593282.7,72300998,0,132008690,17.4237,1.2745,0.9747,5.7244,
600693.SH,东百集团,2005-11-01,0.6394,0.6394,0.6394,0.6177,0.6278,587000,2200459,-0.0117,-1.8277,3.7487,0.8119,271851752.48,N/A,496352674.4,72300998,0,132008690,17.1053,1.2512,0.9569,5.6198,
600693.SH,东百集团,2005-11-02,0.6278,0.6261,0.6461,0.6228,0.6394,461551,1768819,0.0117,1.8617,3.8323,0.6384,276912822.34,N/A,505593282.7,72300998,0,132008690,17.4237,1.2745,0.9747,5.7244,
600693.SH,东百集团,2005-11-03,0.6394,0.6394,0.6495,0.6228,0.6294,347657,1322555,-0.01,-1.5666,3.8042,0.4808,272574762.46,N/A,497672761.3,72300998,0,132008690,17.1508,1.2545,0.9594,5.6347,
600693.SH,东百集团,2005-11-04,0.6294,0.6228,0.6361,0.6211,0.6344,229819,866697,0.005,0.7958,3.7712,0.3179,274743792.4,N/A,501633022,72300998,0,132008690,17.2872,1.2645,0.9671,5.6796,
600693.SH,东百集团,2005-11-07,0.6344,0.6428,0.6528,0.6344,0.6528,536663,2078549,0.0184,2.8947,3.8731,0.7423,282696902.18,N/A,516153977.9,72300998,0,132008690,17.7877,1.3011,0.9951,5.844,
600693.SH,东百集团,2005-11-08,0.6528,0.6495,0.6578,0.6428,0.6545,475054,1854918,0.0017,0.2558,3.9046,0.6571,283419912.16,N/A,517474064.8,72300998,0,132008690,17.8331,1.3045,0.9976,5.8589,
600693.SH,东百集团,2005-11-09,0.6545,0.6528,0.6578,0.6344,0.6394,672250,2585464,-0.015,-2.2959,3.846,0.9298,276912822.34,N/A,505593282.7,72300998,0,132008690,17.4237,1.2745,0.9747,5.7244,
600693.SH,东百集团,2005-11-10,0.6394,0.6394,0.6411,0.6177,0.6177,457900,1719031,-0.0217,-3.3943,3.7542,0.6333,267513692.6,N/A,488432153,72300998,0,132008690,16.8323,1.2312,0.9416,5.5301,
600693.SH,东百集团,2005-11-11,0.6177,0.6111,0.6294,0.6111,0.6211,195127,726371,0.0033,0.5405,3.7226,0.2699,268959712.56,N/A,491072326.8,72300998,0,132008690,16.9233,1.2379,0.9467,5.56,
600693.SH,东百集团,2005-11-14,0.6211,0.6244,0.6678,0.6177,0.6612,1533115,6041843,0.0401,6.4516,3.9409,2.1205,286311952.08,N/A,522754412.4,72300998,0,132008690,18.0151,1.3178,1.0078,5.9187,
600693.SH,东百集团,2005-11-15,0.6612,0.6595,0.6745,0.6478,0.6645,1579901,6274425,0.0033,0.5051,3.9714,2.1852,287757972.04,N/A,525394586.2,72300998,0,132008690,18.1061,1.3244,1.0129,5.9486,
600693.SH,东百集团,2005-11-16,0.6645,0.6645,0.6778,0.6561,0.6662,1014004,4051484,0.0017,0.2513,3.9955,1.4025,288480982.02,N/A,526714673.1,72300998,0,132008690,18.1516,1.3277,1.0154,5.9635,
600693.SH,东百集团,2005-11-17,0.6662,0.6662,0.6712,0.6478,0.6495,620900,2451057,-0.0167,-2.5063,3.9476,0.8588,281250882.22,N/A,513513804.1,72300998,0,132008690,17.6967,1.2945,0.99,5.8141,
600693.SH,东百集团,2005-11-18,0.6495,0.6495,0.6712,0.6495,0.6628,853540,3398480,0.0134,2.0566,3.9816,1.1805,287034962.06,N/A,524074499.3,72300998,0,132008690,18.0606,1.3211,1.0103,5.9336,
600693.SH,东百集团,2005-11-21,0.6628,0.6595,0.6662,0.6578,0.6645,419190,1663680,0.0017,0.2519,3.9688,0.5798,287757972.04,N/A,525394586.2,72300998,0,132008690,18.1061,1.3244,1.0129,5.9486,
600693.SH,东百集团,2005-11-22,0.6645,0.6612,0.6628,0.6461,0.6478,295100,1154963,-0.0167,-2.5126,3.9138,0.4082,280527872.24,N/A,512193717.2,72300998,0,132008690,17.6512,1.2911,0.9874,5.7991,
600693.SH,东百集团,2005-11-23,0.6478,0.6511,0.6578,0.6478,0.6545,210175,822224,0.0067,1.0309,3.9121,0.2907,283419912.16,N/A,517474064.8,72300998,0,132008690,17.8331,1.3045,0.9976,5.8589,
600693.SH,东百集团,2005-11-24,0.6545,0.6595,0.6645,0.6545,0.6645,543883,2146636,0.01,1.5306,3.9469,0.7522,287757972.04,N/A,525394586.2,72300998,0,132008690,18.1061,1.3244,1.0129,5.9486,
600693.SH,东百集团,2005-11-25,0.6645,0.6695,0.6712,0.6528,0.6612,488450,1934564,-0.0033,-0.5025,3.9606,0.6756,286311952.08,N/A,522754412.4,72300998,0,132008690,18.0151,1.3178,1.0078,5.9187,
600693.SH,东百集团,2005-11-28,0.6612,0.6678,0.6678,0.6511,0.6545,411150,1618401,-0.0067,-1.0101,3.9363,0.5687,283419912.16,N/A,517474064.8,72300998,0,132008690,17.8331,1.3045,0.9976,5.8589,
600693.SH,东百集团,2005-11-29,0.6545,0.6595,0.6595,0.6394,0.6428,298701,1153685,-0.0117,-1.7857,3.8623,0.4131,278358842.3,N/A,508233456.5,72300998,0,132008690,17.5147,1.2812,0.9798,5.7543,
600693.SH,东百集团,2005-11-30,0.6428,0.6428,0.6528,0.6378,0.6528,295860,1138832,0.01,1.5584,3.8492,0.4092,282696902.18,N/A,516153977.9,72300998,0,132008690,17.7877,1.3011,0.9951,5.844,
600693.SH,东百集团,2005-12-01,0.6528,0.6645,0.6645,0.6461,0.6561,291700,1141618,0.0033,0.5115,3.9137,0.4035,284142922.14,N/A,518794151.7,72300998,0,132008690,17.8786,1.3078,1.0001,5.8739,
600693.SH,东百集团,2005-12-02,0.6561,0.6561,0.6595,0.6378,0.6394,309300,1199764,-0.0167,-2.5445,3.879,0.4278,276912822.34,N/A,505593282.7,72300998,0,132008690,17.4237,1.2745,0.9747,5.7244,
600693.SH,东百集团,2005-12-05,0.6394,0.6394,0.6528,0.6261,0.6294,437350,1683855,-0.01,-1.5666,3.8501,0.6049,272574762.46,N/A,497672761.3,72300998,0,132008690,17.1508,1.2545,0.9594,5.6347,
600693.SH,东百集团,2005-12-06,0.6294,0.6428,0.6511,0.6344,0.6511,392660,1512818,0.0217,3.4483,3.8527,0.5431,281973892.2,N/A,514833891,72300998,0,132008690,17.7422,1.2978,0.9925,5.829,
600693.SH,东百集团,2005-12-07,0.6511,0.6511,0.6678,0.6511,0.6662,906862,3591151,0.015,2.3077,3.96,1.2543,288480982.02,N/A,526714673.1,72300998,0,132008690,18.1516,1.3277,1.0154,5.9635,
600693.SH,东百集团,2005-12-08,0.6662,0.6678,0.6728,0.6528,0.6578,503600,1990716,-0.0083,-1.2531,3.953,0.6965,284865932.12,N/A,520114238.6,72300998,0,132008690,17.9241,1.3111,1.0027,5.8888,
600693.SH,东百集团,2005-12-09,0.6578,0.6545,0.6695,0.6545,0.6645,532700,2116892,0.0067,1.0152,3.9739,0.7368,287757972.04,N/A,525394586.2,72300998,0,132008690,18.1061,1.3244,1.0129,5.9486,
600693.SH,东百集团,2005-12-12,0.6645,0.6678,0.6712,0.6595,0.6678,535700,2138713,0.0033,0.5025,3.9924,0.7409,289203992,N/A,528034760,72300998,0,132008690,18.1971,1.3311,1.018,5.9785,
600693.SH,东百集团,2005-12-13,0.6678,0.6678,0.6678,0.6561,0.6662,303895,1202109,-0.0017,-0.25,3.9557,0.4203,288480982.02,N/A,526714673.1,72300998,0,132008690,18.1516,1.3277,1.0154,5.9635,
600693.SH,东百集团,2005-12-14,0.6662,0.6695,0.6829,0.6578,0.6795,868495,3490667,0.0134,2.005,4.0192,1.2012,294265061.86,N/A,537275368.3,72300998,0,132008690,18.5155,1.3544,1.0358,6.0831,
600693.SH,东百集团,2005-12-15,0.6795,0.6762,0.6895,0.6745,0.6762,924423,3762460,-0.0033,-0.4914,4.0701,1.2786,292819041.9,N/A,534635194.5,72300998,0,132008690,18.4245,1.3477,1.0307,6.0532,
600693.SH,东百集团,2005-12-16,0.6762,0.6745,0.6845,0.6712,0.6829,289718,1177919,0.0067,0.9877,4.0657,0.4007,295711081.82,N/A,539915542.1,72300998,0,132008690,18.6065,1.361,1.0409,6.113,
600693.SH,东百集团,2005-12-19,0.6829,0.6795,0.6812,0.6745,0.6745,210600,854475,-0.0083,-1.2225,4.0573,0.2913,292096031.92,N/A,533315107.6,72300998,0,132008690,18.3791,1.3444,1.0281,6.0383,
600693.SH,东百集团,2005-12-20,0.6745,0.6745,0.6812,0.6695,0.6762,489030,1974961,0.0017,0.2475,4.0385,0.6764,292819041.9,N/A,534635194.5,72300998,0,132008690,18.4245,1.3477,1.0307,6.0532,
600693.SH,东百集团,2005-12-21,0.6762,0.6745,0.6778,0.6645,0.6695,566698,2272001,-0.0067,-0.9877,4.0092,0.7838,289927001.98,N/A,529354846.9,72300998,0,132008690,18.2426,1.3344,1.0205,5.9934,
600693.SH,东百集团,2005-12-22,0.6695,0.6695,0.6862,0.6695,0.6845,427292,1733126,0.015,2.2444,4.0561,0.591,296434091.8,N/A,541235629,72300998,0,132008690,18.652,1.3643,1.0434,6.1279,
600693.SH,东百集团,2005-12-23,0.6845,0.6795,0.7029,0.6795,0.6996,1644202,6877636,0.015,2.1951,4.183,2.2741,302941181.62,N/A,553116411.1,72300998,0,132008690,19.0614,1.3943,1.0663,6.2625,
600693.SH,东百集团,2005-12-26,0.6996,0.6979,0.7229,0.6929,0.7112,1374418,5859231,0.0117,1.6706,4.2631,1.901,308002251.48,N/A,562357019.4,72300998,0,132008690,19.3799,1.4176,1.0841,6.3671,
600693.SH,东百集团,2005-12-27,0.7112,0.7112,0.7112,0.6996,0.7046,788201,3318743,-0.0067,-0.939,4.2105,1.0902,305110211.56,N/A,557076671.8,72300998,0,132008690,19.1979,1.4043,1.0739,6.3073,
600693.SH,东百集团,2005-12-28,0.7046,0.7012,0.7079,0.6962,0.6979,502772,2107416,-0.0067,-0.9479,4.1916,0.6954,302218171.64,N/A,551796324.2,72300998,0,132008690,19.016,1.391,1.0638,6.2475,
600693.SH,东百集团,2005-12-29,0.6979,0.7012,0.7129,0.6945,0.7062,1309292,5507919,0.0083,1.1962,4.2068,1.8109,305833221.54,N/A,558396758.7,72300998,0,132008690,19.2434,1.4076,1.0765,6.3222,
600693.SH,东百集团,2005-12-30,0.7062,0.7096,0.7346,0.7012,0.7029,823000,3537806,-0.0033,-0.4728,4.2987,1.1383,304387201.58,N/A,555756584.9,72300998,0,132008690,19.1524,1.401,1.0714,6.2924,
600693.SH,东百集团,2006-01-04,0.7029,0.7029,0.7162,0.7012,0.7162,443901,1885854,0.0134,1.9002,4.2484,0.614,310171281.42,N/A,566317280.1,72300998,0,132008690,18,1.5052,0.8672,-13.7416,
600693.SH,东百集团,2006-01-05,0.7162,0.7146,0.7279,0.7096,0.7213,629850,2709914,0.005,0.6993,4.3025,0.8711,312340311.36,N/A,570277540.8,72300998,0,132008690,18.1259,1.5158,0.8732,-13.8377,
600693.SH,东百集团,2006-01-06,0.7213,0.7246,0.7313,0.7179,0.7213,592726,2570834,0,0,4.3373,0.8198,312340311.36,N/A,570277540.8,72300998,0,132008690,18.1259,1.5158,0.8732,-13.8377,
600693.SH,东百集团,2006-01-09,0.7213,0.7263,0.7296,0.7162,0.7279,571711,2476216,0.0067,0.9259,4.3312,0.7907,315232351.28,N/A,575557888.4,72300998,0,132008690,18.2937,1.5298,0.8813,-13.9658,
600693.SH,东百集团,2006-01-10,0.7279,0.7279,0.7396,0.7213,0.7296,430097,1877435,0.0017,0.2294,4.3651,0.5949,315955361.26,N/A,576877975.3,72300998,0,132008690,18.3356,1.5333,0.8833,-13.9978,
600693.SH,东百集团,2006-01-11,0.7296,0.7196,0.7313,0.7096,0.7096,600200,2581370,-0.02,-2.746,4.3008,0.8301,307279241.5,N/A,561036932.5,72300998,0,132008690,17.8322,1.4912,0.8591,-13.6135,
600693.SH,东百集团,2006-01-12,0.7096,0.7096,0.7263,0.7062,0.7263,791199,3380573,0.0167,2.3529,4.2727,1.0943,314509341.3,N/A,574237801.5,72300998,0,132008690,18.2517,1.5263,0.8793,-13.9338,
600693.SH,东百集团,2006-01-13,0.7263,0.7263,0.7263,0.7079,0.7179,1066958,4560498,-0.0083,-1.1494,4.2743,1.4757,310894291.4,N/A,567637367,72300998,0,132008690,18.0419,1.5087,0.8692,-13.7736,
600693.SH,东百集团,2006-01-16,0.7179,0.7162,0.738,0.7162,0.7263,1716435,7493004,0.0083,1.1628,4.3654,2.374,314509341.3,N/A,574237801.5,72300998,0,132008690,18.2517,1.5263,0.8793,-13.9338,
600693.SH,东百集团,2006-01-17,0.7263,0.7146,0.7263,0.7146,0.7213,350689,1511342,-0.005,-0.6897,4.3096,0.485,312340311.36,N/A,570277540.8,72300998,0,132008690,18.1259,1.5158,0.8732,-13.8377,
600693.SH,东百集团,2006-01-18,0.7213,0.7179,0.7363,0.7146,0.7363,867886,3787716,0.015,2.0833,4.3643,1.2004,318847401.18,N/A,582158322.9,72300998,0,132008690,18.5035,1.5473,0.8914,-14.126,
600693.SH,东百集团,2006-01-19,0.7363,0.7396,0.773,0.7313,0.7613,2919718,13202801,0.025,3.4014,4.5219,4.0383,329692550.88,N/A,601959626.4,72300998,0,132008690,19.1328,1.6,0.9217,-14.6064,
600693.SH,东百集团,2006-01-20,0.7613,0.7613,0.8014,0.7546,0.7897,3074240,14443521,0.0284,3.7281,4.6982,4.252,341983720.54,N/A,624401103.7,72300998,0,132008690,19.8461,1.6596,0.9561,-15.151,
600693.SH,东百集团,2006-01-23,0.7897,0.793,0.8081,0.7764,0.8014,1458372,6933610,0.0117,1.4799,4.7543,2.0171,347044790.4,N/A,633641712,72300998,0,132008690,20.1398,1.6842,0.9702,-15.3752,
600693.SH,东百集团,2006-01-24,0.8014,0.8014,0.8081,0.778,0.7814,1143128,5391507,-0.02,-2.5,4.7165,1.5811,338368670.64,N/A,617800669.2,72300998,0,132008690,19.6363,1.6421,0.946,-14.9908,
600693.SH,东百集团,2006-01-25,0.7814,0.7764,0.7897,0.773,0.7847,1102619,5146698,0.0033,0.4274,4.6677,1.525,339814690.6,N/A,620440843,72300998,0,132008690,19.7203,1.6491,0.95,-15.0549,
600693.SH,东百集团,2006-02-06,0.7847,0.783,0.8064,0.7814,0.7964,1659022,7909282,0.0117,1.4894,4.7674,2.2946,344875760.46,N/A,629681451.3,72300998,0,132008690,20.014,1.6736,0.9642,-15.2791,
600693.SH,东百集团,2006-02-07,0.7964,0.7947,0.8164,0.7847,0.7947,1420918,6803590,-0.0017,-0.2096,4.7882,1.9653,344152750.48,N/A,628361364.4,72300998,0,132008690,19.972,1.6701,0.9622,-15.2471,
600693.SH,东百集团,2006-02-08,0.7947,0.7947,0.7947,0.7747,0.788,929375,4359016,-0.0067,-0.8403,4.6903,1.2854,341260710.56,N/A,623081016.8,72300998,0,132008690,19.8042,1.6561,0.9541,-15.119,
600693.SH,东百集团,2006-02-09,0.788,0.783,0.7864,0.763,0.7847,1496341,6944282,-0.0033,-0.4237,4.6408,2.0696,339814690.6,N/A,620440843,72300998,0,132008690,19.7203,1.6491,0.95,-15.0549,
600693.SH,东百集团,2006-02-10,0.7847,0.7847,0.7847,0.7847,0.7847,N/A,N/A,0,0,N/A,N/A,339814690.6,N/A,620440843,72300998,0,132008690,19.7203,1.6491,0.95,-15.0549,
600693.SH,东百集团,2006-02-13,0.7847,0.783,0.8064,0.7697,0.7947,1657150,7870461,0.01,1.2766,4.7494,2.292,344152750.48,N/A,628361364.4,72300998,0,132008690,19.972,1.6701,0.9622,-15.2471,
600693.SH,东百集团,2006-02-14,0.7947,0.793,0.793,0.7697,0.7814,1449941,6773944,-0.0134,-1.6807,4.6719,2.0054,338368670.64,N/A,617800669.2,72300998,0,132008690,19.6363,1.6421,0.946,-14.9908,
600693.SH,东百集团,2006-02-15,0.7814,0.7914,0.7947,0.778,0.788,706649,3324469,0.0067,0.8547,4.7046,0.9774,341260710.56,N/A,623081016.8,72300998,0,132008690,19.8042,1.6561,0.9541,-15.119,
600693.SH,东百集团,2006-02-16,0.788,0.788,0.7964,0.7597,0.768,970500,4483837,-0.02,-2.5424,4.6201,1.3423,332584590.8,N/A,607239974,72300998,0,132008690,19.3007,1.614,0.9298,-14.7346,
600693.SH,东百集团,2006-02-17,0.768,0.7597,0.7647,0.7396,0.7413,765240,3447380,-0.0267,-3.4783,4.505,1.0584,321016431.12,N/A,586118583.6,72300998,0,132008690,18.6294,1.5579,0.8975,-14.2221,
600693.SH,东百集团,2006-02-20,0.7413,0.7396,0.7513,0.7296,0.7413,557830,2470457,0,0,4.4287,0.7715,321016431.12,N/A,586118583.6,72300998,0,132008690,18.6294,1.5579,0.8975,-14.2221,
600693.SH,东百集团,2006-02-21,0.7413,0.7363,0.7413,0.7179,0.738,793747,3474840,-0.0033,-0.4505,4.3778,1.0978,319570411.16,N/A,583478409.8,72300998,0,132008690,18.5454,1.5508,0.8934,-14.158,
600693.SH,东百集团,2006-02-22,0.738,0.7396,0.748,0.7313,0.7346,777514,3450751,-0.0033,-0.4525,4.4382,1.0754,318124391.2,N/A,580838236,72300998,0,132008690,18.4615,1.5438,0.8894,-14.0939,
600693.SH,东百集团,2006-02-23,0.7346,0.7363,0.7396,0.7213,0.738,1180804,5156477,0.0033,0.4545,4.3669,1.6332,319570411.16,N/A,583478409.8,72300998,0,132008690,18.5454,1.5508,0.8934,-14.158,
600693.SH,东百集团,2006-02-24,0.738,0.7413,0.753,0.738,0.7463,766629,3424468,0.0083,1.1312,4.4669,1.0603,323185461.06,N/A,590078844.3,72300998,0,132008690,18.7552,1.5684,0.9035,-14.3182,
600693.SH,东百集团,2006-02-27,0.7463,0.7463,0.7513,0.7263,0.7329,565900,2503591,-0.0134,-1.7897,4.4241,0.7827,317401381.22,N/A,579518149.1,72300998,0,132008690,18.4196,1.5403,0.8874,-14.0619,
600693.SH,东百集团,2006-02-28,0.7329,0.7279,0.7346,0.7196,0.7346,409363,1775762,0.0017,0.2278,4.3379,0.5662,318124391.2,N/A,580838236,72300998,0,132008690,18.4615,1.5438,0.8894,-14.0939,
600693.SH,东百集团,2006-03-01,0.7346,0.7329,0.7463,0.7263,0.743,463619,2051336,0.0083,1.1364,4.4246,0.6412,321739441.1,N/A,587438670.5,72300998,0,132008690,18.6713,1.5614,0.8995,-14.2541,
600693.SH,东百集团,2006-03-02,0.743,0.7446,0.7513,0.7213,0.7279,501501,2226700,-0.015,-2.0225,4.4401,0.6936,315232351.28,N/A,575557888.4,72300998,0,132008690,18.2937,1.5298,0.8813,-13.9658,
600693.SH,东百集团,2006-03-03,0.7279,0.7263,0.7329,0.7213,0.7279,479087,2085818,0,0,4.3537,0.6626,315232351.28,N/A,575557888.4,72300998,0,132008690,18.2937,1.5298,0.8813,-13.9658,
600693.SH,东百集团,2006-03-06,0.7279,0.7329,0.748,0.7279,0.743,497023,2197809,0.015,2.0642,4.4219,0.6874,321739441.1,N/A,587438670.5,72300998,0,132008690,18.6713,1.5614,0.8995,-14.2541,
600693.SH,东百集团,2006-03-07,0.743,0.7396,0.743,0.7279,0.7313,577665,2537985,-0.0117,-1.573,4.3935,0.799,316678371.24,N/A,578198062.2,72300998,0,132008690,18.3776,1.5368,0.8853,-14.0299,
600693.SH,东百集团,2006-03-08,0.7313,0.7313,0.7647,0.7229,0.758,1314914,5878002,0.0267,3.653,4.4703,1.8187,328246530.92,N/A,599319452.6,72300998,0,132008690,19.0489,1.5929,0.9177,-14.5424,
600693.SH,东百集团,2006-03-09,0.758,0.758,0.8014,0.753,0.7997,3534689,16573292,0.0417,5.5066,4.6888,4.8889,346321780.42,N/A,632321625.1,72300998,0,132008690,20.0979,1.6807,0.9682,-15.3432,
600693.SH,东百集团,2006-03-10,0.7997,0.7981,0.7981,0.7647,0.7713,1398552,6541614,-0.0284,-3.5491,4.6774,1.9343,334030610.76,N/A,609880147.8,72300998,0,132008690,19.3846,1.621,0.9339,-14.7986,
600693.SH,东百集团,2006-03-13,0.7713,0.7713,0.7814,0.753,0.7713,610204,2800907,0,0,4.5901,0.844,334030610.76,N/A,609880147.8,72300998,0,132008690,19.3846,1.621,0.9339,-14.7986,
600693.SH,东百集团,2006-03-14,0.7713,0.7713,0.7847,0.7597,0.7814,543896,2511082,0.01,1.2987,4.6168,0.7523,338368670.64,N/A,617800669.2,72300998,0,132008690,19.6363,1.6421,0.946,-14.9908,
600693.SH,东百集团,2006-03-15,0.7814,0.7764,0.7814,0.7697,0.7764,393262,1822844,-0.005,-0.641,4.6352,0.5439,336199640.7,N/A,613840408.5,72300998,0,132008690,19.5105,1.6315,0.9399,-14.8947,
600693.SH,东百集团,2006-03-16,0.7764,0.7747,0.8081,0.7747,0.8081,2338931,11220092,0.0317,4.086,4.7971,3.235,349936830.32,N/A,638922059.6,72300998,0,132008690,20.3077,1.6982,0.9783,-15.5033,
600693.SH,东百集团,2006-03-17,0.8081,0.8014,0.8081,0.7947,0.7981,778699,3736297,-0.01,-1.2397,4.7981,1.077,345598770.44,N/A,631001538.2,72300998,0,132008690,20.0559,1.6772,0.9662,-15.3111,
600693.SH,东百集团,2006-03-20,0.7981,0.7947,0.8415,0.7947,0.8314,1928693,9589740,0.0334,4.1841,4.9721,2.6676,360058970.04,N/A,657403276.2,72300998,0,132008690,20.8951,1.7473,1.0066,-15.9518,
600693.SH,东百集团,2006-03-21,0.8314,0.8348,0.8732,0.8264,0.8431,3187560,16382794,0.0117,1.4056,5.1396,4.4087,365120039.9,N/A,666643884.5,72300998,0,132008690,21.1888,1.7719,1.0208,-16.176,
600693.SH,东百集团,2006-03-22,0.8431,0.8448,0.8598,0.8314,0.8548,1453135,7369602,0.0117,1.3861,5.0715,2.0098,370181109.76,N/A,675884492.8,72300998,0,132008690,21.4825,1.7964,1.0349,-16.4002,
600693.SH,东百集团,2006-03-23,0.8548,0.8598,0.9116,0.8515,0.8882,2433104,12888105,0.0334,3.9063,5.297,3.3652,384641309.36,N/A,702286230.8,72300998,0,132008690,22.3217,1.8666,1.0754,-17.0409,
600693.SH,东百集团,2006-03-24,0.8882,0.8849,0.8982,0.8682,0.8715,1267782,6676699,-0.0167,-1.8797,5.2664,1.7535,377411209.56,N/A,689085361.8,72300998,0,132008690,21.9021,1.8315,1.0551,-16.7205,
600693.SH,东百集团,2006-03-27,0.8715,0.8765,0.9249,0.8682,0.9082,1352295,7287843,0.0367,4.2146,5.3892,1.8704,393317429.12,N/A,718127273.6,72300998,0,132008690,22.8252,1.9087,1.0996,-17.4252,
600693.SH,东百集团,2006-03-28,0.9082,0.9066,0.9183,0.8949,0.9082,972530,5280522,0,0,5.4297,1.3451,393317429.12,N/A,718127273.6,72300998,0,132008690,22.8252,1.9087,1.0996,-17.4252,
600693.SH,东百集团,2006-03-29,0.9082,0.9082,0.9166,0.8849,0.8966,1845919,9975932,-0.0117,-1.2868,5.4043,2.5531,388256359.26,N/A,708886665.3,72300998,0,132008690,22.5314,1.8842,1.0855,-17.201,
600693.SH,东百集团,2006-03-30,0.8966,0.8966,0.9116,0.8765,0.8966,1436321,7705960,0,0,5.3651,1.9866,388256359.26,N/A,708886665.3,72300998,0,132008690,22.5314,1.8842,1.0855,-17.201,
600693.SH,东百集团,2006-03-31,0.8966,0.8932,0.9517,0.8799,0.9483,1870527,10329827,0.0518,5.7728,5.5224,2.5871,410669668.64,N/A,749809359.2,72300998,0,132008690,23.8321,1.9929,1.1481,-18.194,
600693.SH,东百集团,2006-04-03,0.9483,0.9483,1.0017,0.9483,0.9717,2352773,13792943,0.0234,2.4648,5.8624,3.2541,420791808.36,N/A,768290575.8,72300998,0,132008690,24.4196,2.0421,1.1764,-18.6424,
600693.SH,东百集团,2006-04-04,0.9717,0.9717,1.0134,0.9717,1.0084,1433186,8579151,0.0367,3.7801,5.9861,1.9822,436698027.92,N/A,797332487.6,72300998,0,132008690,25.3426,2.1192,1.2209,-19.3471,
600693.SH,东百集团,2006-04-05,1.0084,1.0101,1.0836,0.985,1.0752,2159587,13410367,0.0668,6.6225,6.2097,2.9869,465618427.12,N/A,850135963.6,72300998,0,132008690,27.021,2.2596,1.3017,-20.6284,
600693.SH,东百集团,2006-04-06,1.0752,1.0769,1.1153,1.0468,1.0535,3425260,22148211,-0.0217,-2.0186,6.4661,4.7375,456219297.38,N/A,832974833.9,72300998,0,132008690,26.4755,2.214,1.2755,-20.212,
600693.SH,东百集团,2006-04-07,1.0535,1.0435,1.0852,1.0335,1.0752,2895204,18538669,0.0217,2.0602,6.4032,4.0044,465618427.12,N/A,850135963.6,72300998,0,132008690,27.021,2.2596,1.3017,-20.6284,
600693.SH,东百集团,2006-04-10,1.0752,1.0752,1.1069,1.0518,1.0685,1876820,12053560,-0.0067,-0.6211,6.4223,2.5958,462726387.2,N/A,844855616,72300998,0,132008690,26.8531,2.2456,1.2937,-20.5003,
600693.SH,东百集团,2006-04-11,1.0685,1.0685,1.0752,1.0452,1.0685,2359409,15058784,0,0,6.3824,3.2633,462726387.2,N/A,844855616,72300998,0,132008690,26.8531,2.2456,1.2937,-20.5003,
600693.SH,东百集团,2006-04-12,1.0685,1.0769,1.1754,1.0769,1.1704,3720203,25422658,0.1018,9.5312,6.8337,5.1454,506829995.98,N/A,925380916.9,72300998,0,132008690,29.4126,2.4596,1.417,-22.4542,
600693.SH,东百集团,2006-04-13,1.1704,1.1687,1.1754,1.0986,1.1036,1867236,12724217,-0.0668,-5.7061,6.8145,2.5826,477909596.78,N/A,872577440.9,72300998,0,132008690,27.7342,2.3192,1.3361,-21.1729,
600693.SH,东百集团,2006-04-14,1.1036,1.1019,1.152,1.0685,1.122,2724142,18020330,0.0184,1.6641,6.615,3.7678,485862706.56,N/A,887098396.8,72300998,0,132008690,28.1958,2.3578,1.3583,-21.5253,
600693.SH,东百集团,2006-04-17,1.122,1.1119,1.157,1.0969,1.1103,1857878,12502906,-0.0117,-1.0417,6.7297,2.5696,480801636.7,N/A,877857788.5,72300998,0,132008690,27.9021,2.3333,1.3442,-21.3011,
600693.SH,东百集团,2006-04-18,1.1103,1.1036,1.1069,1.0685,1.0852,1900562,12355451,-0.025,-2.2556,6.5009,2.6287,469956487,N/A,858056485,72300998,0,132008690,27.2727,2.2806,1.3139,-20.8206,
600693.SH,东百集团,2006-04-19,1.0852,1.0769,1.1937,1.0769,1.1837,4468903,31074108,0.0985,9.0769,6.9534,6.181,512614075.82,N/A,935941612.1,72300998,0,132008690,29.7482,2.4877,1.4331,-22.7105,
600693.SH,东百集团,2006-04-20,1.1837,1.1837,1.1854,1.1386,1.147,1313596,9122362,-0.0367,-3.103,6.9446,1.8168,496707856.26,N/A,906899700.3,72300998,0,132008690,28.8251,2.4105,1.3887,-22.0058,
600693.SH,东百集团,2006-04-21,1.147,1.1386,1.2121,1.127,1.1871,1913517,13503958,0.0401,3.4934,7.0571,2.6466,514060095.78,N/A,938581785.9,72300998,0,132008690,29.8321,2.4947,1.4372,-22.7745,
600693.SH,东百集团,2006-04-24,1.1871,1.177,1.2605,1.1687,1.2221,1798233,13260158,0.0351,2.9536,7.374,2.4871,529243305.36,N/A,966303610.8,72300998,0,132008690,30.7133,2.5684,1.4796,-23.4472,
600693.SH,东百集团,2006-04-25,1.2221,1.2154,1.2522,1.1871,1.2505,1538787,11351991,0.0284,2.3224,7.3772,2.1283,541534475.02,N/A,988745088.1,72300998,0,132008690,31.4265,2.628,1.514,-23.9917,
600693.SH,东百集团,2006-04-26,1.2505,1.2455,1.324,1.2205,1.3006,1677030,13010122,0.0501,4.0053,7.7578,2.3195,563224774.42,N/A,1028347695.1,72300998,0,132008690,32.6853,2.7333,1.5746,-24.9527,
600693.SH,东百集团,2006-04-27,1.3006,1.2856,1.3457,1.2856,1.3173,880521,6976249,0.0167,1.2837,7.9229,1.2179,570454874.22,N/A,1041548564.1,72300998,0,132008690,33.1049,2.7684,1.5948,-25.273,
600693.SH,东百集团,2006-04-28,1.3173,1.3073,1.4175,1.2856,1.4008,1904792,15597968,0.0835,6.3371,8.1888,2.6345,606605373.22,N/A,1107552909.1,72300998,0,132008690,35.2028,2.9438,1.6959,-26.8746,
600693.SH,东百集团,2006-05-08,1.4008,1.4024,1.4676,1.3657,1.369,3164562,26645478,-0.0317,-2.2646,8.42,4.3769,592868183.6,N/A,1082471258,72300998,0,132008690,34.4056,2.8771,1.6575,-26.266,
600693.SH,东百集团,2006-05-09,1.369,1.3674,1.4108,1.359,1.3891,2437399,20138317,0.02,1.4634,8.2622,3.3712,601544303.36,N/A,1098312300.8,72300998,0,132008690,34.9091,2.9192,1.6818,-26.6504,
600693.SH,东百集团,2006-05-10,1.3891,1.3707,1.3891,1.3156,1.3657,2362606,19154506,-0.0234,-1.6827,8.1074,3.2677,591422163.64,N/A,1079831084.2,72300998,0,132008690,34.3216,2.8701,1.6535,-26.2019,
600693.SH,东百集团,2006-05-11,1.3657,1.3657,1.4826,1.3524,1.3707,3021906,25437917,0.005,0.3667,8.4178,4.1796,593591193.58,N/A,1083791344.9,72300998,0,132008690,34.4475,2.8806,1.6595,-26.298,
600693.SH,东百集团,2006-05-12,1.3707,1.3657,1.4592,1.3657,1.4492,3273209,27874769,0.0785,5.7247,8.516,4.5272,627572662.64,N/A,1145835429.2,72300998,0,132008690,36.4195,3.0455,1.7545,-27.8035,
600693.SH,东百集团,2006-05-15,1.4492,1.4625,1.5944,1.4625,1.5944,3573557,33098092,0.1453,10.023,9.2619,4.9426,690474530.9,N/A,1260682989.5,72300998,0,132008690,40.0699,3.3508,1.9304,-30.5903,
600693.SH,东百集团,2006-05-16,1.5944,1.6278,1.6495,1.4392,1.4659,3758235,33926767,-0.1286,-8.0628,9.0273,5.198,634802762.44,N/A,1159036298.2,72300998,0,132008690,36.8391,3.0806,1.7747,-28.1238,
600693.SH,东百集团,2006-05-17,1.4659,1.4525,1.531,1.3574,1.4191,1807050,15571953,-0.0467,-3.1891,8.6173,2.4993,614558483,N/A,1122073865,72300998,0,132008690,35.6643,2.9824,1.7181,-27.2269,
600693.SH,东百集团,2006-05-18,1.4191,1.4024,1.4842,1.3724,1.4609,1757260,15084896,0.0417,2.9412,8.5843,2.4305,632633732.5,N/A,1155076037.5,72300998,0,132008690,36.7133,3.0701,1.7687,-28.0277,
600693.SH,东百集团,2006-05-19,1.4609,1.4492,1.5644,1.4492,1.551,1901064,17354661,0.0902,6.1714,9.1289,2.6294,671676271.42,N/A,1226360730.1,72300998,0,132008690,38.979,3.2596,1.8778,-29.7574,
600693.SH,东百集团,2006-05-22,1.551,1.5544,1.6278,1.5026,1.521,2544094,23942137,-0.0301,-1.9376,9.4109,3.5188,658662091.78,N/A,1202599165.9,72300998,0,132008690,38.2237,3.1964,1.8414,-29.1809,
600693.SH,东百集团,2006-05-23,1.521,1.5193,1.5193,1.4358,1.4408,1873569,16546753,-0.0801,-5.2689,8.8317,2.5913,623957612.74,N/A,1139234994.7,72300998,0,132008690,36.2098,3.028,1.7444,-27.6433,
600693.SH,东百集团,2006-05-24,1.4408,1.4442,1.4943,1.3457,1.3824,2019270,17102288,-0.0584,-4.0556,8.4695,2.7929,598652263.44,N/A,1093031953.2,72300998,0,132008690,34.7412,2.9052,1.6737,-26.5222,
600693.SH,东百集团,2006-05-25,1.3824,1.3774,1.4108,1.3507,1.3958,1162720,9586462,0.0134,0.9662,8.2449,1.6082,604436343.28,N/A,1103592648.4,72300998,0,132008690,35.0769,2.9333,1.6898,-26.7785,
600693.SH,东百集团,2006-05-26,1.3958,1.3941,1.536,1.3924,1.5343,2373180,20891194,0.1386,9.9282,8.803,3.2824,664446171.62,N/A,1213159861.1,72300998,0,132008690,38.5594,3.2245,1.8576,-29.4371,
600693.SH,东百集团,2006-05-29,1.5343,1.5026,1.5427,1.4408,1.516,2426229,21766161,-0.0184,-1.197,8.9712,3.3557,656493061.84,N/A,1198638905.2,72300998,0,132008690,38.0979,3.1859,1.8354,-29.0848,
600693.SH,东百集团,2006-05-30,1.516,1.5277,1.5828,1.5026,1.546,2438594,22605489,0.0301,1.9824,9.2699,3.3728,669507241.48,N/A,1222400469.4,72300998,0,132008690,38.8531,3.249,1.8718,-29.6613,
600693.SH,东百集团,2006-05-31,1.546,1.5527,1.6479,1.5527,1.5994,3408006,32641081,0.0534,3.4557,9.5778,4.7136,692643560.84,N/A,1264643250.2,72300998,0,132008690,40.1958,3.3613,1.9364,-30.6863,
600693.SH,东百集团,2006-06-01,1.5994,1.5978,1.6729,1.5727,1.6629,3340171,32349876,0.0634,3.9666,9.6851,4.6198,720117940.08,N/A,1314806552.4,72300998,0,132008690,41.7902,3.4947,2.0132,-31.9035,
600693.SH,东百集团,2006-06-02,1.6629,1.6629,1.6779,1.6028,1.6111,1796916,17536857,-0.0518,-3.1124,9.7594,2.4853,697704630.7,N/A,1273883858.5,72300998,0,132008690,40.4895,3.3859,1.9506,-30.9106,
600693.SH,东百集团,2006-06-05,1.6111,1.6078,1.6161,1.551,1.6028,1010067,9585715,-0.0083,-0.5181,9.4902,1.397,694089580.8,N/A,1267283424,72300998,0,132008690,40.2797,3.3683,1.9405,-30.7504,
600693.SH,东百集团,2006-06-06,1.6028,1.6028,1.6345,1.5527,1.5677,882249,8412721,-0.0351,-2.1875,9.5355,1.2202,678906371.22,N/A,1239561599.1,72300998,0,132008690,39.3986,3.2947,1.898,-30.0777,
600693.SH,东百集团,2006-06-07,1.5677,1.5694,1.5694,1.4125,1.4141,1860316,16386136,-0.1536,-9.7977,8.8083,2.573,612389453.06,N/A,1118113604.3,72300998,0,132008690,35.5384,2.9719,1.7121,-27.1308,
600693.SH,东百集团,2006-06-08,1.4141,1.4024,1.4141,1.3156,1.3774,1203654,9858321,-0.0367,-2.5974,8.1903,1.6648,596483233.5,N/A,1089071692.5,72300998,0,132008690,34.6154,2.8947,1.6676,-26.4261,
600693.SH,东百集团,2006-06-09,1.3774,1.369,1.5126,1.369,1.4759,4238724,37575652,0.0985,7.1515,8.8648,5.8626,639140822.32,N/A,1166956819.6,72300998,0,132008690,37.0909,3.1017,1.7869,-28.316,
600693.SH,东百集团,2006-06-12,1.4759,1.4191,1.4859,1.4041,1.4458,1106057,9599725,-0.0301,-2.0362,8.6792,1.5298,626126642.68,N/A,1143195255.4,72300998,0,132008690,36.3356,3.0385,1.7505,-27.7394,
600693.SH,东百集团,2006-06-13,1.4458,1.4826,1.4826,1.4158,1.4208,689556,5925846,-0.025,-1.7321,8.5937,0.9537,615281492.98,N/A,1123393951.9,72300998,0,132008690,35.7063,2.9859,1.7202,-27.259,
600693.SH,东百集团,2006-06-14,1.4208,1.4225,1.4609,1.4024,1.4559,508255,4387864,0.0351,2.4677,8.6332,0.703,630464702.56,N/A,1151115776.8,72300998,0,132008690,36.5874,3.0596,1.7626,-27.9316,
600693.SH,东百集团,2006-06-15,1.4559,1.4926,1.4926,1.4325,1.4559,523716,4572641,0,0,8.7311,0.7244,630464702.56,N/A,1151115776.8,72300998,0,132008690,36.5874,3.0596,1.7626,-27.9316,
600693.SH,东百集团,2006-06-16,1.4559,1.4559,1.4559,1.4559,1.4559,N/A,N/A,0,0,N/A,N/A,630464702.56,N/A,1151115776.8,72300998,0,132008690,36.5874,3.0596,1.7626,-27.9316,
600693.SH,东百集团,2006-06-19,1.4559,1.4625,1.541,1.4408,1.5143,835886,7550750,0.0584,4.0138,9.0332,1.1561,655770051.86,N/A,1197318818.3,72300998,0,132008690,38.0559,3.1824,1.8334,-29.0527,
600693.SH,东百集团,2006-06-20,1.5143,1.511,1.5193,1.4659,1.4993,599188,5350771,-0.015,-0.9923,8.93,0.8287,649262962.04,N/A,1185438036.2,72300998,0,132008690,37.6783,3.1508,1.8152,-28.7644,
600693.SH,东百集团,2006-06-21,1.4993,1.4976,1.551,1.4692,1.5393,1061609,9678315,0.0401,2.6726,9.1166,1.4683,666615201.56,N/A,1217120121.8,72300998,0,132008690,38.6853,3.235,1.8637,-29.5332,
600693.SH,东百集团,2006-06-22,1.5393,1.5327,1.5944,1.5076,1.5544,1287238,12057489,0.015,0.9761,9.3669,1.7804,673122291.38,N/A,1229000903.9,72300998,0,132008690,39.0629,3.2666,1.8819,-29.8215,
600693.SH,东百集团,2006-06-23,1.5544,1.536,1.5544,1.5026,1.521,1099066,10056586,-0.0334,-2.1482,9.1501,1.5201,658662091.78,N/A,1202599165.9,72300998,0,132008690,38.2237,3.1964,1.8414,-29.1809,
600693.SH,东百集团,2006-06-26,1.521,1.5176,1.5293,1.4809,1.511,1371217,12340155,-0.01,-0.6586,8.9994,1.8965,654324031.9,N/A,1194678644.5,72300998,0,132008690,37.972,3.1754,1.8293,-28.9887,
600693.SH,东百集团,2006-06-27,1.511,1.5327,1.6111,1.511,1.5727,1597919,15097945,0.0618,4.0884,9.4485,2.2101,681075401.16,N/A,1243521859.8,72300998,0,132008690,39.5244,3.3052,1.9041,-30.1738,
600693.SH,东百集团,2006-06-28,1.5727,1.5861,1.723,1.5694,1.6712,3036648,30435001,0.0985,6.2633,10.0226,4.2,723732989.98,N/A,1321406986.9,72300998,0,132008690,42,3.5122,2.0234,-32.0637,
600693.SH,东百集团,2006-06-29,1.6712,1.6545,1.7197,1.6545,1.6946,1402975,14198879,0.0234,1.3986,10.1206,1.9405,733855129.7,N/A,1339888203.5,72300998,0,132008690,42.5874,3.5613,2.0517,-32.5121,
600693.SH,东百集团,2006-06-30,1.6946,1.6996,1.718,1.6529,1.6612,1575851,15745082,-0.0334,-1.9704,9.9915,2.1796,719394930.1,N/A,1313486465.5,72300998,0,132008690,41.7482,3.4911,2.0112,-31.8715,
600693.SH,东百集团,2006-07-03,1.6612,1.6612,1.6612,1.6612,1.6612,N/A,N/A,0,0,N/A,N/A,719394930.1,N/A,1313486465.5,72300998,0,132008690,41.7482,3.4911,2.0112,-31.8715,
600693.SH,东百集团,2006-07-04,1.6612,1.6612,1.6612,1.6612,1.6612,N/A,N/A,0,0,N/A,N/A,719394930.1,N/A,1313486465.5,72300998,0,132008690,41.7482,3.4911,2.0112,-31.8715,
600693.SH,东百集团,2006-07-05,1.6612,1.6612,1.6612,1.6612,1.6612,N/A,N/A,0,0,N/A,N/A,719394930.1,N/A,1313486465.5,72300998,0,132008690,41.7482,3.4911,2.0112,-31.8715,
600693.SH,东百集团,2006-07-06,1.6612,1.6612,1.6612,1.6612,1.6612,N/A,N/A,0,0,N/A,N/A,719394930.1,N/A,1313486465.5,72300998,0,132008690,41.7482,3.4911,2.0112,-31.8715,
600693.SH,东百集团,2006-07-07,1.6612,1.6612,1.6612,1.6612,1.6612,N/A,N/A,0,0,N/A,N/A,719394930.1,N/A,1313486465.5,72300998,0,132008690,41.7482,3.4911,2.0112,-31.8715,
600693.SH,东百集团,2006-07-10,1.6612,1.6612,1.6612,1.6612,1.6612,N/A,N/A,0,0,N/A,N/A,719394930.1,N/A,1313486465.5,72300998,0,132008690,41.7482,3.4911,2.0112,-31.8715,
600693.SH,东百集团,2006-07-11,1.6612,1.6612,1.6612,1.6612,1.6612,N/A,N/A,0,0,N/A,N/A,719394930.1,N/A,1313486465.5,72300998,0,132008690,41.7482,3.4911,2.0112,-31.8715,
600693.SH,东百集团,2006-07-12,1.6612,1.6612,1.6612,1.6612,1.6612,N/A,N/A,0,0,N/A,N/A,719394930.1,N/A,1313486465.5,72300998,0,132008690,41.7482,3.4911,2.0112,-31.8715,
600693.SH,东百集团,2006-07-13,1.6612,1.6612,1.6612,1.6612,1.6612,N/A,N/A,0,0,N/A,N/A,719394930.1,N/A,1313486465.5,72300998,0,132008690,41.7482,3.4911,2.0112,-31.8715,
600693.SH,东百集团,2006-07-14,1.6612,1.6612,1.6612,1.6612,1.6612,N/A,N/A,0,0,N/A,N/A,719394930.1,N/A,1313486465.5,72300998,0,132008690,41.7482,3.4911,2.0112,-31.8715,
600693.SH,东百集团,2006-07-17,1.6612,1.4959,1.5861,1.4959,1.5277,1759599,16005276,-0.1336,-8.0402,9.096,2.4337,661554131.7,N/A,1207879513.5,72300998,0,132008690,38.3916,3.2105,1.8495,-29.309,
600693.SH,东百集团,2006-07-18,1.5277,1.5277,1.5744,1.4475,1.5694,1697011,15410755,0.0417,2.7322,9.0811,2.3471,679629381.2,N/A,1240881686,72300998,0,132008690,39.4405,3.2982,1.9001,-30.1098,
600693.SH,东百集团,2006-07-19,1.5694,1.5377,1.561,1.4859,1.5009,357200,3237764,-0.0685,-4.3617,9.0643,0.494,649985972.02,N/A,1186758123.1,72300998,0,132008690,37.7202,3.1543,1.8172,-28.7965,
600693.SH,东百集团,2006-07-20,1.5009,1.4191,1.5193,1.4191,1.4692,1497103,13178119,-0.0317,-2.1135,8.8024,2.0707,636248782.4,N/A,1161676472,72300998,0,132008690,36.923,3.0876,1.7788,-28.1879,
600693.SH,东百集团,2006-07-21,1.4692,1.4692,1.4809,1.4609,1.4692,1250044,11006352,0,0,8.8048,1.7289,636248782.4,N/A,1161676472,72300998,0,132008690,36.923,3.0876,1.7788,-28.1879,
600693.SH,东百集团,2006-07-24,1.4692,1.4692,1.5327,1.4358,1.4976,663268,5934672,0.0284,1.9318,8.9476,0.9174,648539952.06,N/A,1184117949.3,72300998,0,132008690,37.6363,3.1473,1.8131,-28.7324,
600693.SH,东百集团,2006-07-25,1.4976,1.5043,1.541,1.5026,1.5043,677200,6155604,0.0067,0.4459,9.0898,0.9366,651431991.98,N/A,1189398296.9,72300998,0,132008690,37.8042,3.1613,1.8212,-28.8605,
600693.SH,东百集团,2006-07-26,1.5043,1.5243,1.536,1.5026,1.5126,268904,2447547,0.0083,0.5549,9.1019,0.3719,655047041.88,N/A,1195998731.4,72300998,0,132008690,38.014,3.1789,1.8313,-29.0207,
600693.SH,东百集团,2006-07-27,1.5126,1.5193,1.5193,1.4776,1.511,535320,4808818,-0.0017,-0.1104,8.9831,0.7404,654324031.9,N/A,1194678644.5,72300998,0,132008690,37.972,3.1754,1.8293,-28.9887,
600693.SH,东百集团,2006-07-28,1.511,1.511,1.526,1.4525,1.4909,1147322,10062974,-0.02,-1.326,8.7708,1.5869,645647912.14,N/A,1178837601.7,72300998,0,132008690,37.4685,3.1333,1.8051,-28.6043,
600693.SH,东百集团,2006-07-31,1.4909,1.4742,1.4742,1.4024,1.4191,744376,6345566,-0.0718,-4.8152,8.5247,1.0296,614558483,N/A,1122073865,72300998,0,132008690,35.6643,2.9824,1.7181,-27.2269,
600693.SH,东百集团,2006-08-01,1.4191,1.3891,1.4275,1.3874,1.4191,807691,6850336,0,0,8.4814,1.1171,614558483,N/A,1122073865,72300998,0,132008690,35.6643,2.9824,1.7181,-27.2269,
600693.SH,东百集团,2006-08-02,1.4191,1.4041,1.4058,1.3524,1.369,922293,7593813,-0.0501,-3.5294,8.2336,1.2756,592868183.6,N/A,1082471258,72300998,0,132008690,34.4056,2.8771,1.6575,-26.266,
600693.SH,东百集团,2006-08-03,1.369,1.3824,1.3841,1.3023,1.3106,999045,7957790,-0.0584,-4.2683,7.9654,1.3818,567562834.3,N/A,1036268216.5,72300998,0,132008690,32.937,2.7543,1.5867,-25.1449,
600693.SH,东百集团,2006-08-04,1.3106,1.3106,1.3106,1.3106,1.3106,N/A,N/A,0,0,N/A,N/A,567562834.3,N/A,1036268216.5,72300998,0,132008690,32.937,2.7543,1.5867,-25.1449,
600693.SH,东百集团,2006-08-07,1.3106,1.3106,1.3106,1.3106,1.3106,N/A,N/A,0,0,N/A,N/A,567562834.3,N/A,1036268216.5,72300998,0,132008690,32.937,2.7543,1.5867,-25.1449,
600693.SH,东百集团,2006-08-08,1.3106,1.3106,1.3106,1.3106,1.3106,N/A,N/A,0,0,N/A,N/A,567562834.3,N/A,1036268216.5,72300998,0,132008690,32.937,2.7543,1.5867,-25.1449,
600693.SH,东百集团,2006-08-09,1.3106,1.3106,1.3106,1.3106,1.3106,N/A,N/A,0,0,N/A,N/A,567562834.3,N/A,1036268216.5,72300998,0,132008690,32.937,2.7543,1.5867,-25.1449,
600693.SH,东百集团,2006-08-10,1.3106,1.3106,1.3106,1.3106,1.3106,N/A,N/A,0,0,N/A,N/A,567562834.3,N/A,1036268216.5,72300998,0,132008690,32.937,2.7543,1.5867,-25.1449,
600693.SH,东百集团,2006-08-11,1.3106,1.3106,1.3106,1.3106,1.3106,N/A,N/A,0,0,N/A,N/A,567562834.3,N/A,1036268216.5,72300998,0,132008690,32.937,2.7543,1.5867,-25.1449,
600693.SH,东百集团,2006-08-14,1.3106,1.3106,1.3106,1.3106,1.3106,N/A,N/A,0,0,N/A,N/A,567562834.3,N/A,1036268216.5,72300998,0,132008690,32.937,2.7543,1.5867,-25.1449,
600693.SH,东百集团,2006-08-15,1.3106,1.3106,1.3106,1.3106,1.3106,N/A,N/A,0,0,N/A,N/A,567562834.3,N/A,1036268216.5,72300998,0,132008690,32.937,2.7543,1.5867,-25.1449,
600693.SH,东百集团,2006-08-16,1.3106,1.3106,1.3106,1.3106,1.3106,N/A,N/A,0,0,N/A,N/A,567562834.3,N/A,1036268216.5,72300998,0,132008690,32.937,2.7543,1.5867,-25.1449,
600693.SH,东百集团,2006-08-17,1.3106,1.3106,1.3106,1.3106,1.3106,N/A,N/A,0,0,N/A,N/A,567562834.3,N/A,1036268216.5,72300998,0,132008690,32.937,2.7543,1.5867,-25.1449,
600693.SH,东百集团,2006-08-18,1.3106,1.3106,1.3106,1.3106,1.3106,N/A,N/A,0,0,N/A,N/A,567562834.3,N/A,1036268216.5,72300998,0,132008690,32.937,2.7543,1.5867,-25.1449,
600693.SH,东百集团,2006-08-21,1.3106,1.3106,1.3106,1.3106,1.3106,N/A,N/A,0,0,N/A,N/A,567562834.3,N/A,1036268216.5,72300998,0,132008690,32.937,2.7543,1.5867,-25.1449,
600693.SH,东百集团,2006-08-22,1.3106,1.3106,1.3106,1.3106,1.3106,N/A,N/A,0,0,N/A,N/A,567562834.3,N/A,1036268216.5,72300998,0,132008690,32.937,2.7543,1.5867,-25.1449,
600693.SH,东百集团,2006-08-23,1.3106,1.3106,1.3106,1.3106,1.3106,N/A,N/A,0,0,N/A,N/A,567563101.2,N/A,1036268216.5,72301032,0,132008690,32.937,2.7543,1.5867,-25.1449,
600693.SH,东百集团,2006-08-24,1.3106,1.3106,1.3106,1.3106,1.3106,N/A,N/A,0,0,N/A,N/A,567563101.2,N/A,1036268216.5,72301032,0,132008690,32.937,2.7543,1.5867,-25.1449,
600693.SH,东百集团,2006-08-25,1.3106,1.3106,1.3106,1.3106,1.3106,N/A,N/A,0,0,N/A,N/A,567563101.2,N/A,1036268216.5,72301032,0,132008690,32.937,2.7543,1.5867,-25.1449,
600693.SH,东百集团,2006-08-28,1.3106,1.3106,1.3106,1.3106,1.3106,N/A,N/A,0,0,N/A,N/A,567563101.2,N/A,1036268216.5,72301032,0,132008690,32.937,2.7543,1.5867,-25.1449,
600693.SH,东百集团,2006-08-29,1.3106,1.3106,1.3106,1.3106,1.3106,N/A,N/A,0,0,N/A,N/A,567563101.2,N/A,1036268216.5,72301032,0,132008690,32.937,2.7543,1.5867,-25.1449,
600693.SH,东百集团,2006-08-30,1.3106,1.3994,1.5886,1.3976,1.5353,3874744,32188389,0.2247,17.1465,8.3072,4.872,664880288.6,N/A,1103592648.4,79531135,0,132008690,35.0769,2.9333,1.6898,-26.7785,
600693.SH,东百集团,2006-08-31,1.5353,1.5537,1.5592,1.5041,1.5262,1119085,9277427,-0.0092,-0.5981,8.2902,1.4071,660903731.85,N/A,1096992213.9,79531135,0,132008690,34.8671,2.9157,1.6797,-26.6183,
600693.SH,东百集团,2006-09-01,1.5262,1.5298,1.5298,1.4343,1.4362,1029229,8228919,-0.09,-5.8965,7.9952,1.2941,621933475.7,N/A,1032307955.8,79531135,0,132008690,32.8112,2.7438,1.5807,-25.0488,
600693.SH,东百集团,2006-09-04,1.4362,1.4417,1.4839,1.4417,1.4582,790736,6286079,0.022,1.5345,7.9497,0.9942,631477211.9,N/A,1048148998.6,79531135,0,132008690,33.3147,2.7859,1.6049,-25.4332,
600693.SH,东百集团,2006-09-05,1.4582,1.4582,1.4802,1.4288,1.4398,681131,5365048,-0.0184,-1.2594,7.8767,0.8564,623524098.4,N/A,1034948129.6,79531135,0,132008690,32.8951,2.7508,1.5847,-25.1128,
600693.SH,东百集团,2006-09-06,1.4398,1.4582,1.4931,1.4362,1.4894,968169,7720014,0.0496,3.4439,7.9738,1.2173,644997504.85,N/A,1070590475.9,79531135,0,132008690,34.0279,2.8455,1.6393,-25.9777,
600693.SH,东百集团,2006-09-07,1.4894,1.4913,1.506,1.4527,1.4747,528192,4239196,-0.0147,-0.9864,8.0259,0.6641,638635014.05,N/A,1060029780.7,79531135,0,132008690,33.6923,2.8175,1.6231,-25.7214,
600693.SH,东百集团,2006-09-08,1.4747,1.4766,1.4876,1.4582,1.4619,414710,3313703,-0.0129,-0.8717,7.9904,0.5214,633067834.6,N/A,1050789172.4,79531135,0,132008690,33.3986,2.7929,1.609,-25.4972,
600693.SH,东百集团,2006-09-11,1.4619,1.4325,1.46,1.4233,1.449,329740,2584258,-0.0129,-0.8794,7.8373,0.4146,627500655.15,N/A,1041548564.1,79531135,0,132008690,33.1049,2.7684,1.5948,-25.273,
600693.SH,东百集团,2006-09-12,1.449,1.4417,1.4472,1.4233,1.4417,712630,5556990,-0.0073,-0.507,7.7979,0.896,624319409.75,N/A,1036268216.5,79531135,0,132008690,32.937,2.7543,1.5867,-25.1449,
600693.SH,东百集团,2006-09-13,1.4417,1.4325,1.4343,1.3829,1.3847,926300,7087296,-0.0569,-3.949,7.6512,1.1647,599664757.9,N/A,995345522.6,79531135,0,132008690,31.6363,2.6456,1.5241,-24.1519,
600693.SH,东百集团,2006-09-14,1.3847,1.3921,1.4049,1.3792,1.3866,533000,4030658,0.0018,0.1326,7.5622,0.6702,600460069.25,N/A,996665609.5,79531135,0,132008690,31.6783,2.6491,1.5261,-24.1839,
600693.SH,东百集团,2006-09-15,1.3866,1.3866,1.4251,1.3847,1.416,987801,7579947,0.0294,2.1192,7.6736,1.242,613185050.85,N/A,1017786999.9,79531135,0,132008690,32.3496,2.7052,1.5584,-24.6964,
600693.SH,东百集团,2006-09-18,1.416,1.416,1.4435,1.4049,1.4141,1080065,8341562,-0.0018,-0.1297,7.7232,1.358,612389739.5,N/A,1016466913,79531135,0,132008690,32.3077,2.7017,1.5564,-24.6644,
600693.SH,东百集团,2006-09-19,1.4141,1.4141,1.4858,1.4141,1.4858,1658126,13114436,0.0716,5.0649,7.9092,2.0849,643406882.15,N/A,1067950302.1,79531135,0,132008690,33.944,2.8385,1.6353,-25.9136,
600693.SH,东百集团,2006-09-20,1.4858,1.4894,1.5206,1.4692,1.5078,1409327,11527060,0.022,1.4833,8.1791,1.772,652950618.35,N/A,1083791344.9,79531135,0,132008690,34.4475,2.8806,1.6595,-26.298,
600693.SH,东百集团,2006-09-21,1.5078,1.5041,1.5115,1.4931,1.5041,773702,6322154,-0.0037,-0.2436,8.1713,0.9728,651359995.65,N/A,1081151171.1,79531135,0,132008690,34.3636,2.8736,1.6555,-26.2339,
600693.SH,东百集团,2006-09-22,1.5041,1.5041,1.517,1.4692,1.4711,665488,5375872,-0.0331,-2.1978,8.0781,0.8368,637044391.35,N/A,1057389606.9,79531135,0,132008690,33.6084,2.8105,1.6191,-25.6574,
600693.SH,东百集团,2006-09-25,1.4711,1.438,1.4784,1.4233,1.4343,471899,3724734,-0.0367,-2.4969,7.8931,0.5934,621138164.35,N/A,1030987868.9,79531135,0,132008690,32.7692,2.7403,1.5787,-25.0167,
600693.SH,东百集团,2006-09-26,1.4343,1.4417,1.4711,1.4343,1.4564,684002,5437266,0.022,1.5365,7.9492,0.86,630681900.55,N/A,1046828911.7,79531135,0,132008690,33.2727,2.7824,1.6029,-25.4011,
600693.SH,东百集团,2006-09-27,1.4564,1.4453,1.4784,1.4362,1.4784,310464,2458366,0.022,1.5132,7.9184,0.3904,640225636.75,N/A,1062669954.5,79531135,0,132008690,33.7762,2.8245,1.6272,-25.7855,
600693.SH,东百集团,2006-09-28,1.4784,1.506,1.5188,1.4784,1.517,1151458,9447651,0.0386,2.6087,8.2049,1.4478,656927175.1,N/A,1090391779.4,79531135,0,132008690,34.6573,2.8982,1.6696,-26.4582,
600693.SH,东百集团,2006-09-29,1.517,1.5206,1.5813,1.517,1.5794,3031639,25732412,0.0624,4.1162,8.488,3.8119,683967761,N/A,1135274734,79531135,0,132008690,36.0839,3.0175,1.7383,-27.5472,
600693.SH,东百集团,2006-10-09,1.5794,1.5794,1.6143,1.5482,1.5849,1042169,8912967,0.0055,0.3488,8.5523,1.3104,686353695.05,N/A,1139234994.7,79531135,0,132008690,36.2098,3.028,1.7444,-27.6433,
600693.SH,东百集团,2006-10-10,1.5849,1.5849,1.6308,1.5757,1.607,1597174,13928296,0.022,1.3905,8.7206,2.0082,695897431.25,N/A,1155076037.5,79531135,0,132008690,36.7133,3.0701,1.7687,-28.0277,
600693.SH,东百集团,2006-10-11,1.607,1.6253,1.6253,1.5666,1.5702,1224252,10624782,-0.0367,-2.2857,8.6786,1.5393,679991204.25,N/A,1128674299.5,79531135,0,132008690,35.8741,2.9999,1.7282,-27.3871,
600693.SH,东百集团,2006-10-12,1.5702,1.5666,1.5721,1.5298,1.5427,1046060,8836007,-0.0275,-1.7544,8.4469,1.3153,668061534,N/A,1108872996,79531135,0,132008690,35.2447,2.9473,1.6979,-26.9066,
600693.SH,东百集团,2006-10-13,1.5427,1.5298,1.5408,1.506,1.517,1140811,9448545,-0.0257,-1.6667,8.2823,1.4344,656927175.1,N/A,1090391779.4,79531135,0,132008690,34.6573,2.8982,1.6696,-26.4582,
600693.SH,东百集团,2006-10-16,1.517,1.5243,1.5353,1.5078,1.5115,434919,3588158,-0.0055,-0.3632,8.2502,0.5469,654541241.05,N/A,1086431518.7,79531135,0,132008690,34.5314,2.8877,1.6636,-26.3621,
600693.SH,东百集团,2006-10-17,1.5115,1.5078,1.5592,1.4876,1.5133,2361559,19548566,0.0018,0.1215,8.2778,2.9694,655336552.4,N/A,1087751605.6,79531135,0,132008690,34.5734,2.8912,1.6656,-26.3941,
600693.SH,东百集团,2006-10-18,1.5133,1.506,1.506,1.4729,1.5004,1064007,8611699,-0.0129,-0.8495,8.0936,1.3378,649769372.95,N/A,1078510997.3,79531135,0,132008690,34.2797,2.8666,1.6514,-26.1699,
600693.SH,东百集团,2006-10-19,1.5004,1.4913,1.5225,1.4858,1.5096,441369,3628567,0.0092,0.612,8.2212,0.555,653745929.7,N/A,1085111431.8,79531135,0,132008690,34.4895,2.8841,1.6615,-26.33,
600693.SH,东百集团,2006-10-20,1.5096,1.5096,1.5262,1.4894,1.5023,606064,4968225,-0.0073,-0.4866,8.1975,0.762,650564684.3,N/A,1079831084.2,79531135,0,132008690,34.3216,2.8701,1.6535,-26.2019,
600693.SH,东百集团,2006-10-23,1.5023,1.5133,1.5702,1.506,1.5684,1977450,16701348,0.0661,4.401,8.4459,2.4864,679195892.9,N/A,1127354212.6,79531135,0,132008690,35.8321,2.9964,1.7262,-27.3551,
600693.SH,东百集团,2006-10-24,1.5684,1.5666,1.6235,1.5574,1.6198,2045010,17805040,0.0514,3.2787,8.7066,2.5713,701464610.7,N/A,1164316645.8,79531135,0,132008690,37.007,3.0947,1.7828,-28.2519,
600693.SH,东百集团,2006-10-25,1.6198,1.6198,1.6253,1.5592,1.5739,1108622,9577921,-0.0459,-2.8345,8.6395,1.3939,681581826.95,N/A,1131314473.3,79531135,0,132008690,35.958,3.0069,1.7323,-27.4511,
600693.SH,东百集团,2006-10-26,1.5739,1.5555,1.5904,1.5555,1.5684,543136,4655508,-0.0055,-0.3501,8.5715,0.6829,679195892.9,N/A,1127354212.6,79531135,0,132008690,35.8321,2.9964,1.7262,-27.3551,
600693.SH,东百集团,2006-10-27,1.5684,1.5721,1.6217,1.5537,1.5592,1291260,11067410,-0.0092,-0.5855,8.571,1.6236,675219336.15,N/A,1120753778.1,79531135,0,132008690,35.6223,2.9789,1.7161,-27.1949,
600693.SH,东百集团,2006-10-30,1.5592,1.5427,1.5868,1.5262,1.5849,1703347,14431100,0.0257,1.649,8.4722,2.1417,686353695.05,N/A,1139234994.7,79531135,0,132008690,36.2098,3.028,1.7444,-27.6433,
600693.SH,东百集团,2006-10-31,1.5849,1.5886,1.5978,1.5647,1.5794,693930,5972148,-0.0055,-0.3476,8.6063,0.8725,683967761,N/A,1135274734,79531135,0,132008690,36.0839,3.0175,1.7383,-27.5472,
600693.SH,东百集团,2006-11-01,1.5794,1.5757,1.5757,1.5243,1.561,1662936,13956885,-0.0184,-1.1628,8.3929,2.0909,676014647.5,N/A,1122073865,79531135,0,132008690,35.6643,2.9824,1.7181,-27.2269,
600693.SH,东百集团,2006-11-02,1.561,1.5427,1.5684,1.5243,1.561,988646,8355851,0,0,8.4518,1.2431,676014647.5,N/A,1122073865,79531135,0,132008690,35.6643,2.9824,1.7181,-27.2269,
600693.SH,东百集团,2006-11-03,1.561,1.561,1.6143,1.5464,1.607,1496452,12938951,0.0459,2.9412,8.6464,1.8816,695897431.25,N/A,1155076037.5,79531135,0,132008690,36.7133,3.0701,1.7687,-28.0277,
600693.SH,东百集团,2006-11-06,1.607,1.5904,1.6253,1.5904,1.5959,742721,6505812,-0.011,-0.6857,8.7594,0.9339,691125563.15,N/A,1147155516.1,79531135,0,132008690,36.4615,3.0491,1.7565,-27.8355,
600693.SH,东百集团,2006-11-07,1.5959,1.607,1.6235,1.5794,1.6143,948535,8254535,0.0184,1.1507,8.7024,1.1927,699078676.65,N/A,1160356385.1,79531135,0,132008690,36.8811,3.0841,1.7768,-28.1558,
600693.SH,东百集团,2006-11-08,1.6143,1.6143,1.6657,1.5923,1.6621,2395809,21345235,0.0477,2.9579,8.9094,3.0124,719756771.75,N/A,1194678644.5,79531135,0,132008690,37.972,3.1754,1.8293,-28.9887,
600693.SH,东百集团,2006-11-09,1.6621,1.6529,1.6988,1.6363,1.6896,2153461,19710478,0.0275,1.6575,9.1529,2.7077,731686442,N/A,1214479948,79531135,0,132008690,38.6014,3.228,1.8596,-29.4691,
600693.SH,东百集团,2006-11-10,1.6896,1.6841,1.6896,1.6198,1.6382,2004894,18051647,-0.0514,-3.0435,9.0038,2.5209,709417724.2,N/A,1177517514.8,79531135,0,132008690,37.4265,3.1298,1.803,-28.5723,
600693.SH,东百集团,2006-11-13,1.6382,1.6327,1.651,1.5757,1.6033,1960439,17021460,-0.0349,-2.13,8.6825,2.465,694306808.55,N/A,1152435863.7,79531135,0,132008690,36.6293,3.0631,1.7646,-27.9637,
600693.SH,东百集团,2006-11-14,1.6033,1.5978,1.6474,1.5941,1.6419,1494981,13140217,0.0386,2.4055,8.7896,1.8797,711008346.9,N/A,1180157688.6,79531135,0,132008690,37.5105,3.1368,1.8071,-28.6363,
600693.SH,东百集团,2006-11-15,1.6419,1.6253,1.7006,1.6253,1.6859,2148736,19604223,0.0441,2.6846,9.1236,2.7018,730095819.3,N/A,1211839774.2,79531135,0,132008690,38.5174,3.221,1.8556,-29.4051,
600693.SH,东百集团,2006-11-16,1.6859,1.6859,1.6859,1.6345,1.6529,1172691,10608524,-0.0331,-1.9608,9.0463,1.4745,715780215,N/A,1188078210,79531135,0,132008690,37.7622,3.1578,1.8192,-28.8285,
600693.SH,东百集团,2006-11-17,1.6529,1.6786,1.6786,1.6345,1.6639,622111,5596713,0.011,0.6667,8.9963,0.7822,720552083.1,N/A,1195998731.4,79531135,0,132008690,38.014,3.1789,1.8313,-29.0207,
600693.SH,东百集团,2006-11-20,1.6639,1.6657,1.6712,1.629,1.6327,891779,7952259,-0.0312,-1.8764,8.9173,1.1213,707031790.15,N/A,1173557254.1,79531135,0,132008690,37.3007,3.1192,1.797,-28.4762,
600693.SH,东百集团,2006-11-21,1.6327,1.6345,1.651,1.6015,1.6474,763459,6707067,0.0147,0.8999,8.7851,0.9599,713394280.95,N/A,1184117949.3,79531135,0,132008690,37.6363,3.1473,1.8131,-28.7324,
600693.SH,东百集团,2006-11-22,1.6474,1.6272,1.6621,1.6106,1.6308,532235,4733840,-0.0165,-1.0033,8.8943,0.6692,706236478.8,N/A,1172237167.2,79531135,0,132008690,37.2587,3.1157,1.7949,-28.4441,
600693.SH,东百集团,2006-11-23,1.6308,1.6308,1.6308,1.5941,1.5978,930952,8138530,-0.0331,-2.027,8.7422,1.1706,691920874.5,N/A,1148475603,79531135,0,132008690,36.5035,3.0526,1.7586,-27.8676,
600693.SH,东百集团,2006-11-24,1.5978,1.5978,1.5978,1.5978,1.5978,N/A,N/A,0,0,N/A,N/A,691920874.5,N/A,1148475603,79531135,0,132008690,36.5035,3.0526,1.7586,-27.8676,
600693.SH,东百集团,2006-11-27,1.5978,1.5978,1.5978,1.5978,1.5978,N/A,N/A,0,0,N/A,N/A,691920874.5,N/A,1148475603,79531135,0,132008690,36.5035,3.0526,1.7586,-27.8676,
600693.SH,东百集团,2006-11-28,1.5978,1.7576,1.7576,1.7263,1.7576,2559161,24380345,0.1598,10,9.5267,3.2178,761112961.95,N/A,1263323163.3,79531135,0,132008690,40.1538,3.3578,1.9344,-30.6543,
600693.SH,东百集团,2006-11-29,1.7576,1.7814,1.8641,1.7631,1.8384,3674753,36366783,0.0808,4.5977,9.8964,4.6205,796106661.35,N/A,1321406986.9,79531135,0,132008690,42,3.5122,2.0234,-32.0637,
600693.SH,东百集团,2006-11-30,1.8384,1.8365,1.8733,1.7649,1.8384,2033418,20271654,0,0,9.9693,2.5568,796106661.35,N/A,1321406986.9,79531135,0,132008690,42,3.5122,2.0234,-32.0637,
600693.SH,东百集团,2006-12-01,1.8384,1.8329,1.9779,1.8145,1.8843,2718814,28297962,0.0459,2.4975,10.4082,3.4186,815989445.1,N/A,1354409159.4,79531135,0,132008690,43.0489,3.5999,2.0739,-32.8645,
600693.SH,东百集团,2006-12-04,1.8843,1.8824,1.9008,1.8365,1.8622,2640968,26743218,-0.022,-1.1696,10.1263,3.3207,806445708.9,N/A,1338568116.6,79531135,0,132008690,42.5454,3.5578,2.0496,-32.4801,
600693.SH,东百集团,2006-12-05,1.8622,1.8622,1.9375,1.7906,1.9008,2695094,27256469,0.0386,2.071,10.1134,3.3887,823147247.25,N/A,1366289941.5,79531135,0,132008690,43.4265,3.6315,2.0921,-33.1528,
600693.SH,东百集团,2006-12-06,1.9008,1.8769,1.9247,1.8053,1.9008,3016437,30853998,0,0,10.2286,3.7928,823147247.25,N/A,1366289941.5,79531135,0,132008690,43.4265,3.6315,2.0921,-33.1528,
600693.SH,东百集团,2006-12-07,1.9008,1.8916,1.9063,1.8567,1.8641,741318,7589418,-0.0367,-1.9324,10.2377,0.9321,807241020.25,N/A,1339888203.5,79531135,0,132008690,42.5874,3.5613,2.0517,-32.5121,
600693.SH,东百集团,2006-12-08,1.8641,1.8402,1.8512,1.7282,1.7318,1236943,12037890,-0.1322,-7.0936,9.732,1.5553,749978603.05,N/A,1244841946.7,79531135,0,132008690,39.5664,3.3087,1.9061,-30.2059,
600693.SH,东百集团,2006-12-11,1.7318,1.741,1.809,1.7337,1.7998,992147,9527892,0.068,3.9236,9.6033,1.2475,779405123,N/A,1293685162,79531135,0,132008690,41.1188,3.4385,1.9809,-31.391,
600693.SH,东百集团,2006-12-12,1.7998,1.831,1.8457,1.7814,1.8402,817500,8116826,0.0404,2.2449,9.9288,1.0279,796901972.7,N/A,1322727073.8,79531135,0,132008690,42.0419,3.5157,2.0254,-32.0957,
600693.SH,东百集团,2006-12-13,1.8402,1.8402,1.8531,1.7594,1.8273,1326330,12963597,-0.0129,-0.6986,9.774,1.6677,791334793.25,N/A,1313486465.5,79531135,0,132008690,41.7482,3.4911,2.0112,-31.8715,
600693.SH,东百集团,2006-12-14,1.8273,1.8255,1.9063,1.809,1.8916,1250215,12701110,0.0643,3.5176,10.1591,1.572,819170690.5,N/A,1359689507,79531135,0,132008690,43.2167,3.6139,2.082,-32.9926,
600693.SH,东百集团,2006-12-15,1.8916,1.8898,1.9265,1.8733,1.9137,1296095,13390563,0.022,1.165,10.3315,1.6297,828714426.7,N/A,1375530549.8,79531135,0,132008690,43.7202,3.6561,2.1062,-33.377,
600693.SH,东百集团,2006-12-18,1.9137,1.9247,1.9981,1.9008,1.9375,2252971,23926683,0.0239,1.2476,10.6201,2.8328,839053474.25,N/A,1392691679.5,79531135,0,132008690,44.2657,3.7017,2.1325,-33.7934,
600693.SH,东百集团,2006-12-19,1.9375,1.9284,2.1267,1.9284,2.1047,4447435,49462738,0.1671,8.6256,11.1216,5.5921,911426807.1,N/A,1512819587.4,79531135,0,132008690,48.0839,4.021,2.3164,-36.7083,
600693.SH,东百集团,2006-12-20,2.1047,2.0808,2.1396,2.0202,2.1285,1659111,18951994,0.0239,1.1344,11.423,2.0861,921765854.65,N/A,1529980717.1,79531135,0,132008690,48.6293,4.0666,2.3427,-37.1247,
600693.SH,东百集团,2006-12-21,2.1285,2.112,2.2589,2.0385,2.2387,3090482,37237871,0.1102,5.1769,12.0492,3.8859,969484535.65,N/A,1609185931.1,79531135,0,132008690,51.1468,4.2771,2.464,-39.0466,
600693.SH,东百集团,2006-12-22,2.2387,2.2057,2.2406,2.1267,2.1653,654247,7721843,-0.0735,-3.2814,11.8026,0.8226,937672081.65,N/A,1556382455.1,79531135,0,132008690,49.4685,4.1367,2.3832,-37.7653,
600693.SH,东百集团,2006-12-25,2.1653,2.1653,2.3269,2.1653,2.281,1870893,23137746,0.1157,5.3435,12.3672,2.3524,987776696.7,N/A,1639547929.8,79531135,0,132008690,52.1118,4.3578,2.5105,-39.7833,
600693.SH,东百集团,2006-12-26,2.281,2.281,2.4187,2.281,2.4169,2713814,35028356,0.1359,5.9581,12.9074,3.4123,1046629736.6,N/A,1737234360.4,79531135,0,132008690,55.2167,4.6174,2.6601,-42.1537,
600693.SH,东百集团,2006-12-27,2.4169,2.3875,2.562,2.3875,2.5216,1576843,21589231,0.1047,4.3313,13.6914,1.9827,1091962483.55,N/A,1812479313.7,79531135,0,132008690,57.6083,4.8174,2.7753,-43.9795,
600693.SH,东百集团,2006-12-28,2.5216,2.5105,2.5326,2.3948,2.4775,1173749,15881565,-0.0441,-1.748,13.5306,1.4758,1072875011.15,N/A,1780797228.1,79531135,0,132008690,56.6013,4.7332,2.7268,-43.2107,
600693.SH,东百集团,2006-12-29,2.4775,2.4334,2.4958,2.4242,2.4499,670533,9001333,-0.0275,-1.1119,13.4241,0.8431,1060945340.9,N/A,1760995924.6,79531135,0,132008690,55.972,4.6806,2.6965,-42.7303,
600693.SH,东百集团,2007-01-04,2.4499,2.4793,2.4977,2.3875,2.4059,1004902,13329883,-0.0441,-1.7991,13.2649,1.2635,1041857868.5,N/A,1729313839,79531135,0,132008690,42.5786,4.3516,1.9537,-115.7062,
600693.SH,东百集团,2007-01-05,2.4059,2.3875,2.4848,2.2222,2.4279,2126600,27540561,0.022,0.916,12.9505,2.6739,1051401604.7,N/A,1745154881.8,79531135,0,132008690,42.9686,4.3915,1.9716,-116.7661,
600693.SH,东百集团,2007-01-08,2.4279,2.3875,2.6685,2.3728,2.5436,2477687,33719519,0.1157,4.7655,13.6093,3.1154,1101506219.75,N/A,1828320356.5,79531135,0,132008690,45.0163,4.6008,2.0656,-122.3306,
600693.SH,东百集团,2007-01-09,2.5436,2.4977,2.6666,2.4977,2.6354,1899499,27219890,0.0918,3.6101,14.33,2.3884,1141271787.25,N/A,1894324701.5,79531135,0,132008690,46.6414,4.7669,2.1402,-126.7468,
600693.SH,东百集团,2007-01-10,2.6354,2.6354,2.7181,2.5895,2.6409,812072,11757142,0.0055,0.2091,14.478,1.0211,1143657721.3,N/A,1898284962.2,79531135,0,132008690,46.7389,4.7768,2.1446,-127.0118,
600693.SH,东百集团,2007-01-11,2.6409,2.6409,2.7328,2.5987,2.6905,953983,13895758,0.0496,1.8776,14.566,1.1995,1165131127.75,N/A,1933927308.5,79531135,0,132008690,47.6165,4.8665,2.1849,-129.3966,
600693.SH,东百集团,2007-01-12,2.6905,2.6171,2.6868,2.573,2.6171,518208,7467871,-0.0735,-2.7304,14.411,0.6516,1133318673.75,N/A,1881123832.5,79531135,0,132008690,46.3164,4.7336,2.1252,-125.8636,
600693.SH,东百集团,2007-01-15,2.6171,2.5895,2.8099,2.5895,2.7713,1756257,26227955,0.1543,5.8947,14.934,2.2083,1200124827.15,N/A,1992011132.1,79531135,0,132008690,49.0466,5.0127,2.2505,-133.2829,
600693.SH,东百集团,2007-01-16,2.7713,2.7676,2.9476,2.764,2.944,1180378,18341017,0.1726,6.2293,15.5383,1.4842,1274884094.05,N/A,2116099300.7,79531135,0,132008690,52.1019,5.3249,2.3907,-141.5855,
600693.SH,东百集团,2007-01-17,2.944,2.9899,3.0578,2.9384,2.9403,1835258,29820517,-0.0037,-0.1248,16.2487,2.3076,1273293471.35,N/A,2113459126.9,79531135,0,132008690,52.0369,5.3183,2.3877,-141.4088,
600693.SH,东百集团,2007-01-18,2.9403,2.9109,3.0303,2.663,2.9476,1554226,24372382,0.0073,0.2498,15.6814,1.9542,1276474716.75,N/A,2118739474.5,79531135,0,132008690,52.1669,5.3316,2.3937,-141.7621,
600693.SH,东百集团,2007-01-19,2.9476,2.9384,3.1001,2.9384,3.0927,1332723,22032152,0.1451,4.9221,16.5317,1.6757,1339304313.4,N/A,2223026339.6,79531135,0,132008690,54.7346,5.594,2.5115,-148.7398,
600693.SH,东百集团,2007-01-22,3.0927,2.9788,3.1772,2.9788,3.1129,1146723,19607162,0.0202,0.6532,17.0984,1.4419,1348052738.25,N/A,2237547295.5,79531135,0,132008690,55.0921,5.6305,2.5279,-149.7114,
600693.SH,东百集团,2007-01-23,3.1129,3.1074,3.1221,2.9935,3.0321,2006356,33262106,-0.0808,-2.5959,16.5784,2.5227,1313059038.85,N/A,2179463471.9,79531135,0,132008690,53.662,5.4844,2.4623,-145.8251,
600693.SH,东百集团,2007-01-24,3.0321,3.0321,3.0541,2.9164,2.9348,1564256,25138360,-0.0973,-3.2102,16.0705,1.9668,1270907537.3,N/A,2109498866.2,79531135,0,132008690,51.9394,5.3083,2.3833,-141.1438,
600693.SH,东百集团,2007-01-25,2.9348,2.9329,2.9384,2.8209,2.8283,574522,8993444,-0.1065,-3.6295,15.6538,0.7224,1224779479,N/A,2032933826,79531135,0,132008690,50.0542,5.1156,2.2968,-136.021,
600693.SH,东百集团,2007-01-26,2.8283,2.7732,2.9017,2.663,2.8797,804059,12210027,0.0514,1.8182,15.1855,1.011,1247048196.8,N/A,2069896259.2,79531135,0,132008690,50.9643,5.2087,2.3385,-138.4941,
600693.SH,东百集团,2007-01-29,2.8797,2.8833,3.1184,2.8833,3.0854,2793297,46088066,0.2057,7.1429,16.4995,3.5122,1336123068,N/A,2217745992,79531135,0,132008690,54.6046,5.5807,2.5056,-148.3865,
600693.SH,东百集团,2007-01-30,3.0854,3.0854,3.2341,3.0707,3.2231,2194539,37457265,0.1377,4.4643,17.0684,2.7593,1395771419.25,N/A,2316752509.5,79531135,0,132008690,57.0423,5.8298,2.6174,-155.0109,
600693.SH,东百集团,2007-01-31,3.2231,3.1772,3.2323,3.0321,3.0762,1465000,25150251,-0.1469,-4.5584,17.1674,1.842,1332146511.25,N/A,2211145557.5,79531135,0,132008690,54.4421,5.5641,2.4981,-147.9449,
600693.SH,东百集团,2007-02-01,3.0762,2.9935,3.3572,2.9935,3.2984,1167405,20008168,0.2222,7.2239,17.139,1.4679,1428379184.6,N/A,2370876072.4,79531135,0,132008690,58.3749,5.966,2.6786,-158.6322,
600693.SH,东百集团,2007-02-02,3.2984,3.3058,3.4049,3.0909,3.1698,2081569,36807065,-0.1286,-3.8976,17.6824,2.6173,1372707390.1,N/A,2278469989.4,79531135,0,132008690,56.0997,5.7335,2.5742,-152.4495,
600693.SH,东百集团,2007-02-05,3.1698,3.1368,3.4857,2.9954,3.4857,3339888,58100987,0.3159,9.9652,17.3961,4.1995,1509500942.3,N/A,2505524936.2,79531135,0,132008690,61.6902,6.3049,2.8307,-167.6414,
600693.SH,东百集团,2007-02-06,3.4857,3.4894,3.4986,3.1496,3.3627,6773698,120491723,-0.123,-3.53,17.7882,8.517,1456215081.85,N/A,2417079113.9,79531135,0,132008690,59.5125,6.0823,2.7308,-161.7236,
600693.SH,东百集团,2007-02-07,3.3627,3.2672,3.3957,3.0854,3.2268,3463184,60726885,-0.1359,-4.0415,17.535,4.3545,1397362041.95,N/A,2319392683.3,79531135,0,132008690,57.1073,5.8365,2.6204,-155.1876,
600693.SH,东百集团,2007-02-08,3.2268,3.3021,3.4876,3.1956,3.3333,2472302,45312378,0.1065,3.3011,18.328,3.1086,1443490100.25,N/A,2395957723.5,79531135,0,132008690,58.9925,6.0292,2.7069,-160.3104,
600693.SH,东百集团,2007-02-09,3.3333,3.3058,3.4251,3.269,3.3608,744606,13584981,0.0275,0.8264,18.2445,0.9362,1455419770.5,N/A,2415759027,79531135,0,132008690,59.48,6.079,2.7293,-161.6353,
600693.SH,东百集团,2007-02-12,3.3608,3.3149,3.4619,3.3149,3.427,480734,8897943,0.0661,1.9672,18.5091,0.6045,1484050979.1,N/A,2463282155.4,79531135,0,132008690,60.6501,6.1986,2.783,-164.815,
600693.SH,东百集团,2007-02-13,3.427,3.326,3.4894,3.326,3.4729,617907,11528152,0.0459,1.3398,18.6568,0.7769,1503933762.85,N/A,2496284327.9,79531135,0,132008690,61.4627,6.2816,2.8202,-167.0232,
600693.SH,东百集团,2007-02-14,3.4729,3.3976,3.6345,3.3976,3.5592,1082845,20750805,0.0863,2.4855,19.1632,1.3615,1541313396.3,N/A,2558328412.2,79531135,0,132008690,62.9903,6.4377,2.8903,-171.1744,
600693.SH,东百集团,2007-02-15,3.5592,3.4894,3.8108,3.3994,3.7961,1263995,25357533,0.2369,6.6563,20.0614,1.5893,1643908560.45,N/A,2728619622.3,79531135,0,132008690,67.1832,6.8663,3.0827,-182.5684,
600693.SH,东百集团,2007-02-16,3.7961,3.7924,3.8292,3.7612,3.7906,761905,15774527,-0.0055,-0.1451,20.7041,0.958,1641522626.4,N/A,2724659361.6,79531135,0,132008690,67.0857,6.8563,3.0783,-182.3034,
600693.SH,东百集团,2007-02-26,3.7906,3.7832,3.7832,3.6694,3.7373,1487501,29920941,-0.0533,-1.405,20.1149,1.8703,1618458597.25,N/A,2686376841.5,79531135,0,132008690,66.1431,6.76,3.035,-179.742,
600693.SH,东百集团,2007-02-27,3.7373,3.7392,3.7392,3.3645,3.3682,5573740,107192541,-0.3691,-9.8771,19.2317,7.0082,1458601015.9,N/A,2421039374.6,79531135,0,132008690,59.61,6.0923,2.7352,-161.9886,
600693.SH,东百集团,2007-02-28,3.3682,3.1974,3.4637,3.1974,3.3664,1315921,24233603,-0.0018,-0.0545,18.4157,1.6546,1457805704.55,N/A,2419719287.7,79531135,0,132008690,59.5775,6.089,2.7337,-161.9003,
600693.SH,东百集团,2007-03-01,3.3664,3.3976,3.3976,3.1221,3.2341,1224500,21731187,-0.1322,-3.928,17.747,1.5396,1400543287.35,N/A,2324673030.9,79531135,0,132008690,57.2373,5.8498,2.6264,-155.5409,
600693.SH,东百集团,2007-03-02,3.2341,3.2139,3.3058,3.2139,3.2194,992742,17633213,-0.0147,-0.4543,17.7621,1.2482,1394180796.55,N/A,2314112335.7,79531135,0,132008690,56.9773,5.8232,2.6144,-154.8343,
600693.SH,东百集团,2007-03-05,3.2194,3.2139,3.3076,3.1772,3.2066,840731,14907515,-0.0129,-0.3993,17.7316,1.0571,1388613617.1,N/A,2304871727.4,79531135,0,132008690,56.7498,5.7999,2.604,-154.216,
600693.SH,东百集团,2007-03-06,3.2066,3.1992,3.3131,3.1992,3.269,131701,2355080,0.0624,1.9473,17.882,0.1656,1415654203,N/A,2349754682,79531135,0,132008690,57.8549,5.9129,2.6547,-157.219,
600693.SH,东百集团,2007-03-07,3.269,3.348,3.348,3.269,3.3149,170946,3077696,0.0459,1.4045,18.0039,0.2149,1435536986.75,N/A,2382756854.5,79531135,0,132008690,58.6674,5.9959,2.692,-159.4272,
600693.SH,东百集团,2007-03-08,3.3149,3.348,3.3608,3.28,3.3039,550558,9900674,-0.011,-0.3324,17.983,0.6923,1430765118.65,N/A,2374836333.1,79531135,0,132008690,58.4724,5.976,2.683,-158.8972,
600693.SH,东百集团,2007-03-09,3.3039,3.3058,3.3058,3.1956,3.2562,175343,3101325,-0.0477,-1.4452,17.6872,0.2205,1410087023.55,N/A,2340514073.7,79531135,0,132008690,57.6274,5.8896,2.6443,-156.6008,
600693.SH,东百集团,2007-03-12,3.2562,3.2837,3.3627,3.2782,3.359,576007,10471323,0.1028,3.1585,18.1792,0.7243,1454624459.15,N/A,2414438940.1,79531135,0,132008690,59.4475,6.0757,2.7278,-161.547,
600693.SH,东百集团,2007-03-13,3.359,3.3755,3.4674,3.3241,3.337,286411,5254191,-0.022,-0.6561,18.3449,0.3601,1445080722.95,N/A,2398597897.3,79531135,0,132008690,59.0575,6.0358,2.7099,-160.4871,
600693.SH,东百集团,2007-03-14,3.337,3.3241,3.3315,3.1221,3.3278,650089,11392143,-0.0092,-0.2752,17.524,0.8174,1441104166.2,N/A,2391997462.8,79531135,0,132008690,58.895,6.0192,2.7024,-160.0455,
600693.SH,东百集团,2007-03-15,3.3278,3.3241,3.5904,3.2176,3.46,291505,5277396,0.1322,3.9735,18.104,0.3665,1498366583.4,N/A,2487043719.6,79531135,0,132008690,61.2352,6.2584,2.8098,-166.4049,
600693.SH,东百集团,2007-03-16,3.46,3.4894,3.4894,3.3443,3.3645,502221,9330432,-0.0955,-2.7601,18.5783,0.6315,1457010393.2,N/A,2418399200.8,79531135,0,132008690,59.545,6.0856,2.7322,-161.812,
600693.SH,东百集团,2007-03-19,3.3645,3.3425,3.5059,3.2139,3.4655,716043,13408160,0.101,3.0022,18.7254,0.9003,1500752517.45,N/A,2491003980.3,79531135,0,132008690,61.3327,6.2683,2.8143,-166.6699,
600693.SH,东百集团,2007-03-20,3.4655,3.471,3.5463,3.4178,3.4821,1231254,23420365,0.0165,0.4769,19.0216,1.5481,1507910319.6,N/A,2502884762.4,79531135,0,132008690,61.6252,6.2982,2.8277,-167.4648,
600693.SH,东百集团,2007-03-21,3.4821,3.5041,3.5059,3.4527,3.4876,857165,16268404,0.0055,0.1582,18.9793,1.0778,1510296253.65,N/A,2506845023.1,79531135,0,132008690,61.7227,6.3082,2.8322,-167.7298,
600693.SH,东百集团,2007-03-22,3.4876,3.4729,3.5427,3.4527,3.4527,875930,16809651,-0.0349,-1.0005,19.1906,1.1014,1495185338,N/A,2481763372,79531135,0,132008690,61.1051,6.2451,2.8038,-166.0516,
600693.SH,东百集团,2007-03-23,3.4527,3.4802,3.5353,3.3719,3.4086,245718,4579051,-0.0441,-1.2766,18.6354,0.309,1476097865.6,N/A,2450081286.4,79531135,0,132008690,60.3251,6.1654,2.768,-163.9318,
600693.SH,东百集团,2007-03-26,3.4086,3.4527,3.4527,3.3517,3.4178,426040,7811857,0.0092,0.2694,18.336,0.5357,1480074422.35,N/A,2456681720.9,79531135,0,132008690,60.4876,6.182,2.7755,-164.3734,
600693.SH,东百集团,2007-03-27,3.4178,3.3976,3.4508,3.3425,3.3829,739085,13621834,-0.0349,-1.021,18.4307,0.9293,1464963506.7,N/A,2431600069.8,79531135,0,132008690,59.87,6.1188,2.7472,-162.6952,
600693.SH,东百集团,2007-03-28,3.3829,3.3792,3.3976,3.2341,3.3058,661690,11979554,-0.0771,-2.2801,18.1045,0.832,1431560430,N/A,2376156420,79531135,0,132008690,58.5049,5.9793,2.6845,-158.9855,
600693.SH,东百集团,2007-03-29,3.3058,3.3058,3.3388,3.1956,3.2488,2239092,40076162,-0.0569,-1.7222,17.8984,2.8154,1406905778.15,N/A,2335233726.1,79531135,0,132008690,57.4973,5.8764,2.6383,-156.2475,
600693.SH,东百集团,2007-03-30,3.2488,3.258,3.2672,3.1588,3.2084,562725,9780241,-0.0404,-1.2436,17.3801,0.7076,1389408928.45,N/A,2306191814.3,79531135,0,132008690,56.7823,5.8033,2.6055,-154.3043,
600693.SH,东百集团,2007-04-02,3.2084,3.1772,3.359,3.1607,3.3131,610050,10705338,0.1047,3.2627,17.5483,0.7671,1434741675.4,N/A,2381436767.6,79531135,0,132008690,58.6349,5.9926,2.6905,-159.3389,
600693.SH,东百集团,2007-04-03,3.3131,3.3572,3.3572,3.247,3.3039,779540,13987747,-0.0092,-0.2772,17.9436,0.9802,1430765118.65,N/A,2374836333.1,79531135,0,132008690,58.4724,5.976,2.683,-158.8972,
600693.SH,东百集团,2007-04-04,3.3039,3.3039,3.3241,3.247,3.2911,420028,7499068,-0.0129,-0.3891,17.8537,0.5281,1425197939.2,N/A,2365595724.8,79531135,0,132008690,58.2449,5.9528,2.6726,-158.2789,
600693.SH,东百集团,2007-04-05,3.2911,3.3241,3.5445,3.3241,3.4802,1101995,20790618,0.1892,5.7478,18.8663,1.3856,1507115008.25,N/A,2501564675.5,79531135,0,132008690,61.5927,6.2949,2.8262,-167.3765,
600693.SH,东百集团,2007-04-06,3.4802,3.4527,3.5206,3.3902,3.4068,523250,9796232,-0.0735,-2.1108,18.7219,0.6579,1475302554.25,N/A,2448761199.5,79531135,0,132008690,60.2926,6.162,2.7665,-163.8434,
600693.SH,东百集团,2007-04-09,3.4068,3.4251,3.4251,3.3058,3.3333,909062,16511890,-0.0735,-2.1563,18.1637,1.143,1443490100.25,N/A,2395957723.5,79531135,0,132008690,58.9925,6.0292,2.7069,-160.3104,
600693.SH,东百集团,2007-04-10,3.3333,3.3388,3.3608,3.2709,3.3553,501139,9046763,0.022,0.6612,18.0524,0.6301,1453033836.45,N/A,2411798766.3,79531135,0,132008690,59.3825,6.069,2.7248,-161.3703,
600693.SH,东百集团,2007-04-11,3.3553,3.3572,3.5372,3.3425,3.528,1506555,28502952,0.1726,5.145,18.9193,1.8943,1527793103.35,N/A,2535886934.9,79531135,0,132008690,62.4378,6.3813,2.865,-169.6729,
600693.SH,东百集团,2007-04-12,3.528,3.528,3.561,3.4527,3.5078,814819,15577764,-0.0202,-0.5726,19.1181,1.0245,1519044678.5,N/A,2521365979,79531135,0,132008690,62.0802,6.3447,2.8486,-168.7013,
600693.SH,东百集团,2007-04-13,3.5078,3.4912,3.5537,3.4637,3.5078,662115,12657602,0,0,19.1169,0.8325,1519044678.5,N/A,2521365979,79531135,0,132008690,62.0802,6.3447,2.8486,-168.7013,
600693.SH,东百集团,2007-04-16,3.5078,3.517,3.5739,3.4821,3.5372,1356558,26030642,0.0294,0.8377,19.1887,1.7057,1531769660.1,N/A,2542487369.4,79531135,0,132008690,62.6003,6.3979,2.8724,-170.1145,
600693.SH,东百集团,2007-04-17,3.5372,3.5592,3.561,3.3241,3.4343,1498682,28204053,-0.1028,-2.9076,18.8192,1.8844,1487232224.5,N/A,2468562503,79531135,0,132008690,60.7801,6.2119,2.7889,-165.1683,
600693.SH,东百集团,2007-04-18,3.4343,3.4251,3.5702,3.37,3.5555,1714026,32316042,0.1212,3.5294,18.8539,2.1552,1539722773.6,N/A,2555688238.4,79531135,0,132008690,62.9253,6.4311,2.8874,-170.9978,
600693.SH,东百集团,2007-04-19,3.5555,3.5537,3.5555,3.1992,3.2451,1615124,29653356,-0.3104,-8.7293,18.3598,2.0308,1405315155.45,N/A,2332593552.3,79531135,0,132008690,57.4323,5.8697,2.6353,-156.0708,
600693.SH,东百集团,2007-04-20,3.2451,3.2415,3.4215,3.2286,3.3737,3370309,60236623,0.1286,3.9615,17.8727,4.2377,1460986949.95,N/A,2424999635.3,79531135,0,132008690,59.7075,6.1022,2.7397,-162.2536,
600693.SH,东百集团,2007-04-23,3.3737,3.359,3.427,3.269,3.3976,2867444,52539274,0.0239,0.7077,18.3227,3.6054,1471325997.5,N/A,2442160765,79531135,0,132008690,60.1301,6.1454,2.7591,-163.4018,
600693.SH,东百集团,2007-04-24,3.3976,3.4049,3.7373,3.4049,3.7373,5049936,100347957,0.3398,10,19.8711,6.3496,1618458597.25,N/A,2686376841.5,79531135,0,132008690,66.1431,6.76,3.035,-179.742,
600693.SH,东百集团,2007-04-25,3.7373,3.7392,3.8843,3.6437,3.8457,3552086,73198493,0.1084,2.8993,20.6072,4.4663,1665381966.9,N/A,2764261968.6,79531135,0,132008690,68.0607,6.956,3.123,-184.9532,
600693.SH,东百集团,2007-04-26,3.8457,3.8659,3.9118,3.6914,3.7392,1604089,32928786,-0.1065,-2.7698,20.528,2.0169,1619253908.6,N/A,2687696928.4,79531135,0,132008690,66.1756,6.7633,3.0365,-179.8303,
600693.SH,东百集团,2007-04-27,3.7392,3.741,3.7961,3.4894,3.5978,1971156,38730300,-0.1414,-3.7819,19.6485,2.4785,1558014934.65,N/A,2586050237.1,79531135,0,132008690,63.6729,6.5075,2.9217,-173.0293,
600693.SH,东百集团,2007-04-30,3.5978,3.5445,3.6731,3.4912,3.5372,1129100,21896007,-0.0606,-1.6845,19.3924,1.4197,1531769660.1,N/A,2542487369.4,79531135,0,132008690,62.6003,6.3979,2.8724,-170.1145,
600693.SH,东百集团,2007-05-08,3.5372,3.5812,3.7612,3.5812,3.6675,1981552,39707749,0.1304,3.6864,20.0387,2.4915,1588236765.95,N/A,2636213539.3,79531135,0,132008690,64.908,6.6337,2.9783,-176.3856,
600693.SH,东百集团,2007-05-09,3.6675,3.6529,3.6529,3.4527,3.5206,2084628,39981410,-0.1469,-4.006,19.1792,2.6211,1524611857.95,N/A,2530606587.3,79531135,0,132008690,62.3077,6.368,2.859,-169.3196,
600693.SH,东百集团,2007-05-10,3.5206,3.5261,3.6896,3.471,3.5959,2877777,56613882,0.0753,2.1388,19.6728,3.6184,1557219623.3,N/A,2584730150.2,79531135,0,132008690,63.6404,6.5042,2.9202,-172.9409,
600693.SH,东百集团,2007-05-11,3.5959,3.5812,3.7943,3.5078,3.662,2650481,52858873,0.0661,1.8386,19.9431,3.3326,1585850831.9,N/A,2632253278.6,79531135,0,132008690,64.8105,6.6238,2.9739,-176.1207,
600693.SH,东百集团,2007-05-14,3.662,3.6694,3.8383,3.6253,3.8126,1884189,38768225,0.1506,4.1123,20.5756,2.3691,1651066362.6,N/A,2740500404.4,79531135,0,132008690,67.4757,6.8962,3.0961,-183.3633,
600693.SH,东百集团,2007-05-15,3.8126,3.8108,3.921,3.7006,3.741,2191336,45453680,-0.0716,-1.8786,20.7425,2.7553,1620049219.95,N/A,2689017015.3,79531135,0,132008690,66.2081,6.7666,3.038,-179.9187,
600693.SH,东百集团,2007-05-16,3.741,3.741,3.8457,3.618,3.82,1469635,30144354,0.079,2.1109,20.5115,1.8479,1654247608,N/A,2745780752,79531135,0,132008690,67.6057,6.9094,3.1021,-183.7166,
600693.SH,东百集团,2007-05-17,3.82,3.8457,4.033,3.8457,3.9651,1852758,39805755,0.1451,3.7981,21.4846,2.3296,1717077204.65,N/A,2850067617.1,79531135,0,132008690,70.1734,7.1719,3.2199,-190.6943,
600693.SH,东百集团,2007-05-18,3.9651,3.9651,4,3.8659,3.8934,1514729,32380046,-0.0716,-1.8064,21.3768,1.9046,1686060062,N/A,2798584228,79531135,0,132008690,68.9058,7.0423,3.1618,-187.2496,
600693.SH,东百集团,2007-05-21,3.8934,3.7245,4.0312,3.7245,4.0275,2197338,46837605,0.1341,3.4434,21.3156,2.7629,1744117790.55,N/A,2894950571.7,79531135,0,132008690,71.2785,7.2848,3.2706,-193.6974,
600693.SH,东百集团,2007-05-22,4.0275,4.112,4.1652,3.9669,4.0404,1877476,41376314,0.0129,0.3192,22.0383,2.3607,1749684970,N/A,2904191180,79531135,0,132008690,71.506,7.3081,3.2811,-194.3157,
600693.SH,东百集团,2007-05-23,4.0404,4.0404,4.1304,3.9669,4.0459,1538074,33560594,0.0055,0.1364,21.8199,1.9339,1752070904.05,N/A,2908151440.7,79531135,0,132008690,71.6035,7.318,3.2856,-194.5807,
600693.SH,东百集团,2007-05-24,4.0459,4.0422,4.0734,3.8567,3.9173,1797782,38338470,-0.1286,-3.1775,21.3254,2.2605,1696399109.55,N/A,2815745357.7,79531135,0,132008690,69.3283,7.0855,3.1812,-188.3979,
600693.SH,东百集团,2007-05-25,3.9173,3.9118,3.9265,3.8108,3.9192,1604529,33629585,0.0018,0.0469,20.9592,2.0175,1697194420.9,N/A,2817065444.6,79531135,0,132008690,69.3608,7.0888,3.1826,-188.4862,
600693.SH,东百集团,2007-05-28,3.9192,3.932,3.9761,3.8181,3.9192,5065848,106209599,0,0,20.9658,6.3696,1697194420.9,N/A,2817065444.6,79531135,0,132008690,69.3608,7.0888,3.1826,-188.4862,
600693.SH,东百集团,2007-05-29,3.9192,3.921,4.3103,3.842,4.2093,4838880,107220454,0.2902,7.4039,22.1581,6.0843,1822853614.2,N/A,3025639174.8,79531135,0,132008690,74.4963,7.6137,3.4183,-202.4416,
600693.SH,东百集团,2007-05-30,4.2093,3.8108,4.1763,3.7888,3.7888,5399092,115257767,-0.4206,-9.9913,21.3476,6.7887,1640727315.05,N/A,2723339274.7,79531135,0,132008690,67.0531,6.853,3.0768,-182.2151,
600693.SH,东百集团,2007-05-31,3.7888,3.6216,3.8567,3.4104,3.7888,3181847,63158575,0,0,19.8497,4.0008,1640727315.05,N/A,2723339274.7,79531135,0,132008690,67.0531,6.853,3.0768,-182.2151,
600693.SH,东百集团,2007-06-01,3.7888,3.7612,3.7924,3.4931,3.5518,2147612,42556341,-0.2369,-6.253,19.8157,2.7003,1538132150.9,N/A,2553048064.6,79531135,0,132008690,62.8603,6.4245,2.8844,-170.8212,
600693.SH,东百集团,2007-06-04,3.5518,3.5078,3.5978,3.1974,3.1974,2526972,45877194,-0.3544,-9.9793,18.155,3.1773,1384637060.35,N/A,2298271292.9,79531135,0,132008690,56.5873,5.7833,2.5965,-153.7744,
600693.SH,东百集团,2007-06-05,3.1974,3.1221,3.1974,2.9972,3.157,3376004,56284428,-0.0404,-1.2636,16.6719,4.2449,1367140210.65,N/A,2269229381.1,79531135,0,132008690,55.8722,5.7103,2.5637,-151.8312,
600693.SH,东百集团,2007-06-06,3.157,3.1735,3.3572,3.1735,3.2874,4119951,74111073,0.1304,4.1303,17.9883,5.1803,1423607316.5,N/A,2362955551,79531135,0,132008690,58.1799,5.9461,2.6696,-158.1023,
600693.SH,东百集团,2007-06-07,3.2874,3.2929,3.4894,3.2929,3.4233,2502015,46292502,0.1359,4.1341,18.5021,3.146,1482460356.4,N/A,2460641981.6,79531135,0,132008690,60.5851,6.1919,2.78,-164.6384,
600693.SH,东百集团,2007-06-08,3.4233,3.5096,3.5096,3.3058,3.4527,1209009,22385807,0.0294,0.8584,18.5158,1.5202,1495185338,N/A,2481763372,79531135,0,132008690,61.1051,6.2451,2.8038,-166.0516,
600693.SH,东百集团,2007-06-11,3.4527,3.3957,3.5261,3.3939,3.4986,1321016,24939897,0.0459,1.3298,18.8793,1.661,1515068121.75,N/A,2514765544.5,79531135,0,132008690,61.9177,6.3281,2.8411,-168.2597,
600693.SH,东百集团,2007-06-12,3.4986,3.4619,3.6455,3.4288,3.64,1623939,31265178,0.1414,4.042,19.2527,2.0419,1576307095.7,N/A,2616412235.8,79531135,0,132008690,64.4204,6.5839,2.956,-175.0608,
600693.SH,东百集团,2007-06-13,3.64,3.651,3.8567,3.5996,3.7208,1870095,37872376,0.0808,2.22,20.2516,2.3514,1611300795.1,N/A,2674496059.4,79531135,0,132008690,65.8505,6.7301,3.0216,-178.9471,
600693.SH,东百集团,2007-06-14,3.7208,3.7098,4.0936,3.5096,4.0036,3650906,79117845,0.2828,7.6012,21.6707,4.5905,1733778743,N/A,2877789442,79531135,0,132008690,70.856,7.2416,3.2513,-192.5492,
600693.SH,东百集团,2007-06-15,4.0036,4.0587,4.404,4.0587,4.404,4268701,100817336,0.4004,10,23.6178,5.3673,1907156617.3,N/A,3165568386.2,79531135,0,132008690,77.9416,7.9658,3.5764,-211.8041,
600693.SH,东百集团,2007-06-18,4.404,4.5179,4.6244,4.2259,4.3875,6005504,143662332,-0.0165,-0.3753,23.9218,7.5511,1899998815.15,N/A,3153687604.1,79531135,0,132008690,77.649,7.9359,3.563,-211.0092,
600693.SH,东百集团,2007-06-19,4.3875,4.2975,4.3838,4.1836,4.2589,2362928,54708907,-0.1286,-2.9301,23.153,2.9711,1844327020.65,N/A,3061281521.1,79531135,0,132008690,75.3738,7.7034,3.4586,-204.8264,
600693.SH,东百集团,2007-06-20,4.2589,4.2938,4.4793,4.1708,4.2222,2084008,49325510,-0.0367,-0.8624,23.6686,2.6204,1828420793.65,N/A,3034879783.1,79531135,0,132008690,74.7238,7.6369,3.4287,-203.0599,
600693.SH,东百集团,2007-06-21,4.2222,4.2222,4.3103,3.9853,4.0569,1632683,36470703,-0.1653,-3.9147,22.3379,2.0529,1756842772.15,N/A,2916071962.1,79531135,0,132008690,71.7985,7.338,3.2945,-195.1106,
600693.SH,东百集团,2007-06-22,4.0569,4.0569,4.0569,4.0569,4.0569,N/A,N/A,0,0,N/A,N/A,1756842772.15,N/A,2916071962.1,79531135,0,132008690,71.7985,7.338,3.2945,-195.1106,
600693.SH,东百集团,2007-06-25,4.0569,3.8585,4.0404,3.651,3.651,1452481,29788557,-0.4059,-10.0045,20.5087,1.8263,1581078963.8,N/A,2624332757.2,79531135,0,132008690,64.6154,6.6038,2.9649,-175.5907,
600693.SH,东百集团,2007-06-26,3.651,3.5812,3.7006,3.2874,3.6749,1533168,29523736,0.0239,0.6539,19.2567,1.9278,1591418011.35,N/A,2641493886.9,79531135,0,132008690,65.038,6.647,2.9843,-176.7389,
600693.SH,东百集团,2007-06-27,3.6749,3.6584,3.8163,3.5904,3.7557,1176691,23782968,0.0808,2.1989,20.2117,1.4795,1626411710.75,N/A,2699577710.5,79531135,0,132008690,66.4681,6.7932,3.0499,-180.6253,
600693.SH,东百集团,2007-06-28,3.7557,3.7557,3.7557,3.381,3.381,1501681,29105800,-0.3747,-9.9756,19.3821,1.8882,1464168195.35,N/A,2430279982.9,79531135,0,132008690,59.8375,6.1155,2.7457,-162.6069,
600693.SH,东百集团,2007-06-29,3.381,3.2176,3.3627,3.2139,3.2433,2901649,51921155,-0.1377,-4.0739,17.8937,3.6484,1404519844.1,N/A,2331273465.4,79531135,0,132008690,57.3998,5.8664,2.6338,-155.9825,
600693.SH,东百集团,2007-07-02,3.2433,3.269,3.4435,3.269,3.4196,1413404,25556020,0.1763,5.436,18.0812,1.7772,1480869733.7,N/A,2458001807.8,79531135,0,132008690,60.5201,6.1853,2.777,-164.4617,
600693.SH,东百集团,2007-07-03,3.4196,3.4086,3.5225,3.3058,3.517,785364,14596233,0.0973,2.8464,18.5853,0.9875,1523021235.25,N/A,2527966413.5,79531135,0,132008690,62.2427,6.3613,2.856,-169.143,
600693.SH,东百集团,2007-07-04,3.517,3.4692,3.618,3.4031,3.4655,509700,9643563,-0.0514,-1.4621,18.9201,0.6409,1500752517.45,N/A,2491003980.3,79531135,0,132008690,61.3327,6.2683,2.8143,-166.6699,
600693.SH,东百集团,2007-07-05,3.4655,3.3976,3.4655,3.3058,3.4178,582482,10751631,-0.0477,-1.3778,18.4583,0.7324,1480074422.35,N/A,2456681720.9,79531135,0,132008690,60.4876,6.182,2.7755,-164.3734,
600693.SH,东百集团,2007-07-06,3.4178,3.3792,3.6014,3.3241,3.5757,1153103,22106410,0.1579,4.6212,19.1712,1.4499,1548471198.45,N/A,2570209194.3,79531135,0,132008690,63.2828,6.4676,2.9038,-171.9694,
600693.SH,东百集团,2007-07-09,3.5757,3.5831,3.6877,3.5133,3.5978,691118,13613599,0.022,0.6163,19.6979,0.869,1558014934.65,N/A,2586050237.1,79531135,0,132008690,63.6729,6.5075,2.9217,-173.0293,
600693.SH,东百集团,2007-07-10,3.5978,3.5078,3.7098,3.4894,3.6106,1463169,28826542,0.0129,0.3573,19.7014,1.8397,1563582114.1,N/A,2595290845.4,79531135,0,132008690,63.9004,6.5308,2.9321,-173.6476,
600693.SH,东百集团,2007-07-11,3.6106,3.5592,3.6694,3.5592,3.6382,392855,7756197,0.0275,0.763,19.7432,0.494,1575511784.35,N/A,2615092148.9,79531135,0,132008690,64.3879,6.5806,2.9545,-174.9724,
600693.SH,东百集团,2007-07-12,3.6382,3.7428,3.7557,3.6382,3.6804,1036201,20740289,0.0422,1.161,20.0157,1.3029,1593803945.4,N/A,2645454147.6,79531135,0,132008690,65.1355,6.657,2.9888,-177.0039,
600693.SH,东百集团,2007-07-13,3.6804,3.719,3.719,3.5812,3.5886,293698,5759495,-0.0918,-2.495,19.6103,0.3693,1554038377.9,N/A,2579449802.6,79531135,0,132008690,63.5103,6.4909,2.9142,-172.5876,
600693.SH,东百集团,2007-07-16,3.5886,3.5537,3.629,3.4527,3.5096,323981,6185094,-0.079,-2.2006,19.0909,0.4074,1519839989.85,N/A,2522686065.9,79531135,0,132008690,62.1127,6.3481,2.8501,-168.7897,
600693.SH,东百集团,2007-07-17,3.5096,3.4802,3.6088,3.4343,3.5831,363077,6940059,0.0735,2.0931,19.1146,0.4565,1551652443.85,N/A,2575489541.9,79531135,0,132008690,63.4128,6.4809,2.9097,-172.3227,
600693.SH,东百集团,2007-07-18,3.5831,3.5812,3.6731,3.4967,3.5959,372233,7276409,0.0129,0.3588,19.548,0.468,1557219623.3,N/A,2584730150.2,79531135,0,132008690,63.6404,6.5042,2.9202,-172.9409,
600693.SH,东百集团,2007-07-19,3.5959,3.5867,3.6731,3.5133,3.618,240672,4745220,0.022,0.6129,19.7165,0.3026,1566763359.5,N/A,2600571193,79531135,0,132008690,64.0304,6.544,2.9381,-174.0009,
600693.SH,东百集团,2007-07-20,3.618,3.6143,3.8237,3.6143,3.7777,651480,13310319,0.1598,4.4162,20.4309,0.8192,1635955446.95,N/A,2715418753.3,79531135,0,132008690,66.8581,6.833,3.0678,-181.6852,
600693.SH,东百集团,2007-07-23,3.7777,3.7796,3.9632,3.7796,3.9247,1018888,21479231,0.1469,3.8892,21.0811,1.2811,1699580354.95,N/A,2821025705.3,79531135,0,132008690,69.4584,7.0988,3.1871,-188.7512,
600693.SH,东百集团,2007-07-24,3.9247,3.9302,4.0183,3.8255,3.8732,1233730,26241464,-0.0514,-1.3102,21.27,1.5513,1677311637.15,N/A,2784063272.1,79531135,0,132008690,68.5483,7.0058,3.1454,-186.2781,
600693.SH,东百集团,2007-07-25,3.8732,3.8751,3.9118,3.8071,3.8898,617675,12950756,0.0165,0.4267,20.9669,0.7766,1684469439.3,N/A,2795944054.2,79531135,0,132008690,68.8408,7.0357,3.1588,-187.073,
600693.SH,东百集团,2007-07-26,3.8898,3.9247,3.9302,3.8255,3.8714,1482272,31162998,-0.0184,-0.4721,21.0238,1.8638,1676516325.8,N/A,2782743185.2,79531135,0,132008690,68.5158,7.0025,3.1439,-186.1897,
600693.SH,东百集团,2007-07-27,3.8714,3.8714,4.0587,3.82,4.0349,1559582,33981863,0.1635,4.222,21.7891,1.961,1747299035.95,N/A,2900230919.3,79531135,0,132008690,71.4085,7.2981,3.2766,-194.0507,
600693.SH,东百集团,2007-07-30,4.0349,4.0863,4.2901,4.0771,4.1102,1077267,24425194,0.0753,1.8662,22.6733,1.3545,1779906801.3,N/A,2954354482.2,79531135,0,132008690,72.7411,7.4343,3.3378,-197.672,
600693.SH,东百集团,2007-07-31,4.1102,4.1102,4.2203,4.0551,4.1487,962354,21628458,0.0386,0.9383,22.4745,1.21,1796608339.65,N/A,2982076307.1,79531135,0,132008690,73.4237,7.5041,3.3691,-199.5269,
600693.SH,东百集团,2007-08-01,4.1487,4.1138,4.1818,3.8659,3.8787,834875,18259421,-0.27,-6.5073,21.8708,1.0497,1679697571.2,N/A,2788023532.8,79531135,0,132008690,68.6458,7.0157,3.1498,-186.543,
600693.SH,东百集团,2007-08-02,3.8787,3.8898,3.9816,3.7851,3.8769,1133366,23855652,-0.0018,-0.0473,21.0485,1.4251,1678902259.85,N/A,2786703445.9,79531135,0,132008690,68.6133,7.0124,3.1483,-186.4547,
600693.SH,东百集团,2007-08-03,3.8769,3.8843,4.0349,3.8567,3.9357,923007,19782871,0.0588,1.5159,21.4331,1.1606,1704352223.05,N/A,2828946226.7,79531135,0,132008690,69.6534,7.1187,3.1961,-189.2811,
600693.SH,东百集团,2007-08-06,3.9357,3.9761,3.9761,3.8347,3.8567,1613633,33926171,-0.079,-2.0065,21.0247,2.0289,1670153835,N/A,2772182490,79531135,0,132008690,68.2557,6.9759,3.1319,-185.4831,
600693.SH,东百集团,2007-08-07,3.8567,3.9026,4.224,3.8751,4.1689,1606059,35682043,0.3122,8.0952,22.2171,2.0194,1805356764.5,N/A,2996597263,79531135,0,132008690,73.7812,7.5406,3.3855,-200.4984,
600693.SH,东百集团,2007-08-08,4.1689,4.0863,4.4444,3.9853,4.2607,2642728,61539812,0.0918,2.2026,23.2865,3.3229,1845122332,N/A,3062601608,79531135,0,132008690,75.4064,7.7067,3.46,-204.9147,
600693.SH,东百集团,2007-08-09,4.2607,4.2075,4.2938,4.0147,4.2369,4602974,104326802,-0.0239,-0.5603,22.6651,5.7876,1834783284.45,N/A,3045440478.3,79531135,0,132008690,74.9838,7.6635,3.4407,-203.7665,
600693.SH,东百集团,2007-08-10,4.2369,4.2222,4.3342,4.0973,4.2791,1762300,40384135,0.0422,0.997,22.9156,2.2159,1853075445.5,N/A,3075802477,79531135,0,132008690,75.7314,7.7399,3.475,-205.798,
600693.SH,东百集团,2007-08-13,4.2791,4.2773,4.4995,4.1873,4.4022,2219900,53591479,0.123,2.8755,24.1414,2.7912,1906361305.95,N/A,3164248299.3,79531135,0,132008690,77.9091,7.9625,3.5749,-211.7158,
600693.SH,东百集团,2007-08-14,4.4022,4.404,4.4811,4.2883,4.3562,1587859,37958251,-0.0459,-1.043,23.9053,1.9965,1886478522.2,N/A,3131246126.8,79531135,0,132008690,77.0965,7.8794,3.5376,-209.5076,
600693.SH,东百集团,2007-08-15,4.3562,4.404,4.4077,4.1065,4.1285,1435531,33090021,-0.2277,-5.2277,23.0507,1.805,1787859914.8,N/A,2967555351.2,79531135,0,132008690,73.0662,7.4675,3.3527,-198.5553,
600693.SH,东百集团,2007-08-16,4.1285,4.0587,4.1046,3.9136,4.0679,996086,21681033,-0.0606,-1.468,21.7662,1.2524,1761614640.25,N/A,2923992483.5,79531135,0,132008690,71.9936,7.3579,3.3035,-195.6405,
600693.SH,东百集团,2007-08-17,4.0679,4.0404,4.1506,4.022,4.0569,804290,17865604,-0.011,-0.2709,22.2129,1.0113,1756842772.15,N/A,2916071962.1,79531135,0,132008690,71.7985,7.338,3.2945,-195.1106,
600693.SH,东百集团,2007-08-20,4.0569,4.0955,4.224,4.0955,4.1322,1308423,29501905,0.0753,1.856,22.5477,1.6452,1789450537.5,N/A,2970195525,79531135,0,132008690,73.1312,7.4742,3.3557,-198.7319,
600693.SH,东百集团,2007-08-21,4.1322,4.1322,4.224,4.0606,4.1304,909837,20491928,-0.0018,-0.0444,22.5226,1.144,1788655226.15,N/A,2968875438.1,79531135,0,132008690,73.0987,7.4708,3.3542,-198.6436,
600693.SH,东百集团,2007-08-22,4.1304,4.101,4.224,4.0422,4.0679,1239136,27908265,-0.0624,-1.5118,22.5224,1.5581,1761614640.25,N/A,2923992483.5,79531135,0,132008690,71.9936,7.3579,3.3035,-195.6405,
600693.SH,东百集团,2007-08-23,4.0679,4.0404,4.1873,3.9687,4.1561,1630936,35909985,0.0882,2.167,22.018,2.0507,1799789585.05,N/A,2987356654.7,79531135,0,132008690,73.5537,7.5173,3.375,-199.8802,
600693.SH,东百集团,2007-08-24,4.1561,4.0955,4.2203,4.0808,4.0991,936736,21122535,-0.0569,-1.3699,22.5491,1.1778,1775134933.2,N/A,2946433960.8,79531135,0,132008690,72.5461,7.4144,3.3288,-197.1421,
600693.SH,东百集团,2007-08-27,4.0991,4.1322,4.1506,4.022,4.0293,1277793,28140409,-0.0698,-1.7025,22.0227,1.6067,1744913101.9,N/A,2896270658.6,79531135,0,132008690,71.311,7.2881,3.2721,-193.7857,
600693.SH,东百集团,2007-08-28,4.0293,4.0312,4.2148,4.0312,4.1965,1376538,31114446,0.1671,4.1477,22.6034,1.7308,1817286434.75,N/A,3016398566.5,79531135,0,132008690,74.2688,7.5904,3.4079,-201.8233,
600693.SH,东百集团,2007-08-29,4.1965,4.2148,4.3158,4.1322,4.1395,1520150,35119075,-0.0569,-1.3567,23.1024,1.9114,1792631782.9,N/A,2975475872.6,79531135,0,132008690,73.2612,7.4874,3.3616,-199.0852,
600693.SH,东百集团,2007-08-30,4.1395,4.1873,4.2809,4.1359,4.2791,1472306,33862085,0.1396,3.3718,22.9994,1.4574,2353771685.2,N/A,3075802477,101020244,0,132008690,75.7314,7.7399,3.475,-205.798,
600693.SH,东百集团,2007-08-31,4.2791,4.3158,4.3232,4.1799,4.1854,1440221,33216760,-0.0937,-2.1888,23.0637,1.4257,2302251360.76,N/A,3008478045.1,101020244,0,132008690,74.0737,7.5705,3.3989,-201.2934,
600693.SH,东百集团,2007-09-03,4.1854,4.224,4.5491,4.224,4.4371,2055354,49366523,0.2516,6.0114,24.0185,2.0346,2440649095.04,N/A,3189329950.4,101020244,0,132008690,78.5266,8.0256,3.6032,-213.3939,
600693.SH,东百集团,2007-09-04,4.4371,4.4113,4.5913,4.4113,4.5509,1332399,32764605,0.1139,2.5662,24.5907,1.3189,2503281646.32,N/A,3271175338.2,101020244,0,132008690,80.5418,8.2315,3.6957,-218.8701,
600693.SH,东百集团,2007-09-05,4.5509,4.5142,4.5234,4.3342,4.404,828692,19982480,-0.1469,-3.2284,24.1133,0.8203,2422465451.12,N/A,3165568386.2,101020244,0,132008690,77.9416,7.9658,3.5764,-211.8041,
600693.SH,东百集团,2007-09-06,4.404,4.3654,4.4536,4.3067,4.3673,825890,19683876,-0.0367,-0.834,23.8335,0.8175,2402261402.32,N/A,3139166648.2,101020244,0,132008690,77.2915,7.8994,3.5466,-210.0376,
600693.SH,东百集团,2007-09-07,4.3673,4.2993,4.4352,4.1873,4.2148,983276,22859830,-0.1524,-3.4903,23.2486,0.9733,2318414599.8,N/A,3029599435.5,101020244,0,132008690,74.5938,7.6236,3.4228,-202.7066,
600693.SH,东百集团,2007-09-10,4.2148,4.2075,4.2075,3.9485,4.1138,1232570,27228833,-0.101,-2.3965,22.0911,1.2201,2262853465.6,N/A,2956994656,101020244,0,132008690,72.8061,7.4409,3.3407,-197.8487,
600693.SH,东百集团,2007-09-11,4.1138,4.1138,4.202,3.9485,4.0128,740798,16361201,-0.101,-2.4554,22.0859,0.7333,2207292331.4,N/A,2884389876.5,101020244,0,132008690,71.0185,7.2582,3.2587,-192.9908,
600693.SH,东百集团,2007-09-12,4.0128,3.8953,4.0404,3.8934,3.9596,1648825,35344967,-0.0533,-1.3272,21.4365,1.6322,2177996460.64,N/A,2846107356.4,101020244,0,132008690,70.0759,7.1619,3.2155,-190.4294,
600693.SH,东百集团,2007-09-13,3.9596,3.9596,4.0955,3.7667,4.0422,639165,13927829,0.0826,2.0872,21.7907,0.6327,2223455570.44,N/A,2905511266.9,101020244,0,132008690,71.5385,7.3114,3.2826,-194.404,
600693.SH,东百集团,2007-09-14,4.0422,4.0128,4.0863,3.8934,4.0459,613148,13186305,0.0037,0.0909,21.5059,0.607,2225475975.32,N/A,2908151440.7,101020244,0,132008690,71.6035,7.318,3.2856,-194.5807,
600693.SH,东百集团,2007-09-17,4.0459,4.0495,4.0973,3.9485,3.9853,2232082,48573823,-0.0606,-1.498,21.7617,2.2095,2192139294.8,N/A,2864588573,101020244,0,132008690,70.5309,7.2084,3.2363,-191.6659,
600693.SH,东百集团,2007-09-18,3.9853,3.9779,3.9853,3.8071,3.8879,1111149,23476309,-0.0973,-2.4424,21.128,1.0999,2138598565.48,N/A,2794623967.3,101020244,0,132008690,68.8083,7.0324,3.1573,-186.9847,
600693.SH,东百集团,2007-09-19,3.8879,3.8751,3.9283,3.6731,3.7649,1312501,26917004,-0.123,-3.1649,20.5082,1.2992,2070915002,N/A,2706178145,101020244,0,132008690,66.6306,6.8098,3.0574,-181.0669,
600693.SH,东百集团,2007-09-20,3.7649,3.7667,3.8549,3.7465,3.8273,986687,20428605,0.0624,1.6585,20.7042,0.9767,2105261884.96,N/A,2751061099.6,101020244,0,132008690,67.7357,6.9227,3.1081,-184.0699,
600693.SH,东百集团,2007-09-21,3.8273,3.8512,3.8512,3.6639,3.7318,1262766,25503249,-0.0955,-2.4952,20.1963,1.25,2052731358.08,N/A,2682416580.8,101020244,0,132008690,66.0456,6.75,3.0305,-179.477,
600693.SH,东百集团,2007-09-24,3.7318,3.6731,3.7796,3.6731,3.708,877565,17771430,-0.0239,-0.6398,20.2508,0.8687,2039598726.36,N/A,2665255451.1,101020244,0,132008690,65.623,6.7068,3.0111,-178.3288,
600693.SH,东百集团,2007-09-25,3.708,3.6749,3.9265,3.6694,3.8512,1707088,35311794,0.1432,3.8633,20.6854,1.6898,2118394516.68,N/A,2768222229.3,101020244,0,132008690,68.1582,6.9659,3.1275,-185.2182,
600693.SH,东百集团,2007-09-26,3.8512,3.82,3.9302,3.7667,3.8641,711497,15081586,0.0129,0.3338,21.197,0.7043,2125465933.76,N/A,2777462837.6,101020244,0,132008690,68.3858,6.9892,3.1379,-185.8364,
600693.SH,东百集团,2007-09-27,3.8641,3.8677,3.921,3.82,3.8567,618840,13072501,-0.0073,-0.1901,21.1242,0.6126,2121425124,N/A,2772182490,101020244,0,132008690,68.2557,6.9759,3.1319,-185.4831,
600693.SH,东百集团,2007-09-28,3.8567,3.8567,3.9302,3.8567,3.9265,838467,17727670,0.0698,1.8095,21.143,0.83,2159812816.72,N/A,2822345792.2,101020244,0,132008690,69.4909,7.1021,3.1886,-188.8395,
600693.SH,东百集团,2007-10-08,3.9265,3.9265,3.9853,3.9118,3.9559,531015,11406587,0.0294,0.7484,21.4807,0.5257,2175976055.76,N/A,2843467182.6,101020244,0,132008690,70.0109,7.1553,3.2125,-190.2527,
600693.SH,东百集团,2007-10-09,3.9559,3.9485,3.9853,3.8402,3.8751,529176,11180937,-0.0808,-2.0427,21.129,0.5238,2131527148.4,N/A,2785383359,101020244,0,132008690,68.5808,7.0091,3.1469,-186.3664,
600693.SH,东百集团,2007-10-10,3.8751,3.8751,4.123,3.8347,4.0753,1536919,33448642,0.2002,5.1659,21.7634,1.5214,2241639214.36,N/A,2929272831.1,101020244,0,132008690,72.1236,7.3712,3.3094,-195.9939,
600693.SH,东百集团,2007-10-11,4.0753,4.0863,4.2956,3.9706,4.2571,2022542,46064606,0.1818,4.4615,22.7756,2.0021,2341649255.92,N/A,3059961434.2,101020244,0,132008690,75.3413,7.7,3.4571,-204.7381,
600693.SH,东百集团,2007-10-12,4.2571,4.2571,4.3471,4.0036,4.1028,1049616,23561220,-0.1543,-3.6238,22.4475,1.039,2256792250.96,N/A,2949074134.6,101020244,0,132008690,72.6111,7.421,3.3318,-197.3187,
600693.SH,东百集团,2007-10-15,4.1028,4.1138,4.224,3.8567,3.8989,1208759,25880694,-0.2039,-4.9687,21.411,1.1693,2194606115.02,N/A,2802544488.7,103372874,0,132008690,69.0033,7.0523,3.1662,-187.5146,
600693.SH,东百集团,2007-10-16,3.8989,3.8989,4.123,3.8989,4.0753,944905,20650022,0.1763,4.5219,21.8541,0.9141,2293844074.06,N/A,2929272831.1,103372874,0,132008690,72.1236,7.3712,3.3094,-195.9939,
600693.SH,东百集团,2007-10-17,4.0753,4.1138,4.1322,3.9853,4.0863,995653,22116565,0.011,0.2704,22.2131,0.9632,2300046446.5,N/A,2937193352.5,103372874,0,132008690,72.3186,7.3911,3.3184,-196.5238,
600693.SH,东百集团,2007-10-18,4.0863,4.101,4.101,3.8934,3.9136,672710,14490611,-0.1726,-4.2247,21.5407,0.6508,2202875944.94,N/A,2813105183.9,103372874,0,132008690,69.2633,7.0789,3.1782,-188.2212,
600693.SH,东百集团,2007-10-19,3.9136,3.8016,3.9687,3.7686,3.8016,1530581,31896398,-0.112,-2.8625,20.8394,1.4806,2139818491.8,N/A,2732579883,103372874,0,132008690,67.2807,6.8762,3.0872,-182.8334,
600693.SH,东百集团,2007-10-22,3.8016,3.7282,3.82,3.5831,3.651,1383729,27571227,-0.1506,-3.9614,19.9253,1.3386,2055052735.12,N/A,2624332757.2,103372874,0,132008690,64.6154,6.6038,2.9649,-175.5907,
600693.SH,东百集团,2007-10-23,3.651,3.6731,3.7777,3.5812,3.7006,899595,18037324,0.0496,1.3581,20.0505,0.8702,2082963411.1,N/A,2659975103.5,103372874,0,132008690,65.493,6.6935,3.0052,-177.9755,
600693.SH,东百集团,2007-10-24,3.7006,3.7465,3.7465,3.618,3.6951,311265,6218216,-0.0055,-0.1489,19.9772,0.3011,2079862224.88,N/A,2656014842.8,103372874,0,132008690,65.3955,6.6836,3.0007,-177.7105,
600693.SH,东百集团,2007-10-25,3.6951,3.7061,3.7061,3.4398,3.5133,496812,9569068,-0.1818,-4.9205,19.2609,0.4806,1977523079.62,N/A,2525326239.7,103372874,0,132008690,62.1777,6.3547,2.853,-168.9663,
600693.SH,东百集团,2007-10-26,3.5133,3.4894,3.5812,3.4527,3.5316,240842,4635449,0.0184,0.5227,19.2468,0.233,1987860367.02,N/A,2538527108.7,103372874,0,132008690,62.5028,6.3879,2.868,-169.8496,
600693.SH,东百集团,2007-10-29,3.5316,3.5812,3.7465,3.5794,3.7282,275589,5479798,0.1965,5.5642,19.884,0.2666,2098469342.2,N/A,2679776407,103372874,0,132008690,65.9806,6.7434,3.0275,-179.3004,
600693.SH,东百集团,2007-10-30,3.7282,3.7282,3.842,3.6363,3.8016,311627,6370034,0.0735,1.9704,20.4412,0.3015,2139818491.8,N/A,2732579883,103372874,0,132008690,67.2807,6.8762,3.0872,-182.8334,
600693.SH,东百集团,2007-10-31,3.8016,3.7832,3.8365,3.7282,3.82,494552,10249773,0.0184,0.4831,20.7254,0.4784,2150155779.2,N/A,2745780752,103372874,0,132008690,67.6057,6.9094,3.1021,-183.7166,
600693.SH,东百集团,2007-11-01,3.82,3.82,3.8549,3.7098,3.8035,582272,12065536,-0.0165,-0.4327,20.7215,0.5633,2140852220.54,N/A,2733899969.9,103372874,0,132008690,67.3132,6.8796,3.0887,-182.9217,
600693.SH,东百集团,2007-11-02,3.8035,3.7282,3.8016,3.6198,3.7667,403420,8105898,-0.0367,-0.9657,20.093,0.3903,2120177645.74,N/A,2707498231.9,103372874,0,132008690,66.6631,6.8131,3.0589,-181.1552,
600693.SH,东百集团,2007-11-05,3.7667,3.6694,3.7998,3.64,3.7098,407562,8200792,-0.0569,-1.5115,20.1216,0.3943,2088132054.8,N/A,2666575538,103372874,0,132008690,65.6555,6.7101,3.0126,-178.4171,
600693.SH,东百集团,2007-11-06,3.7098,3.7373,3.7649,3.6914,3.7282,388010,7869772,0.0184,0.495,20.2824,0.3753,2098469342.2,N/A,2679776407,103372874,0,132008690,65.9806,6.7434,3.0275,-179.3004,
600693.SH,东百集团,2007-11-07,3.7282,3.82,3.82,3.6731,3.752,116198,2367095,0.0239,0.6404,20.3712,0.1124,2111907815.82,N/A,2696937536.7,103372874,0,132008690,66.4031,6.7865,3.0469,-180.4486,
600693.SH,东百集团,2007-11-08,3.752,3.7282,3.7282,3.6253,3.6253,448990,8979995,-0.1267,-3.3774,20.0004,0.4343,2040580532.76,N/A,2605851540.6,103372874,0,132008690,64.1604,6.5573,2.944,-174.3542,
600693.SH,东百集团,2007-11-09,3.6253,3.5427,3.6731,3.5427,3.6473,277124,5478520,0.022,0.6079,19.7692,0.2681,2052985277.64,N/A,2621692583.4,103372874,0,132008690,64.5504,6.5972,2.9619,-175.4141,
600693.SH,东百集团,2007-11-12,3.6473,3.5445,3.6363,3.449,3.5114,148209,2854190,-0.1359,-3.7261,19.2579,0.1434,1976489350.88,N/A,2524006152.8,103372874,0,132008690,62.1452,6.3514,2.8516,-168.878,
600693.SH,东百集团,2007-11-13,3.5114,3.517,3.6694,3.3939,3.5316,1049569,19945316,0.0202,0.5753,19.0033,1.0153,1987860367.02,N/A,2538527108.7,103372874,0,132008690,62.5028,6.3879,2.868,-169.8496,
600693.SH,东百集团,2007-11-14,3.5316,3.5078,3.6547,3.5078,3.6088,365589,7074883,0.0771,2.1841,19.352,0.3537,2031276974.1,N/A,2593970758.5,103372874,0,132008690,63.8679,6.5274,2.9306,-173.5592,
600693.SH,东百集团,2007-11-15,3.6088,3.5482,3.6639,3.5133,3.5794,1191133,23009513,-0.0294,-0.8142,19.3173,1.1523,2014737314.26,N/A,2572849368.1,103372874,0,132008690,63.3478,6.4743,2.9067,-172.146,
600693.SH,东百集团,2007-11-16,3.5794,3.5886,3.8016,3.4931,3.7998,1142046,22509815,0.2204,6.157,19.7101,1.1048,2138784763.06,N/A,2731259796.1,103372874,0,132008690,67.2482,6.8729,3.0857,-182.7451,
600693.SH,东百集团,2007-11-19,3.7998,3.8732,4.1799,3.8732,4.1781,2740269,61905234,0.3783,9.9565,22.5909,2.6509,2351732883.5,N/A,3003197697.5,103372874,0,132008690,73.9437,7.5572,3.3929,-200.9401,
600693.SH,东百集团,2007-11-20,4.1781,4.1689,4.2975,4.0587,4.1377,1478667,33806273,-0.0404,-0.967,22.8627,1.4304,2328990851.22,N/A,2974155785.7,103372874,0,132008690,73.2287,7.4841,3.3601,-198.9969,
600693.SH,东百集团,2007-11-21,4.1377,4.1138,4.2773,4.0753,4.213,1559537,35536450,0.0753,1.8198,22.7865,1.5087,2371373729.56,N/A,3028279348.6,103372874,0,132008690,74.5613,7.6203,3.4213,-202.6183,
600693.SH,东百集团,2007-11-22,4.213,4.1359,4.3324,4.1359,4.2295,2550142,59049302,0.0165,0.3923,23.1553,2.4669,2380677288.22,N/A,3040160130.7,103372874,0,132008690,74.8538,7.6502,3.4347,-203.4132,
600693.SH,东百集团,2007-11-23,4.2295,4.2001,4.3709,4.2001,4.2846,1478253,34615931,0.0551,1.3026,23.4168,1.43,2411689150.42,N/A,3079762737.7,103372874,0,132008690,75.8289,7.7499,3.4794,-206.0629,
600693.SH,东百集团,2007-11-26,4.2846,4.3379,4.4003,4.2056,4.2112,859049,20103262,-0.0735,-1.7145,23.4018,0.831,2370340000.82,N/A,3026959261.7,103372874,0,132008690,74.5288,7.617,3.4198,-202.5299,
600693.SH,东百集团,2007-11-27,4.2112,4.2167,4.4352,4.1506,4.3544,893212,21215524,0.1432,3.4017,23.7519,0.8641,2450970842.54,N/A,3129926039.9,103372874,0,132008690,77.064,7.8761,3.5361,-209.4193,
600693.SH,东百集团,2007-11-28,4.3544,4.3158,4.3709,4.2442,4.3507,700205,16514753,-0.0037,-0.0844,23.5856,0.6774,2448903385.06,N/A,3127285866.1,103372874,0,132008690,76.999,7.8695,3.5331,-209.2427,
600693.SH,东百集团,2007-11-29,4.3507,4.3324,4.5179,4.2699,4.4499,1339196,32215291,0.0992,2.2794,24.0557,1.2955,2504724737.02,N/A,3198570558.7,103372874,0,132008690,78.7541,8.0488,3.6137,-214.0122,
600693.SH,东百集团,2007-11-30,4.4499,4.4848,4.6262,4.3911,4.4224,1303005,32256508,-0.0275,-0.6191,24.7555,1.2605,2489218805.92,N/A,3178769255.2,103372874,0,132008690,78.2666,7.999,3.5913,-212.6873,
600693.SH,东百集团,2007-12-03,4.4224,4.3434,4.4499,4.1597,4.2883,2038812,47423504,-0.1341,-3.0316,23.2604,1.9723,2413756607.9,N/A,3082402911.5,103372874,0,132008690,75.8939,7.7565,3.4824,-206.2396,
600693.SH,东百集团,2007-12-04,4.2883,4.3526,4.4077,4.2259,4.3526,918713,21648227,0.0643,1.4989,23.5636,0.8887,2449937113.8,N/A,3128605953,103372874,0,132008690,77.0315,7.8728,3.5346,-209.331,
600693.SH,东百集团,2007-12-05,4.3526,4.2975,4.4591,4.2975,4.3709,529402,12647938,0.0184,0.4219,23.891,0.5121,2460274401.2,N/A,3141806822,103372874,0,132008690,77.3565,7.906,3.5495,-210.2142,
600693.SH,东百集团,2007-12-06,4.3709,4.3801,4.4811,4.3342,4.3728,537285,12829456,0.0018,0.042,23.8783,0.5198,2461308129.94,N/A,3143126908.9,103372874,0,132008690,77.389,7.9093,3.551,-210.3026,
600693.SH,东百集团,2007-12-07,4.3728,4.4077,4.426,4.2791,4.3305,699925,16493086,-0.0422,-0.966,23.5641,0.6771,2437532368.92,N/A,3112764910.2,103372874,0,132008690,76.6415,7.8329,3.5167,-208.2711,
600693.SH,东百集团,2007-12-10,4.3305,4.3709,4.764,4.3158,4.6942,4578830,113611924,0.3636,8.3969,24.8124,4.4294,2642210659.44,N/A,3374142116.4,103372874,0,132008690,83.077,8.4906,3.812,-225.7595,
600693.SH,东百集团,2007-12-11,4.6942,4.6776,5.0688,4.6464,4.9935,4290881,114679617,0.2994,6.3772,26.7264,4.1509,2810708444.06,N/A,3589316281.1,103372874,0,132008690,88.3749,9.0321,4.0551,-240.1565,
600693.SH,东百集团,2007-12-12,4.9935,4.9568,5.0817,4.8668,4.9935,1057255,28719276,0,0,27.164,1.0228,2810708444.06,N/A,3589316281.1,103372874,0,132008690,88.3749,9.0321,4.0551,-240.1565,
600693.SH,东百集团,2007-12-13,4.9935,4.9586,5.0229,4.786,4.8099,977015,25969227,-0.1837,-3.6778,26.5802,0.9451,2707335570.06,N/A,3457307591.1,103372874,0,132008690,85.1247,8.6999,3.906,-231.324,
600693.SH,东百集团,2007-12-14,4.8099,4.8117,5.0082,4.7382,4.9917,1116092,29412250,0.1818,3.7801,26.3529,1.0797,2809674715.32,N/A,3587996194.2,103372874,0,132008690,88.3424,9.0288,4.0536,-240.0682,
600693.SH,东百集团,2007-12-17,4.9917,5.1055,5.3259,4.8668,4.9237,1579753,43726073,-0.068,-1.3613,27.6791,1.5282,2771426751.94,N/A,3539152978.9,103372874,0,132008690,87.1398,8.9059,3.9984,-236.8002,
600693.SH,东百集团,2007-12-18,4.9237,4.9219,4.955,4.6831,4.7401,1719039,44678474,-0.1837,-3.73,25.9904,1.6629,2668053877.94,N/A,3407144288.9,103372874,0,132008690,83.8896,8.5737,3.8493,-227.9676,
600693.SH,东百集团,2007-12-19,4.7401,4.7548,4.9256,4.7548,4.9072,1092342,28844310,0.1671,3.5258,26.4059,1.0567,2762123193.28,N/A,3527272196.8,103372874,0,132008690,86.8473,8.876,3.985,-236.0052,
600693.SH,东百集团,2007-12-20,4.9072,4.9035,5.3094,4.8943,5.1643,1177905,32920631,0.2571,5.2395,27.9485,1.1395,2906845216.88,N/A,3712084362.8,103372874,0,132008690,91.3977,9.341,4.1938,-248.3708,
600693.SH,东百集团,2007-12-21,5.1643,5.1606,5.4692,5.0505,5.4325,2849982,82469319,0.2681,5.192,28.9368,2.757,3057769612.92,N/A,3904817050.2,103372874,0,132008690,96.1431,9.826,4.4116,-261.2663,
600693.SH,东百集团,2007-12-24,5.4325,5.4637,5.5463,5.291,5.4747,3790226,111466499,0.0422,0.7776,29.4089,3.6666,3081545373.94,N/A,3935179048.9,103372874,0,132008690,96.8907,9.9024,4.4459,-263.2977,
600693.SH,东百集团,2007-12-25,5.4747,5.482,5.5426,5.3461,5.5169,1151107,34453264,0.0422,0.7716,29.9305,1.1135,3105321134.96,N/A,3965541047.6,103372874,0,132008690,97.6382,9.9788,4.4802,-265.3292,
600693.SH,东百集团,2007-12-26,5.5169,5.4729,5.5096,5.3957,5.4894,827200,24508969,-0.0275,-0.4993,29.6288,0.8002,3089815203.86,N/A,3945739744.1,103372874,0,132008690,97.1507,9.929,4.4578,-264.0043,
600693.SH,东百集团,2007-12-27,5.4894,5.4894,5.7998,5.4894,5.5151,1910916,58766879,0.0257,0.4684,30.7533,1.8486,3104287406.22,N/A,3964220960.7,103372874,0,132008690,97.6057,9.9755,4.4787,-265.2409,
600693.SH,东百集团,2007-12-28,5.5151,5.5096,5.5941,5.3627,5.5022,2706894,80626243,-0.0129,-0.2331,29.7855,2.6186,3097051305.04,N/A,3954980352.4,103372874,0,132008690,97.3782,9.9523,4.4682,-264.6226,
600693.SH,东百集团,2008-01-02,5.5022,5.6124,5.965,5.6124,5.8751,2387446,75870935,0.3728,6.7757,31.7791,2.3095,3306898239.26,N/A,4222957993.1,103372874,0,132008690,71.0742,9.2086,3.7751,-226.7237,
600693.SH,东百集团,2008-01-03,5.8751,5.9283,5.9669,5.7667,5.8953,3417115,109019141,0.0202,0.3439,31.9039,3.3056,3318269255.4,N/A,4237478949,103372874,0,132008690,71.3186,9.2403,3.7881,-227.5033,
600693.SH,东百集团,2008-01-04,5.8953,5.8549,5.932,5.73,5.8934,1510861,48236067,-0.0018,-0.0312,31.9262,1.4616,3317235526.66,N/A,4236158862.1,103372874,0,132008690,71.2964,9.2374,3.7869,-227.4325,
600693.SH,东百集团,2008-01-07,5.8934,5.8769,5.9283,5.8034,5.8402,1571340,50036512,-0.0533,-0.9037,31.8432,1.5201,3287257393.2,N/A,4197876342,103372874,0,132008690,70.6521,9.1539,3.7527,-225.3771,
600693.SH,东百集团,2008-01-08,5.8402,5.9467,6.0605,5.6492,5.6951,1643441,51728542,-0.1451,-2.4843,31.4758,1.5898,3205592822.74,N/A,4093589476.9,103372874,0,132008690,68.8969,8.9265,3.6595,-219.7782,
600693.SH,东百集团,2008-01-09,5.6951,5.6932,5.8016,5.64,5.7024,1274287,39685295,0.0073,0.129,31.1431,1.2327,3209727737.7,N/A,4098869824.5,103372874,0,132008690,68.9857,8.9381,3.6642,-220.0616,
600693.SH,东百集团,2008-01-10,5.7024,5.7024,5.7024,5.7024,5.7024,N/A,N/A,0,0,N/A,N/A,3209727737.7,N/A,4098869824.5,103372874,0,132008690,68.9857,8.9381,3.6642,-220.0616,
600693.SH,东百集团,2008-01-11,5.7024,6.202,6.2736,5.7024,6.2736,2631734,88799386,0.5712,10.0161,33.7418,2.5459,3531217375.84,N/A,4509416850.4,103372874,0,132008690,75.8954,9.8333,4.0312,-242.1032,
600693.SH,东百集团,2008-01-14,6.2736,6.4701,6.7952,6.3911,6.5674,3223529,114489230,0.2938,4.6838,35.5167,3.1184,3696613974.24,N/A,4720630754.4,103372874,0,132008690,79.4502,10.2939,4.22,-253.443,
600693.SH,东百集团,2008-01-15,6.5674,6.6666,6.6941,6.4646,6.6868,1048947,37654610,0.1194,1.8177,35.8975,1.0147,3763806342.34,N/A,4806436402.9,103372874,0,132008690,80.8944,10.481,4.2967,-258.0497,
600693.SH,东百集团,2008-01-16,6.6868,6.6152,6.7952,6.5656,6.5656,975591,35377984,-0.1212,-1.8127,36.2631,0.9438,3695580245.5,N/A,4719310667.5,103372874,0,132008690,79.428,10.291,4.2188,-253.3721,
600693.SH,东百集团,2008-01-17,6.5656,6.3048,6.5674,6.1818,6.4352,957860,33150516,-0.1304,-1.986,34.6089,0.9266,3622185504.96,N/A,4625584497.6,103372874,0,132008690,77.8506,10.0866,4.1351,-248.3401,
600693.SH,东百集团,2008-01-18,6.4352,6.4095,6.5931,6.3691,6.4095,599334,21039025,-0.0257,-0.3995,35.104,0.5798,3607713302.6,N/A,4607103281,103372874,0,132008690,77.5395,10.0463,4.1185,-247.3479,
600693.SH,东百集团,2008-01-21,6.4095,6.5436,7.0504,6.3728,6.7566,2365219,85969535,0.3471,5.4155,36.3474,2.288,3803088034.46,N/A,4856599705.1,103372874,0,132008690,81.7387,10.5904,4.3416,-260.7429,
600693.SH,东百集团,2008-01-22,6.7566,6.7952,6.9421,6.0807,6.3819,1999792,69810681,-0.3747,-5.545,34.909,1.9345,3592207371.5,N/A,4587301977.5,103372874,0,132008690,77.2063,10.0031,4.1008,-246.2848,
600693.SH,东百集团,2008-01-23,6.3819,6.4646,6.6427,6.0238,6.5876,3241085,111904406,0.2057,3.223,34.5268,3.1353,3707984990.38,N/A,4735151710.3,103372874,0,132008690,79.6946,10.3255,4.233,-254.2226,
600693.SH,东百集团,2008-01-24,6.5876,6.5858,6.9347,6.5784,6.8723,4440494,163507185,0.2847,4.3212,36.8218,4.2956,3868212945.08,N/A,4939765179.8,103372874,0,132008690,83.1384,10.7717,4.4159,-265.2079,
600693.SH,东百集团,2008-01-25,6.8723,7.0688,7.1404,6.1891,6.2001,4800425,171366628,-0.6722,-9.7809,35.6982,4.6438,3489868226.24,N/A,4456613374.4,103372874,0,132008690,75.0067,9.7182,3.984,-239.2683,
600693.SH,东百集团,2008-01-28,6.2001,6.1597,6.5472,5.9871,6.0367,3336147,113927412,-0.1635,-2.6363,34.1494,3.2273,3397866368.38,N/A,4339125640.3,103372874,0,132008690,73.0293,9.462,3.879,-232.9606,
600693.SH,东百集团,2008-01-29,6.0367,6.1891,6.336,5.9706,6.123,1294967,43241816,0.0863,1.4299,33.3922,1.2527,3446451619.16,N/A,4401169724.6,103372874,0,132008690,74.0736,9.5973,3.9344,-236.2916,
600693.SH,东百集团,2008-01-30,6.123,6.2442,6.3507,6.0054,6.134,1577749,52704892,0.011,0.18,33.4051,1.5263,3452653991.6,N/A,4409090246,103372874,0,132008690,74.2069,9.6145,3.9415,-236.7169,
600693.SH,东百集团,2008-01-31,6.134,6.0605,6.0973,5.8218,5.8622,1989355,64069215,-0.2718,-4.4311,32.206,1.9244,3299662138.08,N/A,4213717384.8,103372874,0,132008690,70.9187,9.1885,3.7669,-226.2276,
600693.SH,东百集团,2008-02-01,5.8622,5.7483,5.8567,5.2782,5.673,3535272,106128098,-0.1892,-3.2268,30.0198,3.4199,3193188077.86,N/A,4077748434.1,103372874,0,132008690,68.6303,8.892,3.6453,-218.9277,
600693.SH,东百集团,2008-02-04,5.673,5.7575,6.1854,5.7557,6.1744,1755853,57525781,0.5014,8.8378,32.7623,1.6986,3475396023.88,N/A,4438132157.8,103372874,0,132008690,74.6957,9.6779,3.9675,-238.2761,
600693.SH,东百集团,2008-02-05,6.1744,6.1707,6.2075,5.8365,6.134,1723490,56235229,-0.0404,-0.6544,32.6287,1.6673,3452653991.6,N/A,4409090246,103372874,0,132008690,74.2069,9.6145,3.9415,-236.7169,
600693.SH,东百集团,2008-02-13,6.134,5.932,6.2497,5.9118,6.0403,962628,32023403,-0.0937,-1.5269,33.2666,0.9312,3399933825.86,N/A,4341765814.1,103372874,0,132008690,73.0738,9.4677,3.8813,-233.1023,
600693.SH,东百集团,2008-02-14,6.0403,6.1799,6.1854,5.9706,6.0532,945286,31025574,0.0129,0.2128,32.8214,0.9144,3407169927.04,N/A,4351006422.4,103372874,0,132008690,73.2293,9.4879,3.8896,-233.5984,
600693.SH,东百集团,2008-02-15,6.0532,6.0477,6.1248,5.8787,6.0348,737961,24175407,-0.0184,-0.3034,32.7597,0.7139,3396832639.64,N/A,4337805553.4,103372874,0,132008690,73.0071,9.4591,3.8778,-232.8897,
600693.SH,东百集团,2008-02-18,6.0348,6.0605,6.3323,6.0605,6.3048,2626545,89199687,0.27,4.4735,33.9608,2.5408,3548790764.42,N/A,4531858327.7,103372874,0,132008690,76.2731,9.8822,4.0513,-243.3081,
600693.SH,东百集团,2008-02-19,6.3048,6.3158,6.336,6.1524,6.3232,1347351,45822965,0.0184,0.2913,34.0097,1.3034,3559128051.82,N/A,4545059196.7,103372874,0,132008690,76.4953,9.911,4.0631,-244.0168,
600693.SH,东百集团,2008-02-20,6.3232,6.2717,6.3893,6.0826,6.1542,1164690,39645714,-0.169,-2.6721,34.0397,1.1267,3464025007.74,N/A,4423611201.9,103372874,0,132008690,74.4513,9.6462,3.9545,-237.4965,
600693.SH,东百集团,2008-02-21,6.1542,6.1046,6.336,6.0091,6.3268,1633918,55188763,0.1726,2.8051,33.7769,1.5806,3561195509.3,N/A,4547699370.5,103372874,0,132008690,76.5397,9.9168,4.0654,-244.1586,
600693.SH,东百集团,2008-02-22,6.3268,6.3011,6.3011,5.8861,6.1524,953629,31644967,-0.1745,-2.7576,33.1837,0.9225,3462991279,N/A,4422291115,103372874,0,132008690,74.4291,9.6433,3.9533,-237.4256,
600693.SH,东百集团,2008-02-25,6.1524,6.0587,6.0587,5.7483,5.763,958070,30643952,-0.3893,-6.3284,31.9851,0.9268,3243840786.12,N/A,4142432692.2,103372874,0,132008690,69.7189,9.033,3.7031,-222.4005,
600693.SH,东百集团,2008-02-26,5.763,5.9136,6.0422,5.5096,5.7061,879738,27162684,-0.0569,-0.9879,30.8759,0.851,3211795195.18,N/A,4101509998.3,103372874,0,132008690,69.0302,8.9438,3.6666,-220.2034,
600693.SH,东百集团,2008-02-27,5.7061,5.7061,5.8512,5.6932,5.8071,321528,10113442,0.101,1.7702,31.4543,0.311,3268650275.88,N/A,4174114777.8,103372874,0,132008690,70.2521,9.1021,3.7315,-224.1014,
600693.SH,东百集团,2008-02-28,5.8071,5.8347,5.8585,5.6712,5.7465,509904,15883216,-0.0606,-1.0436,31.1494,0.4933,3234537227.46,N/A,4130551910.1,103372874,0,132008690,69.519,9.0071,3.6925,-221.7626,
600693.SH,东百集团,2008-02-29,5.7465,5.7594,5.8677,5.6051,5.8659,518875,16282308,0.1194,2.0773,31.38,0.5019,3301729595.56,N/A,4216357558.6,103372874,0,132008690,70.9631,9.1942,3.7692,-226.3694,
600693.SH,东百集团,2008-03-03,5.8659,5.73,6.2864,5.73,6.2405,2315243,77687791,0.3747,6.387,33.5549,2.2397,3512610258.52,N/A,4485655286.2,103372874,0,132008690,75.4955,9.7815,4.01,-240.8275,
600693.SH,东百集团,2008-03-04,6.2405,6.2405,6.4829,6.2258,6.2773,2493831,86321369,0.0367,0.5886,34.614,2.4125,3533284833.32,N/A,4512057024.2,103372874,0,132008690,75.9399,9.8391,4.0336,-242.245,
600693.SH,东百集团,2008-03-05,6.2773,6.2773,6.2773,6.2773,6.2773,N/A,N/A,0,0,N/A,N/A,3533284833.32,N/A,4512057024.2,103372874,0,132008690,75.9399,9.8391,4.0336,-242.245,
600693.SH,东百集团,2008-03-06,6.2773,6.336,6.3856,6.0605,6.0973,989418,33112366,-0.18,-2.8672,33.4665,0.9571,3431979416.8,N/A,4382688508,103372874,0,132008690,73.7625,9.557,3.9179,-235.2994,
600693.SH,东百集团,2008-03-07,6.0973,6.0293,6.1505,5.8769,6.0312,661581,21574796,-0.0661,-1.0843,32.611,0.64,3394765182.16,N/A,4335165379.6,103372874,0,132008690,72.9627,9.4533,3.8754,-232.748,
600693.SH,东百集团,2008-03-10,6.0312,6.1285,6.1285,5.7318,5.8475,1055647,33922461,-0.1837,-3.0451,32.1343,1.0212,3291392308.16,N/A,4203156689.6,103372874,0,132008690,70.7409,9.1655,3.7574,-225.6606,
600693.SH,东百集团,2008-03-11,5.8475,5.8549,5.8549,5.5757,5.741,440009,13632781,-0.1065,-1.8216,30.983,0.4257,3231436041.24,N/A,4126591649.4,103372874,0,132008690,69.4523,8.9985,3.689,-221.55,
600693.SH,东百集团,2008-03-12,5.741,5.9118,5.9302,5.5151,5.5849,1213841,37741459,-0.1561,-2.7191,31.0926,1.1742,3143569098.34,N/A,4014384262.9,103372874,0,132008690,67.5638,8.7538,3.5887,-215.5258,
600693.SH,东百集团,2008-03-13,5.5849,5.4912,5.5096,5.0266,5.2433,2214830,62404275,-0.3416,-6.1164,28.1757,2.1426,2951295552.7,N/A,3768848099.5,103372874,0,132008690,63.4313,8.2184,3.3692,-202.3433,
600693.SH,东百集团,2008-03-14,5.2433,5.2286,5.2965,5.0431,5.1864,399420,11299261,-0.0569,-1.0858,28.2892,0.3864,2919249961.76,N/A,3727925405.6,103372874,0,132008690,62.7426,8.1292,3.3326,-200.1462,
600693.SH,东百集团,2008-03-17,5.1864,5.1864,5.3443,5.0284,5.1515,1084547,30838305,-0.0349,-0.6728,28.4343,1.0492,2899609115.7,N/A,3702843754.5,103372874,0,132008690,62.3205,8.0745,3.3102,-198.7997,
600693.SH,东百集团,2008-03-18,5.1515,5.1055,5.2286,4.6409,4.6831,1794044,46613996,-0.4683,-9.0909,25.9826,1.7355,2636008287,N/A,3366221595,103372874,0,132008690,56.655,7.3404,3.0092,-180.727,
600693.SH,东百集团,2008-03-19,4.6831,4.7052,5.1239,4.7052,4.9329,939668,12560274,0.2498,5.3333,13.3667,0.4545,2776595395.64,N/A,3545753413.4,206745748,0,264017380,59.6766,7.7319,3.1697,-190.3657,
600693.SH,东百集团,2008-03-20,4.9329,4.7933,5.4251,4.775,5.4251,2750027,38706036,0.4922,9.9777,14.0748,1.3301,3053634697.96,N/A,3899536702.6,206745748,0,264017380,65.6309,8.5034,3.486,-209.3598,
600693.SH,东百集团,2008-03-21,5.4251,5.5096,5.6932,5.2819,5.6896,4153073,62079197,0.2645,4.8747,14.9478,2.0088,3202491636.52,N/A,4089629216.2,206745748,0,264017380,68.8302,8.9179,3.6559,-219.5655,
600693.SH,东百集团,2008-03-24,5.6896,5.8144,6.0605,5.5096,5.5243,7150605,114214348,-0.1653,-2.9051,15.9727,3.4586,3109456049.92,N/A,3970821395.2,206745748,0,264017380,66.8306,8.6588,3.5497,-213.1869,
600693.SH,东百集团,2008-03-25,5.5243,5.2268,5.6932,5.179,5.6932,3996479,59310654,0.169,3.0585,14.8407,1.933,3204559094,N/A,4092269390,206745748,0,264017380,68.8747,8.9237,3.6583,-219.7073,
600693.SH,东百集团,2008-03-26,5.6932,5.6932,5.8402,5.4361,5.4986,1554706,23910780,-0.1947,-3.4194,15.3796,0.752,3094983847.56,N/A,3952340178.6,206745748,0,264017380,66.5196,8.6185,3.5332,-212.1947,
600693.SH,东百集团,2008-03-27,5.4986,5.3737,5.5096,5.2157,5.3259,3090789,44950748,-0.1726,-3.1396,14.5435,1.495,2997813346,N/A,3828252010,206745748,0,264017380,64.4311,8.3479,3.4223,-205.5326,
600693.SH,东百集团,2008-03-28,5.3259,5.179,5.4471,4.9439,5.3957,1340085,19062778,0.0698,1.3103,14.2251,0.6482,3037095038.12,N/A,3878415312.2,206745748,0,264017380,65.2754,8.4573,3.4671,-208.2258,
600693.SH,东百集团,2008-03-31,5.3957,5.1974,5.3259,5.1423,5.1974,1629969,23135619,-0.1983,-3.676,14.1939,0.7884,2925452334.2,N/A,3735845927,206745748,0,264017380,62.8759,8.1464,3.3397,-200.5715,
600693.SH,东百集团,2008-04-01,5.1974,5.1717,5.2929,4.6795,4.6795,3544905,46024449,-0.5179,-9.9647,12.9833,1.7146,2633940829.52,N/A,3363581421.2,206745748,0,264017380,56.6105,7.3347,3.0069,-180.5852,
600693.SH,东百集团,2008-04-02,4.6795,4.7015,4.8631,4.3709,4.6648,2798887,35585894,-0.0147,-0.314,12.7143,1.3538,2625670999.6,N/A,3353020726,206745748,0,264017380,56.4328,7.3116,2.9974,-180.0182,
600693.SH,东百集团,2008-04-03,4.6648,4.5179,4.9513,4.5179,4.8925,866853,11406483,0.2277,4.8819,13.1585,0.4193,2753853363.36,N/A,3516711501.6,206745748,0,264017380,59.1878,7.6686,3.1438,-188.8065,
600693.SH,东百集团,2008-04-07,4.8925,4.9586,5.3186,4.775,5.2598,1166073,16271461,0.3673,7.5075,13.9541,0.564,2960599111.36,N/A,3780728881.6,206745748,0,264017380,63.6313,8.2443,3.3798,-202.9812,
600693.SH,东百集团,2008-04-08,5.2598,5.2855,5.4471,5.1129,5.3406,2511873,36054251,0.0808,1.5363,14.3535,1.215,3006083175.92,N/A,3838812705.2,206745748,0,264017380,64.6089,8.371,3.4317,-206.0996,
600693.SH,东百集团,2008-04-09,5.3406,5.3076,5.3627,4.988,4.999,1580658,22285963,-0.3416,-6.3961,14.0992,0.7645,2813809630.28,N/A,3593276541.8,206745748,0,264017380,60.4764,7.8355,3.2122,-192.9172,
600693.SH,东百集团,2008-04-10,4.999,4.9586,5.2819,4.8888,5.2304,1307631,18231778,0.2314,4.6289,13.9426,0.6325,2944059451.52,N/A,3759607491.2,206745748,0,264017380,63.2758,8.1983,3.3609,-201.8472,
600693.SH,东百集团,2008-04-11,5.2304,5.2561,5.3627,5.146,5.2194,1217617,17426706,-0.011,-0.2107,14.3121,0.5889,2937857079.08,N/A,3751686969.8,206745748,0,264017380,63.1425,8.181,3.3538,-201.422,
600693.SH,东百集团,2008-04-14,5.2194,5.0174,5.2047,4.7786,4.8191,1456004,19593655,-0.4004,-7.6707,13.4571,0.7042,2712504213.76,N/A,3463908025.6,206745748,0,264017380,58.2991,7.5534,3.0966,-185.9716,
600693.SH,东百集团,2008-04-15,4.8191,4.9917,4.9917,4.5913,4.8595,1711260,22093846,0.0404,0.8384,12.9109,0.8277,2735246246.04,N/A,3492949937.4,206745748,0,264017380,58.7878,7.6168,3.1225,-187.5308,
600693.SH,东百集团,2008-04-16,4.8595,4.8117,4.9439,4.7052,4.7933,813862,10683350,-0.0661,-1.3605,13.1267,0.3937,2698032011.4,N/A,3445426809,206745748,0,264017380,57.988,7.5131,3.08,-184.9794,
600693.SH,东百集团,2008-04-17,4.7933,4.8595,4.8595,4.6281,4.7272,747966,9609529,-0.0661,-1.3793,12.8475,0.3618,2660817776.76,N/A,3397903680.6,206745748,0,264017380,57.1882,7.4095,3.0376,-182.4279,
600693.SH,东百集团,2008-04-18,4.7272,4.775,4.9219,4.5913,4.7786,2118711,27602358,0.0514,1.0878,13.0279,1.0248,2689762181.48,N/A,3434866113.8,206745748,0,264017380,57.8103,7.4901,3.0706,-184.4124,
600693.SH,东百集团,2008-04-21,4.7786,5.2157,5.2157,4.6648,4.7897,1836263,24594394,0.011,0.2306,13.3937,0.8882,2695964553.92,N/A,3442786635.2,206745748,0,264017380,57.9436,7.5074,3.0777,-184.8376,
600693.SH,东百集团,2008-04-22,4.7897,4.6501,4.9954,4.6427,4.9256,1735324,22606050,0.1359,2.8374,13.027,0.8394,2772460480.68,N/A,3540473065.8,206745748,0,264017380,59.5877,7.7204,3.165,-190.0822,
600693.SH,东百集团,2008-04-23,4.9256,4.8668,5.1937,4.8668,5.1349,2119503,29275353,0.2094,4.2506,13.8124,1.0252,2890305557.04,N/A,3690962972.4,206745748,0,264017380,62.1205,8.0486,3.2995,-198.1618,
600693.SH,东百集团,2008-04-24,5.1349,5.5426,5.6198,5.2745,5.5169,9374819,139238156,0.382,7.4392,14.8524,4.5345,3105321134.96,N/A,3965541047.6,206745748,0,264017380,66.7418,8.6473,3.545,-212.9034,
600693.SH,东百集团,2008-04-25,5.5169,5.3957,5.4729,5.2194,5.2561,4276990,62390682,-0.2608,-4.727,14.5875,2.0687,2958531653.88,N/A,3778088707.8,206745748,0,264017380,63.5869,8.2386,3.3774,-202.8394,
600693.SH,东百集团,2008-04-28,5.2561,5.1827,5.3847,5.0321,5.2672,2270526,32139150,0.011,0.2096,14.1549,1.0982,2964734026.32,N/A,3786009229.2,206745748,0,264017380,63.7202,8.2558,3.3845,-203.2647,
600693.SH,东百集团,2008-04-29,5.2672,5.3406,5.3406,5.1055,5.1643,1666816,23639001,-0.1028,-1.9526,14.1821,0.8062,2906845216.88,N/A,3712084362.8,206745748,0,264017380,62.476,8.0946,3.3184,-199.2958,
600693.SH,东百集团,2008-04-30,5.1643,5.2488,5.5133,5.1717,5.4802,5019001,73750129,0.3159,6.1166,14.6942,2.4276,3084646560.16,N/A,3939139309.6,206745748,0,264017380,66.2974,8.5897,3.5214,-211.486,
600693.SH,东百集团,2008-05-05,5.4802,5.5353,5.6492,5.3333,5.583,3982274,59158382,0.1028,1.8767,14.8554,1.9262,3142535369.6,N/A,4013064176,206745748,0,264017380,67.5416,8.7509,3.5875,-215.4549,
600693.SH,东百集团,2008-05-06,5.583,5.5573,6.1156,5.4655,5.9908,10888805,174985510,0.4077,7.3026,16.0702,5.2668,3372023149.88,N/A,4306123467.8,206745748,0,264017380,72.4739,9.39,3.8495,-231.1888,
600693.SH,东百集团,2008-05-07,5.9908,5.8732,6.0605,5.528,5.572,6975763,110797617,-0.4187,-6.9896,15.8832,3.3741,3136332997.16,N/A,4005143654.6,206745748,0,264017380,67.4083,8.7337,3.5804,-215.0296,
600693.SH,东百集团,2008-05-08,5.572,5.572,5.9136,5.5096,5.7153,4652589,72327144,0.1432,2.5709,15.5456,2.2504,3216963838.88,N/A,4108110432.8,206745748,0,264017380,69.1413,8.9582,3.6725,-220.5578,
600693.SH,东百集团,2008-05-09,5.7153,5.7667,5.9136,5.6234,5.8695,3417270,53496447,0.1543,2.6992,15.6547,1.6529,3303797053.04,N/A,4218997732.4,206745748,0,264017380,71.0075,9.2,3.7716,-226.5111,
600693.SH,东百集团,2008-05-12,5.8695,5.6932,6.336,5.6565,6.1964,7907744,132289212,0.3269,5.5695,16.7291,3.8249,3487800768.76,N/A,4453973200.6,206745748,0,264017380,74.9623,9.7124,3.9816,-239.1266,
600693.SH,东百集团,2008-05-13,6.1964,6.0936,6.3874,5.9871,6.2295,7237787,122972409,0.0331,0.5335,16.9903,3.5008,3506407886.08,N/A,4477734764.8,206745748,0,264017380,75.3622,9.7642,4.0029,-240.4023,
600693.SH,东百集团,2008-05-14,6.2295,6.2442,6.3544,6.1377,6.2956,4756425,81223946,0.0661,1.0613,17.0767,2.3006,3543622120.72,N/A,4525257893.2,206745748,0,264017380,76.162,9.8678,4.0454,-242.9537,
600693.SH,东百集团,2008-05-15,6.2956,6.3544,6.6482,6.2442,6.2846,6100897,107093718,-0.011,-0.175,17.5538,2.9509,3537419748.28,N/A,4517337371.8,206745748,0,264017380,76.0287,9.8506,4.0383,-242.5285,
600693.SH,东百集团,2008-05-16,6.2846,6.2809,6.347,5.9687,6.0973,3781345,62784890,-0.1873,-2.9807,16.6039,1.829,3431979416.8,N/A,4382688508,206745748,0,264017380,73.7625,9.557,3.9179,-235.2994,
600693.SH,东百集团,2008-05-19,6.0973,6.1524,6.2442,6.0238,6.1524,1555796,25962767,0.0551,0.9036,16.6878,0.7525,3462991279,N/A,4422291115,206745748,0,264017380,74.4291,9.6433,3.9533,-237.4256,
600693.SH,东百集团,2008-05-20,6.1524,6.1707,6.2405,5.539,5.539,4453639,70357201,-0.6134,-9.9701,15.7977,2.1542,3117725879.84,N/A,3981382090.4,206745748,0,264017380,67.0084,8.6819,3.5592,-213.7539,
600693.SH,东百集团,2008-05-21,5.539,5.4178,5.6198,5.1827,5.5059,3744855,54795759,-0.0331,-0.5968,14.6323,1.8113,3099118762.52,N/A,3957620526.2,206745748,0,264017380,66.6085,8.63,3.5379,-212.4782,
600693.SH,东百集团,2008-05-22,5.5059,5.4361,5.6381,5.3296,5.4912,3220939,48500338,-0.0147,-0.2668,15.0578,1.5579,3090848932.6,N/A,3947059831,206745748,0,264017380,66.4307,8.607,3.5285,-211.9112,
600693.SH,东百集团,2008-05-23,5.4912,5.4912,5.5133,5.1827,5.381,2759025,40196646,-0.1102,-2.0067,14.5691,1.3345,3028825208.2,N/A,3867854617,206745748,0,264017380,65.0977,8.4343,3.4577,-207.6588,
600693.SH,东百集团,2008-05-26,5.381,5.3627,5.5463,5.0982,5.4398,4007776,58293404,0.0588,1.0922,14.5451,1.9385,3061904527.88,N/A,3910097397.8,206745748,0,264017380,65.8086,8.5264,3.4954,-209.9268,
600693.SH,东百集团,2008-05-27,5.4398,5.381,5.7153,5.3627,5.6785,2540908,38604788,0.2387,4.3889,15.1933,1.229,3196289264.08,N/A,4081708694.8,206745748,0,264017380,68.6969,8.9006,3.6489,-219.1403,
600693.SH,东百集团,2008-05-28,5.6785,5.6785,5.8328,5.6345,5.7814,1477205,23080371,0.1028,1.8111,15.6244,0.7145,3254178073.52,N/A,4155633561.2,206745748,0,264017380,69.9411,9.0618,3.7149,-223.1092,
600693.SH,东百集团,2008-05-29,5.7814,5.7667,5.8659,5.6785,5.7961,1923710,30257321,0.0147,0.2541,15.7286,0.9305,3262447903.44,N/A,4166194256.4,206745748,0,264017380,70.1188,9.0849,3.7244,-223.6762,
600693.SH,东百集团,2008-05-30,5.7961,5.8034,5.8512,5.6932,5.7116,2292927,36164635,-0.0845,-1.4575,15.7723,1.1091,3214896381.4,N/A,4105470259,206745748,0,264017380,69.0968,8.9524,3.6701,-220.416,
600693.SH,东百集团,2008-06-02,5.7116,5.6932,5.7961,5.6088,5.7887,1341930,20880886,0.0771,1.3505,15.5603,0.6491,3258312988.48,N/A,4160913908.8,206745748,0,264017380,70.03,9.0733,3.7197,-223.3927,
600693.SH,东百集团,2008-06-03,5.7887,5.741,5.8732,5.6198,5.8475,1872845,29393637,0.0588,1.0152,15.6946,0.9059,3291392308.16,N/A,4203156689.6,206745748,0,264017380,70.7409,9.1655,3.7574,-225.6606,
600693.SH,东百集团,2008-06-04,5.8475,5.8475,5.8953,5.6859,5.7116,1758612,27941810,-0.1359,-2.3241,15.8886,0.8506,3214896381.4,N/A,4105470259,206745748,0,264017380,69.0968,8.9524,3.6701,-220.416,
600693.SH,东百集团,2008-06-05,5.7116,5.5867,5.7153,5.3994,5.5794,1425174,21677635,-0.1322,-2.3151,15.2105,0.6893,3140467912.12,N/A,4010424002.2,206745748,0,264017380,67.4972,8.7452,3.5851,-215.3131,
600693.SH,东百集团,2008-06-06,5.5794,5.6455,6.0605,5.6455,5.8732,3448550,55155328,0.2938,5.2666,15.9938,1.668,3305864510.52,N/A,4221637906.2,206745748,0,264017380,71.052,9.2058,3.7739,-226.6529,
600693.SH,东百集团,2008-06-10,5.8732,5.7006,5.8218,5.4031,5.4986,2002679,30541404,-0.3747,-6.379,15.2503,0.9687,3094983847.56,N/A,3952340178.6,206745748,0,264017380,66.5196,8.6185,3.5332,-212.1947,
600693.SH,东百集团,2008-06-11,5.4986,5.4875,5.6124,5.201,5.2782,2933710,43182844,-0.2204,-4.008,14.7195,1.419,2970936398.76,N/A,3793929750.6,206745748,0,264017380,63.8535,8.2731,3.3916,-203.6899,
600693.SH,东百集团,2008-06-12,5.2782,5.2929,5.3627,4.7897,5.1717,2040471,27992168,-0.1065,-2.0181,13.7185,0.9869,2910980131.84,N/A,3717364710.4,206745748,0,264017380,62.5648,8.1061,3.3231,-199.5793,
600693.SH,东百集团,2008-06-13,5.1717,5.1349,5.3112,4.9807,5.0431,1108221,15518435,-0.1286,-2.4858,14.003,0.536,2838619120.04,N/A,3624958627.4,206745748,0,264017380,61.0096,7.9046,3.2405,-194.6181,
600693.SH,东百集团,2008-06-16,5.0431,4.9917,5.179,4.9219,5.0688,789186,10783178,0.0257,0.5098,13.6637,0.3817,2853091322.4,N/A,3643439844,206745748,0,264017380,61.3207,7.9449,3.2571,-195.6104,
600693.SH,东百集团,2008-06-17,5.0688,5.0688,5.1423,4.7933,4.8117,666486,8997028,-0.2571,-5.0725,13.4992,0.3224,2708369298.8,N/A,3458627678,206745748,0,264017380,58.2102,7.5419,3.0918,-185.6881,
600693.SH,东百集团,2008-06-18,4.8117,4.8595,5.1717,4.6648,5.0909,2018197,27044966,0.2792,5.8015,13.4006,0.9762,2865496067.28,N/A,3659280886.8,206745748,0,264017380,61.5873,7.9795,3.2712,-196.4608,
600693.SH,东百集团,2008-06-19,5.0909,5.0909,5.0909,4.6648,4.7713,1755427,23506232,-0.3196,-6.2771,13.3906,0.8491,2685627266.52,N/A,3429585766.2,206745748,0,264017380,57.7214,7.4786,3.0659,-184.1289,
600693.SH,东百集团,2008-06-20,4.7713,4.775,5.0027,4.775,4.9109,2663829,35609318,0.1396,2.9253,13.3677,1.2885,2764190650.76,N/A,3529912370.6,206745748,0,264017380,59.4099,7.6974,3.1556,-189.5152,
600693.SH,东百集团,2008-06-23,4.9109,4.7933,4.955,4.775,4.8154,450289,5976212,-0.0955,-1.9447,13.2719,0.2178,2710436756.28,N/A,3461267851.8,206745748,0,264017380,58.2546,7.5477,3.0942,-185.8298,
600693.SH,东百集团,2008-06-24,4.8154,4.7493,5.0064,4.7493,4.9954,1278219,17185747,0.18,3.7376,13.4451,0.6183,2811742172.8,N/A,3590636368,206745748,0,264017380,60.432,7.8298,3.2099,-192.7754,
600693.SH,东百集团,2008-06-25,4.9954,5.0651,5.2304,5.0027,5.1753,2489730,34718393,0.18,3.6029,13.9446,1.2042,2913047589.32,N/A,3720004884.2,206745748,0,264017380,62.6093,8.1119,3.3255,-199.721,
600693.SH,东百集团,2008-06-26,5.1753,5.1827,5.2525,5.0688,5.179,2453736,34373019,0.0037,0.071,14.0084,1.1868,2915115046.8,N/A,3722645058,206745748,0,264017380,62.6537,8.1177,3.3279,-199.8627,
600693.SH,东百集团,2008-06-27,5.179,5.0688,5.1055,4.8484,4.8521,2940030,40090977,-0.3269,-6.3121,13.6362,1.4221,2731111331.08,N/A,3487669589.8,206745748,0,264017380,58.699,7.6053,3.1178,-187.2473,
600693.SH,东百集团,2008-06-30,4.8521,4.8484,5.1055,4.7933,5.0468,823868,11169179,0.1947,4.0121,13.557,0.3985,2840686577.52,N/A,3627598801.2,206745748,0,264017380,61.054,7.9104,3.2429,-194.7599,
600693.SH,东百集团,2008-07-01,5.0468,5.0615,5.1717,4.966,5.0064,612723,8438748,-0.0404,-0.8006,13.7725,0.2964,2817944545.24,N/A,3598556889.4,206745748,0,264017380,60.5653,7.8471,3.2169,-193.2007,
600693.SH,东百集团,2008-07-02,5.0064,5.0615,5.1349,4.9403,5.1276,1125533,15512444,0.1212,2.4211,13.7823,0.5444,2886170642.08,N/A,3685682624.8,206745748,0,264017380,62.0316,8.0371,3.2948,-197.8783,
600693.SH,东百集团,2008-07-03,5.1276,5.1129,5.4912,4.9954,5.4912,1855894,26957700,0.3636,7.0917,14.5255,0.8977,3090848932.6,N/A,3947059831,206745748,0,264017380,66.4307,8.607,3.5285,-211.9112,
600693.SH,东百集团,2008-07-04,5.4912,5.583,5.583,5.2819,5.3296,1122235,16511561,-0.1616,-2.9431,14.7131,0.5428,2999880803.48,N/A,3830892183.8,206745748,0,264017380,64.4756,8.3537,3.4246,-205.6744,
600693.SH,东百集团,2008-07-07,5.3296,5.2929,5.6381,5.2929,5.5794,1479037,22194111,0.2498,4.6864,15.0058,0.7154,3140467912.12,N/A,4010424002.2,206745748,0,264017380,67.4972,8.7452,3.5851,-215.3131,
600693.SH,东百集团,2008-07-08,5.5794,5.6161,5.6161,5.4361,5.55,1850512,27729973,-0.0294,-0.5267,14.985,0.8951,3123928252.28,N/A,3989302611.8,206745748,0,264017380,67.1417,8.6991,3.5662,-214.1792,
600693.SH,东百集团,2008-07-09,5.55,5.5059,5.6051,5.4875,5.5977,1284025,19407724,0.0477,0.8604,15.1148,0.6211,3150805199.52,N/A,4023624871.2,206745748,0,264017380,67.7193,8.774,3.5969,-216.0219,
600693.SH,东百集团,2008-07-10,5.5977,5.5977,5.7998,5.4765,5.5977,1415877,21582266,0,0,15.243,0.6848,3150805199.52,N/A,4023624871.2,206745748,0,264017380,67.7193,8.774,3.5969,-216.0219,
600693.SH,东百集团,2008-07-11,5.5977,5.5463,5.5977,5.3994,5.4875,765641,11434140,-0.1102,-1.9685,14.9341,0.3703,3088781475.12,N/A,3944419657.2,206745748,0,264017380,66.3863,8.6013,3.5261,-211.7695,
600693.SH,东百集团,2008-07-14,5.4875,5.3259,5.583,5.3223,5.4839,675748,10035541,-0.0037,-0.0669,14.851,0.3268,3086714017.64,N/A,3941779483.4,206745748,0,264017380,66.3418,8.5955,3.5238,-211.6277,
600693.SH,东百集团,2008-07-15,5.4839,5.4361,5.6492,5.4361,5.4655,1374710,20758135,-0.0184,-0.3349,15.1,0.6649,3076376730.24,N/A,3928578614.4,206745748,0,264017380,66.1197,8.5667,3.512,-210.919,
600693.SH,东百集团,2008-07-16,5.4655,5.4545,5.4655,5.1423,5.3553,2206408,31564405,-0.1102,-2.0161,14.3058,1.0672,3014353005.84,N/A,3849373400.4,206745748,0,264017380,64.7866,8.394,3.4412,-206.6666,
600693.SH,东百集团,2008-07-17,5.3553,5.392,5.3957,5.1717,5.2782,1423286,20393693,-0.0771,-1.4403,14.3286,0.6884,2970936398.76,N/A,3793929750.6,206745748,0,264017380,63.8535,8.2731,3.3916,-203.6899,
600693.SH,东百集团,2008-07-18,5.2782,5.2855,5.5133,5.2451,5.5022,1136549,16582549,0.2241,4.245,14.5903,0.5497,3097051305.04,N/A,3954980352.4,206745748,0,264017380,66.564,8.6243,3.5356,-212.3365,
600693.SH,东百集团,2008-07-21,5.5022,5.5022,5.6859,5.3553,5.6455,1321950,20139180,0.1432,2.6035,15.2344,0.6394,3177682146.76,N/A,4057947130.6,206745748,0,264017380,68.297,8.8488,3.6276,-217.8646,
600693.SH,东百集团,2008-07-22,5.6455,5.6492,5.8181,5.528,5.6749,1509184,23612845,0.0294,0.5205,15.6461,0.73,3194221806.6,N/A,4079068521,206745748,0,264017380,68.6525,8.8949,3.6465,-218.9985,
600693.SH,东百集团,2008-07-23,5.6749,5.7226,5.7667,5.5316,5.6639,951581,14631126,-0.011,-0.1942,15.3756,0.4603,3188019434.16,N/A,4071147999.6,206745748,0,264017380,68.5192,8.8776,3.6394,-218.5733,
600693.SH,东百集团,2008-07-24,5.6639,5.6198,5.7226,5.5353,5.6749,635144,9757141,0.011,0.1946,15.3621,0.3072,3194221806.6,N/A,4079068521,206745748,0,264017380,68.6525,8.8949,3.6465,-218.9985,
600693.SH,东百集团,2008-07-25,5.6749,5.6712,5.6712,5.5463,5.5867,505599,7686345,-0.0882,-1.5534,15.2025,0.2446,3144602827.08,N/A,4015704349.8,206745748,0,264017380,67.586,8.7567,3.5898,-215.5966,
600693.SH,东百集团,2008-07-28,5.5867,5.6381,5.6785,5.583,5.6088,712942,10918984,0.022,0.3945,15.3154,0.3448,3157007571.96,N/A,4031545392.6,206745748,0,264017380,67.8526,8.7912,3.604,-216.4471,
600693.SH,东百集团,2008-07-29,5.6088,5.4765,5.5757,5.4435,5.4508,467759,7003542,-0.1579,-2.816,14.9725,0.2262,3068106900.32,N/A,3918017919.2,206745748,0,264017380,65.9419,8.5437,3.5025,-210.352,
600693.SH,东百集团,2008-07-30,5.4508,5.5096,5.5537,5.359,5.4545,395896,5861140,0.0037,0.0674,14.8047,0.1915,3070174357.8,N/A,3920658093,206745748,0,264017380,65.9864,8.5494,3.5049,-210.4937,
600693.SH,东百集团,2008-07-31,5.4545,5.4508,5.4729,5.3627,5.4361,314222,4625641,-0.0184,-0.3367,14.7209,0.152,3059837070.4,N/A,3907457224,206745748,0,264017380,65.7642,8.5207,3.4931,-209.785,
600693.SH,东百集团,2008-08-01,5.4361,5.3663,5.4802,5.3002,5.4545,408091,5974882,0.0184,0.3378,14.6411,0.1974,3070174357.8,N/A,3920658093,206745748,0,264017380,65.9864,8.5494,3.5049,-210.4937,
600693.SH,东百集团,2008-08-04,5.4545,5.4361,5.5353,5.3259,5.4325,691499,10274436,-0.022,-0.404,14.8582,0.3345,3057769612.92,N/A,3904817050.2,206745748,0,264017380,65.7197,8.5149,3.4907,-209.6433,
600693.SH,东百集团,2008-08-05,5.4325,5.3994,5.3994,5.2304,5.2525,706248,10148333,-0.18,-3.313,14.3694,0.3416,2956464196.4,N/A,3775448534,206745748,0,264017380,63.5424,8.2328,3.3751,-202.6977,
600693.SH,东百集团,2008-08-06,5.2525,5.2635,5.3259,4.977,5.2488,1617963,22481559,-0.0037,-0.0699,13.895,0.7826,2954396738.92,N/A,3772808360.2,206745748,0,264017380,63.498,8.227,3.3727,-202.5559,
600693.SH,东百集团,2008-08-07,5.2488,5.0725,5.2341,4.9586,5.1753,1051920,14600492,-0.0735,-1.3996,13.8799,0.5088,2913047589.32,N/A,3720004884.2,206745748,0,264017380,62.6093,8.1119,3.3255,-199.721,
600693.SH,东百集团,2008-08-08,5.1753,5.0394,5.1349,4.6574,4.6574,1330115,17635212,-0.5179,-10.0071,13.2584,0.6434,2621536084.64,N/A,3347740378.4,206745748,0,264017380,56.3439,7.3001,2.9927,-179.7347,
600693.SH,东百集团,2008-08-11,4.6574,4.6574,4.6942,4.3342,4.3893,1527713,18556736,-0.2681,-5.7571,12.1467,0.7389,2470611688.6,N/A,3155007691,206745748,0,264017380,53.1001,6.8799,2.8204,-169.3872,
600693.SH,东百集团,2008-08-12,4.3893,4.224,4.5876,4.2203,4.4738,678269,8132311,0.0845,1.9247,11.9898,0.3281,2518163210.64,N/A,3215731688.4,206745748,0,264017380,54.1221,7.0123,2.8747,-172.6474,
600693.SH,东百集团,2008-08-13,4.4738,4.3856,4.6574,4.3342,4.595,589908,7130198,0.1212,2.7094,12.087,0.2853,2586389307.48,N/A,3302857423.8,206745748,0,264017380,55.5885,7.2023,2.9526,-177.325,
600693.SH,东百集团,2008-08-14,4.595,4.4664,4.7015,4.4664,4.6868,254200,3198818,0.0918,1.9984,12.5839,0.123,2638075744.48,N/A,3368861768.8,206745748,0,264017380,56.6994,7.3462,3.0116,-180.8687,
600693.SH,东百集团,2008-08-15,4.6868,4.6905,4.7125,4.5913,4.6978,203527,2575578,0.011,0.2351,12.6547,0.0984,2644278116.92,N/A,3376782290.2,206745748,0,264017380,56.8327,7.3635,3.0187,-181.2939,
600693.SH,东百集团,2008-08-18,4.6978,4.6207,4.6207,4.3526,4.3526,658177,7957058,-0.3453,-7.3495,12.0895,0.3184,2449937113.8,N/A,3128605953,206745748,0,264017380,52.6558,6.8223,2.7968,-167.9698,
600693.SH,东百集团,2008-08-19,4.3526,4.3342,4.5289,4.2277,4.5179,310828,3737850,0.1653,3.7975,12.0255,0.1503,2542972700.4,N/A,3247413774,206745748,0,264017380,54.6554,7.0814,2.903,-174.3484,
600693.SH,东百集团,2008-08-20,4.5179,4.5215,4.8852,4.4113,4.8778,854918,11039519,0.36,7.9675,12.913,0.4135,2745583533.44,N/A,3506150806.4,206745748,0,264017380,59.01,7.6456,3.1343,-188.2395,
600693.SH,东百集团,2008-08-21,4.8778,4.6942,4.8227,4.6391,4.6795,446200,5729779,-0.1983,-4.0663,12.8413,0.2158,2633940829.52,N/A,3363581421.2,206745748,0,264017380,56.6105,7.3347,3.0069,-180.5852,
600693.SH,东百集团,2008-08-22,4.6795,4.5656,4.6538,4.4481,4.6244,281597,3525551,-0.0551,-1.1774,12.5198,0.1362,2602928967.32,N/A,3323978814.2,206745748,0,264017380,55.944,7.2483,2.9715,-178.459,
600693.SH,东百集团,2008-08-25,4.6244,4.6023,4.7015,4.4444,4.5803,332720,4108673,-0.0441,-0.9531,12.3487,0.1609,2578119477.56,N/A,3292296728.6,206745748,0,264017380,55.4108,7.1792,2.9432,-176.758,
600693.SH,东百集团,2008-08-26,4.5803,4.4187,4.573,4.2975,4.3673,793458,9569489,-0.213,-4.6512,12.0605,0.3838,2458206943.72,N/A,3139166648.2,206745748,0,264017380,52.8335,6.8453,2.8063,-168.5367,
600693.SH,东百集团,2008-08-27,4.3673,4.1873,4.4444,4.1873,4.3452,657634,7637161,-0.022,-0.5046,11.6131,0.3181,2445802198.84,N/A,3123325605.4,206745748,0,264017380,52.5669,6.8108,2.7921,-167.6863,
600693.SH,东百集团,2008-08-28,4.3452,4.2607,4.3158,4.2093,4.2681,497463,5770627,-0.0771,-1.7751,11.6001,0.2406,2402385591.76,N/A,3067881955.6,206745748,0,264017380,51.6338,6.6899,2.7425,-164.7096,
600693.SH,东百集团,2008-08-29,4.2681,4.2938,4.4444,4.2093,4.404,723650,8482006,0.1359,3.1842,11.7211,0.35,2478881518.52,N/A,3165568386.2,206745748,0,264017380,53.2779,6.9029,2.8299,-169.9542,
600693.SH,东百集团,2008-09-01,4.404,4.3709,4.3709,4.191,4.2644,718350,8351928,-0.1396,-3.1693,11.6265,0.3338,2498870873.16,N/A,3065241781.8,215234356,0,264017380,51.5893,6.6841,2.7402,-164.5678,
600693.SH,东百集团,2008-09-02,4.2644,4.2203,4.3342,4.1983,4.1983,416669,4813809,-0.0661,-1.5504,11.5531,0.1936,2460128689.08,N/A,3017718653.4,215234356,0,264017380,50.7895,6.5805,2.6977,-162.0164,
600693.SH,东百集团,2008-09-03,4.1983,4.0404,4.1616,3.7796,3.7796,3179600,33520193,-0.4187,-9.9738,10.5423,1.4773,2214761523.24,N/A,2716738840.2,215234356,0,264017380,45.7239,5.9242,2.4286,-145.8573,
600693.SH,东百集团,2008-09-04,3.7796,3.7759,3.9889,3.6657,3.809,1916423,19852545,0.0294,0.7775,10.3592,0.8904,2231980271.72,N/A,2737860230.6,215234356,0,264017380,46.0794,5.9702,2.4475,-146.9913,
600693.SH,东百集团,2008-09-05,3.809,3.7832,3.7832,3.6437,3.7282,626530,6294887,-0.0808,-2.1215,10.0472,0.2911,2184628713.4,N/A,2679776407,215234356,0,264017380,45.1018,5.8436,2.3956,-143.8728,
600693.SH,东百集团,2008-09-08,3.7282,3.7318,3.9155,3.6731,3.7686,659632,6773243,0.0404,1.0837,10.2682,0.3065,2208304492.56,N/A,2708818318.8,215234356,0,264017380,45.5906,5.9069,2.4216,-145.432,
600693.SH,东百集团,2008-09-09,3.7686,3.8383,3.9302,3.7869,3.842,508109,5366303,0.0735,1.9493,10.5613,0.2361,2251351363.76,N/A,2761621794.8,215234356,0,264017380,46.4793,6.022,2.4688,-148.267,
600693.SH,东百集团,2008-09-10,3.842,3.7943,3.8751,3.7282,3.7796,307177,3177585,-0.0624,-1.6252,10.3445,0.1427,2214761523.24,N/A,2716738840.2,215234356,0,264017380,45.7239,5.9242,2.4286,-145.8573,
600693.SH,东百集团,2008-09-11,3.7796,3.7098,3.9228,3.6437,3.6731,1073837,10900358,-0.1065,-2.8183,10.1508,0.4989,2152343560,N/A,2640173800,215234356,0,264017380,44.4353,5.7572,2.3602,-141.7466,
600693.SH,东百集团,2008-09-12,3.6731,3.5665,3.7465,3.5298,3.6841,230202,2306372,0.011,0.3,10.0189,0.107,2158800590.68,N/A,2648094321.4,215234356,0,264017380,44.5686,5.7745,2.3673,-142.1719,
600693.SH,东百集团,2008-09-16,3.6841,3.6914,3.8016,3.4527,3.7098,1037249,10443071,0.0257,0.6979,10.068,0.4819,2173866995.6,N/A,2666575538,215234356,0,264017380,44.8796,5.8148,2.3838,-143.1641,
600693.SH,东百集团,2008-09-17,3.7098,3.7208,3.8383,3.618,3.6363,880100,8955690,-0.0735,-1.9802,10.1758,0.4089,2130820124.4,N/A,2613772062,215234356,0,264017380,43.9909,5.6996,2.3366,-140.3292,
600693.SH,东百集团,2008-09-18,3.6363,3.5996,3.8383,3.4931,3.7649,926179,9229388,0.1286,3.5354,9.965,0.4303,2206152149,N/A,2706178145,215234356,0,264017380,45.5461,5.9011,2.4192,-145.2903,
600693.SH,东百集团,2008-09-19,3.7649,4.0404,4.1432,4.0036,4.1432,3904940,43920706,0.3783,10.0488,11.2475,1.8143,2427843535.68,N/A,2978116046.4,215234356,0,264017380,50.123,6.4941,2.6623,-159.8902,
600693.SH,东百集团,2008-09-22,4.1432,4.1946,4.4811,3.8714,4.1322,3787174,42733540,-0.011,-0.266,11.2838,1.7596,2421386505,N/A,2970195525,215234356,0,264017380,49.9897,6.4768,2.6552,-159.465,
600693.SH,东百集团,2008-09-23,4.1322,3.9669,4.0036,3.7465,3.8383,1765032,18561392,-0.2938,-7.1111,10.5162,0.8201,2249199020.2,N/A,2758981621,215234356,0,264017380,46.4348,6.0163,2.4664,-148.1252,
600693.SH,东百集团,2008-09-24,3.8383,3.7465,3.7722,3.5482,3.7465,809021,8079609,-0.0918,-2.3923,9.9869,0.3759,2195390431.2,N/A,2692977276,215234356,0,264017380,45.324,5.8723,2.4074,-144.5816,
600693.SH,东百集团,2008-09-25,3.7465,3.7465,3.8714,3.6951,3.7502,1341481,13862020,0.0037,0.098,10.3334,0.6233,2197542774.76,N/A,2695617449.8,215234356,0,264017380,45.3684,5.8781,2.4098,-144.7233,
600693.SH,东百集团,2008-09-26,3.7502,3.6804,3.8567,3.6804,3.7943,838628,8653890,0.0441,1.1753,10.3191,0.3896,2223370897.48,N/A,2727299535.4,215234356,0,264017380,45.9016,5.9472,2.4381,-146.4243,
600693.SH,东百集团,2008-10-06,3.7943,3.7575,3.7575,3.6069,3.662,882861,8866256,-0.1322,-3.485,10.0426,0.4102,2145886529.32,N/A,2632253278.6,215234356,0,264017380,44.302,5.7399,2.3531,-141.3214,
600693.SH,东百集团,2008-10-07,3.662,3.5261,3.662,3.5114,3.5665,647234,6272181,-0.0955,-2.6078,9.6907,0.3007,2089925596.76,N/A,2563608759.8,215234356,0,264017380,43.1466,5.5902,2.2917,-137.636,
600693.SH,东百集团,2008-10-08,3.5665,3.5261,3.5261,3.2507,3.2727,1890367,17300215,-0.2938,-8.2389,9.1518,0.8783,1917738111.96,N/A,2352394855.8,215234356,0,264017380,39.5918,5.1297,2.1029,-126.2962,
600693.SH,东百集团,2008-10-09,3.2727,3.3058,3.3939,3.1074,3.1588,1887160,16477427,-0.1139,-3.4792,8.7313,0.8768,1851015461.6,N/A,2270549468,215234356,0,264017380,38.2143,4.9512,2.0298,-121.9021,
600693.SH,东百集团,2008-10-10,3.1588,3.0413,3.067,2.9127,2.9899,2763058,22412185,-0.169,-5.3488,8.1114,1.2837,1752007657.84,N/A,2149101473.2,215234356,0,264017380,36.1703,4.6864,1.9212,-115.3818,
600693.SH,东百集团,2008-10-13,2.9899,2.9899,3.1588,2.9384,3.1221,1822690,15049133,0.1322,4.4226,8.2566,0.8468,1829492026,N/A,2244147730,215234356,0,264017380,37.77,4.8936,2.0062,-120.4846,
600693.SH,东百集团,2008-10-14,3.1221,3.1809,3.3021,3.1221,3.1258,1579149,13648539,0.0037,0.1176,8.643,0.7337,1831644369.56,N/A,2246787903.8,215234356,0,264017380,37.8144,4.8994,2.0085,-120.6264,
600693.SH,东百集团,2008-10-15,3.1258,3.0486,3.1221,2.9568,3.078,593560,4912746,-0.0477,-1.5276,8.2767,0.2758,1803663903.28,N/A,2212465644.4,215234356,0,264017380,37.2367,4.8245,1.9778,-118.7837,
600693.SH,东百集团,2008-10-16,3.078,2.9935,2.9935,2.7695,2.7805,2504086,19368240,-0.2975,-9.6659,7.7347,1.1634,1629324074.92,N/A,1998611566.6,215234356,0,264017380,33.6375,4.3582,1.7867,-107.3022,
600693.SH,东百集团,2008-10-17,2.7805,2.8172,2.854,2.7291,2.8209,916058,6924627,0.0404,1.4531,7.5592,0.4256,1652999854.08,N/A,2027653478.4,215234356,0,264017380,34.1263,4.4215,1.8126,-108.8614,
600693.SH,东百集团,2008-10-20,2.8209,2.7915,2.865,2.6556,2.8356,558080,4224422,0.0147,0.5208,7.5696,0.2593,1661609228.32,N/A,2038214173.6,215234356,0,264017380,34.304,4.4446,1.8221,-109.4284,
600693.SH,东百集团,2008-10-21,2.8356,2.8797,2.9384,2.7989,2.9091,538898,4236348,0.0735,2.5907,7.8611,0.2504,1704656099.52,N/A,2091017649.6,215234356,0,264017380,35.1927,4.5597,1.8693,-112.2633,
600693.SH,东百集团,2008-10-22,2.9091,2.8319,2.9678,2.8319,2.9348,751469,5960699,0.0257,0.8838,7.9321,0.3491,1719722504.44,N/A,2109498866.2,215234356,0,264017380,35.5038,4.6,1.8858,-113.2556,
600693.SH,东百集团,2008-10-23,2.9348,2.8944,2.9421,2.7915,2.9384,1207460,9362272,0.0037,0.1252,7.7537,0.561,1721874848,N/A,2112139040,215234356,0,264017380,35.5482,4.6058,1.8882,-113.3973,
600693.SH,东百集团,2008-10-24,2.9384,2.9201,2.9678,2.7879,2.8099,1841915,14416140,-0.1286,-4.375,7.8267,0.8558,1646542823.4,N/A,2019732957,215234356,0,264017380,33.993,4.4043,1.8055,-108.4362,
600693.SH,东百集团,2008-10-27,2.8099,2.6556,2.7805,2.5307,2.6262,1177350,8462672,-0.1837,-6.5359,7.1879,0.547,1538925645.4,N/A,1887724267,215234356,0,264017380,31.7712,4.1164,1.6875,-101.3488,
600693.SH,东百集团,2008-10-28,2.6262,2.4977,2.6262,2.4609,2.6189,1509216,10502245,-0.0073,-0.2797,6.9587,0.7012,1534620958.28,N/A,1882443919.4,215234356,0,264017380,31.6823,4.1049,1.6828,-101.0653,
600693.SH,东百集团,2008-10-29,2.6189,2.6262,2.6924,2.516,2.674,1115337,7956453,0.0551,2.1038,7.1337,0.5182,1566906111.68,N/A,1922046526.4,215234356,0,264017380,32.3489,4.1912,1.7182,-103.1915,
600693.SH,东百集团,2008-10-30,2.674,2.674,2.8576,2.6262,2.7107,1949150,14744923,0.0367,1.3736,7.5648,0.9056,1588429547.28,N/A,1948448264.4,215234356,0,264017380,32.7932,4.2488,1.7418,-104.609,
600693.SH,东百集团,2008-10-31,2.7107,2.7107,2.7107,2.4977,2.5858,1082310,7549895,-0.1249,-4.607,6.9757,0.5029,1515249866.24,N/A,1858682355.2,215234356,0,264017380,31.2824,4.0531,1.6616,-99.7896,
600693.SH,东百集团,2008-11-03,2.5858,2.6042,2.6519,2.4977,2.6189,514410,3657298,0.0331,1.2784,7.1097,0.239,1534620958.28,N/A,1882443919.4,215234356,0,264017380,31.6823,4.1049,1.6828,-101.0653,
600693.SH,东百集团,2008-11-04,2.6189,2.5711,2.6152,2.5528,2.6042,445941,3128631,-0.0147,-0.561,7.0158,0.2072,1526011584.04,N/A,1871883224.2,215234356,0,264017380,31.5046,4.0819,1.6734,-100.4984,
600693.SH,东百集团,2008-11-05,2.6042,2.6262,2.7181,2.6262,2.6887,2037684,14733291,0.0845,3.244,7.2304,0.9467,1575515485.92,N/A,1932607221.6,215234356,0,264017380,32.5266,4.2143,1.7277,-103.7585,
600693.SH,东百集团,2008-11-06,2.6887,2.663,2.663,2.5381,2.5822,661650,4671673,-0.1065,-3.9617,7.0606,0.3074,1513097522.68,N/A,1856042181.4,215234356,0,264017380,31.238,4.0473,1.6592,-99.6479,
600693.SH,东百集团,2008-11-07,2.5822,2.6373,2.6373,2.4463,2.4903,2236347,15222097,-0.0918,-3.5562,6.8067,1.039,1459288933.68,N/A,1790037836.4,215234356,0,264017380,30.1271,3.9034,1.6002,-96.1042,
600693.SH,东百集团,2008-11-10,2.4903,2.5014,2.7364,2.4977,2.7034,3258856,22929161,0.213,8.5546,7.036,1.5141,1584124860.16,N/A,1943167916.8,215234356,0,264017380,32.7044,4.2373,1.7371,-104.3255,
600693.SH,东百集团,2008-11-11,2.7034,2.6262,2.7364,2.6115,2.6262,2177831,15881510,-0.0771,-2.8533,7.2924,1.0118,1538925645.4,N/A,1887724267,215234356,0,264017380,31.7712,4.1164,1.6875,-101.3488,
600693.SH,东百集团,2008-11-12,2.6262,2.6373,2.6373,2.4977,2.5932,1436063,10017190,-0.0331,-1.2587,6.9755,0.6672,1519554553.36,N/A,1863962702.8,215234356,0,264017380,31.3713,4.0646,1.6663,-100.0731,
600693.SH,东百集团,2008-11-13,2.5932,2.5638,2.7768,2.516,2.7144,2623555,19156133,0.1212,4.6742,7.3016,1.2189,1590581890.84,N/A,1951088438.2,215234356,0,264017380,32.8377,4.2546,1.7442,-104.7508,
600693.SH,东百集团,2008-11-14,2.7144,2.7181,2.9862,2.7181,2.9862,5193189,41220146,0.2718,10.0135,7.9373,2.4128,1749855314.28,N/A,2146461299.4,215234356,0,264017380,36.1259,4.6806,1.9188,-115.24,
600693.SH,东百集团,2008-11-17,2.9862,3.0413,3.1552,2.9091,3.1221,4286197,35101143,0.1359,4.551,8.1893,1.9914,1829492026,N/A,2244147730,215234356,0,264017380,37.77,4.8936,2.0062,-120.4846,
600693.SH,东百集团,2008-11-18,3.1221,3.1331,3.4123,2.9201,2.9348,7478803,65016111,-0.1873,-6,8.6934,3.4747,1719722504.44,N/A,2109498866.2,215234356,0,264017380,35.5038,4.6,1.8858,-113.2556,
600693.SH,东百集团,2008-11-19,2.9348,2.887,3.2286,2.8576,3.2286,4625835,38870875,0.2938,10.0125,8.403,2.1492,1891909989.24,N/A,2320712770.2,215234356,0,264017380,39.0586,5.0606,2.0746,-124.5953,
600693.SH,东百集团,2008-11-20,3.2286,3.3719,3.4196,3.2323,3.2911,5716539,51931840,0.0624,1.934,9.0845,2.656,1928499829.76,N/A,2365595724.8,215234356,0,264017380,39.814,5.1585,2.1147,-127.005,
600693.SH,东百集团,2008-11-21,3.2911,3.1956,3.2139,3.0156,3.0707,2440179,20656691,-0.2204,-6.6964,8.4652,1.1337,1799359216.16,N/A,2207185296.8,215234356,0,264017380,37.1479,4.813,1.9731,-118.5002,
600693.SH,东百集团,2008-11-24,3.0707,3.1405,3.1919,2.9384,3.056,3013162,25380469,-0.0147,-0.4785,8.4232,1.3999,1790749841.92,N/A,2196624601.6,215234356,0,264017380,36.9701,4.79,1.9637,-117.9332,
600693.SH,东百集团,2008-11-25,3.056,3.056,3.1221,2.8319,2.9825,2009577,16444540,-0.0735,-2.4038,8.1831,0.9337,1747702970.72,N/A,2143821125.6,215234356,0,264017380,36.0814,4.6748,1.9165,-115.0983,
600693.SH,东百集团,2008-11-26,2.9825,2.9825,2.9972,2.8687,2.9825,1335216,10758411,0,0,8.0574,0.6204,1747702970.72,N/A,2143821125.6,215234356,0,264017380,36.0814,4.6748,1.9165,-115.0983,
600693.SH,东百集团,2008-11-27,2.9825,3.247,3.269,3.0376,3.045,2556727,21718082,0.0624,2.0936,8.4945,1.1879,1784292811.24,N/A,2188704080.2,215234356,0,264017380,36.8368,4.7727,1.9566,-117.508,
600693.SH,东百集团,2008-11-28,3.045,2.9752,3.0854,2.8687,2.9715,1247710,10064716,-0.0735,-2.4125,8.0666,0.5797,1741245940.04,N/A,2135900604.2,215234356,0,264017380,35.9481,4.6576,1.9094,-114.673,
600693.SH,东百集团,2008-12-01,2.9715,2.9568,3.0707,2.8687,3.0486,1249884,10156919,0.0771,2.5958,8.1263,0.5807,1786445154.8,N/A,2191344254,215234356,0,264017380,36.8813,4.7785,1.959,-117.6497,
600693.SH,东百集团,2008-12-02,3.0486,2.9935,3.2323,2.887,3.1882,2992635,25766896,0.1396,4.5783,8.6101,1.3904,1868234210.08,N/A,2291670858.4,215234356,0,264017380,38.5698,4.9972,2.0486,-123.0361,
600693.SH,东百集团,2008-12-03,3.1882,3.2323,3.2653,3.1221,3.247,3821558,33151814,0.0588,1.8433,8.6749,1.7755,1902671707.04,N/A,2333913639.2,215234356,0,264017380,39.2808,5.0894,2.0864,-125.304,
600693.SH,东百集团,2008-12-04,3.247,3.2727,3.4013,3.2103,3.247,3585749,32333441,0,0,9.0172,1.666,1902671707.04,N/A,2333913639.2,215234356,0,264017380,39.2808,5.0894,2.0864,-125.304,
600693.SH,东百集团,2008-12-05,3.247,3.2433,3.3021,3.2103,3.2874,1289991,11432976,0.0404,1.2443,8.8628,0.5993,1926347486.2,N/A,2362955551,215234356,0,264017380,39.7696,5.1527,2.1124,-126.8632,
600693.SH,东百集团,2008-12-08,3.2874,3.3425,3.5188,3.3315,3.471,2705470,25376976,0.1837,5.5866,9.3799,1.257,2033964664.2,N/A,2494964241,215234356,0,264017380,41.9913,5.4406,2.2304,-133.9506,
600693.SH,东百集团,2008-12-09,3.471,3.5078,3.5445,3.4159,3.4453,1919622,18217690,-0.0257,-0.7407,9.4902,0.8919,2018898259.28,N/A,2476483024.4,215234356,0,264017380,41.6803,5.4003,2.2139,-132.9583,
600693.SH,东百集团,2008-12-10,3.4453,3.438,3.5812,3.4233,3.5335,1624139,15556511,0.0882,2.5586,9.5783,0.7546,2070554504.72,N/A,2539847195.6,215234356,0,264017380,42.7467,5.5384,2.2705,-136.3603,
600693.SH,东百集团,2008-12-11,3.5335,3.6216,3.6216,3.3058,3.3719,2104690,19776537,-0.1616,-4.5738,9.3964,0.9779,1975851388.08,N/A,2423679548.4,215234356,0,264017380,40.7916,5.2851,2.1667,-130.1234,
600693.SH,东百集团,2008-12-12,3.3719,3.3535,3.3535,3.2139,3.2653,1246901,11198366,-0.1065,-3.159,8.981,0.5793,1913433424.84,N/A,2347114508.2,215234356,0,264017380,39.5029,5.1182,2.0982,-126.0128,
600693.SH,东百集团,2008-12-15,3.2653,3.3866,3.3866,3.1588,3.2286,1044579,9224066,-0.0367,-1.1249,8.8304,0.4853,1891909989.24,N/A,2320712770.2,215234356,0,264017380,39.0586,5.0606,2.0746,-124.5953,
600693.SH,东百集团,2008-12-16,3.2286,3.247,3.3278,3.1074,3.3241,887586,7733947,0.0955,2.9579,8.7135,0.4124,1947870921.8,N/A,2389357289,215234356,0,264017380,40.2139,5.2103,2.136,-128.2807,
600693.SH,东百集团,2008-12-17,3.3241,3.3462,3.4196,3.2837,3.4159,1983880,18230133,0.0918,2.7624,9.1891,0.9217,2001679510.8,N/A,2455361634,215234356,0,264017380,41.3248,5.3542,2.195,-131.8244,
600693.SH,东百集团,2008-12-18,3.4159,3.3645,3.4527,3.3351,3.438,797069,7379416,0.022,0.6452,9.2582,0.3703,2014593572.16,N/A,2471202676.8,215234356,0,264017380,41.5914,5.3887,2.2091,-132.6749,
600693.SH,东百集团,2008-12-19,3.438,3.4159,3.4857,3.4049,3.4417,1462549,13688537,0.0037,0.1068,9.3594,0.6795,2016745915.72,N/A,2473842850.6,215234356,0,264017380,41.6358,5.3945,2.2115,-132.8166,
600693.SH,东百集团,2008-12-22,3.4417,3.4086,3.5188,3.4086,3.4563,1042108,9827177,0.0147,0.4269,9.4301,0.4842,2025355289.96,N/A,2484403545.8,215234356,0,264017380,41.8136,5.4175,2.2209,-133.3836,
600693.SH,东百集团,2008-12-23,3.4563,3.4563,3.471,3.2323,3.2396,782092,7141854,-0.2167,-6.2699,9.1317,0.3634,1898367019.92,N/A,2328633291.6,215234356,0,264017380,39.1919,5.0778,2.0817,-125.0205,
600693.SH,东百集团,2008-12-24,3.2396,3.1956,3.2764,3.1588,3.2286,711344,6236487,-0.011,-0.3401,8.7672,0.3305,1891909989.24,N/A,2320712770.2,215234356,0,264017380,39.0586,5.0606,2.0746,-124.5953,
600693.SH,东百集团,2008-12-25,3.2286,3.2984,3.2984,3.1441,3.1588,587977,5095676,-0.0698,-2.1615,8.6665,0.2732,1851015461.6,N/A,2270549468,215234356,0,264017380,38.2143,4.9512,2.0298,-121.9021,
600693.SH,东百集团,2008-12-26,3.1588,3.1772,3.1992,3.1221,3.1294,497126,4251253,-0.0294,-0.9302,8.5517,0.231,1833796713.12,N/A,2249428077.6,215234356,0,264017380,37.8588,4.9051,2.0109,-120.7681,
600693.SH,东百集团,2008-12-29,3.1294,3.1074,3.1662,3.0597,3.1625,678315,5740004,0.0331,1.0563,8.4622,0.3152,1853167805.16,N/A,2273189641.8,215234356,0,264017380,38.2588,4.9569,2.0321,-122.0438,
600693.SH,东百集团,2008-12-30,3.1625,3.1588,3.3388,3.056,3.2286,2979729,25522056,0.0661,2.0906,8.5652,1.3844,1891909989.24,N/A,2320712770.2,215234356,0,264017380,39.0586,5.0606,2.0746,-124.5953,
600693.SH,东百集团,2008-12-31,3.2286,3.1662,3.2984,3.1221,3.1919,1832290,15841304,-0.0367,-1.1377,8.6456,0.8513,1870386553.64,N/A,2294311032.2,215234356,0,264017380,38.6142,5.003,2.051,-123.1778,
600693.SH,东百集团,2009-01-05,3.1919,3.236,3.3058,3.1772,3.2947,1113980,9875228,0.1028,3.2221,8.8648,0.5176,1930652173.32,N/A,2368235898.6,215234356,0,264017380,23.9684,4.3054,1.7309,44.417,
600693.SH,东百集团,2009-01-06,3.2947,3.2947,3.3498,3.2727,3.3315,1152719,10391949,0.0367,1.1148,9.0152,0.5356,1952175608.92,N/A,2394637636.6,215234356,0,264017380,24.2356,4.3534,1.7502,44.9121,
600693.SH,东百集团,2009-01-07,3.3315,3.3388,3.3682,3.2617,3.3094,1676892,15094617,-0.022,-0.6615,9.0015,0.7791,1939261547.56,N/A,2378796593.8,215234356,0,264017380,24.0753,4.3246,1.7386,44.615,
600693.SH,东百集团,2009-01-08,3.3094,3.2433,3.2653,3.1368,3.1956,1911325,16600849,-0.1139,-3.4406,8.6855,0.888,1872538897.2,N/A,2296951206,215234356,0,264017380,23.2469,4.1758,1.6788,43.08,
600693.SH,东百集团,2009-01-09,3.1956,3.1772,3.236,3.0743,3.1772,3022695,25849234,-0.0184,-0.5747,8.5517,1.4044,1861777179.4,N/A,2283750337,215234356,0,264017380,23.1133,4.1518,1.6691,42.8324,
600693.SH,东百集团,2009-01-12,3.1772,3.1698,3.1698,3.0854,3.1478,3752059,31967457,-0.0294,-0.9249,8.52,1.7432,1844558430.92,N/A,2262628946.6,215234356,0,264017380,22.8996,4.1134,1.6537,42.4363,
600693.SH,东百集团,2009-01-13,3.1478,3.1037,3.1037,2.9311,2.9642,4018312,32919209,-0.1837,-5.8343,8.1923,1.8669,1736941252.92,N/A,2130620256.6,215234356,0,264017380,21.5635,3.8734,1.5572,39.9604,
600693.SH,东百集团,2009-01-14,2.9642,2.9715,3.0266,2.9017,3.0156,10543608,84998397,0.0514,1.7348,8.0616,4.8987,1767074062.76,N/A,2167582689.8,215234356,0,264017380,21.9376,3.9406,1.5842,40.6536,
600693.SH,东百集团,2009-01-15,3.0156,2.9678,3.0927,2.9458,3.056,11723723,96513684,0.0404,1.3398,8.2323,5.447,1790749841.92,N/A,2196624601.6,215234356,0,264017380,22.2316,3.9934,1.6055,41.1983,
600693.SH,东百集团,2009-01-16,3.056,3.0927,3.3388,3.0597,3.2911,17317307,149335779,0.2351,7.6923,8.6235,8.0458,1928499829.76,N/A,2365595724.8,215234356,0,264017380,23.9417,4.3006,1.729,44.3674,
600693.SH,东百集团,2009-01-19,3.2911,3.3131,3.4417,3.2249,3.4343,15899729,143474692,0.1432,4.3527,9.0237,7.3872,2012441228.6,N/A,2468562503,215234356,0,264017380,24.9838,4.4878,1.8042,46.2986,
600693.SH,东百集团,2009-01-20,3.4343,3.4894,3.6033,3.4086,3.4563,15445202,147445564,0.022,0.6417,9.5464,7.176,2025355289.96,N/A,2484403545.8,215234356,0,264017380,25.1441,4.5166,1.8158,46.5957,
600693.SH,东百集团,2009-01-21,3.4563,3.3829,3.8016,3.3719,3.6694,11495387,114059946,0.213,6.1637,9.9222,5.3409,2150191216.44,N/A,2637533626.2,215234356,0,264017380,26.6939,4.795,1.9277,49.4677,
600693.SH,东百集团,2009-01-22,3.6694,3.7832,3.8053,3.6253,3.7722,9669138,98412270,0.1028,2.8028,10.178,4.4924,2210456836.12,N/A,2711458492.6,215234356,0,264017380,27.4421,4.9294,1.9818,50.8542,
600693.SH,东百集团,2009-01-23,3.7722,3.6731,3.7575,3.64,3.6694,3761701,37713605,-0.1028,-2.7264,10.0257,1.7477,2150191216.44,N/A,2637533626.2,215234356,0,264017380,26.6939,4.795,1.9277,49.4677,
600693.SH,东百集团,2009-02-02,3.6694,3.6767,3.7392,3.5739,3.7024,4892680,48537192,0.0331,0.9009,9.9204,2.2732,2169562308.48,N/A,2661295190.4,215234356,0,264017380,26.9344,4.8382,1.9451,49.9134,
600693.SH,东百集团,2009-02-03,3.7024,3.6473,3.7869,3.5996,3.7135,7100133,71388154,0.011,0.2976,10.0545,3.2988,2176019339.16,N/A,2669215711.8,215234356,0,264017380,27.0146,4.8526,1.9509,50.0619,
600693.SH,东百集团,2009-02-04,3.7135,3.7135,3.7759,3.6437,3.7465,8914296,89610879,0.0331,0.8902,10.0525,4.1417,2195390431.2,N/A,2692977276,215234356,0,264017380,27.255,4.8958,1.9682,50.5076,
600693.SH,东百集团,2009-02-05,3.7465,3.7465,3.7943,3.6547,3.6951,6923085,70341199,-0.0514,-1.3725,10.1604,3.2165,2165257621.36,N/A,2656014842.8,215234356,0,264017380,26.881,4.8286,1.9412,49.8143,
600693.SH,东百集团,2009-02-06,3.6951,3.6914,3.9302,3.6767,3.8457,10204304,106350771,0.1506,4.0755,10.4221,4.741,2253503707.32,N/A,2764261968.6,215234356,0,264017380,27.9765,5.0254,2.0203,51.8445,
600693.SH,东百集团,2009-02-09,3.8457,3.8934,4.0367,3.7869,3.9669,10458525,110691357,0.1212,3.1519,10.5838,4.8591,2324531044.8,N/A,2851387704,215234356,0,264017380,28.8583,5.1838,2.084,53.4786,
600693.SH,东百集团,2009-02-10,3.9669,3.9632,4.0183,3.8714,4.0036,6753336,72275618,0.0367,0.9259,10.7022,3.1377,2346054480.4,N/A,2877789442,215234356,0,264017380,29.1255,5.2318,2.1033,53.9738,
600693.SH,东百集团,2009-02-11,4.0036,3.9118,3.9816,3.809,3.8641,10682640,113071801,-0.1396,-3.4862,10.5846,4.9633,2264265425.12,N/A,2777462837.6,215234356,0,264017380,28.1101,5.0494,2.03,52.0921,
600693.SH,东百集团,2009-02-12,3.8641,3.8714,3.8714,3.5996,3.7539,9667331,98059564,-0.1102,-2.8517,10.1434,4.4915,2199695118.32,N/A,2698257623.6,215234356,0,264017380,27.3085,4.9054,1.9721,50.6066,
600693.SH,东百集团,2009-02-13,3.7539,3.7392,3.8787,3.6841,3.8714,8589910,88894454,0.1175,3.1311,10.3487,3.991,2268570112.24,N/A,2782743185.2,215234356,0,264017380,28.1635,5.059,2.0339,52.1912,
600693.SH,东百集团,2009-02-16,3.8714,3.8787,4.011,3.8494,3.9706,8598119,91992611,0.0992,2.5617,10.6992,3.9948,2326683388.36,N/A,2854027877.8,215234356,0,264017380,28.885,5.1886,2.086,53.5281,
600693.SH,东百集团,2009-02-17,3.9706,3.9816,3.9816,3.7428,3.7979,9729314,101254453,-0.1726,-4.3478,10.4072,4.5203,2225523241.04,N/A,2729939709.2,215234356,0,264017380,27.6291,4.963,1.9953,51.2008,
600693.SH,东百集团,2009-02-18,3.7979,3.7575,3.7575,3.5482,3.5629,5523310,55288857,-0.2351,-6.1896,10.0101,2.5662,2087773253.2,N/A,2560968586,215234356,0,264017380,25.919,4.6558,1.8718,48.0317,
600693.SH,东百集团,2009-02-19,3.5629,3.5445,3.6877,3.5445,3.6694,3717998,36863368,0.1065,2.9897,9.9148,1.7274,2150191216.44,N/A,2637533626.2,215234356,0,264017380,26.6939,4.795,1.9277,49.4677,
600693.SH,东百集团,2009-02-20,3.6694,3.6731,3.7465,3.5959,3.7392,5446377,54589070,0.0698,1.9019,10.023,2.5304,2191085744.08,N/A,2687696928.4,215234356,0,264017380,27.2016,4.8862,1.9644,50.4085,
600693.SH,东百集团,2009-02-23,3.7392,3.7502,4.033,3.7318,3.9632,13716729,145812546,0.2241,5.9921,10.6303,6.3729,2322378701.24,N/A,2848747530.2,215234356,0,264017380,28.8316,5.179,2.0821,53.4291,
600693.SH,东百集团,2009-02-24,3.9632,3.9118,4.2167,3.8787,4.1065,16765104,185773621,0.1432,3.6145,11.081,7.7892,2406320100.08,N/A,2951714308.4,215234356,0,264017380,29.8737,5.3662,2.1573,55.3603,
600693.SH,东百集团,2009-02-25,4.1065,4.0808,4.5179,4.0808,4.4077,22657666,267147574,0.3012,7.3345,11.7906,10.527,2582812272,N/A,3168208560,215234356,0,264017380,32.0648,5.7598,2.3156,59.4207,
600693.SH,东百集团,2009-02-26,4.4077,4.4003,4.4811,3.9853,4.0808,11036374,128504264,-0.3269,-7.4167,11.6437,5.1276,2391253695.16,N/A,2933233091.8,215234356,0,264017380,29.6866,5.3326,2.1438,55.0136,
600693.SH,东百集团,2009-02-27,4.0808,4.0404,4.2607,3.7869,4.1983,12923676,142898787,0.1175,2.8803,11.0571,6.0045,2460128689.08,N/A,3017718653.4,215234356,0,264017380,30.5417,5.4862,2.2056,56.5982,
600693.SH,东百集团,2009-03-02,4.1983,4.1395,4.4003,4.0991,4.382,13113960,151848923,0.1837,4.3745,11.5792,6.0929,2567745867.08,N/A,3149727343.4,215234356,0,264017380,31.8777,5.7262,2.3021,59.0741,
600693.SH,东百集团,2009-03-03,4.382,4.2938,4.4224,4.1322,4.3562,8467580,99325931,-0.0257,-0.5868,11.7301,3.9341,2552679462.16,N/A,3131246126.8,215234356,0,264017380,31.6907,5.6926,2.2886,58.7274,
600693.SH,东百集团,2009-03-04,4.3562,4.404,4.606,4.1506,4.5876,17240014,209269786,0.2314,5.312,12.1386,8.0099,2688277106.44,N/A,3297577076.2,215234356,0,264017380,33.3741,5.9949,2.4101,61.847,
600693.SH,东百集团,2009-03-05,4.5876,4.5142,4.5472,4.3342,4.5179,14499965,175531397,-0.0698,-1.5212,12.1056,6.7368,2647382578.8,N/A,3247413774,215234356,0,264017380,32.8664,5.9037,2.3735,60.9062,
600693.SH,东百集团,2009-03-06,4.5179,4.4113,4.4517,4.1983,4.3305,7138230,84089912,-0.1873,-4.1463,11.7802,3.3165,2537613057.24,N/A,3112764910.2,215234356,0,264017380,31.5036,5.659,2.2751,58.3808,
600693.SH,东百集团,2009-03-09,4.3305,4.2975,4.2975,3.8971,4.0036,7787191,86624630,-0.3269,-7.5488,11.124,3.618,2346054480.4,N/A,2877789442,215234356,0,264017380,29.1255,5.2318,2.1033,53.9738,
600693.SH,东百集团,2009-03-10,4.0036,3.9485,4.0147,3.8641,4.0073,4767126,51042576,0.0037,0.0917,10.7072,2.2149,2348206823.96,N/A,2880429615.8,215234356,0,264017380,29.1522,5.2366,2.1052,54.0233,
600693.SH,东百集团,2009-03-11,4.0073,4.0587,4.0771,3.8751,3.9963,8275620,89404178,-0.011,-0.275,10.8033,3.8449,2341749793.28,N/A,2872509094.4,215234356,0,264017380,29.072,5.2222,2.0995,53.8747,
600693.SH,东百集团,2009-03-12,3.9963,3.9412,4.0293,3.842,3.9926,4987783,53364928,-0.0037,-0.0919,10.6991,2.3174,2339597449.72,N/A,2869868920.6,215234356,0,264017380,29.0453,5.2174,2.0975,53.8252,
600693.SH,东百集团,2009-03-13,3.9926,3.9926,4.1359,3.8934,3.9155,5171763,56737115,-0.0771,-1.9319,10.9706,2.4029,2294398234.96,N/A,2814425270.8,215234356,0,264017380,28.4842,5.1166,2.057,52.7854,
600693.SH,东百集团,2009-03-16,3.9155,3.8861,3.9926,3.8567,3.9412,2502295,26875838,0.0257,0.6567,10.7405,1.1626,2309464639.88,N/A,2832906487.4,215234356,0,264017380,28.6712,5.1502,2.0705,53.132,
600693.SH,东百集团,2009-03-17,3.9412,3.9375,4.1763,3.9375,4.1248,5653153,62623390,0.1837,4.6598,11.0776,2.6265,2417081817.88,N/A,2964915177.4,215234356,0,264017380,30.0073,5.3902,2.167,55.6078,
600693.SH,东百集团,2009-03-18,4.1248,4.1212,4.1726,4.0808,4.1065,4879662,54717758,-0.0184,-0.4452,11.2134,2.2671,2406320100.08,N/A,2951714308.4,215234356,0,264017380,29.8737,5.3662,2.1573,55.3603,
600693.SH,东百集团,2009-03-19,4.1065,4.1102,4.1726,4.0404,4.1542,5565419,62504799,0.0477,1.1628,11.2309,2.5857,2434300566.36,N/A,2986036567.8,215234356,0,264017380,30.221,5.4286,2.1824,56.004,
600693.SH,东百集团,2009-03-20,4.1542,4.1395,4.1616,3.9816,4.0367,6744059,74578582,-0.1175,-2.8294,11.0584,3.1334,2365425572.44,N/A,2901551006.2,215234356,0,264017380,29.366,5.275,2.1207,54.4194,
600693.SH,东百集团,2009-03-23,4.0367,4.044,4.1506,4.0147,4.1028,5963643,66276497,0.0661,1.6379,11.1134,2.7708,2404167756.52,N/A,2949074134.6,215234356,0,264017380,29.8469,5.3614,2.1554,55.3107,
600693.SH,东百集团,2009-03-24,4.1028,4.1506,4.1689,4.0404,4.1028,5913469,65978726,0,0,11.1574,2.7475,2404167756.52,N/A,2949074134.6,215234356,0,264017380,29.8469,5.3614,2.1554,55.3107,
600693.SH,东百集团,2009-03-25,4.1028,4.1138,4.2607,4.044,4.1432,7970866,89927768,0.0404,0.9848,11.2821,3.7033,2427843535.68,N/A,2978116046.4,215234356,0,264017380,30.1409,5.4142,2.1766,55.8554,
600693.SH,东百集团,2009-03-26,4.1432,4.1395,4.224,4.0587,4.1726,6210786,70032281,0.0294,0.7092,11.2759,2.8856,2445062284.16,N/A,2999237436.8,215234356,0,264017380,30.3546,5.4526,2.1921,56.2516,
600693.SH,东百集团,2009-03-27,4.1726,4.1946,4.2167,4.0955,4.1322,6380285,71706260,-0.0404,-0.9683,11.2387,2.9643,2421386505,N/A,2970195525,215234356,0,264017380,30.0607,5.3998,2.1709,55.7069,
600693.SH,东百集团,2009-03-30,4.1322,4.1359,4.1983,4.0514,4.1763,5099562,57324756,0.0441,1.0667,11.2411,2.3693,2447214627.72,N/A,3001877610.6,215234356,0,264017380,30.3814,5.4574,2.194,56.3011,
600693.SH,东百集团,2009-03-31,4.1763,4.0955,4.3746,4.0624,4.3562,7392310,85825706,0.18,4.3096,11.6101,3.4345,2552679462.16,N/A,3131246126.8,215234356,0,264017380,31.6907,5.6926,2.2886,58.7274,
600693.SH,东百集团,2009-04-01,4.3562,4.3342,4.4591,4.3158,4.3599,7172805,85448029,0.0037,0.0843,11.9128,3.3326,2554831805.72,N/A,3133886300.6,215234356,0,264017380,31.7174,5.6974,2.2905,58.777,
600693.SH,东百集团,2009-04-02,4.3599,4.3636,4.3893,4.2791,4.3562,5176626,61057618,-0.0037,-0.0842,11.7949,2.4051,2552679462.16,N/A,3131246126.8,215234356,0,264017380,31.6907,5.6926,2.2886,58.7274,
600693.SH,东百集团,2009-04-03,4.3562,4.393,4.4003,4.2534,4.3085,4224132,49471305,-0.0477,-1.0961,11.7116,1.9626,2524698995.88,N/A,3096923867.4,215234356,0,264017380,31.3433,5.6302,2.2635,58.0837,
600693.SH,东百集团,2009-04-07,4.3085,4.2828,4.3342,4.1726,4.224,3808188,43824376,-0.0845,-1.9608,11.5079,1.7693,2475195094,N/A,3036199870,215234356,0,264017380,30.7287,5.5198,2.2191,56.9448,
600693.SH,东百集团,2009-04-08,4.224,4.224,4.224,3.9669,4.0036,4852726,53854107,-0.2204,-5.2174,11.0977,2.2546,2346054480.4,N/A,2877789442,215234356,0,264017380,29.1255,5.2318,2.1033,53.9738,
600693.SH,东百集团,2009-04-09,4.0036,4.0367,4.1028,3.9485,4.0918,3791602,41398543,0.0882,2.2018,10.9185,1.7616,2397710725.84,N/A,2941153613.2,215234356,0,264017380,29.7668,5.347,2.1496,55.1622,
600693.SH,东百集团,2009-04-10,4.0918,4.1065,4.202,4.044,4.1395,5245861,58836807,0.0477,1.167,11.2159,2.4373,2425691192.12,N/A,2975475872.6,215234356,0,264017380,30.1141,5.4094,2.1747,55.8059,
600693.SH,东百集团,2009-04-13,4.1395,4.1542,4.2056,4.0624,4.1138,4630497,52329164,-0.0257,-0.6211,11.301,2.1514,2410624787.2,N/A,2956994656,215234356,0,264017380,29.9271,5.3758,2.1612,55.4593,
600693.SH,东百集团,2009-04-14,4.1138,4.1028,4.1212,3.9853,4.1102,10207589,112632849,-0.0037,-0.0893,11.0342,4.7425,2408472443.64,N/A,2954354482.2,215234356,0,264017380,29.9004,5.371,2.1593,55.4098,
600693.SH,东百集团,2009-04-15,4.1102,4.0771,4.2975,4.0697,4.2865,10222146,117248802,0.1763,4.2895,11.4701,4.7493,2511784934.52,N/A,3081082824.6,215234356,0,264017380,31.183,5.6014,2.2519,57.7866,
600693.SH,东百集团,2009-04-16,4.2865,4.2865,4.4224,4.2791,4.4077,9948415,117869068,0.1212,2.8278,11.848,4.6221,2582812272,N/A,3168208560,215234356,0,264017380,32.0648,5.7598,2.3156,59.4207,
600693.SH,东百集团,2009-04-17,4.4077,4.426,4.5509,4.2607,4.4113,8823415,106407476,0.0037,0.0833,12.0597,4.0994,2584964615.56,N/A,3170848733.8,215234356,0,264017380,32.0915,5.7646,2.3175,59.4702,
600693.SH,东百集团,2009-04-20,4.4113,4.426,4.5289,4.3562,4.5142,7046086,85703005,0.1028,2.3314,12.1632,3.2737,2645230235.24,N/A,3244773600.2,215234356,0,264017380,32.8397,5.8989,2.3715,60.8567,
600693.SH,东百集团,2009-04-21,4.5142,4.4811,4.4995,4.3158,4.4077,5992359,72058101,-0.1065,-2.3596,12.025,2.7841,2582812272,N/A,3168208560,215234356,0,264017380,32.0648,5.7598,2.3156,59.4207,
600693.SH,东百集团,2009-04-22,4.4077,4.4407,4.4664,4.1285,4.1469,5308961,61950324,-0.2608,-5.9167,11.669,2.4666,2429995879.24,N/A,2980756220.2,215234356,0,264017380,30.1676,5.419,2.1786,55.905,
600693.SH,东百集团,2009-04-23,4.1469,4.0991,4.1689,3.9632,4.1285,3603010,39928451,-0.0184,-0.4429,11.082,1.674,2419234161.44,N/A,2967555351.2,215234356,0,264017380,30.034,5.395,2.1689,55.6574,
600693.SH,东百集团,2009-04-24,4.1285,4.1359,4.1836,4.0404,4.0771,2386304,26599950,-0.0514,-1.2456,11.1469,1.1087,2389101351.6,N/A,2930592918,215234356,0,264017380,29.6599,5.3278,2.1419,54.9641,
600693.SH,东百集团,2009-04-27,4.0771,4.0955,4.393,4.0881,4.3342,9350802,109071624,0.2571,6.3063,11.6644,4.3445,2539765400.8,N/A,3115405084,215234356,0,264017380,31.5303,5.6638,2.277,58.4303,
600693.SH,东百集团,2009-04-28,4.3342,4.3342,4.3783,4.2056,4.2607,3126264,36435958,-0.0735,-1.6949,11.6548,1.4525,2496718529.6,N/A,3062601608,215234356,0,264017380,30.9959,5.5678,2.2384,57.44,
600693.SH,东百集团,2009-04-29,4.2607,4.2901,4.3452,4.2203,4.3269,4620328,53943283,0.0661,1.5517,11.6752,2.1466,2535460713.68,N/A,3110124736.4,215234356,0,264017380,31.4769,5.6542,2.2731,58.3313,
600693.SH,东百集团,2009-04-30,4.3269,4.3709,4.4775,4.3416,4.3562,5219211,62699350,0.0294,0.6791,12.0132,2.4249,2552679462.16,N/A,3131246126.8,215234356,0,264017380,31.6907,5.6926,2.2886,58.7274,
600693.SH,东百集团,2009-05-04,4.3562,4.3636,4.5619,4.3342,4.5362,7210462,88136949,0.18,4.1315,12.2235,3.3501,2658144296.6,N/A,3260614643,215234356,0,264017380,33,5.9277,2.3831,61.1538,
600693.SH,东百集团,2009-05-05,4.5362,4.7933,4.8852,4.5766,4.6244,14179601,181209566,0.0882,1.9433,12.7796,6.588,2709800542.04,N/A,3323978814.2,215234356,0,264017380,33.6413,6.0429,2.4294,62.3422,
600693.SH,东百集团,2009-05-06,4.6244,4.6281,4.6795,4.5179,4.5913,6525272,81244681,-0.0331,-0.7149,12.4508,3.0317,2690429450,N/A,3300217250,215234356,0,264017380,33.4008,5.9997,2.4121,61.8965,
600693.SH,东百集团,2009-05-07,4.5913,4.595,4.6427,4.4407,4.4811,7564165,92928819,-0.1102,-2.4,12.2854,3.5144,2625859143.2,N/A,3221012036,215234356,0,264017380,32.5992,5.8557,2.3542,60.411,
600693.SH,东百集团,2009-05-08,4.4811,4.4775,4.5436,4.3783,4.4811,4484765,54517607,0,0,12.1562,2.0837,2625859143.2,N/A,3221012036,215234356,0,264017380,32.5992,5.8557,2.3542,60.411,
600693.SH,东百集团,2009-05-11,4.4811,4.5179,4.5179,4.2791,4.2975,5787499,69268883,-0.1837,-4.0984,11.9687,2.6889,2518241965.2,N/A,3089003346,215234356,0,264017380,31.2631,5.6158,2.2577,57.9352,
600693.SH,东百集团,2009-05-12,4.2975,4.2901,4.3746,4.2644,4.3746,3867391,45434891,0.0771,1.7949,11.7482,1.7968,2563441179.96,N/A,3144446995.8,215234356,0,264017380,31.8243,5.7166,2.2982,58.975,
600693.SH,东百集团,2009-05-13,4.3746,4.404,4.4077,4.2754,4.3489,5839457,68748760,-0.0257,-0.5877,11.7731,2.7131,2548374775.04,N/A,3125965779.2,215234356,0,264017380,31.6372,5.683,2.2847,58.6284,
600693.SH,东百集团,2009-05-14,4.3489,4.3122,4.3673,4.2718,4.3342,5097970,59950369,-0.0147,-0.3378,11.7597,2.3686,2539765400.8,N/A,3115405084,215234356,0,264017380,31.5303,5.6638,2.277,58.4303,
600693.SH,东百集团,2009-05-15,4.3342,4.382,4.4481,4.3342,4.3893,6756587,80690279,0.0551,1.2712,11.9425,3.1392,2572050554.2,N/A,3155007691,215234356,0,264017380,31.9312,5.7358,2.3059,59.1731,
600693.SH,东百集团,2009-05-18,4.3893,4.4187,4.4224,4.3011,4.3746,3341389,39681712,-0.0147,-0.3347,11.8758,1.5524,2563441179.96,N/A,3144446995.8,215234356,0,264017380,31.8243,5.7166,2.2982,58.975,
600693.SH,东百集团,2009-05-19,4.3746,4.4003,4.4811,4.3709,4.3966,5870507,70486218,0.022,0.5038,12.0068,2.7275,2576355241.32,N/A,3160288038.6,215234356,0,264017380,31.9846,5.7454,2.3098,59.2721,
600693.SH,东百集团,2009-05-20,4.3966,4.404,4.4297,4.3011,4.3048,4868910,57679262,-0.0918,-2.0886,11.8464,2.2621,2522546652.32,N/A,3094283693.6,215234356,0,264017380,31.3166,5.6254,2.2615,58.0342,
600693.SH,东百集团,2009-05-21,4.3048,4.3011,4.3269,4.1359,4.1616,5049678,57935319,-0.1432,-3.3276,11.4731,2.3461,2438605253.48,N/A,2991316915.4,215234356,0,264017380,30.2745,5.4382,2.1863,56.103,
600693.SH,东百集团,2009-05-22,4.1616,4.1616,4.1616,4.1616,4.1616,N/A,N/A,0,0,N/A,N/A,2438605253.48,N/A,2991316915.4,215234356,0,264017380,30.2745,5.4382,2.1863,56.103,
600693.SH,东百集团,2009-05-25,4.1616,4.0367,4.2056,3.9485,4.1799,3107572,34807372,0.0184,0.4413,11.2008,1.4438,2449366971.28,N/A,3004517784.4,215234356,0,264017380,30.4081,5.4622,2.1959,56.3506,
600693.SH,东百集团,2009-05-26,4.1799,4.1983,4.2571,4.1432,4.1983,2433396,27932021,0.0184,0.4394,11.4786,1.1306,2460128689.08,N/A,3017718653.4,215234356,0,264017380,30.5417,5.4862,2.2056,56.5982,
600693.SH,东百集团,2009-05-27,4.1983,4.2461,4.2901,4.1946,4.2644,2274148,26267290,0.0661,1.5748,11.5504,1.0566,2498870873.16,N/A,3065241781.8,215234356,0,264017380,31.0227,5.5726,2.2403,57.4895,
600693.SH,东百集团,2009-06-01,4.2644,4.2571,4.3158,4.1873,4.2461,5967672,68766777,-0.0184,-0.4307,11.5232,2.7726,2488109155.36,N/A,3052040912.8,215234356,0,264017380,30.889,5.5486,2.2307,57.2419,
600693.SH,东百集团,2009-06-02,4.2461,4.2644,4.3379,4.2461,4.2938,4332046,50496615,0.0477,1.1246,11.6565,2.0127,2516089621.64,N/A,3086363172.2,215234356,0,264017380,31.2364,5.611,2.2558,57.8856,
600693.SH,东百集团,2009-06-03,4.2938,4.2975,4.3562,4.2791,4.3122,3557655,41769637,0.0184,0.4277,11.7408,1.6529,2526851339.44,N/A,3099564041.2,215234356,0,264017380,31.37,5.635,2.2654,58.1332,
600693.SH,东百集团,2009-06-04,4.3122,4.3158,4.3158,4.1322,4.1689,5450083,62264551,-0.1432,-3.322,11.4245,2.5322,2442909940.6,N/A,2996597263,215234356,0,264017380,30.3279,5.4478,2.1902,56.2021,
600693.SH,东百集团,2009-06-05,4.1689,4.1763,4.2938,4.1248,4.1873,4193926,47884661,0.0184,0.4405,11.4176,1.9485,2453671658.4,N/A,3009798132,215234356,0,264017380,30.4615,5.4718,2.1998,56.4496,
600693.SH,东百集团,2009-06-08,4.1873,4.1679,4.1921,4.1098,4.1631,1542807,13224787,-0.0242,-0.578,8.5719,0.5514,2406320101.8,N/A,2951714308.4,279804663,0,343222594,29.8737,5.3662,2.1573,55.3603,
600693.SH,东百集团,2009-06-09,4.1631,4.1292,4.2357,4.0711,4.1824,3581041,30797154,0.0194,0.4651,8.6001,1.2798,2417512288.32,N/A,2965443212.16,279804663,0,343222594,30.0126,5.3911,2.1674,55.6178,
600693.SH,东百集团,2009-06-10,4.1824,4.1679,4.3325,4.134,4.3035,6928883,60821172,0.121,2.8935,8.7779,2.4763,2487463454.07,N/A,3051248860.66,279804663,0,343222594,30.881,5.5471,2.2301,57.2271,
600693.SH,东百集团,2009-06-11,4.3035,4.3035,4.3664,4.2744,4.2841,5632565,50250991,-0.0194,-0.4499,8.9215,2.013,2476271267.55,N/A,3037519956.9,279804663,0,343222594,30.7421,5.5222,2.2201,56.9696,
600693.SH,东百集团,2009-06-12,4.2841,4.2647,4.2986,4.105,4.1244,3674283,31679741,-0.1597,-3.7288,8.622,1.3132,2383935728.76,N/A,2924256500.88,279804663,0,343222594,29.5958,5.3163,2.1373,54.8453,
600693.SH,东百集团,2009-06-15,4.1244,4.1244,4.2115,4.105,4.1582,4015693,34561459,0.0339,0.8216,8.6066,1.4352,2403522055.17,N/A,2948282082.46,279804663,0,343222594,29.8389,5.3599,2.1548,55.2959,
600693.SH,东百集团,2009-06-16,4.1582,4.1534,4.2066,4.1147,4.197,3759786,32302463,0.0387,0.9313,8.5916,1.3437,2425906428.21,N/A,2975739889.98,279804663,0,343222594,30.1168,5.4098,2.1749,55.8109,
600693.SH,东百集团,2009-06-17,4.197,4.197,4.3373,4.197,4.2793,5973577,52900957,0.0823,1.9608,8.8558,2.1349,2473473220.92,N/A,3034087730.96,279804663,0,343222594,30.7073,5.5159,2.2176,56.9052,
600693.SH,东百集团,2009-06-18,4.2793,4.2793,4.2793,4.1582,4.2115,6152730,53500132,-0.0678,-1.5837,8.6953,2.1989,2434300568.1,N/A,2986036567.8,279804663,0,343222594,30.221,5.4286,2.1824,56.004,
600693.SH,东百集团,2009-06-19,4.2115,4.2163,4.3664,4.2163,4.3373,9020225,80123798,0.1259,2.9885,8.8827,3.2238,2507049780.48,N/A,3075274442.24,279804663,0,343222594,31.1242,5.5908,2.2477,57.6777,
600693.SH,东百集团,2009-06-22,4.3373,4.3422,4.4777,4.2986,4.3519,12625371,114437567,0.0145,0.3348,9.0641,4.5122,2515443920.37,N/A,3085571120.06,279804663,0,343222594,31.2284,5.6095,2.2552,57.8708,
600693.SH,东百集团,2009-06-23,4.3519,4.3035,4.3954,4.2647,4.3277,5748028,51655924,-0.0242,-0.5562,8.9867,2.0543,2501453687.22,N/A,3068409990.36,279804663,0,343222594,31.0547,5.5783,2.2426,57.5489,
600693.SH,东百集团,2009-06-24,4.3277,4.3131,4.3906,4.2793,4.3664,5251979,47075366,0.0387,0.8949,8.9634,1.877,2523838060.26,N/A,3095867797.88,279804663,0,343222594,31.3326,5.6282,2.2627,58.0639,
600693.SH,东百集团,2009-06-25,4.3664,4.347,4.4681,4.3131,4.3712,5752804,52154910,0.0048,0.1109,9.066,2.056,2526636106.89,N/A,3099300023.82,279804663,0,343222594,31.3673,5.6345,2.2652,58.1283,
600693.SH,东百集团,2009-06-26,4.3712,4.4051,4.4438,4.2647,4.2938,4052663,36185767,-0.0775,-1.7719,8.9289,1.4484,2481867360.81,N/A,3044384408.78,279804663,0,343222594,30.8116,5.5346,2.2251,57.0983,
600693.SH,东百集团,2009-06-29,4.2938,4.2938,4.3277,4.2115,4.2551,4886831,42958419,-0.0387,-0.9019,8.7906,1.7465,2459482987.77,N/A,3016926601.26,279804663,0,343222594,30.5337,5.4847,2.205,56.5833,
600693.SH,东百集团,2009-06-30,4.2551,4.2551,4.2744,4.1776,4.2454,4375282,38137096,-0.0097,-0.2275,8.7165,1.5637,2453886894.51,N/A,3010062149.38,279804663,0,343222594,30.4642,5.4722,2.2,56.4546,
600693.SH,东百集团,2009-07-01,4.2454,4.2454,4.3228,4.2115,4.2502,5683371,50026928,0.0048,0.114,8.8023,2.0312,2456684941.14,N/A,3013494375.32,279804663,0,343222594,30.4989,5.4785,2.2025,56.519,
600693.SH,东百集团,2009-07-02,4.2502,4.2889,4.2889,4.1921,4.2066,4521460,39365144,-0.0436,-1.0251,8.7063,1.6159,2431502521.47,N/A,2982604341.86,279804663,0,343222594,30.1863,5.4223,2.1799,55.9396,
600693.SH,东百集团,2009-07-03,4.2066,4.1776,4.2599,4.1776,4.2163,5652949,49322566,0.0097,0.2301,8.7251,2.0203,2437098614.73,N/A,2989468793.74,279804663,0,343222594,30.2558,5.4348,2.1849,56.0684,
600693.SH,东百集团,2009-07-06,4.2163,4.2163,4.2163,4.2163,4.2163,N/A,N/A,0,0,N/A,N/A,2437098614.73,N/A,2989468793.74,279804663,0,343222594,30.2558,5.4348,2.1849,56.0684,
600693.SH,东百集团,2009-07-07,4.2163,4.2115,4.2986,4.2115,4.2405,5902897,51810565,0.0242,0.5741,8.7771,2.1096,2451088847.88,N/A,3006629923.44,279804663,0,343222594,30.4295,5.466,2.1975,56.3902,
600693.SH,东百集团,2009-07-08,4.2405,4.2502,4.3761,4.2115,4.3712,7971223,70493329,0.1307,3.0822,8.8435,2.8489,2526636106.89,N/A,3099300023.82,279804663,0,343222594,31.3673,5.6345,2.2652,58.1283,
600693.SH,东百集团,2009-07-09,4.3712,4.41,4.4487,4.3567,4.3809,16694746,151085106,0.0097,0.2215,9.0499,5.9666,2532232200.15,N/A,3106164475.7,279804663,0,343222594,31.4368,5.647,2.2702,58.257,
600693.SH,东百集团,2009-07-10,4.3809,4.3858,4.3906,4.3083,4.347,12113405,108692064,-0.0339,-0.7735,8.9729,4.3292,2512645873.74,N/A,3082138894.12,279804663,0,343222594,31.1937,5.6033,2.2527,57.8064,
600693.SH,东百集团,2009-07-13,4.347,4.3373,4.5649,4.318,4.4777,19467235,179670150,0.1307,3.0067,9.2294,6.9574,2588193132.75,N/A,3174808994.5,279804663,0,343222594,32.1316,5.7718,2.3204,59.5445,
600693.SH,东百集团,2009-07-14,4.4777,4.531,4.5794,4.4874,4.531,12522660,117326451,0.0532,1.1892,9.3691,4.4755,2618971645.68,N/A,3212563479.84,279804663,0,343222594,32.5137,5.8404,2.348,60.2526,
600693.SH,东百集团,2009-07-15,4.531,4.5649,4.5649,4.4923,4.5552,10185401,95359598,0.0242,0.5342,9.3624,3.6402,2632961878.83,N/A,3229724609.54,279804663,0,343222594,32.6873,5.8716,2.3605,60.5744,
600693.SH,东百集团,2009-07-16,4.5552,4.5697,4.5842,4.4632,4.5068,13393621,124946052,-0.0484,-1.0627,9.3288,4.7868,2604981412.53,N/A,3195402350.14,279804663,0,343222594,32.34,5.8092,2.3355,59.9307,
600693.SH,东百集团,2009-07-17,4.5068,4.4874,4.5019,4.4003,4.4148,11451343,104679123,-0.092,-2.0408,9.1412,4.0926,2551818526.56,N/A,3130190057.28,279804663,0,343222594,31.68,5.6906,2.2878,58.7076,
600693.SH,东百集团,2009-07-20,4.4148,4.4293,4.5019,4.4196,4.4584,8866637,81562644,0.0436,0.9868,9.1988,3.1689,2577000946.23,N/A,3161080090.74,279804663,0,343222594,31.9926,5.7468,2.3104,59.287,
600693.SH,东百集团,2009-07-21,4.4584,4.4729,4.4923,4.3083,4.3325,8987452,81442963,-0.1259,-2.823,9.0619,3.212,2504251733.85,N/A,3071842216.3,279804663,0,343222594,31.0895,5.5846,2.2451,57.6133,
600693.SH,东百集团,2009-07-22,4.3325,4.3277,4.3858,4.2696,4.3761,7967507,71293354,0.0436,1.0056,8.948,2.8475,2529434153.52,N/A,3102732249.76,279804663,0,343222594,31.4021,5.6407,2.2677,58.1926,
600693.SH,东百集团,2009-07-23,4.3761,4.3858,4.3954,4.3035,4.347,7796414,69916221,-0.029,-0.6637,8.9677,2.7864,2512645873.74,N/A,3082138894.12,279804663,0,343222594,31.1937,5.6033,2.2527,57.8064,
600693.SH,东百集团,2009-07-24,4.347,4.3519,4.3616,4.1582,4.2454,11348251,100296276,-0.1017,-2.3385,8.838,4.0558,2453886894.51,N/A,3010062149.38,279804663,0,343222594,30.4642,5.4722,2.2,56.4546,
600693.SH,东百集团,2009-07-27,4.2454,4.2551,4.3083,4.2115,4.2889,8920994,78759115,0.0436,1.0262,8.8285,3.1883,2479069314.18,N/A,3040952182.84,279804663,0,343222594,30.7768,5.5284,2.2226,57.0339,
600693.SH,东百集团,2009-07-28,4.2889,4.3035,4.3761,4.226,4.3712,9982691,88589603,0.0823,1.9187,8.8743,3.5677,2526636106.89,N/A,3099300023.82,279804663,0,343222594,31.3673,5.6345,2.2652,58.1283,
600693.SH,东百集团,2009-07-29,4.3712,4.3712,4.41,3.9694,4.0953,12812926,112987395,-0.2759,-6.3123,8.8182,4.5792,2367147448.98,N/A,2903663145.24,279804663,0,343222594,29.3873,5.2788,2.1222,54.459,
600693.SH,东百集团,2009-07-30,4.0953,4.1486,4.1873,3.9937,4.1002,6310373,53077994,0.0048,0.1182,8.4112,2.2553,2369945495.61,N/A,2907095371.18,279804663,0,343222594,29.4221,5.2851,2.1247,54.5234,
600693.SH,东百集团,2009-07-31,4.1002,4.1389,4.197,4.0808,4.1679,9427091,80917049,0.0678,1.6529,8.5835,3.3692,2409118148.43,N/A,2955146534.34,279804663,0,343222594,29.9084,5.3724,2.1599,55.4246,
600693.SH,东百集团,2009-08-03,4.1679,4.197,4.2889,4.1147,4.2696,14090317,121858917,0.1017,2.439,8.6484,5.0358,2467877127.66,N/A,3027223279.08,279804663,0,343222594,30.6379,5.5034,2.2125,56.7765,
600693.SH,东百集团,2009-08-04,4.2696,4.2599,4.3325,4.134,4.2938,11131698,96952049,0.0242,0.5669,8.7095,3.9784,2481867360.81,N/A,3044384408.78,279804663,0,343222594,30.8116,5.5346,2.2251,57.0983,
600693.SH,东百集团,2009-08-05,4.2938,4.2599,4.4874,4.2502,4.4584,24257359,220231244,0.1646,3.8331,9.0789,8.6694,2577000946.23,N/A,3161080090.74,279804663,0,343222594,31.9926,5.7468,2.3104,59.287,
600693.SH,东百集团,2009-08-06,4.4584,4.439,4.5842,4.3809,4.4777,27076169,251769178,0.0194,0.4343,9.2986,9.6768,2588193132.75,N/A,3174808994.5,279804663,0,343222594,32.1316,5.7718,2.3204,59.5445,
600693.SH,东百集团,2009-08-07,4.4777,4.4777,4.4826,4.2647,4.2938,12235933,110815901,-0.184,-4.1081,9.0566,4.373,2481867360.81,N/A,3044384408.78,279804663,0,343222594,30.8116,5.5346,2.2251,57.0983,
600693.SH,东百集团,2009-08-10,4.2938,4.3083,4.4729,4.2938,4.4196,13266055,120497018,0.1259,2.9312,9.0831,4.7412,2554616573.19,N/A,3133622283.22,279804663,0,343222594,31.7147,5.6969,2.2903,58.772,
600693.SH,东百集团,2009-08-11,4.4196,4.4051,4.4342,4.3373,4.3519,6663334,60194644,-0.0678,-1.5334,9.0337,2.3814,2515443920.37,N/A,3085571120.06,279804663,0,343222594,31.2284,5.6095,2.2552,57.8708,
600693.SH,东百集团,2009-08-12,4.3519,4.3616,4.3616,4.0711,4.0905,7133004,61966430,-0.2614,-6.0067,8.6873,2.5493,2364349402.35,N/A,2900230919.3,279804663,0,343222594,29.3526,5.2726,2.1197,54.3947,
600693.SH,东百集团,2009-08-13,4.0905,4.0953,4.1534,4.0082,4.0663,6680750,55928514,-0.0242,-0.5917,8.3716,2.3876,2350359169.2,N/A,2883069789.6,279804663,0,343222594,29.1789,5.2414,2.1072,54.0728,
600693.SH,东百集团,2009-08-14,4.0663,4.0517,4.0759,3.7758,3.8339,5938115,48383722,-0.2324,-5.7143,8.148,2.1222,2216052930.96,N/A,2718322944.48,279804663,0,343222594,27.5116,4.9419,1.9868,50.9829,
600693.SH,东百集团,2009-08-17,3.8339,3.7807,3.8775,3.5338,3.5435,5868340,45068484,-0.2904,-7.5758,7.6799,2.0973,2048170133.16,N/A,2512389388.08,279804663,0,343222594,25.4274,4.5675,1.8363,47.1206,
600693.SH,东百集团,2009-08-18,3.5435,3.4951,3.6258,3.4854,3.6161,4137366,30531042,0.0726,2.0492,7.3793,1.4787,2090140832.61,N/A,2563872777.18,279804663,0,343222594,25.9484,4.6611,1.8739,48.0862,
600693.SH,东百集团,2009-08-19,3.6161,3.5822,3.6258,3.437,3.4757,4896417,35554436,-0.1404,-3.8822,7.2613,1.7499,2008997480.34,N/A,2464338224.92,279804663,0,343222594,24.941,4.4801,1.8011,46.2194,
600693.SH,东百集团,2009-08-20,3.4757,3.4805,3.6258,3.4805,3.6161,6232103,45875511,0.1404,4.039,7.3612,2.2273,2090140832.61,N/A,2563872777.18,279804663,0,343222594,25.9484,4.6611,1.8739,48.0862,
600693.SH,东百集团,2009-08-21,3.6161,3.6209,3.6935,3.558,3.6887,4565742,34259486,0.0726,2.008,7.5036,1.6318,2132111532.06,N/A,2615356166.28,279804663,0,343222594,26.4695,4.7547,1.9115,49.0518,
600693.SH,东百集团,2009-08-24,3.6887,3.6838,3.7952,3.679,3.7468,7939852,61313232,0.0581,1.5748,7.7222,2.8376,2165688091.62,N/A,2656542877.56,279804663,0,343222594,26.8863,4.8296,1.9416,49.8242,
600693.SH,东百集团,2009-08-25,3.7468,3.7371,3.8484,3.679,3.7758,12632829,98569741,0.029,0.7752,7.8027,4.5149,2182476371.4,N/A,2677136233.2,279804663,0,343222594,27.0947,4.867,1.9567,50.2105,
600693.SH,东百集团,2009-08-26,3.7758,3.8145,3.8678,3.7419,3.8484,9239316,72848474,0.0726,1.9231,7.8846,3.3021,2224447070.85,N/A,2728619622.3,279804663,0,343222594,27.6158,4.9606,1.9943,51.1761,
600693.SH,东百集团,2009-08-27,3.8484,3.863,3.9065,3.6935,3.7807,7718010,60766103,-0.0678,-1.761,7.8733,2.7584,2185274418.03,N/A,2680568459.14,279804663,0,343222594,27.1295,4.8732,1.9592,50.2748,
600693.SH,东百集团,2009-08-28,3.7807,3.8,3.8,3.5822,3.6742,5221074,39697907,-0.1065,-2.8169,7.6034,1.866,2123717392.17,N/A,2605059488.46,279804663,0,343222594,26.3652,4.736,1.904,48.8587,
600693.SH,东百集团,2009-08-31,3.6742,3.6258,3.6306,3.4273,3.4418,5416918,39274252,-0.2324,-6.3241,7.2503,1.936,1989411153.93,N/A,2440312643.34,279804663,0,343222594,24.6979,4.4364,1.7836,45.7688,
600693.SH,东百集团,2009-09-01,3.4418,3.4418,3.5047,3.3934,3.4708,3145677,22473292,0.029,0.8439,7.1442,1.1242,2006199433.71,N/A,2460905998.98,279804663,0,343222594,24.9063,4.4739,1.7986,46.155,
600693.SH,东百集团,2009-09-02,3.4708,3.4757,3.5193,3.4224,3.5193,3586471,25802373,0.0484,1.3947,7.1944,1.2818,2034179900.01,N/A,2495228258.38,279804663,0,343222594,25.2537,4.5363,1.8237,46.7987,
600693.SH,东百集团,2009-09-03,3.5193,3.5241,3.679,3.4902,3.6596,4308853,32002371,0.1404,3.989,7.4271,1.54,2115323252.28,N/A,2594762810.64,279804663,0,343222594,26.261,4.7172,1.8965,48.6655,
600693.SH,东百集团,2009-09-04,3.6596,3.6306,3.7032,3.6064,3.6935,5161175,39052788,0.0339,0.9259,7.5666,1.8446,2134909578.69,N/A,2618788392.22,279804663,0,343222594,26.5042,4.7609,1.914,49.1161,
600693.SH,东百集团,2009-09-07,3.6935,3.7032,3.9114,3.679,3.8097,9019080,70708217,0.1162,3.1455,7.8398,3.2233,2202062697.81,N/A,2701161814.78,279804663,0,343222594,27.3379,4.9107,1.9742,50.6611,
600693.SH,东百集团,2009-09-08,3.8097,3.7758,4.0566,3.7274,3.9549,15600209,127650197,0.1452,3.8119,8.1826,5.5754,2286004096.71,N/A,2804128592.98,279804663,0,343222594,28.38,5.0979,2.0495,52.5923,
600693.SH,东百集团,2009-09-09,3.9549,3.9307,4.0275,3.8872,3.9501,8035766,65475844,-0.0048,-0.1224,8.1481,2.8719,2283206050.08,N/A,2800696367.04,279804663,0,343222594,28.3452,5.0916,2.047,52.5279,
600693.SH,东百集团,2009-09-10,3.9501,3.9452,3.9791,3.8049,3.8097,6237476,50188861,-0.1404,-3.5539,8.0463,2.2292,2202062697.81,N/A,2701161814.78,279804663,0,343222594,27.3379,4.9107,1.9742,50.6611,
600693.SH,东百集团,2009-09-11,3.8097,3.8049,3.8823,3.8049,3.8436,4393777,34926824,0.0339,0.8895,7.9492,1.5703,2221649024.22,N/A,2725187396.36,279804663,0,343222594,27.581,4.9543,1.9918,51.1117,
600693.SH,东百集团,2009-09-14,3.8436,3.8678,3.9937,3.8436,3.9501,6523562,52642683,0.1065,2.7708,8.0696,2.3315,2283206050.08,N/A,2800696367.04,279804663,0,343222594,28.3452,5.0916,2.047,52.5279,
600693.SH,东百集团,2009-09-15,3.9501,3.9501,3.9791,3.9162,3.9598,6144183,50211529,0.0097,0.2451,8.1722,2.1959,2288802143.34,N/A,2807560818.92,279804663,0,343222594,28.4147,5.1041,2.052,52.6566,
600693.SH,东百集团,2009-09-16,3.9598,3.9598,4.2551,3.9501,4.2115,16216628,137892567,0.2517,6.357,8.5032,5.7957,2434300568.1,N/A,2986036567.8,279804663,0,343222594,30.221,5.4286,2.1824,56.004,
600693.SH,东百集团,2009-09-17,4.2115,4.1631,4.3277,4.1437,4.3131,11571798,101507965,0.1017,2.4138,8.772,4.1357,2493059547.33,N/A,3058113312.54,279804663,0,343222594,30.9505,5.5596,2.2351,57.3558,
600693.SH,东百集团,2009-09-18,4.3131,4.3131,4.3567,4.0517,4.0711,8417546,73079252,-0.242,-5.6117,8.6818,3.0084,2353157215.83,N/A,2886502015.54,279804663,0,343222594,29.2137,5.2476,2.1097,54.1372,
600693.SH,东百集团,2009-09-21,4.0711,4.0227,4.347,4.0227,4.3422,9466546,82748490,0.2711,6.6587,8.7411,3.3726,2517804450.33,N/A,3078706668.18,280691689,0,343222594,31.1589,5.597,2.2502,57.742,
600693.SH,东百集团,2009-09-22,4.3422,4.347,4.5019,4.347,4.3809,18289865,167696051,0.0387,0.8919,9.1688,6.516,2540259785.45,N/A,3106164475.7,280691689,0,343222594,31.4368,5.647,2.2702,58.257,
600693.SH,东百集团,2009-09-23,4.3809,4.3761,4.4148,4.0905,4.1824,9076002,79393210,-0.1985,-4.5304,8.7476,3.2334,2425176192.96,N/A,2965443212.16,280691689,0,343222594,30.0126,5.3911,2.1674,55.6178,
600693.SH,东百集团,2009-09-24,4.1824,4.1776,4.2599,4.0372,4.105,3522416,30131276,-0.0775,-1.8519,8.5542,1.2549,2380265522.72,N/A,2910527597.12,280691689,0,343222594,29.4568,5.2913,2.1272,54.5878,
600693.SH,东百集团,2009-09-25,4.105,4.1147,4.1873,4.0517,4.0614,3898471,33116715,-0.0436,-1.0613,8.4948,1.3889,2355003270.71,N/A,2879637563.66,280691689,0,343222594,29.1442,5.2351,2.1047,54.0084,
600693.SH,东百集团,2009-09-28,4.0614,4.0663,4.1631,3.9694,3.9985,4216571,35142031,-0.0629,-1.5495,8.3343,1.5022,2318513351.14,N/A,2835018626.44,280691689,0,343222594,28.6926,5.154,2.0721,53.1716,
600693.SH,东百集团,2009-09-29,3.9985,4.0082,4.0421,3.8823,3.9743,4307765,35315344,-0.0242,-0.6053,8.1981,1.5347,2304478766.69,N/A,2817857496.74,280691689,0,343222594,28.5189,5.1228,2.0595,52.8497,
600693.SH,东百集团,2009-09-30,3.9743,3.9985,4.0179,3.8726,3.8823,2847118,23218830,-0.092,-2.3143,8.1552,1.0143,2251147345.78,N/A,2752645203.88,280691689,0,343222594,27.8589,5.0043,2.0119,51.6267,
600693.SH,东百集团,2009-10-09,3.8823,3.9452,4.0711,3.9259,4.0663,2652777,21988933,0.184,4.7382,8.289,0.9451,2357810187.6,N/A,2883069789.6,280691689,0,343222594,29.1789,5.2414,2.1072,54.0728,
600693.SH,东百集团,2009-10-12,4.0663,4.0759,4.1679,3.9937,4.1098,3466589,29281135,0.0436,1.0714,8.4467,1.235,2383072439.61,N/A,2913959823.06,280691689,0,343222594,29.4916,5.2975,2.1298,54.6522,
600693.SH,东百集团,2009-10-13,4.1098,4.1147,4.2066,4.1147,4.1921,3492587,30102685,0.0823,2.0024,8.619,1.2443,2430790026.74,N/A,2972307664.04,280691689,0,343222594,30.0821,5.4036,2.1724,55.7465,
600693.SH,东百集团,2009-10-14,4.1921,4.197,4.2502,4.105,4.1147,6729960,58134167,-0.0775,-1.8476,8.6381,2.3976,2385879356.5,N/A,2917392049,280691689,0,343222594,29.5263,5.3038,2.1323,54.7165,
600693.SH,东百集团,2009-10-15,4.1147,4.1292,4.1921,4.0372,4.1098,3951420,33625634,-0.0048,-0.1176,8.5098,1.4077,2383072439.61,N/A,2913959823.06,280691689,0,343222594,29.4916,5.2975,2.1298,54.6522,
600693.SH,东百集团,2009-10-16,4.1098,4.1002,4.3083,4.0759,4.2841,5260874,45364765,0.1743,4.2403,8.623,1.8743,2484121447.65,N/A,3037519956.9,280691689,0,343222594,30.7421,5.5222,2.2201,56.9696,
600693.SH,东百集团,2009-10-19,4.2841,4.2599,4.3228,4.2018,4.2551,6125019,54054544,-0.029,-0.678,8.8252,2.1821,2467279946.31,N/A,3016926601.26,280691689,0,343222594,30.5337,5.4847,2.205,56.5833,
600693.SH,东百集团,2009-10-20,4.2551,4.2599,4.3373,4.2115,4.2793,9240890,81737995,0.0242,0.5688,8.8453,3.2922,2481314530.76,N/A,3034087730.96,280691689,0,343222594,30.7073,5.5159,2.2176,56.9052,
600693.SH,东百集团,2009-10-21,4.2793,4.2841,4.3906,4.2551,4.3035,12552493,112004177,0.0242,0.5656,8.9229,4.472,2495349115.21,N/A,3051248860.66,280691689,0,343222594,30.881,5.5471,2.2301,57.2271,
600693.SH,东百集团,2009-10-22,4.3035,4.2889,4.3373,4.197,4.3083,5319105,46844246,0.0048,0.1125,8.8068,1.895,2498156032.1,N/A,3054681086.6,280691689,0,343222594,30.9158,5.5534,2.2326,57.2914,
600693.SH,东百集团,2009-10-23,4.3083,4.3277,4.347,4.226,4.2793,9270511,82148150,-0.029,-0.6742,8.8612,3.3027,2481314530.76,N/A,3034087730.96,280691689,0,343222594,30.7073,5.5159,2.2176,56.9052,
600693.SH,东百集团,2009-10-26,4.2793,4.2889,4.2889,4.1728,4.2357,5609960,48937834,-0.0436,-1.0181,8.7234,1.9986,2456052278.75,N/A,3003197697.5,280691689,0,343222594,30.3947,5.4598,2.195,56.3258,
600693.SH,东百集团,2009-10-27,4.2357,4.1873,4.3083,4.134,4.1728,7318067,63731416,-0.0629,-1.4857,8.7088,2.6072,2419562359.18,N/A,2958578760.28,280691689,0,343222594,29.9431,5.3786,2.1624,55.489,
600693.SH,东百集团,2009-10-28,4.1728,4.1728,4.2066,4.0421,4.1486,3246213,27652579,-0.0242,-0.58,8.5184,1.1565,2405527774.73,N/A,2941417630.58,280691689,0,343222594,29.7695,5.3474,2.1498,55.1671,
600693.SH,东百集团,2009-10-29,4.1486,4.1002,4.1389,4.0227,4.0856,3618698,30619750,-0.0629,-1.5169,8.4615,1.2892,2369037855.16,N/A,2896798693.36,280691689,0,343222594,29.3179,5.2663,2.1172,54.3303,
600693.SH,东百集团,2009-10-30,4.0856,4.105,4.1728,4.0759,4.0905,2897627,24633390,0.0048,0.1185,8.5012,1.0323,2371844772.05,N/A,2900230919.3,280691689,0,343222594,29.3526,5.2726,2.1197,54.3947,
600693.SH,东百集团,2009-11-02,4.0905,4.0421,4.226,3.9937,4.2066,4484354,38545592,0.1162,2.8402,8.5956,1.5976,2439210777.41,N/A,2982604341.86,280691689,0,343222594,30.1863,5.4223,2.1799,55.9396,
600693.SH,东百集团,2009-11-03,4.2066,4.2066,4.2744,4.197,4.2647,3902214,34179456,0.0581,1.3809,8.759,1.3902,2472893780.09,N/A,3023791053.14,280691689,0,343222594,30.6031,5.4972,2.21,56.7121,
600693.SH,东百集团,2009-11-04,4.2647,4.2696,4.3567,4.2599,4.2744,5469213,48691382,0.0097,0.227,8.9028,1.9485,2478507613.87,N/A,3030655505.02,280691689,0,343222594,30.6726,5.5097,2.215,56.8408,
600693.SH,东百集团,2009-11-05,4.2744,4.2841,4.2986,4.2115,4.2744,5328410,46809862,0,0,8.785,1.8983,2478507613.87,N/A,3030655505.02,280691689,0,343222594,30.6726,5.5097,2.215,56.8408,
600693.SH,东百集团,2009-11-06,4.2744,4.2696,4.4826,4.2696,4.4196,12862348,117175383,0.1452,3.3975,9.11,4.5824,2562715120.57,N/A,3133622283.22,280691689,0,343222594,31.7147,5.6969,2.2903,58.772,
600693.SH,东百集团,2009-11-09,4.4196,4.4245,4.4729,4.3616,4.4342,6253725,57119613,0.0145,0.3286,9.1337,2.228,2571135871.24,N/A,3143918961.04,280691689,0,343222594,31.8189,5.7156,2.2978,58.9651,
600693.SH,东百集团,2009-11-10,4.4342,4.4535,4.4584,4.3519,4.4148,6762052,61533691,-0.0194,-0.4367,9.0999,2.4091,2559908203.68,N/A,3130190057.28,280691689,0,343222594,31.68,5.6906,2.2878,58.7076,
600693.SH,东百集团,2009-11-11,4.4148,4.4148,4.4729,4.3083,4.3325,8455206,76133947,-0.0823,-1.864,9.0044,3.0123,2512190616.55,N/A,3071842216.3,280691689,0,343222594,31.0895,5.5846,2.2451,57.6133,
600693.SH,东百集团,2009-11-12,4.3325,4.3325,4.6133,4.3228,4.5988,18778234,174241500,0.2662,6.1453,9.2789,6.69,2666571045.5,N/A,3260614643,280691689,0,343222594,33,5.9277,2.3831,61.1538,
600693.SH,东百集团,2009-11-13,4.5988,4.5358,4.8553,4.5213,4.8408,32305334,316680790,0.242,5.2632,9.8027,11.5092,2806916890,N/A,3432225940,280691689,0,343222594,34.7368,6.2397,2.5085,64.3724,
600693.SH,东百集团,2009-11-16,4.8408,4.8456,5.0005,4.7972,4.8505,20746058,209238646,0.0097,0.2,10.0857,7.391,2812530723.78,N/A,3439090391.88,280691689,0,343222594,34.8063,6.2522,2.5136,64.5011,
600693.SH,东百集团,2009-11-17,4.8505,4.8553,4.9521,4.7827,4.9182,8967167,90452072,0.0678,1.3972,10.087,3.1947,2851827560.24,N/A,3487141555.04,280691689,0,343222594,35.2926,6.3396,2.5487,65.4024,
600693.SH,东百集团,2009-11-18,4.9182,4.8892,5.2571,4.8892,5.0925,13349370,140650596,0.1743,3.5433,10.5361,4.7559,2952876568.28,N/A,3610701688.88,280691689,0,343222594,36.5431,6.5642,2.639,67.7198,
600693.SH,东百集团,2009-11-19,5.0925,5.0925,5.2281,5.0393,5.1942,10707645,114169271,0.1017,1.9962,10.6624,3.8147,3011821822.97,N/A,3682778433.62,280691689,0,343222594,37.2726,6.6952,2.6917,69.0716,
600693.SH,东百集团,2009-11-20,5.1942,5.0925,5.1893,5.0925,5.17,7858584,83553374,-0.0242,-0.466,10.6321,2.7997,2997787238.52,N/A,3665617303.92,280691689,0,343222594,37.0989,6.664,2.6791,68.7497,
600693.SH,东百集团,2009-11-23,5.17,5.1554,5.3491,5.1554,5.3055,9537628,104040256,0.1355,2.6217,10.9084,3.3979,3076380911.44,N/A,3761719630.24,280691689,0,343222594,38.0716,6.8387,2.7494,70.5521,
600693.SH,东百集团,2009-11-24,5.3055,5.3055,5.383,4.9715,4.9812,12752405,135735777,-0.3243,-6.1131,10.6439,4.5432,2888317479.81,N/A,3531760492.26,280691689,0,343222594,35.7442,6.4207,2.5813,66.2392,
600693.SH,东百集团,2009-11-25,4.9812,4.9812,5.2087,4.9376,5.1942,7853082,82228450,0.213,4.276,10.4709,2.7978,3011821822.97,N/A,3682778433.62,280691689,0,343222594,37.2726,6.6952,2.6917,69.0716,
600693.SH,东百集团,2009-11-26,5.1942,5.2087,5.2184,4.7924,4.8505,8753650,90225387,-0.3437,-6.617,10.3072,3.1186,2812530723.78,N/A,3439090391.88,280691689,0,343222594,34.8063,6.2522,2.5136,64.5011,
600693.SH,东百集团,2009-11-27,4.8505,4.8311,4.9521,4.6956,4.7633,8771749,86810461,-0.0871,-1.7964,9.8966,3.125,2762006219.76,N/A,3377310324.96,280691689,0,343222594,34.181,6.1399,2.4684,63.3424,
600693.SH,东百集团,2009-11-30,4.7633,4.8166,5.0877,4.8166,5.0586,6830425,70470496,0.2953,6.1992,10.3171,2.4334,2933228150.05,N/A,3586676107.3,280691689,0,343222594,36.3,6.5205,2.6214,67.2692,
600693.SH,东百集团,2009-12-01,5.0586,5.0731,5.3152,4.986,5.2523,10923218,116929804,0.1936,3.8278,10.7047,3.8915,3045504825.65,N/A,3723965144.9,280691689,0,343222594,37.6894,6.7701,2.7218,69.8441,
600693.SH,东百集团,2009-12-02,5.2523,5.2523,5.5911,5.2232,5.4362,11298796,127400070,0.184,3.5023,11.2755,4.0253,3152167667.47,N/A,3854389730.62,280691689,0,343222594,39.0094,7.0072,2.8171,72.2902,
600693.SH,东百集团,2009-12-03,5.4362,5.4846,5.5911,5.3249,5.4798,8070276,90973771,0.0436,0.8014,11.2727,2.8751,3177429919.48,N/A,3885279764.08,280691689,0,343222594,39.3221,7.0634,2.8397,72.8696,
600693.SH,东百集团,2009-12-04,5.4798,5.4943,5.5185,5.0296,5.2377,9453091,103191326,-0.242,-4.417,10.9161,3.3678,3037084074.98,N/A,3713668467.08,280691689,0,343222594,37.5852,6.7514,2.7142,69.6509,
600693.SH,东百集团,2009-12-07,5.2377,5.2523,5.3781,5.1942,5.2716,4325979,47013605,0.0339,0.647,10.8677,1.5412,3056732493.21,N/A,3737694048.66,280691689,0,343222594,37.8284,6.7951,2.7318,70.1015,
600693.SH,东百集团,2009-12-08,5.2716,5.2958,5.4217,5.17,5.4168,8238618,90265237,0.1452,2.7548,10.9564,2.9351,3140939999.91,N/A,3840660826.86,280691689,0,343222594,38.8705,6.9823,2.8071,72.0327,
600693.SH,东百集团,2009-12-09,5.4168,5.2958,5.5427,5.2668,5.4943,8170180,91864384,0.0775,1.4298,11.2439,2.9107,3185850670.15,N/A,3895576441.9,280691689,0,343222594,39.4263,7.0821,2.8472,73.0627,
600693.SH,东百集团,2009-12-10,5.4943,5.4991,5.5475,5.3394,5.4314,3328856,37265194,-0.0629,-1.1454,11.1946,1.1859,3149360750.58,N/A,3850957504.68,280691689,0,343222594,38.9747,7.001,2.8146,72.2258,
600693.SH,东百集团,2009-12-11,5.4314,5.3781,5.4943,5.3539,5.3636,3329868,37236526,-0.0678,-1.2478,11.1826,1.1863,3110063914.12,N/A,3802906341.52,280691689,0,343222594,38.4884,6.9136,2.7795,71.3246,
600693.SH,东百集团,2009-12-14,5.3636,5.3781,5.4749,5.3588,5.4653,7560972,84721102,0.1017,1.8953,11.2051,2.6937,3169009168.81,N/A,3874983086.26,280691689,0,343222594,39.2179,7.0447,2.8321,72.6764,
600693.SH,东百集团,2009-12-15,5.4653,5.4701,5.9445,5.4701,5.7073,17382413,204587565,0.242,4.4287,11.7698,6.1927,3309355013.31,N/A,4046594383.26,280691689,0,343222594,40.9547,7.3566,2.9576,75.8951,
600693.SH,东百集团,2009-12-16,5.7073,5.5669,5.6831,5.5185,5.6056,6412405,74225488,-0.1017,-1.7812,11.5753,2.2845,3250409758.62,N/A,3974517638.52,280691689,0,343222594,40.2252,7.2256,2.9049,74.5432,
600693.SH,东百集团,2009-12-17,5.6056,5.6589,5.6637,5.2668,5.2813,6146681,69022060,-0.3243,-5.7858,11.2292,2.1898,3062346326.99,N/A,3744558500.54,280691689,0,343222594,37.8979,6.8075,2.7368,70.2303,
600693.SH,东百集团,2009-12-18,5.2813,5.2668,5.4314,5.1312,5.2668,4457324,48659532,-0.0145,-0.275,10.9168,1.588,3053925576.32,N/A,3734261822.72,280691689,0,343222594,37.7937,6.7888,2.7293,70.0372,
600693.SH,东百集团,2009-12-21,5.2668,5.2861,5.533,5.17,5.4701,10203613,114109572,0.2033,3.8603,11.1833,3.6352,3171816085.7,N/A,3878415312.2,280691689,0,343222594,39.2526,7.0509,2.8347,72.7408,
600693.SH,东百集团,2009-12-22,5.4701,5.4701,5.504,5.2813,5.3346,6433732,71988702,-0.1355,-2.4779,11.1893,2.2921,3093222412.78,N/A,3782312985.88,280691689,0,343222594,38.28,6.8762,2.7644,70.9384,
600693.SH,东百集团,2009-12-23,5.3346,5.3394,5.6782,5.2813,5.6589,9583982,109235859,0.3243,6.0799,11.3978,3.4144,3281285844.41,N/A,4012272123.86,280691689,0,343222594,40.6073,7.2942,2.9325,75.2513,
600693.SH,东百集团,2009-12-24,5.6589,5.6153,5.7896,5.5911,5.7121,8130748,96091197,0.0532,0.941,11.8182,2.8967,3312161930.2,N/A,4050026609.2,280691689,0,343222594,40.9894,7.3629,2.9601,75.9594,
600693.SH,东百集团,2009-12-25,5.7121,5.7121,5.9251,5.6153,5.8428,9090225,108436842,0.1307,2.2881,11.929,3.2385,3387948686.23,N/A,4142696709.58,280691689,0,343222594,41.9273,7.5314,3.0278,77.6975,
600693.SH,东百集团,2009-12-28,5.8428,5.8574,5.9348,5.7025,5.8428,9956333,119377690,0,0,11.9901,3.5471,3387948686.23,N/A,4142696709.58,280691689,0,343222594,41.9273,7.5314,3.0278,77.6975,
600693.SH,东百集团,2009-12-29,5.8428,5.8332,5.8477,5.6637,5.7315,5192058,61373452,-0.1113,-1.9056,11.8206,1.8497,3323389597.76,N/A,4063755512.96,280691689,0,343222594,41.1284,7.3878,2.9701,76.2169,
600693.SH,东百集团,2009-12-30,5.7315,5.7121,5.7654,5.5185,5.5863,7146443,82631665,-0.1452,-2.5338,11.5626,2.546,3239182091.06,N/A,3960788734.76,280691689,0,343222594,40.0863,7.2006,2.8949,74.2858,
600693.SH,东百集团,2009-12-31,5.5863,5.596,5.6976,5.5669,5.6395,5641840,65604441,0.0532,0.9532,11.6282,2.01,3270058176.85,N/A,3998543220.1,280691689,0,343222594,40.4684,7.2693,2.9225,74.9938,
600693.SH,东百集团,2010-01-04,5.6395,5.6637,5.8089,5.6637,5.7267,5961181,70861938,0.0871,1.5451,11.8872,2.1237,3320582680.87,N/A,4060323287.02,280691689,0,343222594,48.9867,6.8459,2.6039,20.7097,
600693.SH,东百集团,2010-01-05,5.7267,5.7363,5.746,5.5911,5.6928,4949786,57797947,-0.0339,-0.5917,11.6769,1.7634,3300934262.64,N/A,4036297705.44,280691689,0,343222594,48.6969,6.8054,2.5885,20.5871,
600693.SH,东百集团,2010-01-06,5.6928,5.717,5.717,5.5427,5.596,5715121,66363340,-0.0968,-1.7007,11.6119,2.0361,3244795924.84,N/A,3967653186.64,280691689,0,343222594,47.8687,6.6897,2.5445,20.237,
600693.SH,东百集团,2010-01-07,5.596,5.5911,5.5911,5.2813,5.3926,6551484,73283190,-0.2033,-3.6332,11.1857,2.334,3126905415.46,N/A,3823499697.16,280691689,0,343222594,46.1295,6.4466,2.452,19.5017,
600693.SH,东百集团,2010-01-08,5.3926,5.383,5.4653,5.32,5.4507,4008763,44800482,0.0581,1.0772,11.1756,1.4282,3160588418.14,N/A,3864686408.44,280691689,0,343222594,46.6264,6.5161,2.4784,19.7118,
600693.SH,东百集团,2010-01-11,5.4507,5.5088,5.5137,5.3152,5.3588,4583026,50688908,-0.092,-1.6874,11.0601,1.6328,3107256997.23,N/A,3799474115.58,280691689,0,343222594,45.8397,6.4061,2.4366,19.3792,
600693.SH,东百集团,2010-01-12,5.3588,5.3684,5.4701,5.2716,5.4604,4365776,48620236,0.1017,1.897,11.1367,1.5554,3166202251.92,N/A,3871550860.32,280691689,0,343222594,46.7092,6.5277,2.4828,19.7468,
600693.SH,东百集团,2010-01-13,5.4604,5.3539,5.3878,5.2958,5.3491,4026180,44402405,-0.1113,-2.039,11.0284,1.4344,3101643163.45,N/A,3792609663.7,280691689,0,343222594,45.7568,6.3946,2.4322,19.3442,
600693.SH,东百集团,2010-01-14,5.3491,5.4217,5.6153,5.3103,5.6008,6987175,78482271,0.2517,4.7059,11.2323,2.4893,3247602841.73,N/A,3971085412.58,280691689,0,343222594,47.9101,6.6955,2.5467,20.2545,
600693.SH,东百集团,2010-01-15,5.6008,5.5572,5.6492,5.4749,5.5718,3978790,45699904,-0.029,-0.5186,11.4859,1.4175,3230761340.39,N/A,3950492056.94,280691689,0,343222594,47.6616,6.6608,2.5335,20.1495,
600693.SH,东百集团,2010-01-18,5.5718,5.5427,5.7509,5.533,5.7412,6631284,77699127,0.1694,3.0408,11.7171,2.3625,3329003431.54,N/A,4070619964.84,280691689,0,343222594,49.111,6.8633,2.6105,20.7622,
600693.SH,东百集团,2010-01-19,5.7412,5.7121,5.7412,5.596,5.6395,5658258,65924380,-0.1017,-1.7707,11.651,2.0158,3270058176.85,N/A,3998543220.1,280691689,0,343222594,48.2414,6.7418,2.5643,20.3945,
600693.SH,东百集团,2010-01-20,5.6395,5.6444,5.6492,5.3007,5.3926,6608771,74269849,-0.2469,-4.3777,11.2381,2.3545,3126905415.46,N/A,3823499697.16,280691689,0,343222594,46.1295,6.4466,2.452,19.5017,
600693.SH,东百集团,2010-01-21,5.3926,5.3878,5.4217,5.2861,5.3926,3065596,33945422,0,0,11.073,1.0922,3126905415.46,N/A,3823499697.16,280691689,0,343222594,46.1295,6.4466,2.452,19.5017,
600693.SH,东百集团,2010-01-22,5.3926,5.3975,5.4459,5.1312,5.3249,8432671,92052407,-0.0678,-1.2567,10.9162,3.0042,3087608579,N/A,3775448534,280691689,0,343222594,45.5498,6.3656,2.4212,19.2567,
600693.SH,东百集团,2010-01-25,5.3249,5.2281,5.3491,5.1845,5.2426,2600602,28279542,-0.0823,-1.5455,10.8742,0.9265,3039890991.87,N/A,3717100693.02,280691689,0,343222594,44.8458,6.2673,2.3838,18.9591,
600693.SH,东百集团,2010-01-26,5.2426,5.2668,5.291,4.9037,5.0489,2451347,25745643,-0.1936,-3.6934,10.5027,0.8733,2927614316.27,N/A,3579811655.42,280691689,0,343222594,43.1895,6.0358,2.2958,18.2588,
600693.SH,东百集团,2010-01-27,5.0489,5.0344,5.107,4.9037,4.986,1990120,20421472,-0.0629,-1.2464,10.2614,0.709,2891124396.7,N/A,3535192718.2,280691689,0,343222594,42.6512,5.9605,2.2671,18.0312,
600693.SH,东百集团,2010-01-28,4.986,4.9812,5.0828,4.9037,4.957,4232509,43336411,-0.029,-0.5825,10.2389,1.5079,2874282895.36,N/A,3514599362.56,280691689,0,343222594,42.4027,5.9258,2.2539,17.9262,
600693.SH,东百集团,2010-01-29,4.957,4.9279,5.0828,4.8892,5.0441,4330759,45000458,0.0871,1.7578,10.3909,1.5429,2924807399.38,N/A,3576379429.48,280691689,0,343222594,43.1481,6.03,2.2936,18.2413,
600693.SH,东百集团,2010-02-01,5.0441,5.0441,5.0441,4.8408,4.9279,2449265,24847255,-0.1162,-2.3033,10.1448,0.8726,2857441394.02,N/A,3494006006.92,280691689,0,343222594,42.1543,5.8911,2.2407,17.8212,
600693.SH,东百集团,2010-02-02,4.9279,4.9328,5.1264,4.9328,5.0247,3433552,35577015,0.0968,1.9646,10.3616,1.2232,2913579731.82,N/A,3562650525.72,280691689,0,343222594,42.9824,6.0068,2.2847,18.1713,
600693.SH,东百集团,2010-02-03,5.0247,5.0199,5.107,4.894,5.0925,2193494,22814725,0.0678,1.3487,10.4011,0.7815,2952876568.28,N/A,3610701688.88,280691689,0,343222594,43.5622,6.0879,2.3156,18.4164,
600693.SH,东百集团,2010-02-04,5.0925,5.0635,5.1506,5.0005,5.1167,3090190,32282232,0.0242,0.4753,10.4467,1.1009,2966911152.73,N/A,3627862818.58,280691689,0,343222594,43.7692,6.1168,2.3266,18.5039,
600693.SH,东百集团,2010-02-05,5.1167,4.9909,5.078,4.9231,4.9763,2432729,25043466,-0.1404,-2.7436,10.2944,0.8667,2885510562.92,N/A,3528328266.32,280691689,0,343222594,42.5684,5.949,2.2627,17.9962,
600693.SH,东百集团,2010-02-08,4.9763,4.9376,5.0247,4.8698,4.894,1612553,16444356,-0.0823,-1.6537,10.1977,0.5745,2837792975.79,N/A,3469980425.34,280691689,0,343222594,41.8644,5.8506,2.2253,17.6986,
600693.SH,东百集团,2010-02-09,4.894,4.8747,4.9618,4.8166,4.8553,2674659,26962004,-0.0387,-0.7913,10.0805,0.9529,2815337640.67,N/A,3442522617.82,280691689,0,343222594,41.5331,5.8043,2.2077,17.5586,
600693.SH,东百集团,2010-02-10,4.8553,4.9231,5.1312,4.8602,5.0102,1870270,19201379,0.1549,3.1904,10.2666,0.6663,2905158981.15,N/A,3552353847.9,280691689,0,343222594,42.8582,5.9895,2.2781,18.1188,
600693.SH,东百集团,2010-02-11,5.0102,5.0102,5.0102,4.894,4.9086,1616287,16510902,-0.1017,-2.029,10.2153,0.5758,2846213726.46,N/A,3480277103.16,280691689,0,343222594,41.9886,5.868,2.2319,17.7511,
600693.SH,东百集团,2010-02-12,4.9086,4.9182,5.1458,4.9134,5.0877,3145065,32945526,0.1791,3.6489,10.4753,1.1205,2950069651.39,N/A,3607269462.94,280691689,0,343222594,43.5208,6.0821,2.3134,18.3989,
600693.SH,东百集团,2010-02-22,5.0877,5.0489,5.2716,5.0489,5.1312,3050856,32689252,0.0436,0.8563,10.7148,1.0869,2975331903.4,N/A,3638159496.4,280691689,0,343222594,43.8934,6.1342,2.3332,18.5564,
600693.SH,东百集团,2010-02-23,5.1312,5.1361,5.2426,4.9763,5.199,2773778,29335590,0.0678,1.3208,10.576,0.9882,3014628739.86,N/A,3686210659.56,280691689,0,343222594,44.4732,6.2152,2.364,18.8015,
600693.SH,东百集团,2010-02-24,5.199,5.1312,5.2523,5.107,5.2329,3241890,34812882,0.0339,0.6518,10.7385,1.155,3034277158.09,N/A,3710236241.14,280691689,0,343222594,44.763,6.2557,2.3794,18.924,
600693.SH,东百集团,2010-02-25,5.2329,5.2474,5.3249,5.17,5.291,3882126,42423224,0.0581,1.1101,10.9278,1.3831,3067960160.77,N/A,3751422952.42,280691689,0,343222594,45.2599,6.3251,2.4058,19.1341,
600693.SH,东百集团,2010-02-26,5.291,5.2765,5.4265,5.2329,5.3684,5170734,57243418,0.0775,1.4639,11.0707,1.8421,3112870831.01,N/A,3806338567.46,280691689,0,343222594,45.9225,6.4177,2.441,19.4142,
600693.SH,东百集团,2010-03-01,5.3684,5.3152,5.4072,5.2958,5.3442,3625689,39993308,-0.0242,-0.4509,11.0305,1.2917,3098836246.56,N/A,3789177437.76,280691689,0,343222594,45.7154,6.3888,2.43,19.3267,
600693.SH,东百集团,2010-03-02,5.3442,5.3442,5.3491,5.2039,5.2377,3442952,37442438,-0.1065,-1.9928,10.8751,1.2266,3037084074.98,N/A,3713668467.08,280691689,0,343222594,44.8044,6.2615,2.3816,18.9415,
600693.SH,东百集团,2010-03-03,5.2377,5.2281,5.2861,5.2087,5.2668,2842620,30824843,0.029,0.5545,10.8438,1.0127,3053925576.32,N/A,3734261822.72,280691689,0,343222594,45.0529,6.2962,2.3948,19.0466,
600693.SH,东百集团,2010-03-04,5.2668,5.2571,5.3491,5.1361,5.32,3722731,40120168,0.0532,1.011,10.7771,1.3263,3084801662.11,N/A,3772016308.06,280691689,0,343222594,45.5084,6.3598,2.419,19.2391,
600693.SH,东百集团,2010-03-05,5.32,5.3539,5.3539,5.1312,5.2668,4057831,43963482,-0.0532,-1.0009,10.8342,1.4457,3053925576.32,N/A,3734261822.72,280691689,0,343222594,45.0529,6.2962,2.3948,19.0466,
600693.SH,东百集团,2010-03-08,5.2668,5.2039,5.2861,5.2039,5.2426,1618169,17516289,-0.0242,-0.4596,10.8248,0.5765,3039890991.87,N/A,3717100693.02,280691689,0,343222594,44.8458,6.2673,2.3838,18.9591,
600693.SH,东百集团,2010-03-09,5.2426,5.2184,5.4895,5.2135,5.4604,8144598,91056985,0.2178,4.1551,11.18,2.9016,3166202251.92,N/A,3871550860.32,280691689,0,343222594,46.7092,6.5277,2.4828,19.7468,
600693.SH,东百集团,2010-03-10,5.4604,5.4749,5.4895,5.3539,5.4217,3514388,39263915,-0.0387,-0.7092,11.1723,1.252,3143746916.8,N/A,3844093052.8,280691689,0,343222594,46.378,6.4814,2.4652,19.6068,
600693.SH,东百集团,2010-03-11,5.4217,5.4459,5.4653,5.2184,5.2716,3821257,41817575,-0.1501,-2.7679,10.9434,1.3614,3056732493.21,N/A,3737694048.66,280691689,0,343222594,45.0943,6.302,2.397,19.0641,
600693.SH,东百集团,2010-03-12,5.2716,5.2716,5.2716,5.2716,5.2716,N/A,N/A,0,0,N/A,N/A,3056732493.21,N/A,3737694048.66,280691689,0,343222594,45.0943,6.302,2.397,19.0641,
600693.SH,东百集团,2010-03-15,5.2716,5.3926,5.3926,4.986,5.0925,4711817,50746311,-0.1791,-3.3976,10.77,1.6786,2952876568.28,N/A,3610701688.88,280691689,0,343222594,43.5622,6.0879,2.3156,18.4164,
600693.SH,东百集团,2010-03-16,5.0925,5.0586,5.0925,4.9618,5.0489,2328839,24134906,-0.0436,-0.8555,10.3635,0.8297,2927614316.27,N/A,3579811655.42,280691689,0,343222594,43.1895,6.0358,2.2958,18.2588,
600693.SH,东百集团,2010-03-17,5.0489,5.0538,5.1506,5.0199,5.1458,3077917,32363923,0.0968,1.9175,10.5149,1.0965,2983752654.07,N/A,3648456174.22,280691689,0,343222594,44.0177,6.1515,2.3398,18.6089,
600693.SH,东百集团,2010-03-18,5.1458,5.1603,5.1603,5.0199,5.0635,3792283,39725957,-0.0823,-1.5992,10.4755,1.351,2936035066.94,N/A,3590108333.24,280691689,0,343222594,43.3137,6.0531,2.3024,18.3113,
600693.SH,东百集团,2010-03-19,5.0635,5.0635,5.32,5.0247,5.2281,6349482,68496033,0.1646,3.2505,10.7877,2.2621,3031470241.2,N/A,3706804015.2,280691689,0,343222594,44.7216,6.2499,2.3772,18.9065,
600693.SH,东百集团,2010-03-22,5.2281,5.2523,5.2619,5.1167,5.17,3113348,33265399,-0.0581,-1.1111,10.6848,1.1092,2997787238.52,N/A,3665617303.92,280691689,0,343222594,44.2247,6.1805,2.3508,18.6965,
600693.SH,东百集团,2010-03-23,5.17,5.1796,5.2523,5.0731,5.0828,3251486,34413067,-0.0871,-1.6854,10.5838,1.1584,2947262734.5,N/A,3603837237,280691689,0,343222594,43.4793,6.0763,2.3112,18.3814,
600693.SH,东百集团,2010-03-24,5.0828,5.1361,5.2039,5.078,5.0974,3330516,35357158,0.0145,0.2857,10.6161,1.1865,2955683485.17,N/A,3614133914.82,280691689,0,343222594,43.6036,6.0936,2.3178,18.4339,
600693.SH,东百集团,2010-03-25,5.0974,5.1022,5.1796,5.0586,5.1312,3496878,37017887,0.0339,0.6648,10.586,1.2458,2975331903.4,N/A,3638159496.4,280691689,0,343222594,43.8934,6.1342,2.3332,18.5564,
600693.SH,东百集团,2010-03-26,5.1312,5.17,5.3103,5.1361,5.2765,6920519,75122696,0.1452,2.8302,10.8551,2.4655,3059539410.1,N/A,3741126274.6,280691689,0,343222594,45.1357,6.3078,2.3992,19.0816,
600693.SH,东百集团,2010-03-29,5.2765,5.2958,5.32,5.199,5.2716,3990670,43342838,-0.0048,-0.0917,10.861,1.4217,3056732493.21,N/A,3737694048.66,280691689,0,343222594,45.0943,6.302,2.397,19.0641,
600693.SH,东百集团,2010-03-30,5.2716,5.3152,5.5088,5.2426,5.441,9870877,109985407,0.1694,3.214,11.1424,3.5166,3154974584.36,N/A,3857821956.56,280691689,0,343222594,46.5436,6.5045,2.474,19.6768,
600693.SH,东百集团,2010-03-31,5.441,5.4895,5.6444,5.4507,5.5766,20825622,238604682,0.1355,2.4911,11.4573,7.4194,3233568257.28,N/A,3953924282.88,280691689,0,343222594,47.7031,6.6666,2.5357,20.167,
600693.SH,东百集团,2010-04-01,5.5766,5.5621,5.625,5.5088,5.6105,12985126,149805235,0.0339,0.6076,11.5367,4.6261,3253216675.51,N/A,3977949864.46,280691689,0,343222594,47.9929,6.7071,2.5511,20.2895,
600693.SH,东百集团,2010-04-02,5.6105,5.6056,5.6734,5.5427,5.5718,9908671,115012502,-0.0387,-0.6903,11.6073,3.5301,3230761340.39,N/A,3950492056.94,280691689,0,343222594,47.6616,6.6608,2.5335,20.1495,
600693.SH,东百集团,2010-04-06,5.5718,5.5766,5.5911,5.4168,5.5669,9268031,105479213,-0.0048,-0.0869,11.381,3.3019,3227954423.5,N/A,3947059831,280691689,0,343222594,47.6202,6.655,2.5313,20.132,
600693.SH,东百集团,2010-04-07,5.5669,5.5669,5.5911,5.4072,5.5669,6688545,76106307,0,0,11.3786,2.3829,3227954423.5,N/A,3947059831,280691689,0,343222594,47.6202,6.655,2.5313,20.132,
600693.SH,东百集团,2010-04-08,5.5669,5.5669,5.5766,5.4507,5.4749,6038465,68920749,-0.092,-1.6522,11.4136,2.1513,3174623002.59,N/A,3881847538.14,280691689,0,343222594,46.8335,6.545,2.4895,19.7993,
600693.SH,东百集团,2010-04-09,5.4749,5.5088,5.5088,5.412,5.4846,7235226,81475686,0.0097,0.1768,11.261,2.5776,3180236836.37,N/A,3888711990.02,280691689,0,343222594,46.9163,6.5566,2.4939,19.8344,
600693.SH,东百集团,2010-04-12,5.4846,5.4895,5.5379,5.412,5.5088,8267089,93386650,0.0242,0.4413,11.2962,2.9453,3194271420.82,N/A,3905873119.72,280691689,0,343222594,47.1233,6.5855,2.5049,19.9219,
600693.SH,东百集团,2010-04-13,5.5088,5.5427,5.5475,5.2765,5.4168,9160632,102531974,-0.092,-1.6696,11.1927,3.2636,3140939999.91,N/A,3840660826.86,280691689,0,343222594,46.3366,6.4756,2.463,19.5893,
600693.SH,东百集团,2010-04-14,5.4168,5.412,5.4217,5.3249,5.3684,4804068,53235789,-0.0484,-0.8937,11.0814,1.7115,3112870831.01,N/A,3806338567.46,280691689,0,343222594,45.9225,6.4177,2.441,19.4142,
600693.SH,东百集团,2010-04-15,5.3684,5.3926,5.4507,5.2184,5.2474,8148770,89562821,-0.121,-2.2543,10.991,2.9031,3042697908.76,N/A,3720532918.96,280691689,0,343222594,44.8872,6.273,2.386,18.9766,
600693.SH,东百集团,2010-04-16,5.2474,5.2523,5.3491,5.1845,5.3103,3878766,42218542,0.0629,1.1993,10.8845,1.3819,3079187828.33,N/A,3765151856.18,280691689,0,343222594,45.4256,6.3483,2.4146,19.2041,
600693.SH,东百集团,2010-04-19,5.3103,5.2619,5.3394,5.0828,5.199,4644943,50310829,-0.1113,-2.0966,10.8313,1.6548,3014628739.86,N/A,3686210659.56,280691689,0,343222594,44.4732,6.2152,2.364,18.8015,
600693.SH,东百集团,2010-04-20,5.199,5.1845,5.2232,5.0393,5.1796,3450571,36635216,-0.0194,-0.3724,10.6171,1.2293,3003401072.3,N/A,3672481755.8,280691689,0,343222594,44.3075,6.192,2.3552,18.7315,
600693.SH,东百集团,2010-04-21,5.1796,5.1796,5.4991,5.1748,5.412,12572754,140461913,0.2324,4.486,11.1719,4.4792,3138133083.02,N/A,3837228600.92,280691689,0,343222594,46.2952,6.4698,2.4608,19.5718,
600693.SH,东百集团,2010-04-22,5.412,5.3975,5.746,5.3684,5.6782,19141420,222996630,0.2662,4.9195,11.65,6.8194,3292513511.97,N/A,4026001027.62,280691689,0,343222594,48.5726,6.7881,2.5819,20.5346,
600693.SH,东百集团,2010-04-23,5.6782,5.6879,5.6879,5.5427,5.6492,12619859,146676422,-0.029,-0.5115,11.6227,4.496,3275672010.63,N/A,4005407671.98,280691689,0,343222594,48.3242,6.7534,2.5687,20.4296,
600693.SH,东百集团,2010-04-26,5.6492,5.7121,5.7993,5.6105,5.6298,7752780,91172779,-0.0194,-0.3428,11.76,2.762,3264444343.07,N/A,3991678768.22,280691689,0,343222594,48.1586,6.7302,2.5599,20.3595,
600693.SH,东百集团,2010-04-27,5.6298,5.6492,5.6492,5.3491,5.4217,7041963,79412655,-0.2082,-3.6973,11.2771,2.5088,3143746916.8,N/A,3844093052.8,280691689,0,343222594,46.378,6.4814,2.4652,19.6068,
600693.SH,东百集团,2010-04-28,5.4217,5.4168,5.533,5.3636,5.4217,5842045,65765811,0,0,11.2573,2.0813,3143746916.8,N/A,3844093052.8,280691689,0,343222594,46.378,6.4814,2.4652,19.6068,
600693.SH,东百集团,2010-04-29,5.4217,5.4507,5.5088,5.2716,5.2813,5290256,59188954,-0.1404,-2.5893,11.1883,1.8847,3062346326.99,N/A,3744558500.54,280691689,0,343222594,45.1771,6.3136,2.4014,19.0991,
600693.SH,东百集团,2010-04-30,5.2813,5.2232,5.2232,4.8456,4.9909,5039924,52379688,-0.2904,-5.4995,10.393,1.7955,2893931313.59,N/A,3538624944.14,280691689,0,343222594,42.6926,5.9663,2.2693,18.0487,
600693.SH,东百集团,2010-05-04,4.9909,4.986,5.107,4.8408,5.0296,3853594,39703465,0.0387,0.7759,10.303,1.3729,2916386648.71,N/A,3566082751.66,280691689,0,343222594,43.0238,6.0126,2.287,18.1888,
600693.SH,东百集团,2010-05-05,5.0296,5.0005,5.2184,4.9328,5.1796,5971852,63080681,0.1501,2.9836,10.563,2.1275,3003401072.3,N/A,3672481755.8,280691689,0,343222594,44.3075,6.192,2.3552,18.7315,
600693.SH,东百集团,2010-05-06,5.1796,5.1458,5.2184,4.9424,4.9618,4758377,50229586,-0.2178,-4.2056,10.556,1.6952,2877089812.25,N/A,3518031588.5,280691689,0,343222594,42.4441,5.9316,2.2561,17.9437,
600693.SH,东百集团,2010-05-07,4.9618,4.8456,5.0489,4.7827,4.9231,5062694,51780841,-0.0387,-0.7805,10.2279,1.8036,2854634477.13,N/A,3490573780.98,280691689,0,343222594,42.1129,5.8853,2.2385,17.8037,
600693.SH,东百集团,2010-05-10,4.9231,4.9134,5.0247,4.8069,4.865,3574688,36115781,-0.0581,-1.1799,10.1032,1.2735,2820951474.45,N/A,3449387069.7,280691689,0,343222594,41.6159,5.8159,2.2121,17.5936,
600693.SH,东百集团,2010-05-11,4.865,5.0247,5.0344,4.623,4.623,4644621,45764404,-0.242,-4.9751,9.8532,1.6547,2680605629.95,N/A,3277775772.7,280691689,0,343222594,39.5455,5.5265,2.1021,16.7183,
600693.SH,东百集团,2010-05-12,4.623,4.6181,4.7585,4.4438,4.5407,3423756,32456580,-0.0823,-1.7801,9.4798,1.2198,2632888042.82,N/A,3219427931.72,280691689,0,343222594,38.8416,5.4281,2.0646,16.4207,
600693.SH,东百集团,2010-05-13,4.5407,4.5988,4.6423,4.5213,4.6375,4815736,45658378,0.0968,2.1322,9.4811,1.7157,2689026380.62,N/A,3288072450.52,280691689,0,343222594,39.6697,5.5439,2.1087,16.7708,
600693.SH,东百集团,2010-05-14,4.6375,4.6375,4.6375,4.6375,4.6375,N/A,N/A,0,0,N/A,N/A,2689026380.62,N/A,3288072450.52,280691689,0,343222594,39.6697,5.5439,2.1087,16.7708,
600693.SH,东百集团,2010-05-17,4.6375,4.5213,4.865,4.4923,4.5503,6504913,62624246,-0.0871,-1.8789,9.6272,2.3175,2638501876.6,N/A,3226292383.6,280691689,0,343222594,38.9244,5.4397,2.069,16.4557,
600693.SH,东百集团,2010-05-18,4.5503,4.5165,4.8021,4.5165,4.7004,4083155,39645835,0.1501,3.2979,9.7096,1.4547,2725516300.19,N/A,3332691387.74,280691689,0,343222594,40.208,5.6191,2.1373,16.9984,
600693.SH,东百集团,2010-05-19,4.7004,4.6472,4.836,4.6472,4.7924,3322295,32584163,0.092,1.9567,9.8077,1.1836,2778847721.1,N/A,3397903680.6,280691689,0,343222594,40.9948,5.7291,2.1791,17.331,
600693.SH,东百集团,2010-05-20,4.7924,4.7488,4.8166,4.6278,4.6375,1697483,16551857,-0.1549,-3.2323,9.7508,0.6048,2689026380.62,N/A,3288072450.52,280691689,0,343222594,39.6697,5.5439,2.1087,16.7708,
600693.SH,东百集团,2010-05-21,4.6375,4.5019,4.7149,4.4438,4.681,2783023,26410715,0.0436,0.9395,9.4899,0.9915,2714288632.63,N/A,3318962483.98,280691689,0,343222594,40.0424,5.596,2.1285,16.9284,
600693.SH,东百集团,2010-05-24,4.681,4.6956,4.8505,4.681,4.8263,3995965,39791254,0.1452,3.1024,9.9579,1.4236,2798496139.33,N/A,3421929262.18,280691689,0,343222594,41.2847,5.7696,2.1945,17.4535,
600693.SH,东百集团,2010-05-25,4.8263,4.773,4.8311,4.6568,4.7488,2176440,21352765,-0.0775,-1.6048,9.8109,0.7754,2753585469.09,N/A,3367013647.14,280691689,0,343222594,40.6221,5.677,2.1593,17.1734,
600693.SH,东百集团,2010-05-26,4.7488,4.6956,4.7924,4.6326,4.7875,1969969,19211020,0.0387,0.8155,9.7519,0.7018,2776040804.21,N/A,3394471454.66,280691689,0,343222594,40.9534,5.7233,2.1769,17.3135,
600693.SH,东百集团,2010-05-27,4.7875,4.744,4.8505,4.6472,4.8456,2641058,26153191,0.0581,1.2133,9.9025,0.9409,2809723806.89,N/A,3435658165.94,280691689,0,343222594,41.4503,5.7927,2.2033,17.5236,
600693.SH,东百集团,2010-05-28,4.8456,4.865,4.9667,4.8456,4.9037,4034421,40849454,0.0581,1.1988,10.1252,1.4373,2843406809.57,N/A,3476844877.22,280691689,0,343222594,41.9472,5.8622,2.2297,17.7336,
600693.SH,东百集团,2010-05-31,4.9037,4.9037,4.9473,4.8166,4.8408,3550559,35993472,-0.0629,-1.2833,10.1374,1.2649,2806916890,N/A,3432225940,280691689,0,343222594,41.4089,5.7869,2.2011,17.5061,
600693.SH,东百集团,2010-06-01,4.8408,4.8408,4.8795,4.6859,4.7633,2182651,21589561,-0.0775,-1.6,9.8914,0.7776,2762006219.76,N/A,3377310324.96,280691689,0,343222594,40.7464,5.6943,2.1659,17.226,
600693.SH,东百集团,2010-06-02,4.7633,4.7101,4.8408,4.6956,4.7633,2924401,28665497,0,0,9.8022,1.0419,2762006219.76,N/A,3377310324.96,280691689,0,343222594,40.7464,5.6943,2.1659,17.226,
600693.SH,东百集团,2010-06-03,4.7633,4.7682,4.9909,4.744,4.9279,4452313,45038034,0.1646,3.4553,10.1156,1.5862,2857441394.02,N/A,3494006006.92,280691689,0,343222594,42.1543,5.8911,2.2407,17.8212,
600693.SH,东百集团,2010-06-04,4.9279,4.9134,5.0489,4.8505,4.9667,5180510,53107413,0.0387,0.7859,10.2514,1.8456,2879896729.14,N/A,3521463814.44,280691689,0,343222594,42.4855,5.9374,2.2583,17.9612,
600693.SH,东百集团,2010-06-07,4.9667,4.8408,5.1312,4.8263,5.0489,4249915,44225086,0.0823,1.6569,10.4061,1.5141,2927614316.27,N/A,3579811655.42,280691689,0,343222594,43.1895,6.0358,2.2958,18.2588,
600693.SH,东百集团,2010-06-08,5.0489,5.0538,5.1748,5.0102,5.107,3776002,39809593,0.0581,1.1505,10.5428,1.3452,2961297318.95,N/A,3620998366.7,280691689,0,343222594,43.6864,6.1052,2.3222,18.4689,
600693.SH,东百集团,2010-06-09,5.107,5.0828,5.17,5.0635,5.1216,3709302,39100125,0.0145,0.2844,10.5411,1.3215,2969718069.62,N/A,3631295044.52,280691689,0,343222594,43.8106,6.1226,2.3288,18.5214,
600693.SH,东百集团,2010-06-10,5.1216,5.0828,5.4459,5.0828,5.3491,7020051,77122648,0.2275,4.4423,10.9861,2.501,3101643163.45,N/A,3792609663.7,280691689,0,343222594,45.7568,6.3946,2.4322,19.3442,
600693.SH,东百集团,2010-06-11,5.3491,5.3249,5.3733,5.291,5.3394,4282071,47146431,-0.0097,-0.181,11.0102,1.5255,3096029329.67,N/A,3785745211.82,280691689,0,343222594,45.674,6.383,2.4278,19.3092,
600693.SH,东百集团,2010-06-17,5.3394,5.3394,5.4604,5.0731,5.0877,4938157,53606270,-0.2517,-4.7144,10.8555,1.7593,2950069651.39,N/A,3607269462.94,280691689,0,343222594,43.5208,6.0821,2.3134,18.3989,
600693.SH,东百集团,2010-06-18,5.0877,5.0828,5.1942,4.9037,4.9328,3535293,37001706,-0.1549,-3.0447,10.4664,1.2595,2860248310.91,N/A,3497438232.86,280691689,0,343222594,42.1957,5.8969,2.2429,17.8387,
600693.SH,东百集团,2010-06-21,4.9328,4.9376,5.2523,4.9279,5.1264,5926130,62814084,0.1936,3.9254,10.5995,2.1113,2972524986.51,N/A,3634727270.46,280691689,0,343222594,43.852,6.1284,2.331,18.5389,
600693.SH,东百集团,2010-06-22,5.1264,5.1216,5.383,5.1216,5.2329,5188913,56519522,0.1065,2.0774,10.8924,1.8486,3034277158.09,N/A,3710236241.14,280691689,0,343222594,44.763,6.2557,2.3794,18.924,
600693.SH,东百集团,2010-06-23,5.2329,5.2329,5.291,5.1554,5.199,2423566,26178104,-0.0339,-0.6475,10.8015,0.8634,3014628739.86,N/A,3686210659.56,280691689,0,343222594,44.4732,6.2152,2.364,18.8015,
600693.SH,东百集团,2010-06-24,5.199,5.2281,5.3007,5.1409,5.2329,1867084,20234923,0.0339,0.6518,10.8377,0.6652,3034277158.09,N/A,3710236241.14,280691689,0,343222594,44.763,6.2557,2.3794,18.924,
600693.SH,东百集团,2010-06-25,5.2329,5.1942,5.2668,5.078,5.1216,1224532,13008932,-0.1113,-2.1277,10.6236,0.4363,2969718069.62,N/A,3631295044.52,280691689,0,343222594,43.8106,6.1226,2.3288,18.5214,
600693.SH,东百集团,2010-06-28,5.1216,5.0974,5.1506,4.9376,4.9812,1037637,10728249,-0.1404,-2.741,10.3391,0.3697,2888317479.81,N/A,3531760492.26,280691689,0,343222594,42.6098,5.9548,2.2649,18.0137,
600693.SH,东百集团,2010-06-29,4.9812,5.0344,5.0344,4.7343,4.7682,3146811,31733546,-0.213,-4.276,10.0844,1.1211,2764813136.65,N/A,3380742550.9,280691689,0,343222594,40.7878,5.7001,2.1681,17.2435,
600693.SH,东百集团,2010-06-30,4.7682,4.7682,4.9715,4.7682,4.9086,4904107,49874347,0.1404,2.9442,10.1699,1.7472,2846213726.46,N/A,3480277103.16,280691689,0,343222594,41.9886,5.868,2.2319,17.7511,
600693.SH,东百集团,2010-07-01,4.9086,4.9231,5.0296,4.8069,4.8698,2436803,24710895,-0.0387,-0.789,10.1407,0.8681,2823758391.34,N/A,3452819295.64,280691689,0,343222594,41.6574,5.8217,2.2143,17.6111,
600693.SH,东百集团,2010-07-02,4.8698,4.9134,4.9424,4.5988,4.9134,2244771,22427033,0.0436,0.8946,9.9908,0.7997,2849020643.35,N/A,3483709329.1,280691689,0,343222594,42.03,5.8737,2.2341,17.7686,
600693.SH,东百集团,2010-07-05,4.9134,4.8456,4.9618,4.773,4.9182,2272629,23002956,0.0048,0.0985,10.1217,0.8097,2851827560.24,N/A,3487141555.04,280691689,0,343222594,42.0714,5.8795,2.2363,17.7861,
600693.SH,东百集团,2010-07-06,4.9182,4.8795,4.9812,4.8698,4.9715,2696266,27481319,0.0532,1.0827,10.1924,0.9606,2882703646.03,N/A,3524896040.38,280691689,0,343222594,42.5269,5.9432,2.2605,17.9787,
600693.SH,东百集团,2010-07-07,4.9715,4.9328,4.9376,4.865,4.9328,2119218,21481195,-0.0387,-0.779,10.1364,0.755,2860248310.91,N/A,3497438232.86,280691689,0,343222594,42.1957,5.8969,2.2429,17.8387,
600693.SH,东百集团,2010-07-08,4.9328,4.9376,4.9667,4.8989,4.9279,1871282,19068589,-0.0048,-0.0981,10.1901,0.6667,2857441394.02,N/A,3494006006.92,280691689,0,343222594,42.1543,5.8911,2.2407,17.8212,
600693.SH,东百集团,2010-07-09,4.9279,4.9134,5.1409,4.8989,5.0731,3049618,31752897,0.1452,2.947,10.4121,1.0865,2941648900.72,N/A,3596972785.12,280691689,0,343222594,43.3965,6.0647,2.3068,18.3463,
600693.SH,东百集团,2010-07-12,5.0731,5.0683,5.2039,5.0393,5.1458,2889235,30652782,0.0726,1.4313,10.6093,1.0293,2983752654.07,N/A,3648456174.22,280691689,0,343222594,44.0177,6.1515,2.3398,18.6089,
600693.SH,东百集团,2010-07-13,5.1458,5.107,5.1796,5.0586,5.1312,2347808,24781324,-0.0145,-0.2822,10.5551,0.8364,2975331903.4,N/A,3638159496.4,280691689,0,343222594,43.8934,6.1342,2.3332,18.5564,
600693.SH,东百集团,2010-07-14,5.1312,5.17,5.2039,5.0683,5.17,1700418,18070092,0.0387,0.7547,10.6269,0.6058,2997787238.52,N/A,3665617303.92,280691689,0,343222594,44.2247,6.1805,2.3508,18.6965,
600693.SH,东百集团,2010-07-15,5.17,5.1748,5.2135,5.107,5.1216,1950504,20821908,-0.0484,-0.9363,10.6751,0.6949,2969718069.62,N/A,3631295044.52,280691689,0,343222594,43.8106,6.1226,2.3288,18.5214,
600693.SH,东百集团,2010-07-16,5.1216,5.1119,5.1845,5.0102,5.1748,1746506,18339204,0.0532,1.0397,10.5005,0.6222,3000594155.41,N/A,3669049529.86,280691689,0,343222594,44.2661,6.1862,2.353,18.714,
600693.SH,东百集团,2010-07-19,5.1748,5.0828,5.32,5.0828,5.2765,2044188,22162642,0.1017,1.9645,10.8418,0.7283,3059539410.1,N/A,3741126274.6,280691689,0,343222594,45.1357,6.3078,2.3992,19.0816,
600693.SH,东百集团,2010-07-20,5.2765,5.2329,5.3297,5.2329,5.2765,3748357,40901433,0,0,10.9118,1.3354,3059539410.1,N/A,3741126274.6,280691689,0,343222594,45.1357,6.3078,2.3992,19.0816,
600693.SH,东百集团,2010-07-21,5.2765,5.3346,5.3491,5.2329,5.2571,4188104,45790148,-0.0194,-0.367,10.9334,1.4921,3048311742.54,N/A,3727397370.84,280691689,0,343222594,44.9701,6.2846,2.3904,19.0116,
600693.SH,东百集团,2010-07-22,5.2571,5.2668,5.3491,5.2474,5.3249,3495178,38344354,0.0678,1.2891,10.9706,1.2452,3087608579,N/A,3775448534,280691689,0,343222594,45.5498,6.3656,2.4212,19.2567,
600693.SH,东百集团,2010-07-23,5.3249,5.3297,5.3442,5.1796,5.3103,3646352,39559823,-0.0145,-0.2727,10.8492,1.2991,3079187828.33,N/A,3765151856.18,280691689,0,343222594,45.4256,6.3483,2.4146,19.2041,
600693.SH,东百集团,2010-07-26,5.3103,5.2716,5.3491,5.2474,5.3152,3410704,37497791,0.0048,0.0912,10.9941,1.2151,3081994745.22,N/A,3768584082.12,280691689,0,343222594,45.467,6.3541,2.4168,19.2216,
600693.SH,东百集团,2010-07-27,5.3152,5.2861,5.6589,5.2861,5.5621,11191893,127424285,0.2469,4.6448,11.3854,3.9873,3225147506.61,N/A,3943627605.06,280691689,0,343222594,47.5788,6.6492,2.5291,20.1145,
600693.SH,东百集团,2010-07-28,5.5621,5.5185,5.6395,5.504,5.6105,5639863,65047477,0.0484,0.8703,11.5335,2.0093,3253216675.51,N/A,3977949864.46,280691689,0,343222594,47.9929,6.7071,2.5511,20.2895,
600693.SH,东百集团,2010-07-29,5.6105,5.596,5.7509,5.5524,5.7025,8708670,101667669,0.092,1.6393,11.6743,3.1026,3306548096.42,N/A,4043162157.32,280691689,0,343222594,48.7797,6.817,2.5929,20.6221,
600693.SH,东百集团,2010-07-30,5.7025,5.7025,5.7025,5.7025,5.7025,N/A,N/A,0,0,N/A,N/A,3306548096.42,N/A,4043162157.32,280691689,0,343222594,48.7797,6.817,2.5929,20.6221,
600693.SH,东百集团,2010-08-02,5.7025,5.7073,5.8138,5.6202,5.746,7806352,92777893,0.0436,0.764,11.8849,2.7811,3331810348.43,N/A,4074052190.78,280691689,0,343222594,49.1524,6.8691,2.6127,20.7797,
600693.SH,东百集团,2010-08-03,5.746,5.7605,5.9203,5.6686,5.717,7972304,95931593,-0.029,-0.5055,12.0331,2.8402,3314968847.09,N/A,4053458835.14,280691689,0,343222594,48.9039,6.8344,2.5995,20.6746,
600693.SH,东百集团,2010-08-04,5.717,5.7412,5.8816,5.6444,5.8525,6139606,73021583,0.1355,2.3709,11.8935,2.1873,3393562520.01,N/A,4149561161.46,280691689,0,343222594,50.0634,6.9964,2.6611,21.1648,
600693.SH,东百集团,2010-08-05,5.8525,5.8525,6.2446,5.8477,6.1672,13647512,172497322,0.3147,5.3763,12.6395,4.8621,3576012117.86,N/A,4372655847.56,280691689,0,343222594,52.7549,7.3726,2.8042,22.3027,
600693.SH,东百集团,2010-08-06,6.1672,6.1236,6.3318,6.0316,6.1091,7741250,98185511,-0.0581,-0.9419,12.6834,2.7579,3542329115.18,N/A,4331469136.28,280691689,0,343222594,52.258,7.3031,2.7778,22.0926,
600693.SH,东百集团,2010-08-09,6.1091,6.0994,6.2204,6.0074,6.1575,7987029,100849433,0.0484,0.7924,12.6267,2.8455,3570398284.08,N/A,4365791395.68,280691689,0,343222594,52.6721,7.361,2.7998,22.2677,
600693.SH,东百集团,2010-08-10,6.1575,6.1236,6.1623,5.9154,6.0413,7887187,98311351,-0.1162,-1.8868,12.4647,2.8099,3503032278.72,N/A,4283417973.12,280691689,0,343222594,51.6783,7.2221,2.747,21.8475,
600693.SH,东百集团,2010-08-11,6.0413,6.0316,6.3318,5.9445,6.2059,10989951,140269069,0.1646,2.7244,12.7634,3.9153,3598467452.98,N/A,4400113655.08,280691689,0,343222594,53.0862,7.4189,2.8218,22.4428,
600693.SH,东百集团,2010-08-12,6.2059,6.143,6.143,5.6153,5.7605,13634887,163514415,-0.4454,-7.1763,11.9924,4.8576,3340231099.1,N/A,4084348868.6,280691689,0,343222594,49.2766,6.8865,2.6193,20.8322,
600693.SH,东百集团,2010-08-13,5.7605,5.7073,6.0171,5.6928,5.9493,9854683,119963550,0.1888,3.2773,12.1733,3.5109,3449700857.81,N/A,4218205680.26,280691689,0,343222594,50.8915,7.1121,2.7052,21.5149,
600693.SH,东百集团,2010-08-16,5.9493,5.9397,6.1139,5.8477,6.0752,10431006,128804969,0.1259,2.1155,12.3483,3.7162,3522680696.95,N/A,4307443554.7,280691689,0,343222594,51.9682,7.2626,2.7624,21.9701,
600693.SH,东百集团,2010-08-17,6.0752,6.0558,6.1091,5.8574,6.0268,13906921,170569684,-0.0484,-0.7968,12.2651,4.9545,3494611528.05,N/A,4273121295.3,280691689,0,343222594,51.5541,7.2047,2.7404,21.795,
600693.SH,东百集团,2010-08-18,6.0268,5.9784,6.0219,5.8332,5.9203,5861374,71770309,-0.1065,-1.7671,12.2446,2.0882,3432859356.47,N/A,4197612324.62,280691689,0,343222594,50.6431,7.0774,2.692,21.4099,
600693.SH,东百集团,2010-08-19,5.9203,5.9106,6.0026,5.8477,5.9784,6654204,81476717,0.0581,0.9812,12.2444,2.3706,3466542359.15,N/A,4238799035.9,280691689,0,343222594,51.14,7.1469,2.7184,21.62,
600693.SH,东百集团,2010-08-20,5.9784,5.9832,6.2301,5.93,6.0897,9579247,120933843,0.1113,1.8623,12.6246,3.4127,3531101447.62,N/A,4317740232.52,280691689,0,343222594,52.0924,7.28,2.769,22.0226,
600693.SH,东百集团,2010-08-23,6.0897,6.051,6.2059,5.959,6.1865,5557218,69853412,0.0968,1.5898,12.5699,1.9798,3587239785.42,N/A,4386384751.32,280691689,0,343222594,52.9206,7.3957,2.813,22.3727,
600693.SH,东百集团,2010-08-24,6.1865,6.1236,6.385,6.0994,6.3366,8302593,107810812,0.1501,2.4257,12.9852,2.9579,3674254209.01,N/A,4492783755.46,280691689,0,343222594,54.2043,7.5751,2.8812,22.9154,
600693.SH,东百集团,2010-08-25,6.3366,6.2979,6.5205,6.2253,6.3511,5412509,71196213,0.0145,0.2292,13.154,1.9283,3682674959.68,N/A,4503080433.28,280691689,0,343222594,54.3285,7.5925,2.8879,22.9679,
600693.SH,东百集团,2010-08-26,6.3511,6.3511,6.627,6.2543,6.5351,6106496,81413056,0.184,2.8963,13.3322,2.1755,3789337801.5,N/A,4633505019,280691689,0,343222594,55.902,7.8124,2.9715,23.6332,
600693.SH,东百集团,2010-08-27,6.5351,6.5351,6.7577,6.3947,6.6512,4600769,62883163,0.1162,1.7778,13.668,1.6391,3856703806.86,N/A,4715878441.56,280691689,0,343222594,56.8958,7.9513,3.0243,24.0533,
600693.SH,东百集团,2010-08-30,6.6512,6.6512,6.9804,6.506,6.8981,7297702,101969006,0.2469,3.7118,13.9728,2.5999,3999856568.25,N/A,4890921964.5,280691689,0,343222594,59.0077,8.2464,3.1366,24.9461,
600693.SH,东百集团,2010-08-31,6.8981,6.8594,6.9804,6.8062,6.8981,4748731,67724133,0,0,14.2615,1.6918,3999856568.25,N/A,4890921964.5,280691689,0,343222594,59.0077,8.2464,3.1366,24.9461,
600693.SH,东百集团,2010-09-01,6.8981,6.8304,6.8981,6.5012,6.6222,5469796,75068700,-0.2759,-4,13.7242,1.9487,3839862305.52,N/A,4695285085.92,280691689,0,343222594,56.6474,7.9165,3.0111,23.9483,
600693.SH,东百集团,2010-09-02,6.6222,6.569,6.7045,6.5302,6.6222,5248871,71692366,0,0,13.6586,1.87,3839862305.52,N/A,4695285085.92,280691689,0,343222594,56.6474,7.9165,3.0111,23.9483,
600693.SH,东百集团,2010-09-03,6.6222,6.6222,6.8836,6.5738,6.8546,4462555,62105230,0.2324,3.5088,13.917,1.5898,3974594316.24,N/A,4860031931.04,280691689,0,343222594,58.635,8.1943,3.1168,24.7886,
600693.SH,东百集团,2010-09-06,6.8546,6.8739,6.9901,6.6658,6.7142,4585646,64144711,-0.1404,-2.048,13.9882,1.6337,3893193726.43,N/A,4760497378.78,280691689,0,343222594,57.4341,8.0265,3.0529,24.2809,
600693.SH,东百集团,2010-09-07,6.7142,6.7142,6.7529,6.4867,6.5932,6069307,82204723,-0.121,-1.8025,13.5443,2.1623,3823020804.18,N/A,4674691730.28,280691689,0,343222594,56.3989,7.8818,2.9979,23.8432,
600693.SH,东百集团,2010-09-08,6.5932,6.5786,6.9901,6.5012,6.9853,6496894,90309556,0.3921,5.9471,13.9004,2.3146,4050381072.27,N/A,4952702031.42,280691689,0,343222594,59.753,8.3506,3.1762,25.2612,
600693.SH,东百集团,2010-09-09,6.9853,6.9562,7.0676,6.7529,6.8981,4979667,71029785,-0.0871,-1.2474,14.264,1.7741,3999856568.25,N/A,4890921964.5,280691689,0,343222594,59.0077,8.2464,3.1366,24.9461,
600693.SH,东百集团,2010-09-10,6.8981,6.8981,6.9804,6.6948,6.8352,3737055,52843536,-0.0629,-0.9123,14.1404,1.3314,3963366648.68,N/A,4846303027.28,280691689,0,343222594,58.4694,8.1712,3.108,24.7185,
600693.SH,东百集团,2010-09-13,6.8352,6.8352,6.9223,6.7577,6.9078,3948135,55727394,0.0726,1.0623,14.1149,1.4066,4005470402.03,N/A,4897786416.38,280691689,0,343222594,59.0905,8.258,3.141,24.9811,
600693.SH,东百集团,2010-09-14,6.9078,6.8642,6.9369,6.7335,6.7771,2711792,38117798,-0.1307,-1.8921,14.0563,0.9661,3929683646,N/A,4805116316,280691689,0,343222594,57.9725,8.1017,3.0816,24.5085,
600693.SH,东百集团,2010-09-15,6.7771,6.8013,6.8497,6.6125,6.719,3774539,52242737,-0.0581,-0.8571,13.8408,1.3447,3896000643.32,N/A,4763929604.72,280691689,0,343222594,57.4756,8.0323,3.0551,24.2984,
600693.SH,东百集团,2010-09-16,6.719,6.7045,6.7045,6.2688,6.3995,5676157,75031516,-0.3195,-4.755,13.2187,2.0222,3710744128.58,N/A,4537402692.68,280691689,0,343222594,54.7426,7.6503,2.9099,23.143,
600693.SH,东百集团,2010-09-17,6.3995,6.4286,6.4286,6.2495,6.3076,3235353,42352003,-0.092,-1.4372,13.0904,1.1526,3657412707.67,N/A,4472190399.82,280691689,0,343222594,53.9558,7.5404,2.868,22.8104,
600693.SH,东百集团,2010-09-20,6.3076,6.3124,6.4479,6.2543,6.3076,1956499,25679941,0,0,13.1255,0.697,3657412707.67,N/A,4472190399.82,280691689,0,343222594,53.9558,7.5404,2.868,22.8104,
600693.SH,东百集团,2010-09-21,6.3076,6.3318,6.4383,6.2688,6.3947,1937972,25443194,0.0871,1.3814,13.1288,0.6904,3707937211.69,N/A,4533970466.74,280691689,0,343222594,54.7012,7.6445,2.9077,23.1255,
600693.SH,东百集团,2010-09-27,6.3947,6.4286,6.5593,6.4044,6.5593,3839445,51317680,0.1646,2.5738,13.3659,1.3679,3803372385.95,N/A,4650666148.7,280691689,0,343222594,56.1091,7.8413,2.9825,23.7207,
600693.SH,东百集团,2010-09-28,6.5593,6.5302,6.6948,6.4479,6.6319,4134337,56275222,0.0726,1.107,13.6117,1.4729,3845476139.3,N/A,4702149537.8,280691689,0,343222594,56.7302,7.9281,3.0155,23.9833,
600693.SH,东百集团,2010-09-29,6.6319,6.627,6.6706,6.4528,6.4867,2904168,39226590,-0.1452,-2.1898,13.507,1.0346,3761268632.6,N/A,4599182759.6,280691689,0,343222594,55.4879,7.7545,2.9495,23.4581,
600693.SH,东百集团,2010-09-30,6.4867,6.5205,6.5254,6.3366,6.477,3518810,46677747,-0.0097,-0.1493,13.2652,1.2536,3755654798.82,N/A,4592318307.72,280691689,0,343222594,55.4051,7.7429,2.9451,23.4231,
600693.SH,东百集团,2010-10-08,6.477,6.4867,6.6706,6.3898,6.6319,4408308,59572713,0.1549,2.3916,13.5137,1.5705,3845476139.3,N/A,4702149537.8,280691689,0,343222594,56.7302,7.9281,3.0155,23.9833,
600693.SH,东百集团,2010-10-11,6.6319,6.569,6.6803,6.3511,6.3995,7330266,98084958,-0.2324,-3.5036,13.3808,2.6115,3710744128.58,N/A,4537402692.68,280691689,0,343222594,54.7426,7.6503,2.9099,23.143,
600693.SH,东百集团,2010-10-12,6.3995,6.3947,6.4383,6.1478,6.2301,7366993,94717806,-0.1694,-2.6475,12.8571,2.6246,3612502037.43,N/A,4417274784.78,280691689,0,343222594,53.2933,7.4478,2.8328,22.5303,
600693.SH,东百集团,2010-10-13,6.2301,6.2253,6.2688,6.08,6.1478,6306270,80065043,-0.0823,-1.3209,12.6961,2.2467,3564784450.3,N/A,4358926943.8,280691689,0,343222594,52.5893,7.3494,2.7954,22.2327,
600693.SH,东百集团,2010-10-14,6.1478,6.1623,6.172,5.8089,5.8622,9738783,120093598,-0.2856,-4.6457,12.3315,3.4696,3399176353.79,N/A,4156425613.34,280691689,0,343222594,50.1462,7.008,2.6655,21.1998,
600693.SH,东百集团,2010-10-15,5.8622,5.8332,6.0365,5.7896,5.8816,8075084,98622947,0.0194,0.3303,12.2132,2.8769,3410404021.35,N/A,4170154517.1,280691689,0,343222594,50.3118,7.0311,2.6743,21.2698,
600693.SH,东百集团,2010-10-18,5.8816,5.8089,5.8089,5.596,5.6976,5032336,59119888,-0.184,-3.1276,11.748,1.7928,3303741179.53,N/A,4039729931.38,280691689,0,343222594,48.7383,6.8112,2.5907,20.6046,
600693.SH,东百集团,2010-10-19,5.6976,5.6976,5.9784,5.6879,5.9203,5509870,66806660,0.2227,3.9082,12.1249,1.963,3432859356.47,N/A,4197612324.62,280691689,0,343222594,50.6431,7.0774,2.692,21.4099,
600693.SH,东百集团,2010-10-20,5.9203,5.838,6.1236,5.8332,6.0994,6060556,74737186,0.1791,3.0253,12.3317,2.1592,3536715281.4,N/A,4324604684.4,280691689,0,343222594,52.1752,7.2915,2.7734,22.0576,
600693.SH,东百集团,2010-10-21,6.0994,6.0994,6.0994,5.8477,5.9784,7291032,89509026,-0.121,-1.9841,12.2766,2.5975,3466542359.15,N/A,4238799035.9,280691689,0,343222594,51.14,7.1469,2.7184,21.62,
600693.SH,东百集团,2010-10-22,5.9784,5.9154,6.0268,5.867,5.9058,3915581,48012512,-0.0726,-1.2146,12.2619,1.395,3424438605.8,N/A,4187315646.8,280691689,0,343222594,50.5189,7.0601,2.6854,21.3574,
600693.SH,东百集团,2010-10-25,5.9058,5.9203,5.9977,5.8622,5.9784,6758052,82905801,0.0726,1.2295,12.2677,2.4076,3466542359.15,N/A,4238799035.9,280691689,0,343222594,51.14,7.1469,2.7184,21.62,
600693.SH,东百集团,2010-10-26,5.9784,5.9977,6.051,5.8961,6.0461,5563413,68469290,0.0678,1.1336,12.3071,1.982,3505839195.61,N/A,4286850199.06,280691689,0,343222594,51.7197,7.2279,2.7492,21.8651,
600693.SH,东百集团,2010-10-27,6.0461,5.9977,6.1672,5.93,5.9929,6613204,82805846,-0.0532,-0.8807,12.5213,2.356,3474963109.82,N/A,4249095713.72,280691689,0,343222594,51.2642,7.1642,2.725,21.6725,
600693.SH,东百集团,2010-10-28,5.9929,5.9881,6.0268,5.8186,5.8574,4123163,50223927,-0.1355,-2.2617,12.1809,1.4689,3396369436.9,N/A,4152993387.4,280691689,0,343222594,50.1048,7.0022,2.6633,21.1823,
600693.SH,东百集团,2010-10-29,5.8574,5.8574,5.9154,5.7121,5.8332,5527141,66226127,-0.0242,-0.4132,11.982,1.9691,3382334852.45,N/A,4135832257.7,280691689,0,343222594,49.8977,6.9733,2.6523,21.0948,
600693.SH,东百集团,2010-11-01,5.8332,5.8138,6.1962,5.8138,6.1914,9825680,123076356,0.3582,6.1411,12.526,3.2921,3817289548.43,N/A,4389816977.26,298458917,0,343222594,52.962,7.4015,2.8152,22.3902,
600693.SH,东百集团,2010-11-02,6.1914,6.1914,6.3463,6.051,6.0607,6717191,86140911,-0.1307,-2.111,12.8239,2.2506,3736705640.84,N/A,4297146876.88,298458917,0,343222594,51.8439,7.2452,2.7558,21.9176,
600693.SH,东百集团,2010-11-03,6.0607,6.0752,6.2882,6.0123,6.1236,4520258,57472892,0.0629,1.0383,12.7145,1.5145,3775505300.05,N/A,4341765814.1,298458917,0,343222594,52.3823,7.3205,2.7844,22.1452,
600693.SH,东百集团,2010-11-04,6.1236,6.1284,6.3414,5.9784,6.0558,11661445,146072579,-0.0678,-1.1067,12.5261,3.9072,3733721051.67,N/A,4293714650.94,298458917,0,343222594,51.8025,7.2395,2.7536,21.9001,
600693.SH,东百集团,2010-11-05,6.0558,6.08,6.1091,5.9784,6.0558,6501864,81057858,0,0,12.4669,2.1785,3733721051.67,N/A,4293714650.94,298458917,0,343222594,51.8025,7.2395,2.7536,21.9001,
600693.SH,东百集团,2010-11-08,6.0558,6.0558,6.0558,6.0558,6.0558,N/A,N/A,0,0,N/A,N/A,3733721051.67,N/A,4293714650.94,298458917,0,343222594,51.8025,7.2395,2.7536,21.9001,
600693.SH,东百集团,2010-11-09,6.0558,6.1914,6.5399,6.172,6.4625,16198955,212740465,0.4066,6.7146,13.133,5.4275,3984426541.95,N/A,4582021629.9,298458917,0,343222594,55.2809,7.7256,2.9385,23.3706,
600693.SH,东百集团,2010-11-10,6.4625,6.3898,6.84,6.3511,6.7577,16738461,230915201,0.2953,4.5693,13.7955,5.6083,4166486481.32,N/A,4791387412.24,298458917,0,343222594,57.8068,8.0786,3.0727,24.4384,
600693.SH,东百集团,2010-11-11,6.7577,6.7045,6.8642,6.6658,6.6851,10856219,151331750,-0.0726,-1.0745,13.9396,3.6374,4121717643.77,N/A,4739904023.14,298458917,0,343222594,57.1857,7.9918,3.0397,24.1759,
600693.SH,东百集团,2010-11-12,6.6851,6.6561,6.7529,6.3995,6.4286,11188224,152342772,-0.2566,-3.8378,13.6163,3.7487,3963534417.76,N/A,4557996048.32,298458917,0,343222594,54.991,7.6851,2.9231,23.248,
600693.SH,东百集团,2010-11-15,6.4286,6.414,6.8013,6.3802,6.7868,8836097,121458523,0.3582,5.5723,13.7457,2.9606,4184394016.34,N/A,4811980767.88,298458917,0,343222594,58.0553,8.1133,3.086,24.5435,
600693.SH,东百集团,2010-11-16,6.7868,6.8158,6.8207,6.2446,6.4286,7853291,105909562,-0.3582,-5.2782,13.486,2.6313,3963534417.76,N/A,4557996048.32,298458917,0,343222594,54.991,7.6851,2.9231,23.248,
600693.SH,东百集团,2010-11-17,6.4286,6.3366,6.4867,6.0994,6.2301,5955942,76812409,-0.1985,-3.0873,12.8968,1.9956,3841166261.79,N/A,4417274784.78,298458917,0,343222594,53.2933,7.4478,2.8328,22.5303,
600693.SH,东百集团,2010-11-18,6.2301,6.2446,6.3366,6.0994,6.3221,3781885,48827028,0.092,1.4763,12.9108,1.2671,3897873456.02,N/A,4482487077.64,298458917,0,343222594,54.08,7.5577,2.8746,22.8629,
600693.SH,东百集团,2010-11-19,6.3221,6.3172,6.5738,6.2591,6.5351,5714963,76403112,0.213,3.3691,13.369,1.9148,4029195379.5,N/A,4633505019,298458917,0,343222594,55.902,7.8124,2.9715,23.6332,
600693.SH,东百集团,2010-11-22,6.5351,6.5351,6.6561,6.3076,6.4189,3374801,45159238,-0.1162,-1.7778,13.3813,1.1307,3957565239.42,N/A,4551131596.44,298458917,0,343222594,54.9082,7.6735,2.9187,23.213,
600693.SH,东百集团,2010-11-23,6.4189,6.4576,6.4867,6.0026,6.2301,4400140,56070876,-0.1888,-2.9412,12.743,1.4743,3841166261.79,N/A,4417274784.78,298458917,0,343222594,53.2933,7.4478,2.8328,22.5303,
600693.SH,东百集团,2010-11-24,6.2301,6.1284,6.2785,6.0897,6.2495,2393004,30682896,0.0194,0.3108,12.8219,0.8018,3853104618.47,N/A,4431003688.54,298458917,0,343222594,53.4589,7.4709,2.8416,22.6003,
600693.SH,东百集团,2010-11-25,6.2495,6.2688,6.5593,6.2543,6.4818,4282787,57047899,0.2324,3.718,13.3203,1.435,3996364898.63,N/A,4595750533.66,298458917,0,343222594,55.4465,7.7487,2.9473,23.4406,
600693.SH,东百集团,2010-11-26,6.4818,6.4625,6.5109,6.293,6.3753,3474788,45804877,-0.1065,-1.643,13.1821,1.1642,3930703936.89,N/A,4520241562.98,298458917,0,343222594,54.5355,7.6214,2.8989,23.0555,
600693.SH,东百集团,2010-11-29,6.3753,6.3366,6.6997,6.3366,6.6609,6375971,86295417,0.2856,4.4799,13.5345,2.1363,4106794697.92,N/A,4722742893.44,298458917,0,343222594,56.9786,7.9628,3.0287,24.0883,
600693.SH,东百集团,2010-11-30,6.6609,6.5883,6.7093,6.293,6.7045,7701422,104426134,0.0436,0.6541,13.5593,2.5804,4133656000.45,N/A,4753632926.9,298458917,0,343222594,57.3513,8.0149,3.0485,24.2459,
600693.SH,东百集团,2010-12-01,6.7045,6.7529,6.8739,6.6416,6.6561,6588411,91729378,-0.0484,-0.722,13.9228,2.2075,4103810108.75,N/A,4719310667.5,298458917,0,343222594,56.9372,7.957,3.0265,24.0708,
600693.SH,东百集团,2010-12-02,6.6561,6.6561,6.7142,6.3947,6.5012,7575861,101914631,-0.1549,-2.3273,13.4525,2.5383,4008303255.31,N/A,4609479437.42,298458917,0,343222594,55.6122,7.7719,2.9561,23.5106,
600693.SH,东百集团,2010-12-03,6.5012,6.4383,6.4431,6.2737,6.3656,2877132,37735696,-0.1355,-2.0849,13.1157,0.964,3924734758.55,N/A,4513377111.1,298458917,0,343222594,54.4527,7.6098,2.8945,23.0205,
600693.SH,东百集团,2010-12-06,6.3656,6.293,6.4286,6.1478,6.1672,2751625,35577704,-0.1985,-3.1179,12.9297,0.9219,3802366602.58,N/A,4372655847.56,298458917,0,343222594,52.7549,7.3726,2.8042,22.3027,
600693.SH,东百集团,2010-12-07,6.1672,6.1575,6.2446,5.93,6.172,2772237,34582878,0.0048,0.0785,12.4747,0.9289,3805351191.75,N/A,4376088073.5,298458917,0,343222594,52.7964,7.3783,2.8064,22.3202,
600693.SH,东百集团,2010-12-08,6.172,6.1284,6.3705,6.0994,6.2833,4339600,56026870,0.1113,1.8039,12.9106,1.454,3873996742.66,N/A,4455029270.12,298458917,0,343222594,53.7488,7.5114,2.857,22.7229,
600693.SH,东百集团,2010-12-09,6.2833,6.2833,6.3802,6.172,6.172,3451260,44479627,-0.1113,-1.772,12.8879,1.1564,3805351191.75,N/A,4376088073.5,298458917,0,343222594,52.7964,7.3783,2.8064,22.3202,
600693.SH,东百集团,2010-12-10,6.172,6.1478,6.1962,5.93,6.0316,4647061,57767701,-0.1404,-2.2745,12.431,1.557,3718798105.82,N/A,4276553521.24,298458917,0,343222594,51.5955,7.2105,2.7426,21.8125,
600693.SH,东百集团,2010-12-13,6.0316,6.051,6.1962,6.0316,6.143,2804727,35393492,0.1113,1.8459,12.6192,0.9397,3787443656.73,N/A,4355494717.86,298458917,0,343222594,52.5479,7.3436,2.7932,22.2152,
600693.SH,东百集团,2010-12-14,6.143,6.1091,6.1865,5.9784,6.1672,4469066,55837452,0.0242,0.394,12.4942,1.4974,3802366602.58,N/A,4372655847.56,298458917,0,343222594,52.7549,7.3726,2.8042,22.3027,
600693.SH,东百集团,2010-12-15,6.1672,6.1236,6.1914,6.0607,6.0946,4344615,54883825,-0.0726,-1.1774,12.6326,1.4557,3757597765.03,N/A,4321172458.46,298458917,0,343222594,52.1338,7.2858,2.7712,22.0401,
600693.SH,东百集团,2010-12-16,6.0946,6.0994,6.1091,5.8961,5.9058,7010403,86524418,-0.1888,-3.0977,12.3423,2.3489,3641198787.4,N/A,4187315646.8,298458917,0,343222594,50.5189,7.0601,2.6854,21.3574,
600693.SH,东百集团,2010-12-17,5.9058,5.9106,5.9784,5.8719,5.9784,3301956,40451169,0.0726,1.2295,12.2507,1.1063,3685967624.95,N/A,4238799035.9,298458917,0,343222594,51.14,7.1469,2.7184,21.62,
600693.SH,东百集团,2010-12-20,5.9784,5.9832,6.0219,5.7509,5.9058,4143904,50499222,-0.0726,-1.2146,12.1864,1.3884,3641198787.4,N/A,4187315646.8,298458917,0,343222594,50.5189,7.0601,2.6854,21.3574,
600693.SH,东百集团,2010-12-21,5.9058,5.9058,6.0074,5.8912,6.0026,5184915,63569551,0.0968,1.6393,12.2605,1.7372,3700890570.8,N/A,4255960165.6,298458917,0,343222594,51.347,7.1758,2.7294,21.7075,
600693.SH,东百集团,2010-12-22,6.0026,6.0123,6.0123,5.867,5.8961,4184504,51070849,-0.1065,-1.7742,12.2048,1.402,3635229609.06,N/A,4180451194.92,298458917,0,343222594,50.436,7.0485,2.6809,21.3224,
600693.SH,东百集团,2010-12-23,5.8961,5.8961,5.8961,5.6056,5.6492,6282677,74091412,-0.2469,-4.1872,11.793,2.105,3483015561.39,N/A,4005407671.98,298458917,0,343222594,48.3242,6.7534,2.5687,20.4296,
600693.SH,东百集团,2010-12-24,5.6492,5.625,5.7993,5.596,5.746,4293738,50667083,0.0968,1.7138,11.8002,1.4386,3542707344.79,N/A,4074052190.78,298458917,0,343222594,49.1524,6.8691,2.6127,20.7797,
600693.SH,东百集团,2010-12-27,5.746,5.8089,5.8332,5.6492,5.6976,3952273,46869224,-0.0484,-0.8425,11.8588,1.3242,3512861453.09,N/A,4039729931.38,298458917,0,343222594,48.7383,6.8112,2.5907,20.6046,
600693.SH,东百集团,2010-12-28,5.6976,5.6734,5.7073,5.3878,5.4556,3904067,44345906,-0.242,-4.2481,11.3589,1.3081,3363631994.59,N/A,3868118634.38,298458917,0,343222594,46.6678,6.5219,2.4806,19.7293,
600693.SH,东百集团,2010-12-29,5.4556,5.5088,5.625,5.4846,5.6153,2077711,23875460,0.1597,2.9281,11.4912,0.6961,3462123437.2,N/A,3981382090.4,298458917,0,343222594,48.0343,6.7128,2.5533,20.307,
600693.SH,东百集团,2010-12-30,5.6153,5.6153,5.625,5.4846,5.5718,1512695,17327587,-0.0436,-0.7759,11.4548,0.5068,3435262134.67,N/A,3950492056.94,298458917,0,343222594,47.6616,6.6608,2.5335,20.1495,
600693.SH,东百集团,2010-12-31,5.5718,5.5669,5.6879,5.4991,5.6831,3075527,35420018,0.1113,1.9983,11.5167,1.0305,3503907685.58,N/A,4029433253.56,298458917,0,343222594,48.6141,6.7939,2.5841,20.5521,
600693.SH,东百集团,2011-01-04,5.6831,5.6686,5.7896,5.6298,5.7847,2506298,29587438,0.1017,1.7888,11.8052,0.8397,3566584058.15,N/A,4101509998.3,298458917,0,343222594,40.6518,5.9088,2.1674,58.5512,
600693.SH,东百集团,2011-01-05,5.7847,5.7605,5.8089,5.6637,5.717,2772996,32763649,-0.0678,-1.1715,11.8153,0.9291,3524799809.77,N/A,4053458835.14,298458917,0,343222594,40.1755,5.8396,2.142,57.8652,
600693.SH,东百集团,2011-01-06,5.717,5.7073,5.7993,5.654,5.7073,2555487,30149202,-0.0097,-0.1693,11.7978,0.8562,3518830631.43,N/A,4046594383.26,298458917,0,343222594,40.1075,5.8297,2.1383,57.7672,
600693.SH,东百集团,2011-01-07,5.7073,5.6686,5.7751,5.6637,5.7073,968309,11453632,0,0,11.8285,0.3244,3518830631.43,N/A,4046594383.26,298458917,0,343222594,40.1075,5.8297,2.1383,57.7672,
600693.SH,东百集团,2011-01-10,5.7073,5.7073,5.7363,5.5718,5.625,1116823,13069787,-0.0823,-1.4419,11.7026,0.3742,3468092615.54,N/A,3988246542.28,298458917,0,343222594,39.5292,5.7456,2.1075,56.9343,
600693.SH,东百集团,2011-01-11,5.625,5.6153,5.6589,5.4701,5.654,1597688,18352195,0.029,0.5164,11.4867,0.5353,3486000150.56,N/A,4008839897.92,298458917,0,343222594,39.7333,5.7753,2.1184,57.2283,
600693.SH,东百集团,2011-01-12,5.654,5.6444,5.6492,5.4846,5.6153,2839653,32512308,-0.0387,-0.6849,11.4494,0.9514,3462123437.2,N/A,3981382090.4,298458917,0,343222594,39.4611,5.7357,2.1039,56.8363,
600693.SH,东百集团,2011-01-13,5.6153,5.5718,5.6734,5.5137,5.6153,1604484,18485208,0,0,11.521,0.5376,3462123437.2,N/A,3981382090.4,298458917,0,343222594,39.4611,5.7357,2.1039,56.8363,
600693.SH,东百集团,2011-01-14,5.6153,5.5911,5.5911,5.3733,5.4895,2788354,31383891,-0.1259,-2.2414,11.2553,0.9343,3384524118.78,N/A,3892144215.96,298458917,0,343222594,38.5767,5.6072,2.0567,55.5624,
600693.SH,东百集团,2011-01-17,5.4895,5.4217,5.4701,5.078,5.1796,4364329,47047463,-0.3098,-5.6437,10.78,1.4623,3193510411.9,N/A,3672481755.8,298458917,0,343222594,36.3995,5.2907,1.9406,52.4266,
600693.SH,东百集团,2011-01-18,5.1796,5.1796,5.199,5.0102,5.0877,4052672,42771037,-0.092,-1.7757,10.5538,1.3579,3136803217.67,N/A,3607269462.94,298458917,0,343222594,35.7532,5.1968,1.9062,51.4956,
600693.SH,东百集团,2011-01-19,5.0877,5.0828,5.2523,5.0489,5.1603,4723680,50137593,0.0726,1.4272,10.6141,1.5827,3181572055.22,N/A,3658752852.04,298458917,0,343222594,36.2634,5.2709,1.9334,52.2306,
600693.SH,东百集团,2011-01-20,5.1603,5.1312,5.6734,5.1312,5.2474,6588888,72245738,0.0871,1.6886,10.9648,2.2076,3235294660.28,N/A,3720532918.96,298458917,0,343222594,36.8758,5.36,1.966,53.1125,
600693.SH,东百集团,2011-01-21,5.2474,5.2474,5.6056,5.0731,5.4507,5498413,59707614,0.2033,3.8745,10.8591,1.8423,3360647405.42,N/A,3864686408.44,298458917,0,343222594,38.3045,5.5676,2.0422,55.1704,
600693.SH,东百集团,2011-01-24,5.4507,5.3346,5.3636,5.2087,5.2958,2702845,29428865,-0.1549,-2.8419,10.8881,0.9056,3265140551.98,N/A,3754855178.36,298458917,0,343222594,37.2159,5.4094,1.9842,53.6025,
600693.SH,东百集团,2011-01-25,5.2958,5.1796,5.3636,5.1796,5.3636,1466633,15933209,0.0678,1.2797,10.8638,0.4914,3306924800.36,N/A,3802906341.52,298458917,0,343222594,37.6922,5.4786,2.0096,54.2885,
600693.SH,东百集团,2011-01-26,5.3636,5.3007,5.4991,5.3007,5.4749,2617245,29383347,0.1113,2.0758,11.2268,0.8769,3375570351.27,N/A,3881847538.14,298458917,0,343222594,38.4746,5.5923,2.0513,55.4154,
600693.SH,东百集团,2011-01-27,5.4749,5.4362,5.4749,5.3152,5.4023,1578856,17605677,-0.0726,-1.3263,11.1509,0.529,3330801513.72,N/A,3830364149.04,298458917,0,343222594,37.9643,5.5182,2.0241,54.6804,
600693.SH,东百集团,2011-01-28,5.4023,5.4217,5.4217,5.2426,5.2523,2099117,22948004,-0.1501,-2.7778,10.9322,0.7033,3238279249.45,N/A,3723965144.9,298458917,0,343222594,36.9098,5.3649,1.9678,53.1615,
600693.SH,东百集团,2011-01-31,5.2523,5.2281,5.32,5.2281,5.291,976752,10661406,0.0387,0.7373,10.9152,0.3273,3262155962.81,N/A,3751422952.42,298458917,0,343222594,37.1819,5.4045,1.9824,53.5535,
600693.SH,东百集团,2011-02-01,5.291,5.2426,5.3442,5.2426,5.3249,975750,10701368,0.0339,0.6404,10.9673,0.3269,3283048087,N/A,3775448534,298458917,0,343222594,37.42,5.4391,1.9951,53.8965,
600693.SH,东百集团,2011-02-09,5.3249,5.2765,5.3491,5.2039,5.2039,1105245,12040150,-0.121,-2.2727,10.8936,0.3703,3208433357.75,N/A,3689642885.5,298458917,0,343222594,36.5696,5.3154,1.9497,52.6716,
600693.SH,东百集团,2011-02-10,5.2039,5.1845,5.3346,5.1845,5.3249,2119394,23096589,0.121,2.3256,10.8977,0.7101,3283048087,N/A,3775448534,298458917,0,343222594,37.42,5.4391,1.9951,53.8965,
600693.SH,东百集团,2011-02-11,5.3249,5.3249,5.4991,5.3249,5.4507,2731420,30657802,0.1259,2.3636,11.2241,0.9152,3360647405.42,N/A,3864686408.44,298458917,0,343222594,38.3045,5.5676,2.0422,55.1704,
600693.SH,东百集团,2011-02-14,5.4507,5.4507,5.5669,5.4217,5.504,2506010,28415970,0.0532,0.9769,11.3391,0.8396,3393477886.29,N/A,3902440893.78,298458917,0,343222594,38.6787,5.622,2.0622,55.7094,
600693.SH,东百集团,2011-02-15,5.504,5.533,5.5572,5.4701,5.4943,2568344,29194766,-0.0097,-0.1759,11.3672,0.8605,3387508707.95,N/A,3895576441.9,298458917,0,343222594,38.6107,5.6121,2.0585,55.6114,
600693.SH,东百集团,2011-02-16,5.4943,5.4749,5.5282,5.4265,5.5185,3158443,35716156,0.0242,0.4405,11.3082,1.0583,3402431653.8,N/A,3912737571.6,298458917,0,343222594,38.7808,5.6368,2.0676,55.8563,
600693.SH,东百集团,2011-02-17,5.5185,5.5233,5.5427,5.3878,5.4556,5270127,59212880,-0.0629,-1.1404,11.2356,1.7658,3363631994.59,N/A,3868118634.38,298458917,0,343222594,38.3385,5.5726,2.044,55.2194,
600693.SH,东百集团,2011-02-18,5.4556,5.4459,5.4459,5.3055,5.32,4090583,45149018,-0.1355,-2.4845,11.0373,1.3706,3280063497.83,N/A,3772016308.06,298458917,0,343222594,37.386,5.4341,1.9932,53.8475,
600693.SH,东百集团,2011-02-21,5.32,5.2523,5.412,5.2329,5.4072,4040699,44440813,0.0871,1.6379,10.9983,1.3539,3333786102.89,N/A,3833796374.98,298458917,0,343222594,37.9984,5.5231,2.0259,54.7294,
600693.SH,东百集团,2011-02-22,5.4072,5.3684,5.3684,5.2087,5.2329,4382018,47854570,-0.1743,-3.2229,10.9207,1.4682,3226340892.77,N/A,3710236241.14,298458917,0,343222594,36.7737,5.3451,1.9606,52.9655,
600693.SH,东百集团,2011-02-23,5.2329,5.2329,5.2813,5.1216,5.2281,6326631,67943530,-0.0048,-0.0925,10.7393,2.1198,3223356303.6,N/A,3706804015.2,298458917,0,343222594,36.7397,5.3402,1.9588,52.9165,
600693.SH,东百集团,2011-02-24,5.2281,5.2426,5.2523,5.1893,5.2426,5771017,62269977,0.0145,0.2778,10.7901,1.9336,3232310071.11,N/A,3717100693.02,298458917,0,343222594,36.8417,5.355,1.9642,53.0635,
600693.SH,东百集团,2011-02-25,5.2426,5.2281,5.3878,5.1361,5.3442,7312820,80142812,0.1017,1.9391,10.9592,2.4502,3294986443.68,N/A,3789177437.76,298458917,0,343222594,37.5561,5.4588,2.0023,54.0925,
600693.SH,东百集团,2011-02-28,5.3442,5.3297,5.4217,5.2861,5.4023,3750665,41658366,0.0581,1.087,11.1069,1.2567,3330801513.72,N/A,3830364149.04,298458917,0,343222594,37.9643,5.5182,2.0241,54.6804,
600693.SH,东百集团,2011-03-01,5.4023,5.4072,5.4991,5.4023,5.4459,4860436,54580697,0.0436,0.8065,11.2296,1.6285,3357662816.25,N/A,3861254182.5,298458917,0,343222594,38.2705,5.5627,2.0404,55.1214,
600693.SH,东百集团,2011-03-02,5.4459,5.4362,5.6153,5.3975,5.5669,9470155,107916704,0.121,2.2222,11.3955,3.173,3432277545.5,N/A,3947059831,298458917,0,343222594,39.121,5.6863,2.0857,56.3463,
600693.SH,东百集团,2011-03-03,5.5669,5.5524,5.6589,5.4265,5.4362,4189200,47605458,-0.1307,-2.3478,11.3639,1.4036,3351693637.91,N/A,3854389730.62,298458917,0,343222594,38.2025,5.5528,2.0368,55.0234,
600693.SH,东百集团,2011-03-04,5.4362,5.441,5.4943,5.4072,5.4749,2959492,33339640,0.0387,0.7124,11.2653,0.9916,3375570351.27,N/A,3881847538.14,298458917,0,343222594,38.4746,5.5923,2.0513,55.4154,
600693.SH,东百集团,2011-03-07,5.4749,5.4749,5.746,5.4072,5.654,13978472,160771704,0.1791,3.2714,11.5014,4.6835,3486000150.56,N/A,4008839897.92,298458917,0,343222594,39.7333,5.7753,2.1184,57.2283,
600693.SH,东百集团,2011-03-08,5.654,5.6347,5.7605,5.5911,5.6734,13130553,154491120,0.0194,0.3425,11.7658,4.3995,3497938507.24,N/A,4022568801.68,298458917,0,343222594,39.8694,5.7951,2.1256,57.4242,
600693.SH,东百集团,2011-03-09,5.6734,5.6782,5.7073,5.5282,5.5621,10270272,118573218,-0.1113,-1.9625,11.5453,3.4411,3429292956.33,N/A,3943627605.06,298458917,0,343222594,39.0869,5.6814,2.0839,56.2973,
600693.SH,东百集团,2011-03-10,5.5621,5.5621,5.5911,5.4991,5.5137,4447747,50743304,-0.0484,-0.8703,11.4088,1.4902,3399447064.63,N/A,3909305345.66,298458917,0,343222594,38.7468,5.6319,2.0658,55.8074,
600693.SH,东百集团,2011-03-11,5.5137,5.5137,5.596,5.3926,5.4604,7082038,80345780,-0.0532,-0.9658,11.345,2.3729,3366616583.76,N/A,3871550860.32,298458917,0,343222594,38.3726,5.5775,2.0458,55.2684,
600693.SH,东百集团,2011-03-14,5.4604,5.4507,5.4895,5.412,5.4749,4762658,53515509,0.0145,0.266,11.2365,1.5957,3375570351.27,N/A,3881847538.14,298458917,0,343222594,38.4746,5.5923,2.0513,55.4154,
600693.SH,东百集团,2011-03-15,5.4749,5.4701,5.4701,5.2765,5.3394,7013425,77457671,-0.1355,-2.4757,11.0442,2.3499,3292001854.51,N/A,3785745211.82,298458917,0,343222594,37.5221,5.4539,2.0005,54.0435,
600693.SH,东百集团,2011-03-16,5.3394,5.3636,5.4701,5.3394,5.441,4464460,49997917,0.1017,1.9039,11.1991,1.4958,3354678227.08,N/A,3857821956.56,298458917,0,343222594,38.2365,5.5577,2.0386,55.0724,
600693.SH,东百集团,2011-03-17,5.441,5.412,5.412,5.2426,5.2813,5104648,56219419,-0.1597,-2.9359,11.0134,1.7103,3256186784.47,N/A,3744558500.54,298458917,0,343222594,37.1139,5.3946,1.9787,53.4555,
600693.SH,东百集团,2011-03-18,5.2813,5.291,5.3394,5.2329,5.3007,5104741,55800633,0.0194,0.3666,10.9311,1.7104,3268125141.15,N/A,3758287404.3,298458917,0,343222594,37.25,5.4143,1.986,53.6515,
600693.SH,东百集团,2011-03-21,5.3007,5.2765,5.4217,5.2765,5.3297,6716286,74272346,0.029,0.5479,11.0585,2.2503,3286032676.17,N/A,3778880759.94,298458917,0,343222594,37.4541,5.444,1.9969,53.9455,
600693.SH,东百集团,2011-03-22,5.3297,5.3297,5.3975,5.2813,5.3394,4920587,54224747,0.0097,0.1817,11.02,1.6487,3292001854.51,N/A,3785745211.82,298458917,0,343222594,37.5221,5.4539,2.0005,54.0435,
600693.SH,东百集团,2011-03-23,5.3394,5.3249,5.3491,5.2958,5.3346,6118095,67279472,-0.0048,-0.0907,10.9968,2.0499,3289017265.34,N/A,3782312985.88,298458917,0,343222594,37.4881,5.449,1.9987,53.9945,
600693.SH,东百集团,2011-03-24,5.3346,5.3394,5.3636,5.1748,5.2861,16060667,174979067,-0.0484,-0.9074,10.8949,5.3812,3259171373.64,N/A,3747990726.48,298458917,0,343222594,37.1479,5.3995,1.9805,53.5045,
600693.SH,东百集团,2011-03-25,5.2861,5.291,5.3442,5.2619,5.3103,10972220,120225366,0.0242,0.4579,10.9573,3.6763,3274094319.49,N/A,3765151856.18,298458917,0,343222594,37.318,5.4242,1.9896,53.7495,
600693.SH,东百集团,2011-03-28,5.3103,5.3152,5.3152,5.1361,5.1554,10033184,108022849,-0.1549,-2.917,10.7666,3.3617,3178587466.05,N/A,3655320626.1,298458917,0,343222594,36.2294,5.266,1.9316,52.1816,
600693.SH,东百集团,2011-03-29,5.1554,5.1167,5.1651,4.8505,4.8747,13872683,143150414,-0.2808,-5.446,10.3189,4.6481,3005481294.19,N/A,3456251521.58,298458917,0,343222594,34.2564,4.9792,1.8264,49.3398,
600693.SH,东百集团,2011-03-30,4.8747,4.894,4.9231,4.6956,4.836,12934369,128081959,-0.0387,-0.7944,9.9025,4.3337,2981604580.83,N/A,3428793714.06,298458917,0,343222594,33.9842,4.9397,1.8119,48.9478,
600693.SH,东百集团,2011-03-31,4.836,4.8166,4.9086,4.7246,4.7924,6486552,64148542,-0.0436,-0.9009,9.8895,2.1733,2954743278.3,N/A,3397903680.6,298458917,0,343222594,33.678,4.8952,1.7955,48.5068,
600693.SH,东百集团,2011-04-01,4.7924,4.7924,4.9231,4.7682,4.9134,5289088,53046242,0.121,2.5253,10.0294,1.7721,3029358007.55,N/A,3483709329.1,298458917,0,343222594,34.5285,5.0188,1.8409,49.7318,
600693.SH,东百集团,2011-04-06,4.9134,4.9134,4.9134,4.9134,4.9134,N/A,N/A,0,0,N/A,N/A,3029358007.55,N/A,3483709329.1,298458917,0,343222594,34.5285,5.0188,1.8409,49.7318,
600693.SH,东百集团,2011-04-07,4.9134,4.986,5.4023,4.986,5.1167,27614745,295966548,0.2033,4.1379,10.7177,9.2524,3154710752.69,N/A,3627862818.58,298458917,0,343222594,35.9573,5.2264,1.9171,51.7896,
600693.SH,东百集团,2011-04-08,5.1167,5.1167,5.1554,5.0393,5.078,9922097,104345553,-0.0387,-0.7569,10.5165,3.3244,3130834039.33,N/A,3600405011.06,298458917,0,343222594,35.6851,5.1869,1.9026,51.3976,
600693.SH,东百集团,2011-04-11,5.078,5.0828,5.107,4.9279,4.9667,9486211,97907337,-0.1113,-2.1926,10.321,3.1784,3062188488.42,N/A,3521463814.44,298458917,0,343222594,34.9027,5.0732,1.8608,50.2707,
600693.SH,东百集团,2011-04-12,4.9667,4.9667,5.0489,4.9424,4.9812,5657918,58261961,0.0145,0.2924,10.2974,1.8957,3071142255.93,N/A,3531760492.26,298458917,0,343222594,35.0048,5.088,1.8663,50.4177,
600693.SH,东百集团,2011-04-13,4.9812,4.957,5.1554,4.9328,5.1119,8883906,93081619,0.1307,2.6239,10.4776,2.9766,3151726163.52,N/A,3624430592.64,298458917,0,343222594,35.9232,5.2215,1.9153,51.7406,
600693.SH,东百集团,2011-04-14,5.1119,5.1264,5.1651,5.0344,5.0586,6174806,65057697,-0.0532,-1.0417,10.536,2.0689,3118895682.65,N/A,3586676107.3,298458917,0,343222594,35.549,5.1671,1.8953,51.2017,
600693.SH,东百集团,2011-04-15,5.0586,5.0683,5.2716,5.0296,5.2474,12406032,132526368,0.1888,3.7321,10.6824,4.1567,3235294660.28,N/A,3720532918.96,298458917,0,343222594,36.8758,5.36,1.966,53.1125,
600693.SH,东百集团,2011-04-18,5.2474,5.2281,5.2668,5.1264,5.1942,11508322,123504617,-0.0532,-1.0148,10.7318,3.8559,3202464179.41,N/A,3682778433.62,298458917,0,343222594,36.5016,5.3056,1.9461,52.5736,
600693.SH,东百集团,2011-04-19,5.1942,5.17,5.1748,5.0054,5.1264,9932918,104652612,-0.0678,-1.3048,10.5359,3.3281,3160679931.03,N/A,3634727270.46,298458917,0,343222594,36.0253,5.2363,1.9207,51.8876,
600693.SH,东百集团,2011-04-20,5.1264,5.1022,5.2813,5.0877,5.2184,7831500,84224513,0.092,1.7941,10.7546,2.624,3217387125.26,N/A,3699939563.32,298458917,0,343222594,36.6716,5.3303,1.9552,52.8186,
600693.SH,东百集团,2011-04-21,5.2184,5.1845,5.2377,5.107,5.2135,5889267,63111746,-0.0048,-0.0928,10.7164,1.9732,3214402536.09,N/A,3696507337.38,298458917,0,343222594,36.6376,5.3253,1.9533,52.7696,
600693.SH,东百集团,2011-04-22,5.2135,5.1893,5.2765,5.1458,5.2619,7588942,81917768,0.0484,0.9285,10.7944,2.5427,3244248427.79,N/A,3730829596.78,298458917,0,343222594,36.9778,5.3748,1.9715,53.2595,
600693.SH,东百集团,2011-04-25,5.2619,5.2474,5.3636,5.1942,5.2039,8689523,94998204,-0.0581,-1.104,10.9325,2.9115,3208433357.75,N/A,3689642885.5,298458917,0,343222594,36.5696,5.3154,1.9497,52.6716,
600693.SH,东百集团,2011-04-26,5.2039,5.1603,5.2281,4.9667,5.0296,6617084,69207405,-0.1743,-3.3488,10.4589,2.2171,3100988147.63,N/A,3566082751.66,298458917,0,343222594,35.3449,5.1374,1.8844,50.9077,
600693.SH,东百集团,2011-04-27,5.0296,5.0296,5.1216,4.9763,5.0683,5315566,55338560,0.0387,0.77,10.4107,1.781,3124864860.99,N/A,3593540559.18,298458917,0,343222594,35.6171,5.177,1.8989,51.2996,
600693.SH,东百集团,2011-04-28,5.0683,5.0683,5.0828,4.8069,4.8166,4469123,45588186,-0.2517,-4.9666,10.2007,1.4974,2969666224.15,N/A,3415064810.3,298458917,0,343222594,33.8481,4.9199,1.8046,48.7518,
600693.SH,东百集团,2011-04-29,4.8166,4.8408,4.9037,4.8069,4.8795,2643480,26555631,0.0629,1.3065,10.0457,0.8857,3008465883.36,N/A,3459683747.52,298458917,0,343222594,34.2904,4.9842,1.8282,49.3888,
600693.SH,东百集团,2011-05-03,4.8795,4.8844,5.107,4.8456,5.0489,3289332,33843649,0.1694,3.4722,10.2889,1.1021,3112926504.31,N/A,3579811655.42,298458917,0,343222594,35.481,5.1572,1.8917,51.1037,
600693.SH,东百集团,2011-05-04,5.0489,5.0344,5.0344,4.9182,4.986,3290412,33865366,-0.0629,-1.2464,10.2921,1.1025,3074126845.1,N/A,3535192718.2,298458917,0,343222594,35.0388,5.0929,1.8681,50.4667,
600693.SH,东百集团,2011-05-05,4.986,4.9473,5.0731,4.9424,5.0393,3380326,35021312,0.0532,1.068,10.3603,1.1326,3106957325.97,N/A,3572947203.54,298458917,0,343222594,35.413,5.1473,1.888,51.0057,
600693.SH,东百集团,2011-05-06,5.0393,5.0102,5.1796,4.9715,5.1216,5413304,57073871,0.0823,1.633,10.5433,1.8138,3157695341.86,N/A,3631295044.52,298458917,0,343222594,35.9913,5.2314,1.9189,51.8386,
600693.SH,东百集团,2011-05-09,5.1216,5.1554,5.2377,5.0877,5.199,5389061,57724061,0.0775,1.5123,10.7113,1.8056,3205448768.58,N/A,3686210659.56,298458917,0,343222594,36.5356,5.3105,1.9479,52.6226,
600693.SH,东百集团,2011-05-10,5.199,5.199,5.2377,5.1409,5.1796,5824946,62617625,-0.0194,-0.3724,10.7499,1.9517,3193510411.9,N/A,3672481755.8,298458917,0,343222594,36.3995,5.2907,1.9406,52.4266,
600693.SH,东百集团,2011-05-11,5.1796,5.1796,5.1796,5.1796,5.1796,N/A,N/A,0,0,N/A,N/A,3193510411.9,N/A,3672481755.8,298458917,0,343222594,36.3995,5.2907,1.9406,52.4266,
600693.SH,东百集团,2011-05-12,5.1796,5.1312,5.2281,4.9618,4.9763,5793035,61103921,-0.2033,-3.9252,10.5478,1.941,3068157666.76,N/A,3528328266.32,298458917,0,343222594,34.9707,5.0831,1.8645,50.3687,
600693.SH,东百集团,2011-05-13,4.9763,4.9763,5.078,4.9376,5.0296,4462167,46247661,0.0532,1.07,10.3644,1.4951,3100988147.63,N/A,3566082751.66,298458917,0,343222594,35.3449,5.1374,1.8844,50.9077,
600693.SH,东百集团,2011-05-16,5.0296,5.0344,5.17,4.9957,5.0683,4857701,51200492,0.0387,0.77,10.5401,1.6276,3124864860.99,N/A,3593540559.18,298458917,0,343222594,35.6171,5.177,1.8989,51.2996,
600693.SH,东百集团,2011-05-17,5.0683,5.1312,5.2184,5.0731,5.1119,5338739,56637505,0.0436,0.8596,10.6088,1.7888,3151726163.52,N/A,3624430592.64,298458917,0,343222594,35.9232,5.2215,1.9153,51.7406,
600693.SH,东百集团,2011-05-18,5.1119,5.0538,5.17,5.0538,5.1506,3843500,40760696,0.0387,0.7576,10.6051,1.2878,3175602876.88,N/A,3651888400.16,298458917,0,343222594,36.1954,5.2611,1.9298,52.1326,
600693.SH,东百集团,2011-05-19,5.1506,5.1748,5.1796,5.0005,5.0731,4148245,43729265,-0.0775,-1.5038,10.5416,1.3899,3127849450.16,N/A,3596972785.12,298458917,0,343222594,35.6511,5.1819,1.9007,51.3486,
600693.SH,东百集团,2011-05-20,5.0731,5.0877,5.0877,4.9376,5.0005,3227699,33285956,-0.0726,-1.4313,10.3126,1.0815,3083080612.61,N/A,3545489396.02,298458917,0,343222594,35.1408,5.1078,1.8735,50.6137,
600693.SH,东百集团,2011-05-23,5.0005,5.0054,5.0199,4.7052,4.8021,5807338,57930624,-0.1985,-3.969,9.9754,1.9458,2960712456.64,N/A,3404768132.48,298458917,0,343222594,33.7461,4.905,1.7992,48.6048,
600693.SH,东百集团,2011-05-24,4.8021,4.7924,4.8263,4.6472,4.7924,3144350,30770690,-0.0097,-0.2016,9.786,1.0535,2954743278.3,N/A,3397903680.6,298458917,0,343222594,33.678,4.8952,1.7955,48.5068,
600693.SH,东百集团,2011-05-25,4.7924,4.7488,4.8021,4.6472,4.744,3585487,34809782,-0.0484,-1.0101,9.7085,1.2013,2924897386.6,N/A,3363581421.2,298458917,0,343222594,33.3379,4.8457,1.7774,48.0169,
600693.SH,东百集团,2011-05-26,4.744,4.7343,4.7682,4.5745,4.6133,7004072,67078827,-0.1307,-2.7551,9.5771,2.3467,2844313479.01,N/A,3270911320.82,298458917,0,343222594,32.4194,4.7122,1.7284,46.6939,
600693.SH,东百集团,2011-05-27,4.6133,4.6133,4.6326,4.4438,4.5842,5992527,56275770,-0.029,-0.6296,9.391,2.0078,2826405943.99,N/A,3250317965.18,298458917,0,343222594,32.2153,4.6825,1.7176,46.4,
600693.SH,东百集团,2011-05-30,4.5842,4.5697,4.8166,4.4971,4.5794,6879361,65335451,-0.0048,-0.1056,9.4973,2.305,2823421354.82,N/A,3246885739.24,298458917,0,343222594,32.1812,4.6776,1.7157,46.351,
600693.SH,东百集团,2011-05-31,4.5794,4.5794,4.7295,4.5019,4.5988,6099847,57865025,0.0194,0.4228,9.4863,2.0438,2835359711.5,N/A,3260614643,298458917,0,343222594,32.3173,4.6974,1.723,46.547,
600693.SH,东百集团,2011-06-01,4.5988,4.5988,4.5988,4.5988,4.5988,N/A,N/A,0,0,N/A,N/A,2835359711.5,N/A,3260614643,298458917,0,343222594,32.3173,4.6974,1.723,46.547,
600693.SH,东百集团,2011-06-02,4.5988,4.5165,4.6617,4.4487,4.5068,4417586,41194020,-0.092,-2,9.325,1.4801,2778652517.27,N/A,3195402350.14,298458917,0,343222594,31.671,4.6034,1.6885,45.616,
600693.SH,东百集团,2011-06-03,4.5068,4.5068,4.5455,4.4632,4.5116,4466539,41578382,0.0048,0.1074,9.3089,1.4965,2781637106.44,N/A,3198834576.08,298458917,0,343222594,31.705,4.6084,1.6904,45.665,
600693.SH,东百集团,2011-06-07,4.5116,4.5116,4.56,4.4874,4.5552,3115859,29168597,0.0436,0.9657,9.3613,1.044,2808498408.97,N/A,3229724609.54,298458917,0,343222594,32.0111,4.6529,1.7067,46.106,
600693.SH,东百集团,2011-06-08,4.5552,4.5503,4.56,4.4826,4.5552,2128206,19878703,0,0,9.3406,0.7131,2808498408.97,N/A,3229724609.54,298458917,0,343222594,32.0111,4.6529,1.7067,46.106,
600693.SH,东百集团,2011-06-09,4.5552,4.5503,4.5697,4.3858,4.4293,2687837,25005690,-0.1259,-2.763,9.3033,0.9006,2730899090.55,N/A,3140486735.1,298458917,0,343222594,31.1267,4.5243,1.6595,44.8321,
600693.SH,东百集团,2011-06-10,4.4293,4.41,4.4535,4.2309,4.3277,5769306,51428155,-0.1017,-2.2951,8.9141,1.933,2668222717.98,N/A,3068409990.36,298458917,0,343222594,30.4123,4.4205,1.6214,43.8031,
600693.SH,东百集团,2011-06-13,4.3277,4.2841,4.2841,4.1534,4.2551,3431264,29840093,-0.0726,-1.6779,8.6965,1.1497,2623453880.43,N/A,3016926601.26,298458917,0,343222594,29.902,4.3463,1.5942,43.0682,
600693.SH,东百集团,2011-06-14,4.2551,4.2647,4.3228,4.226,4.3131,2753738,24376378,0.0581,1.3652,8.8521,0.9227,2659268950.47,N/A,3058113312.54,298458917,0,343222594,30.3102,4.4056,1.616,43.6561,
600693.SH,东百集团,2011-06-15,4.3131,4.2841,4.3422,4.2309,4.2551,2777799,24607571,-0.0581,-1.3468,8.8587,0.9307,2623453880.43,N/A,3016926601.26,298458917,0,343222594,29.902,4.3463,1.5942,43.0682,
600693.SH,东百集团,2011-06-16,4.2551,4.2163,4.2309,4.1147,4.1195,2612371,22459949,-0.1355,-3.1854,8.5975,0.8753,2539885383.67,N/A,2920824274.94,298458917,0,343222594,28.9495,4.2079,1.5434,41.6963,
600693.SH,东百集团,2011-06-17,4.1195,4.1195,4.1921,4.0469,4.0566,3274928,27676657,-0.0629,-1.5276,8.4511,1.0973,2501085724.46,N/A,2876205337.72,298458917,0,343222594,28.5073,4.1436,1.5199,41.0593,
600693.SH,东百集团,2011-06-20,4.0566,4.0372,4.0663,3.9356,4.0179,3457000,28499284,-0.0387,-0.9547,8.2439,1.1583,2477209011.1,N/A,2848747530.2,298458917,0,343222594,28.2351,4.104,1.5054,40.6673,
600693.SH,东百集团,2011-06-21,4.0179,4.0033,4.0663,3.9985,4.0614,2564136,21414090,0.0436,1.0843,8.3514,0.8591,2504070313.63,N/A,2879637563.66,298458917,0,343222594,28.5413,4.1485,1.5217,41.1083,
600693.SH,东百集团,2011-06-22,4.0614,4.0469,4.0614,3.9743,4.0082,2053837,17038196,-0.0532,-1.3111,8.2958,0.6881,2471239832.76,N/A,2841883078.32,298458917,0,343222594,28.1671,4.0941,1.5017,40.5693,
600693.SH,东百集团,2011-06-23,4.0082,4.013,4.0856,3.9646,4.0711,3798548,31709821,0.0629,1.57,8.3479,1.2727,2510039491.97,N/A,2886502015.54,298458917,0,343222594,28.6093,4.1584,1.5253,41.2063,
600693.SH,东百集团,2011-06-24,4.0711,4.0663,4.2212,4.0614,4.1679,5025851,43158377,0.0968,2.3781,8.5873,1.6839,2569731275.37,N/A,2955146534.34,298458917,0,343222594,29.2897,4.2573,1.5616,42.1862,
600693.SH,东百集团,2011-06-27,4.1679,4.1776,4.3131,4.1534,4.2599,5131244,44911021,0.092,2.2067,8.7525,1.7192,2626438469.6,N/A,3020358827.2,298458917,0,343222594,29.936,4.3513,1.596,43.1172,
600693.SH,东百集团,2011-06-28,4.2599,4.2599,4.2599,4.1921,4.2357,2775178,24149400,-0.0242,-0.5682,8.7019,0.9298,2611515523.75,N/A,3003197697.5,298458917,0,343222594,29.7659,4.3265,1.587,42.8722,
600693.SH,东百集团,2011-06-29,4.2357,4.2502,4.2502,4.1147,4.134,3529573,30507977,-0.1017,-2.4,8.6435,1.1826,2548839151.18,N/A,2931120952.76,298458917,0,343222594,29.0516,4.2227,1.5489,41.8433,
600693.SH,东百集团,2011-06-30,4.134,4.134,4.2309,4.1292,4.1824,5818983,50296031,0.0484,1.171,8.6434,1.9497,2578685042.88,N/A,2965443212.16,298458917,0,343222594,29.3917,4.2721,1.567,42.3332,
600693.SH,东百集团,2011-07-01,4.1824,4.347,4.4971,4.2647,4.3519,16277363,146432494,0.1694,4.0509,8.9961,5.4538,2683145663.83,N/A,3085571120.06,298458917,0,343222594,30.5824,4.4452,1.6305,44.0481,
600693.SH,东百集团,2011-07-04,4.3519,4.3277,4.4051,4.3277,4.4003,8445053,76240117,0.0484,1.1123,9.0278,2.8296,2712991555.53,N/A,3119893379.46,298458917,0,343222594,30.9226,4.4946,1.6486,44.5381,
600693.SH,东百集团,2011-07-05,4.4003,4.4003,4.4681,4.3809,4.4245,5545616,50590041,0.0242,0.5501,9.1225,1.8581,2727914501.38,N/A,3137054509.16,298458917,0,343222594,31.0927,4.5194,1.6577,44.7831,
600693.SH,东百集团,2011-07-06,4.4245,4.4245,4.4681,4.3616,4.4487,5816495,53034273,0.0242,0.547,9.1179,1.9488,2742837447.23,N/A,3154215638.86,298458917,0,343222594,31.2627,4.5441,1.6668,45.0281,
600693.SH,东百集团,2011-07-07,4.4487,4.894,4.894,4.8117,4.894,54074064,545787842,0.4454,10.0109,10.0933,18.1178,3017419650.87,N/A,3469980425.34,298458917,0,343222594,34.3924,4.999,1.8336,49.5358,
600693.SH,东百集团,2011-07-08,4.894,4.8166,5.0054,4.7875,4.8747,39552593,400941726,-0.0194,-0.3956,10.1369,13.2523,3005481294.19,N/A,3456251521.58,298458917,0,343222594,34.2564,4.9792,1.8264,49.3398,
600693.SH,东百集团,2011-07-11,4.8747,4.865,5.0344,4.8214,4.9957,21531742,220317566,0.121,2.4826,10.2322,7.2143,3080096023.44,N/A,3542057170.08,298458917,0,343222594,35.1068,5.1028,1.8717,50.5647,
600693.SH,东百集团,2011-07-12,4.9957,4.9618,4.9812,4.894,4.957,13115540,133757960,-0.0387,-0.7752,10.1984,4.3944,3056219310.08,N/A,3514599362.56,298458917,0,343222594,34.8347,5.0633,1.8572,50.1727,
600693.SH,东百集团,2011-07-13,4.957,4.9667,5.078,4.9328,5.0586,20208277,208873020,0.1017,2.0508,10.336,6.7709,3118895682.65,N/A,3586676107.3,298458917,0,343222594,35.549,5.1671,1.8953,51.2017,
600693.SH,东百集团,2011-07-14,5.0586,5.0441,5.0538,4.9182,4.9667,15524382,159614883,-0.092,-1.8182,10.2816,5.2015,3062188488.42,N/A,3521463814.44,298458917,0,343222594,34.9027,5.0732,1.8608,50.2707,
600693.SH,东百集团,2011-07-15,4.9667,4.957,5.0635,4.8408,5.0199,11156003,114702357,0.0532,1.0721,10.2817,3.7379,3095018969.29,N/A,3559218299.78,298458917,0,343222594,35.2769,5.1276,1.8808,50.8097,
600693.SH,东百集团,2011-07-18,5.0199,5.0296,5.1361,4.9812,5.0296,10658160,110979998,0.0097,0.1929,10.4127,3.5711,3100988147.63,N/A,3566082751.66,298458917,0,343222594,35.3449,5.1374,1.8844,50.9077,
600693.SH,东百集团,2011-07-19,5.0296,4.9763,5.0151,4.8844,4.9134,8107984,82624519,-0.1162,-2.3099,10.1905,2.7166,3029358007.55,N/A,3483709329.1,298458917,0,343222594,34.5285,5.0188,1.8409,49.7318,
600693.SH,东百集团,2011-07-20,4.9134,4.9521,4.986,4.865,4.9037,6991232,70937472,-0.0097,-0.197,10.1466,2.3424,3023388829.21,N/A,3476844877.22,298458917,0,343222594,34.4605,5.0089,1.8373,49.6338,
600693.SH,东百集团,2011-07-21,4.9037,4.8989,4.9182,4.865,4.8795,4764249,48072921,-0.0242,-0.4936,10.0903,1.5963,3008465883.36,N/A,3459683747.52,298458917,0,343222594,34.2904,4.9842,1.8282,49.3888,
600693.SH,东百集团,2011-07-22,4.8795,4.8844,4.9715,4.865,4.9037,7390084,75039255,0.0242,0.496,10.154,2.4761,3023388829.21,N/A,3476844877.22,298458917,0,343222594,34.4605,5.0089,1.8373,49.6338,
600693.SH,东百集团,2011-07-25,4.9037,4.9279,4.9957,4.7198,4.7391,14224265,143051144,-0.1646,-3.3564,10.0568,4.7659,2921912797.43,N/A,3360149195.26,298458917,0,343222594,33.3038,4.8408,1.7756,47.9679,
600693.SH,东百集团,2011-07-26,4.7391,4.7391,4.7827,4.6084,4.6714,8185094,78980465,-0.0678,-1.43,9.6493,2.7425,2880128549.05,N/A,3312098032.1,298458917,0,343222594,32.8276,4.7715,1.7502,47.2819,
600693.SH,东百集团,2011-07-27,4.6714,4.6568,4.7924,4.6472,4.7682,7967914,77877584,0.0968,2.0725,9.7739,2.6697,2939820332.45,N/A,3380742550.9,298458917,0,343222594,33.508,4.8704,1.7865,48.2618,
600693.SH,东百集团,2011-07-28,4.7682,4.7052,4.7682,4.6665,4.7343,5411959,52645939,-0.0339,-0.7107,9.7277,1.8133,2918928208.26,N/A,3356716969.32,298458917,0,343222594,33.2698,4.8358,1.7738,47.9189,
600693.SH,东百集团,2011-07-29,4.7343,4.744,4.8214,4.6859,4.7875,6198031,60942446,0.0532,1.1247,9.8325,2.0767,2951758689.13,N/A,3394471454.66,298458917,0,343222594,33.644,4.8902,1.7937,48.4578,
600693.SH,东百集团,2011-08-01,4.7875,4.7779,4.957,4.7488,4.8602,11335854,114268764,0.0726,1.5167,10.0803,3.7981,2996527526.68,N/A,3445954843.76,298458917,0,343222594,34.1543,4.9644,1.8209,49.1928,
600693.SH,东百集团,2011-08-02,4.8602,4.8214,4.8892,4.744,4.8408,9063410,90473874,-0.0194,-0.3984,9.9823,3.0367,2984589170,N/A,3432225940,298458917,0,343222594,34.0182,4.9446,1.8137,48.9968,
600693.SH,东百集团,2011-08-03,4.8408,4.7875,4.8844,4.773,4.8263,5271196,52677766,-0.0145,-0.3,9.9935,1.7661,2975635402.49,N/A,3421929262.18,298458917,0,343222594,33.9162,4.9298,1.8082,48.8498,
600693.SH,东百集团,2011-08-04,4.8263,4.8505,4.957,4.8311,4.9473,10819512,109728927,0.121,2.5075,10.1418,3.6251,3050250131.74,N/A,3507734910.68,298458917,0,343222594,34.7666,5.0534,1.8536,50.0747,
600693.SH,东百集团,2011-08-05,4.9473,4.8166,4.8553,4.7004,4.8021,9689926,96201138,-0.1452,-2.9354,9.928,3.2467,2960712456.64,N/A,3404768132.48,298458917,0,343222594,33.7461,4.905,1.7992,48.6048,
600693.SH,东百集团,2011-08-08,4.8021,4.8408,4.8698,4.4342,4.4438,15635185,151225378,-0.3582,-7.4597,9.6721,5.2386,2739852858.06,N/A,3150783412.92,298458917,0,343222594,31.2287,4.5391,1.665,44.9791,
600693.SH,东百集团,2011-08-09,4.4438,4.3083,4.4342,4.2066,4.3712,11987542,106891472,-0.0726,-1.634,8.9169,4.0165,2695084020.51,N/A,3099300023.82,298458917,0,343222594,30.7185,4.465,1.6378,44.2441,
600693.SH,东百集团,2011-08-10,4.3712,4.4584,4.773,4.4293,4.5116,17875236,168721013,0.1404,3.2115,9.4388,5.9892,2781637106.44,N/A,3198834576.08,298458917,0,343222594,31.705,4.6084,1.6904,45.665,
600693.SH,东百集团,2011-08-11,4.5116,4.3567,4.6278,4.3373,4.5988,10588665,98955424,0.0871,1.9313,9.3454,3.5478,2835359711.5,N/A,3260614643,298458917,0,343222594,32.3173,4.6974,1.723,46.547,
600693.SH,东百集团,2011-08-12,4.5988,4.6714,4.6859,4.5939,4.6375,10966006,105170612,0.0387,0.8421,9.5906,3.6742,2859236424.86,N/A,3288072450.52,298458917,0,343222594,32.5895,4.7369,1.7375,46.9389,
600693.SH,东百集团,2011-08-15,4.6375,4.652,4.8263,4.6472,4.7875,12335581,121336164,0.1501,3.2359,9.8363,4.1331,2951758689.13,N/A,3394471454.66,298458917,0,343222594,33.644,4.8902,1.7937,48.4578,
600693.SH,东百集团,2011-08-16,4.7875,4.8021,4.8069,4.6714,4.7052,8301629,81158513,-0.0823,-1.7189,9.7762,2.7815,2901020673.24,N/A,3336123613.68,298458917,0,343222594,33.0657,4.8062,1.7629,47.6249,
600693.SH,东百集团,2011-08-17,4.7052,4.6859,4.7875,4.6714,4.7488,7462321,73052074,0.0436,0.9259,9.7895,2.5003,2927881975.77,N/A,3367013647.14,298458917,0,343222594,33.3719,4.8507,1.7792,48.0659,
600693.SH,东百集团,2011-08-18,4.7488,4.7295,4.8069,4.7052,4.7052,8537085,83840088,-0.0436,-0.9174,9.8207,2.8604,2901020673.24,N/A,3336123613.68,298458917,0,343222594,33.0657,4.8062,1.7629,47.6249,
600693.SH,东百集团,2011-08-19,4.7052,4.5988,4.6859,4.5068,4.5503,7230485,68686380,-0.1549,-3.2922,9.4996,2.4226,2805513819.8,N/A,3226292383.6,298458917,0,343222594,31.9771,4.6479,1.7049,46.057,
600693.SH,东百集团,2011-08-22,4.5503,4.56,4.6133,4.4632,4.4729,5099594,47843341,-0.0775,-1.7021,9.3818,1.7086,2757760393.08,N/A,3171376768.56,298458917,0,343222594,31.4328,4.5688,1.6758,45.273,
600693.SH,东百集团,2011-08-23,4.4729,4.5116,4.5552,4.4777,4.5407,4373696,40865827,0.0678,1.5152,9.3435,1.4654,2799544641.46,N/A,3219427931.72,298458917,0,343222594,31.9091,4.638,1.7012,45.959,
600693.SH,东百集团,2011-08-24,4.5407,4.5794,4.6326,4.5165,4.5261,4910145,46416142,-0.0145,-0.3198,9.4531,1.6452,2790590873.95,N/A,3209131253.9,298458917,0,343222594,31.807,4.6232,1.6958,45.812,
600693.SH,东百集团,2011-08-25,4.5261,4.5503,4.6859,4.5261,4.6714,8195124,78366795,0.1452,3.2086,9.5626,2.7458,2880128549.05,N/A,3312098032.1,298458917,0,343222594,32.8276,4.7715,1.7502,47.2819,
600693.SH,东百集团,2011-08-26,4.6714,4.6375,4.681,4.6084,4.6762,7209355,69223682,0.0048,0.1036,9.6019,2.4155,2883113138.22,N/A,3315530258.04,298458917,0,343222594,32.8616,4.7765,1.752,47.3309,
600693.SH,东百集团,2011-08-29,4.6762,4.6714,4.681,4.6133,4.6714,5085164,48850079,-0.0048,-0.1035,9.6064,1.7038,2880128549.05,N/A,3312098032.1,298458917,0,343222594,32.8276,4.7715,1.7502,47.2819,
600693.SH,东百集团,2011-08-30,4.6714,4.7198,4.7924,4.681,4.7004,9884143,96769664,0.029,0.6218,9.7904,3.3117,2898036084.07,N/A,3332691387.74,298458917,0,343222594,33.0317,4.8012,1.7611,47.5759,
600693.SH,东百集团,2011-08-31,4.7004,4.7004,4.8892,4.7004,4.8166,14484092,144016689,0.1162,2.4717,9.9431,4.853,2969666224.15,N/A,3415064810.3,298458917,0,343222594,33.8481,4.9199,1.8046,48.7518,
600693.SH,东百集团,2011-09-01,4.8166,4.8117,4.8456,4.6762,4.6859,9687876,95255217,-0.1307,-2.7136,9.8324,3.246,2889082316.56,N/A,3322394709.92,298458917,0,343222594,32.9296,4.7864,1.7556,47.4289,
600693.SH,东百集团,2011-09-02,4.6859,4.6907,4.6956,4.5503,4.5939,7012879,66633465,-0.092,-1.9628,9.5016,2.3497,2832375122.33,N/A,3257182417.06,298458917,0,343222594,32.2833,4.6924,1.7212,46.498,
600693.SH,东百集团,2011-09-05,4.5939,4.4777,4.5697,4.4777,4.531,3879849,36242460,-0.0629,-1.3699,9.3412,1.3,2793575463.12,N/A,3212563479.84,298458917,0,343222594,31.8411,4.6281,1.6976,45.861,
600693.SH,东百集团,2011-09-06,4.531,4.4923,4.5697,4.4535,4.5358,3977204,37129449,0.0048,0.1068,9.3356,1.3326,2796560052.29,N/A,3215995705.78,298458917,0,343222594,31.8751,4.6331,1.6994,45.91,
600693.SH,东百集团,2011-09-07,4.5358,4.5407,4.6375,4.5116,4.6326,4860378,46005560,0.0968,2.1345,9.4654,1.6285,2856251835.69,N/A,3284640224.58,298458917,0,343222594,32.5554,4.732,1.7357,46.8899,
600693.SH,东百集团,2011-09-08,4.6326,4.6472,4.6714,4.6036,4.6326,4721865,45157368,0,0,9.5635,1.5821,2856251835.69,N/A,3284640224.58,298458917,0,343222594,32.5554,4.732,1.7357,46.8899,
600693.SH,东百集团,2011-09-09,4.6326,4.623,4.6617,4.5068,4.6472,4265728,40574929,0.0145,0.3135,9.5118,1.4293,2865205603.2,N/A,3294936902.4,298458917,0,343222594,32.6575,4.7468,1.7411,47.0369,
600693.SH,东百集团,2011-09-13,4.6472,4.5503,4.5939,4.531,4.56,2194822,20655219,-0.0871,-1.875,9.4109,0.7354,2811482998.14,N/A,3233156835.48,298458917,0,343222594,32.0452,4.6578,1.7085,46.155,
600693.SH,东百集团,2011-09-14,4.56,4.5745,4.5794,4.4632,4.5745,3556643,33301952,0.0145,0.3185,9.3633,1.1917,2820436765.65,N/A,3243453513.3,298458917,0,343222594,32.1472,4.6727,1.7139,46.302,
600693.SH,东百集团,2011-09-15,4.5745,4.5649,4.6714,4.5649,4.6278,4582266,43871324,0.0532,1.164,9.5742,1.5353,2853267246.52,N/A,3281207998.64,298458917,0,343222594,32.5214,4.727,1.7339,46.8409,
600693.SH,东百集团,2011-09-16,4.6278,4.652,4.7343,4.6278,4.7101,6714244,65129275,0.0823,1.7782,9.7002,2.2496,2904005262.41,N/A,3339555839.62,298458917,0,343222594,33.0997,4.8111,1.7647,47.6739,
600693.SH,东百集团,2011-09-19,4.7101,4.7052,4.7295,4.5988,4.6956,5247593,50561389,-0.0145,-0.3083,9.6352,1.7582,2895051494.9,N/A,3329259161.8,298458917,0,343222594,32.9977,4.7963,1.7593,47.5269,
600693.SH,东百集团,2011-09-20,4.6956,4.6665,4.7633,4.6472,4.7391,5899991,57510016,0.0436,0.9278,9.7475,1.9768,2921912797.43,N/A,3360149195.26,298458917,0,343222594,33.3038,4.8408,1.7756,47.9679,
600693.SH,东百集团,2011-09-21,4.7391,4.7633,4.8553,4.7101,4.836,12195745,120956902,0.0968,2.0429,9.918,4.0862,2981604580.83,N/A,3428793714.06,298458917,0,343222594,33.9842,4.9397,1.8119,48.9478,
600693.SH,东百集团,2011-09-22,4.836,4.7924,5.107,4.7633,4.865,20430196,207821973,0.029,0.6006,10.1723,6.8452,2999512115.85,N/A,3449387069.7,298458917,0,343222594,34.1883,4.9693,1.8228,49.2418,
600693.SH,东百集团,2011-09-23,4.865,4.7779,4.8602,4.6714,4.8069,8658289,85439773,-0.0581,-1.194,9.868,2.901,2963697045.81,N/A,3408200358.42,298458917,0,343222594,33.7801,4.91,1.801,48.6538,
600693.SH,东百集团,2011-09-26,4.8069,4.7827,4.8263,4.6084,4.652,7078877,68959928,-0.1549,-3.2226,9.7416,2.3718,2868190192.37,N/A,3298369128.34,298458917,0,343222594,32.6915,4.7518,1.743,47.0859,
600693.SH,东百集团,2011-09-27,4.652,4.6665,4.7149,4.5213,4.5988,6763216,64180004,-0.0532,-1.1446,9.4896,2.266,2835359711.5,N/A,3260614643,298458917,0,343222594,32.3173,4.6974,1.723,46.547,
600693.SH,东百集团,2011-09-28,4.5988,4.5842,4.6375,4.531,4.5745,4317269,40951931,-0.0242,-0.5263,9.4856,1.4465,2820436765.65,N/A,3243453513.3,298458917,0,343222594,32.1472,4.6727,1.7139,46.302,
600693.SH,东百集团,2011-09-29,4.5745,4.531,4.623,4.5068,4.531,7164851,67539554,-0.0436,-0.9524,9.4265,2.4006,2793575463.12,N/A,3212563479.84,298458917,0,343222594,31.8411,4.6281,1.6976,45.861,
600693.SH,东百集团,2011-09-30,4.531,4.5261,4.5503,4.2405,4.2841,6059549,54485769,-0.2469,-5.4487,8.9917,2.0303,2641361415.45,N/A,3037519956.9,298458917,0,343222594,30.1061,4.376,1.6051,43.3622,
600693.SH,东百集团,2011-10-10,4.2841,4.3083,4.3277,4.2066,4.2309,3419599,30013289,-0.0532,-1.2429,8.7768,1.1458,2608530934.58,N/A,2999765471.56,298458917,0,343222594,29.7319,4.3216,1.5852,42.8232,
600693.SH,东百集团,2011-10-11,4.2309,4.3228,4.3519,4.1389,4.1776,4705373,41420915,-0.0532,-1.2586,8.8029,1.5766,2575700453.71,N/A,2962010986.22,298458917,0,343222594,29.3577,4.2672,1.5652,42.2842,
600693.SH,东百集团,2011-10-12,4.1776,4.1631,4.3712,4.1195,4.3616,5098349,45115662,0.184,4.4032,8.8491,1.7082,2689114842.17,N/A,3092435571.94,298458917,0,343222594,30.6504,4.4551,1.6341,44.1461,
600693.SH,东百集团,2011-10-13,4.3616,4.3519,4.4584,4.3131,4.3954,6051937,54882800,0.0339,0.7769,9.0686,2.0277,2710006966.36,N/A,3116461153.52,298458917,0,343222594,30.8885,4.4897,1.6468,44.4891,
600693.SH,东百集团,2011-10-14,4.3954,4.3906,4.4293,4.3422,4.3954,4554189,41223996,0,0,9.0519,1.5259,2710006966.36,N/A,3116461153.52,298458917,0,343222594,30.8885,4.4897,1.6468,44.4891,
600693.SH,东百集团,2011-10-17,4.3954,4.4051,4.4487,4.3373,4.3809,3614742,32712444,-0.0145,-0.3304,9.0497,1.2111,2701053198.85,N/A,3106164475.7,298458917,0,343222594,30.7865,4.4749,1.6414,44.3421,
600693.SH,东百集团,2011-10-18,4.3809,4.3761,4.3761,4.1486,4.1728,6164661,53995385,-0.2082,-4.7514,8.7589,2.0655,2572715864.54,N/A,2958578760.28,298458917,0,343222594,29.3237,4.2622,1.5634,42.2352,
600693.SH,东百集团,2011-10-19,4.1728,4.2018,4.2066,4.0759,4.1534,2938906,25142644,-0.0194,-0.464,8.5551,0.9847,2560777507.86,N/A,2944849856.52,298458917,0,343222594,29.1876,4.2425,1.5561,42.0393,
600693.SH,东百集团,2011-10-20,4.1534,4.1195,4.1389,3.9791,4.0227,4020301,33526867,-0.1307,-3.1469,8.3394,1.347,2480193600.27,N/A,2852179756.14,298458917,0,343222594,28.2691,4.109,1.5072,40.7163,
600693.SH,东百集团,2011-10-21,4.0227,4.013,4.0711,4.0033,4.0469,2657377,22189897,0.0242,0.6017,8.3503,0.8904,2495116546.12,N/A,2869340885.84,298458917,0,343222594,28.4392,4.1337,1.5162,40.9613,
600693.SH,东百集团,2011-10-24,4.0469,4.0227,4.0227,3.7807,3.9743,8013762,64600099,-0.0726,-1.7943,8.0611,2.685,2450347708.57,N/A,2817857496.74,298458917,0,343222594,27.929,4.0595,1.489,40.2264,
600693.SH,东百集团,2011-10-25,3.9743,3.9549,4.0517,3.9114,4.0372,6168357,50941796,0.0629,1.5834,8.2586,2.0667,2489147367.78,N/A,2862476433.96,298458917,0,343222594,28.3712,4.1238,1.5126,40.8633,
600693.SH,东百集团,2011-10-26,4.0372,4.0179,4.1389,3.9985,4.0663,6013066,50755118,0.029,0.7194,8.4408,2.0147,2507054902.8,N/A,2883069789.6,298458917,0,343222594,28.5753,4.1535,1.5235,41.1573,
600693.SH,东百集团,2011-10-27,4.0663,4.0566,4.1679,4.0566,4.1002,5865594,49812470,0.0339,0.8333,8.4923,1.9653,2527947026.99,N/A,2907095371.18,298458917,0,343222594,28.8134,4.1881,1.5362,41.5003,
600693.SH,东百集团,2011-10-28,4.1002,4.1147,4.197,4.0759,4.1873,8440770,71977642,0.0871,2.1251,8.5274,2.8281,2581669632.05,N/A,2968875438.1,298458917,0,343222594,29.4258,4.2771,1.5688,42.3822,
600693.SH,东百集团,2011-10-31,4.1873,4.1824,4.1824,4.1147,4.1486,5540531,47496608,-0.0387,-0.9249,8.5726,1.8564,2557792918.69,N/A,2941417630.58,298458917,0,343222594,29.1536,4.2375,1.5543,41.9903,
600693.SH,东百集团,2011-11-01,4.1486,4.1147,4.1776,4.0953,4.1389,4865484,41538101,-0.0097,-0.2334,8.5373,1.6302,2551823740.35,N/A,2934553178.7,298458917,0,343222594,29.0856,4.2276,1.5507,41.8923,
600693.SH,东百集团,2011-11-02,4.1389,4.0856,4.197,4.0082,4.1776,7017837,59254812,0.0387,0.9357,8.4435,2.3514,2575700453.71,N/A,2962010986.22,298458917,0,343222594,29.3577,4.2672,1.5652,42.2842,
600693.SH,东百集团,2011-11-03,4.1776,4.1631,4.2405,4.1631,4.1824,7785931,67529124,0.0048,0.1159,8.6732,2.6087,2578685042.88,N/A,2965443212.16,298458917,0,343222594,29.3917,4.2721,1.567,42.3332,
600693.SH,东百集团,2011-11-04,4.1824,4.2066,4.2212,4.1534,4.2163,5848416,50536112,0.0339,0.8102,8.641,1.9595,2599577167.07,N/A,2989468793.74,298458917,0,343222594,29.6299,4.3068,1.5797,42.6762,
600693.SH,东百集团,2011-11-07,4.2163,4.226,4.3131,4.2018,4.2647,8175589,71983448,0.0484,1.1481,8.8047,2.7393,2629423058.77,N/A,3023791053.14,298458917,0,343222594,29.9701,4.3562,1.5979,43.1662,
600693.SH,东百集团,2011-11-08,4.2647,4.2841,4.2841,4.1873,4.1921,4274056,37343100,-0.0726,-1.7026,8.7372,1.432,2584654221.22,N/A,2972307664.04,298458917,0,343222594,29.4598,4.282,1.5707,42.4312,
600693.SH,东百集团,2011-11-09,4.1921,4.197,4.226,4.0905,4.2066,5008087,43136914,0.0145,0.3464,8.6135,1.678,2593607988.73,N/A,2982604341.86,298458917,0,343222594,29.5618,4.2969,1.5761,42.5782,
600693.SH,东百集团,2011-11-10,4.2066,4.1728,4.1728,4.0614,4.0663,6484435,55013803,-0.1404,-3.3372,8.484,2.1726,2507054902.8,N/A,2883069789.6,298458917,0,343222594,28.5753,4.1535,1.5235,41.1573,
600693.SH,东百集团,2011-11-11,4.0663,4.0856,4.1147,4.0469,4.0566,3224192,27181007,-0.0097,-0.2381,8.4303,1.0803,2501085724.46,N/A,2876205337.72,298458917,0,343222594,28.5073,4.1436,1.5199,41.0593,
600693.SH,东百集团,2011-11-14,4.0566,4.1002,4.1776,4.0808,4.1582,4947446,42228657,0.1017,2.506,8.5354,1.6577,2563762097.03,N/A,2948282082.46,298458917,0,343222594,29.2217,4.2474,1.558,42.0882,
600693.SH,东百集团,2011-11-15,4.1582,4.1582,4.2309,4.1292,4.2163,5602560,48336453,0.0581,1.397,8.6276,1.8737,2604393884.17,N/A,2989468793.74,299011927,0,343222594,29.6299,4.3068,1.5797,42.6762,
600693.SH,东百集团,2011-11-16,4.2163,4.2163,4.2163,4.1486,4.1873,6893896,59432810,-0.029,-0.6889,8.6211,2.3056,2586453168.55,N/A,2968875438.1,299011927,0,343222594,29.4258,4.2771,1.5688,42.3822,
600693.SH,东百集团,2011-11-17,4.1873,4.1728,4.2744,4.1679,4.2066,7456279,65180137,0.0194,0.4624,8.7416,2.4936,2598413645.63,N/A,2982604341.86,299011927,0,343222594,29.5618,4.2969,1.5761,42.5782,
600693.SH,东百集团,2011-11-18,4.2066,4.197,4.197,4.0759,4.1776,4772304,40650330,-0.029,-0.6904,8.518,1.596,2580472930.01,N/A,2962010986.22,299011927,0,343222594,29.3577,4.2672,1.5652,42.2842,
600693.SH,东百集团,2011-11-21,4.1776,4.1486,4.2212,4.0711,4.197,7240903,62125757,0.0194,0.4635,8.5798,2.4216,2592433407.09,N/A,2975739889.98,299011927,0,343222594,29.4938,4.287,1.5725,42.4802,
600693.SH,东百集团,2011-11-22,4.197,4.1486,4.2454,4.1244,4.2405,4661902,40379355,0.0436,1.0381,8.6616,1.5591,2619344480.52,N/A,3006629923.44,299011927,0,343222594,29.8,4.3315,1.5888,42.9212,
600693.SH,东百集团,2011-11-23,4.2405,4.2454,4.2938,4.2163,4.2309,5254204,46166892,-0.0097,-0.2283,8.7867,1.7572,2613364241.98,N/A,2999765471.56,299011927,0,343222594,29.7319,4.3216,1.5852,42.8232,
600693.SH,东百集团,2011-11-24,4.2309,4.2018,4.2793,4.1679,4.2647,4792530,41907179,0.0339,0.8009,8.7443,1.6028,2634295076.87,N/A,3023791053.14,299011927,0,343222594,29.9701,4.3562,1.5979,43.1662,
600693.SH,东百集团,2011-11-25,4.2647,4.2696,4.3035,4.1776,4.2647,8100856,71036292,0,0,8.769,2.7092,2634295076.87,N/A,3023791053.14,299011927,0,343222594,29.9701,4.3562,1.5979,43.1662,
600693.SH,东百集团,2011-11-28,4.2647,4.2647,4.4148,4.2115,4.3035,19685469,175133508,0.0387,0.9081,8.8966,6.5835,2658216031.03,N/A,3051248860.66,299011927,0,343222594,30.2422,4.3958,1.6124,43.5582,
600693.SH,东百集团,2011-11-29,4.3035,4.347,4.3906,4.226,4.3131,21146873,187516668,0.0097,0.225,8.8673,7.0723,2664196269.57,N/A,3058113312.54,299011927,0,343222594,30.3102,4.4056,1.616,43.6561,
600693.SH,东百集团,2011-11-30,4.3131,4.2647,4.2841,3.9356,4.0614,15482180,131167916,-0.2517,-5.8361,8.4722,5.1778,2508710067.53,N/A,2879637563.66,299011927,0,343222594,28.5413,4.1485,1.5217,41.1083,
600693.SH,东百集团,2011-12-01,4.0614,4.1195,4.1631,4.0421,4.0517,11688762,99021283,-0.0097,-0.2384,8.4715,3.9091,2502729828.99,N/A,2872773111.78,299011927,0,343222594,28.4733,4.1386,1.5181,41.0103,
600693.SH,东百集团,2011-12-02,4.0517,4.013,4.013,3.8581,3.9646,7859951,63619278,-0.0871,-2.1505,8.0941,2.6286,2448907682.13,N/A,2810993044.86,299011927,0,343222594,27.8609,4.0496,1.4854,40.1284,
600693.SH,东百集团,2011-12-05,3.9646,3.9162,3.9549,3.8533,3.8968,3412700,27388459,-0.0678,-1.7094,8.0255,1.1413,2407046012.35,N/A,2762941881.7,299011927,0,343222594,27.3847,3.9804,1.46,39.4424,
600693.SH,东百集团,2011-12-06,3.8968,3.8823,3.9065,3.8,3.8533,2678779,21346839,-0.0436,-1.118,7.9689,0.8959,2380134938.92,N/A,2732051848.24,299011927,0,343222594,27.0785,3.9359,1.4437,39.0014,
600693.SH,东百集团,2011-12-07,3.8533,3.863,3.9017,3.8145,3.8968,3883516,30977117,0.0436,1.1307,7.9766,1.2988,2407046012.35,N/A,2762941881.7,299011927,0,343222594,27.3847,3.9804,1.46,39.4424,
600693.SH,东百集团,2011-12-08,3.8968,3.892,3.892,3.7903,3.8291,3912835,31013313,-0.0678,-1.7391,7.926,1.3086,2365184342.57,N/A,2714890718.54,299011927,0,343222594,26.9084,3.9112,1.4346,38.7565,
600693.SH,东百集团,2011-12-09,3.8291,3.7807,3.8145,3.708,3.7565,4327601,33578682,-0.0726,-1.8963,7.7592,1.4473,2320332553.52,N/A,2663407329.44,299011927,0,343222594,26.3981,3.837,1.4074,38.0215,
600693.SH,东百集团,2011-12-12,3.7565,3.7758,3.7807,3.7129,3.7226,2088015,16166937,-0.0339,-0.9021,7.7427,0.6983,2299401718.63,N/A,2639381747.86,299011927,0,343222594,26.16,3.8024,1.3947,37.6785,
600693.SH,东百集团,2011-12-13,3.7226,3.7032,3.7032,3.5241,3.5773,4345811,32169851,-0.1452,-3.9012,7.4025,1.4534,2209698140.53,N/A,2536414969.66,299011927,0,343222594,25.1395,3.6541,1.3403,36.2086,
600693.SH,东百集团,2011-12-14,3.5773,3.5483,3.6015,3.5144,3.5822,3828201,28074243,0.0048,0.1353,7.3335,1.2803,2212688259.8,N/A,2539847195.6,299011927,0,343222594,25.1735,3.659,1.3421,36.2576,
600693.SH,东百集团,2011-12-15,3.5822,3.5386,3.5677,3.4805,3.4854,2541580,18462332,-0.0968,-2.7027,7.2641,0.85,2152885874.4,N/A,2471202676.8,299011927,0,343222594,24.4931,3.5601,1.3059,35.2777,
600693.SH,东百集团,2011-12-16,3.4854,3.4854,3.6064,3.4563,3.5967,3650087,26640931,0.1113,3.1944,7.2987,1.2207,2221658617.61,N/A,2550143873.42,299011927,0,343222594,25.2755,3.6738,1.3476,36.4046,
600693.SH,东百集团,2011-12-19,3.5967,3.5628,3.587,3.4805,3.5677,2848880,20806088,-0.029,-0.8075,7.3033,0.9528,2203717901.99,N/A,2529550517.78,299011927,0,343222594,25.0714,3.6442,1.3367,36.1106,
600693.SH,东百集团,2011-12-20,3.5677,3.5677,3.6112,3.5241,3.558,2588442,19156126,-0.0097,-0.2714,7.4006,0.8657,2197737663.45,N/A,2522686065.9,299011927,0,343222594,25.0034,3.6343,1.3331,36.0126,
600693.SH,东百集团,2011-12-21,3.558,3.5822,3.6112,3.4757,3.4805,2640065,19437607,-0.0775,-2.1769,7.3625,0.8829,2149895755.13,N/A,2467770450.86,299011927,0,343222594,24.4591,3.5552,1.304,35.2287,
600693.SH,东百集团,2011-12-22,3.4805,3.437,3.4757,3.2675,3.3595,5704309,39517151,-0.121,-3.4771,6.9276,1.9077,2075142773.38,N/A,2381964802.36,299011927,0,343222594,23.6086,3.4316,1.2587,34.0038,
600693.SH,东百集团,2011-12-23,3.3595,3.3256,3.437,3.3014,3.4224,3901157,27360703,0.0629,1.8732,7.0135,1.3047,2114014323.89,N/A,2426583739.58,299011927,0,343222594,24.0509,3.4958,1.2823,34.6407,
600693.SH,东百集团,2011-12-26,3.4224,3.4079,3.4418,3.3934,3.4031,2530321,17842181,-0.0194,-0.5658,7.0514,0.8462,2102053846.81,N/A,2412854835.82,299011927,0,343222594,23.9148,3.4761,1.275,34.4447,
600693.SH,东百集团,2011-12-27,3.4031,3.4031,3.4176,3.2917,3.2917,2574041,17765067,-0.1113,-3.2717,6.9016,0.8608,2033281103.6,N/A,2333913639.2,299011927,0,343222594,23.1324,3.3623,1.2333,33.3178,
600693.SH,东百集团,2011-12-28,3.2917,3.2917,3.3208,3.1852,3.3014,5099849,34189968,0.0097,0.2941,6.7041,1.7056,2039261342.14,N/A,2340778091.08,299011927,0,343222594,23.2004,3.3722,1.2369,33.4158,
600693.SH,东百集团,2011-12-29,3.3014,3.2675,3.3305,3.2482,3.2869,2920134,19879079,-0.0145,-0.4399,6.8076,0.9766,2030290984.33,N/A,2330481413.26,299011927,0,343222594,23.0984,3.3574,1.2315,33.2688,
600693.SH,东百集团,2011-12-30,3.2869,3.2917,3.345,3.2917,3.3401,2866806,19675820,0.0532,1.62,6.8633,0.9588,2063182296.3,N/A,2368235898.6,299011927,0,343222594,23.4726,3.4118,1.2514,33.8078,
600693.SH,东百集团,2012-01-04,3.3401,3.3595,3.3789,3.2433,3.2772,3499905,24026285,-0.0629,-1.8841,6.8648,1.1705,2024310745.79,N/A,2323616961.38,299011927,0,343222594,7.2183,2.2806,1.0885,-49.3755,
600693.SH,东百集团,2012-01-05,3.2772,3.2579,3.2675,3.1078,3.1852,4386485,28881724,-0.092,-2.8065,6.5843,1.467,1967498479.66,N/A,2258404668.52,299011927,0,343222594,7.0158,2.2166,1.0579,-47.9898,
600693.SH,东百集团,2012-01-06,3.1852,3.161,3.2191,3.0836,3.2143,4195740,27408618,0.029,0.9119,6.5325,1.4032,1985439195.28,N/A,2278998024.16,299011927,0,343222594,7.0797,2.2368,1.0676,-48.4274,
600693.SH,东百集团,2012-01-09,3.2143,3.2143,3.3305,3.1659,3.3305,7664652,51828658,0.1162,3.6145,6.762,2.5633,2057202057.76,N/A,2361371446.72,299011927,0,343222594,7.3356,2.3176,1.1062,-50.1777,
600693.SH,东百集团,2012-01-10,3.3305,3.3305,3.4563,3.3063,3.4418,8726245,61255464,0.1113,3.343,7.0197,2.9184,2125974800.97,N/A,2440312643.34,299011927,0,343222594,7.5809,2.3951,1.1432,-51.8552,
600693.SH,东百集团,2012-01-11,3.4418,3.4466,3.4612,3.3789,3.4031,6509216,45864717,-0.0387,-1.1252,7.0461,2.1769,2102053846.81,N/A,2412854835.82,299011927,0,343222594,7.4956,2.3682,1.1303,-51.2717,
600693.SH,东百集团,2012-01-12,3.4031,3.3886,3.4612,3.3692,3.4273,9025236,63790312,0.0242,0.7112,7.068,3.0184,2117004443.16,N/A,2430015965.52,299011927,0,343222594,7.5489,2.385,1.1383,-51.6364,
600693.SH,东百集团,2012-01-13,3.4273,3.4273,3.437,3.2821,3.2966,6533291,45078666,-0.1307,-3.8136,6.8998,2.185,2036271222.87,N/A,2337345865.14,299011927,0,343222594,7.261,2.2941,1.0949,-49.6672,
600693.SH,东百集团,2012-01-16,3.2966,3.2869,3.3063,3.2094,3.2143,4065337,27305943,-0.0823,-2.4963,6.7168,1.3596,1985439195.28,N/A,2278998024.16,299011927,0,343222594,7.0797,2.2368,1.0676,-48.4274,
600693.SH,东百集团,2012-01-17,3.2143,3.2385,3.4321,3.1949,3.3886,5882219,40493291,0.1743,5.4217,6.884,1.9672,2093083489,N/A,2402558158,299011927,0,343222594,7.4636,2.3581,1.1255,-51.0529,
600693.SH,东百集团,2012-01-18,3.3886,3.3982,3.4128,3.3063,3.3256,5156275,35751855,-0.0629,-1.8571,6.9337,1.7244,2054211938.49,N/A,2357939220.78,299011927,0,343222594,7.325,2.3143,1.1046,-50.1048,
600693.SH,东百集团,2012-01-19,3.3256,3.3305,3.3789,3.3111,3.3643,4617025,31971597,0.0387,1.1645,6.9247,1.5441,2078132892.65,N/A,2385397028.3,299011927,0,343222594,7.4103,2.3412,1.1174,-50.6883,
600693.SH,东百集团,2012-01-20,3.3643,3.3643,3.4224,3.3547,3.4128,5002560,35108965,0.0484,1.4388,7.0182,1.673,2108034085.35,N/A,2419719287.7,299011927,0,343222594,7.5169,2.3749,1.1335,-51.4176,
600693.SH,东百集团,2012-01-30,3.4128,3.4176,3.466,3.3886,3.4128,5190828,36721630,0,0,7.0743,1.736,2108034085.35,N/A,2419719287.7,299011927,0,343222594,7.5169,2.3749,1.1335,-51.4176,
600693.SH,东百集团,2012-01-31,3.4128,3.4031,3.4321,3.3837,3.4079,2718076,19088280,-0.0048,-0.1418,7.0227,0.909,2105043966.08,N/A,2416287061.76,299011927,0,343222594,7.5062,2.3715,1.1319,-51.3447,
600693.SH,东百集团,2012-02-01,3.4079,3.4176,3.4273,3.345,3.3595,4292004,30011256,-0.0484,-1.4205,6.9924,1.4354,2075142773.38,N/A,2381964802.36,299011927,0,343222594,7.3996,2.3378,1.1158,-50.6153,
600693.SH,东百集团,2012-02-02,3.3595,3.3692,3.4176,3.3498,3.4128,3521112,24642231,0.0532,1.585,6.9984,1.1776,2108034085.35,N/A,2419719287.7,299011927,0,343222594,7.5169,2.3749,1.1335,-51.4176,
600693.SH,东百集团,2012-02-03,3.4128,3.4128,3.4612,3.3934,3.4515,6320465,44819364,0.0387,1.1348,7.0911,2.1138,2131955039.51,N/A,2447177095.22,299011927,0,343222594,7.6022,2.4019,1.1464,-52.0011,
600693.SH,东百集团,2012-02-06,3.4515,3.4515,3.4999,3.4418,3.4757,6412111,45942909,0.0242,0.7013,7.165,2.1444,2146905635.86,N/A,2464338224.92,299011927,0,343222594,7.6555,2.4187,1.1544,-52.3657,
600693.SH,东百集团,2012-02-07,3.4757,3.4515,3.4612,3.3789,3.3982,4316631,30393013,-0.0775,-2.2284,7.0409,1.4436,2099063727.54,N/A,2409422609.88,299011927,0,343222594,7.4849,2.3648,1.1287,-51.1988,
600693.SH,东百集团,2012-02-08,3.3982,3.3837,3.4757,3.3837,3.4708,4567797,32492653,0.0726,2.1368,7.1134,1.5276,2143915516.59,N/A,2460905998.98,299011927,0,343222594,7.6448,2.4153,1.1528,-52.2928,
600693.SH,东百集团,2012-02-09,3.4708,3.4612,3.5289,3.4466,3.5096,9150460,66230529,0.0387,1.1158,7.2379,3.0602,2167836470.75,N/A,2488363806.5,299011927,0,343222594,7.7301,2.4423,1.1657,-52.8763,
600693.SH,东百集团,2012-02-10,3.5096,3.5047,3.5435,3.4902,3.5289,6822591,49574931,0.0194,0.5517,7.2663,2.2817,2179796947.83,N/A,2502092710.26,299011927,0,343222594,7.7728,2.4557,1.1721,-53.168,
600693.SH,东百集团,2012-02-13,3.5289,3.4902,3.5628,3.4854,3.558,6427114,46879224,0.029,0.823,7.294,2.1495,2197737663.45,N/A,2522686065.9,299011927,0,343222594,7.8368,2.476,1.1817,-53.6056,
600693.SH,东百集团,2012-02-14,3.558,3.5531,3.5725,3.5096,3.5386,4910359,35822340,-0.0194,-0.5442,7.2953,1.6422,2185777186.37,N/A,2508957162.14,299011927,0,343222594,7.7941,2.4625,1.1753,-53.3139,
600693.SH,东百集团,2012-02-15,3.5386,3.5338,3.6161,3.5144,3.6015,7533099,55578093,0.0629,1.7784,7.3779,2.5193,2224648736.88,N/A,2553576099.36,299011927,0,343222594,7.9327,2.5063,1.1962,-54.262,
600693.SH,东百集团,2012-02-16,3.6015,3.6015,3.6451,3.5773,3.6064,7734657,57609543,0.0048,0.1344,7.4482,2.5867,2227638856.15,N/A,2557008325.3,299011927,0,343222594,7.9434,2.5096,1.1978,-54.3349,
600693.SH,东百集团,2012-02-17,3.6064,3.6112,3.6403,3.5386,3.5919,5712265,42179403,-0.0145,-0.4027,7.384,1.9104,2218668498.34,N/A,2546711647.48,299011927,0,343222594,7.9114,2.4995,1.193,-54.1161,
600693.SH,东百集团,2012-02-20,3.5919,3.6354,3.6596,3.5967,3.5967,6583495,49275304,0.0048,0.1348,7.4847,2.2017,2221658617.61,N/A,2550143873.42,299011927,0,343222594,7.9221,2.5029,1.1946,-54.189,
600693.SH,东百集团,2012-02-21,3.5967,3.5919,3.6064,3.5193,3.5919,6786223,49916108,-0.0048,-0.1346,7.3555,2.2695,2218668498.34,N/A,2546711647.48,299011927,0,343222594,7.9114,2.4995,1.193,-54.1161,
600693.SH,东百集团,2012-02-22,3.5919,3.5822,3.6984,3.5628,3.6984,10340011,77756068,0.1065,2.965,7.5199,3.4581,2284451122.28,N/A,2622220618.16,299011927,0,343222594,8.146,2.5737,1.2284,-55.7206,
600693.SH,东百集团,2012-02-23,3.6984,3.6984,3.7032,3.6451,3.6548,8670722,65757663,-0.0436,-1.178,7.5839,2.8998,2257540048.85,N/A,2591330584.7,299011927,0,343222594,8.05,2.5433,1.2139,-55.0642,
600693.SH,东百集团,2012-02-24,3.6548,3.6548,3.7323,3.6548,3.7226,9092807,69420644,0.0678,1.8543,7.6347,3.041,2299401718.63,N/A,2639381747.86,299011927,0,343222594,8.1993,2.5905,1.2364,-56.0853,
600693.SH,东百集团,2012-02-27,3.7226,3.7323,3.8097,3.7177,3.7177,12738623,98801698,-0.0048,-0.13,7.7561,4.2602,2296411599.36,N/A,2635949521.92,299011927,0,343222594,8.1886,2.5871,1.2348,-56.0124,
600693.SH,东百集团,2012-02-28,3.7177,3.7032,3.7323,3.6693,3.7274,6409024,48928862,0.0097,0.2604,7.6344,2.1434,2302391837.9,N/A,2642813973.8,299011927,0,343222594,8.2099,2.5939,1.238,-56.1582,
600693.SH,东百集团,2012-02-29,3.7274,3.7323,3.8097,3.7129,3.7323,10217036,79483456,0.0048,0.1299,7.7795,3.4169,2305381957.17,N/A,2646246199.74,299011927,0,343222594,8.2206,2.5972,1.2396,-56.2312,
600693.SH,东百集团,2012-03-01,3.7323,3.7032,3.771,3.679,3.7226,5988333,45969407,-0.0097,-0.2594,7.6765,2.0027,2299401718.63,N/A,2639381747.86,299011927,0,343222594,8.1993,2.5905,1.2364,-56.0853,
600693.SH,东百集团,2012-03-02,3.7226,3.7274,3.7952,3.7274,3.7903,7707367,59823669,0.0678,1.8205,7.7619,2.5776,2341263388.41,N/A,2687432911.02,299011927,0,343222594,8.3485,2.6377,1.2589,-57.1064,
600693.SH,东百集团,2012-03-05,3.7903,3.8242,3.9114,3.7855,3.863,13280731,105727225,0.0726,1.9157,7.9609,4.4415,2386115177.46,N/A,2738916300.12,299011927,0,343222594,8.5085,2.6882,1.283,-58.2004,
600693.SH,东百集团,2012-03-06,3.863,3.8484,3.9501,3.7855,3.9452,10869908,86690682,0.0823,2.1303,7.9753,3.6353,2436947205.05,N/A,2797264141.1,299011927,0,343222594,8.6897,2.7455,1.3104,-59.4402,
600693.SH,东百集团,2012-03-07,3.9452,3.8968,4.1002,3.8775,4.0082,20034465,166081877,0.0629,1.5951,8.2898,6.7002,2475818755.56,N/A,2841883078.32,299011927,0,343222594,8.8283,2.7892,1.3313,-60.3883,
600693.SH,东百集团,2012-03-08,4.0082,3.9937,4.0324,3.9549,3.9985,9574908,78911980,-0.0097,-0.2415,8.2415,3.2022,2469838517.02,N/A,2835018626.44,299011927,0,343222594,8.807,2.7825,1.3281,-60.2425,
600693.SH,东百集团,2012-03-09,3.9985,4.0082,4.0566,3.9501,4.0421,8568781,70789421,0.0436,1.0896,8.2613,2.8657,2496749590.45,N/A,2865908659.9,299011927,0,343222594,8.903,2.8128,1.3425,-60.8989,
600693.SH,东百集团,2012-03-12,4.0421,4.0421,4.0953,3.9694,4.0179,7178957,59838900,-0.0242,-0.5988,8.3353,2.4009,2481798994.1,N/A,2848747530.2,299011927,0,343222594,8.8497,2.796,1.3345,-60.5342,
600693.SH,东百集团,2012-03-13,4.0179,3.9985,4.0275,3.9307,4.0082,10035193,82285572,-0.0097,-0.241,8.1997,3.3561,2475818755.56,N/A,2841883078.32,299011927,0,343222594,8.8283,2.7892,1.3313,-60.3883,
600693.SH,东百集团,2012-03-14,4.0082,4.0082,4.0275,3.7032,3.7274,12299861,99125513,-0.2808,-7.0048,8.0591,4.1135,2302391837.9,N/A,2642813973.8,299011927,0,343222594,8.2099,2.5939,1.238,-56.1582,
600693.SH,东百集团,2012-03-15,3.7274,3.7274,3.7758,3.5822,3.7468,9420659,72025813,0.0194,0.5195,7.6455,3.1506,2314352314.98,N/A,2656542877.56,299011927,0,343222594,8.2526,2.6073,1.2444,-56.45,
600693.SH,东百集团,2012-03-16,3.7468,3.7323,3.8872,3.7274,3.863,9165129,72338802,0.1162,3.1008,7.8928,3.0651,2386115177.46,N/A,2738916300.12,299011927,0,343222594,8.5085,2.6882,1.283,-58.2004,
600693.SH,东百集团,2012-03-19,3.863,3.8726,3.9356,3.8484,3.9114,6919478,55714810,0.0484,1.2531,8.0519,2.3141,2416016370.16,N/A,2773238559.52,299011927,0,343222594,8.6151,2.7219,1.2991,-58.9297,
600693.SH,东百集团,2012-03-20,3.9114,3.8823,3.8968,3.7613,3.7613,6723420,52878157,-0.1501,-3.8366,7.8648,2.2485,2323322672.79,N/A,2666839555.38,299011927,0,343222594,8.2846,2.6174,1.2493,-56.6688,
600693.SH,东百集团,2012-03-21,3.7613,3.7903,3.8145,3.7032,3.7613,4761056,36913867,0,0,7.7533,1.5923,2323322672.79,N/A,2666839555.38,299011927,0,343222594,8.2846,2.6174,1.2493,-56.6688,
600693.SH,东百集团,2012-03-22,3.7613,3.7613,3.7855,3.7129,3.7613,3650944,28251213,0,0,7.7381,1.221,2323322672.79,N/A,2666839555.38,299011927,0,343222594,8.2846,2.6174,1.2493,-56.6688,
600693.SH,东百集团,2012-03-23,3.7613,3.7516,3.7516,3.6596,3.6887,3376581,25798251,-0.0726,-1.9305,7.6403,1.1292,2278470883.74,N/A,2615356166.28,299011927,0,343222594,8.1246,2.5669,1.2252,-55.5748,
600693.SH,东百集团,2012-03-26,3.6887,3.679,3.7177,3.6403,3.6935,2565581,19572469,0.0048,0.1312,7.6289,0.858,2281461003.01,N/A,2618788392.22,299011927,0,343222594,8.1353,2.5703,1.2268,-55.6477,
600693.SH,东百集团,2012-03-27,3.6935,3.708,3.7855,3.708,3.7661,4272064,33122490,0.0726,1.9659,7.7533,1.4287,2326312792.06,N/A,2670271781.32,299011927,0,343222594,8.2952,2.6208,1.2509,-56.7417,
600693.SH,东百集团,2012-03-28,3.7661,3.7516,3.7516,3.587,3.6209,3827476,28879888,-0.1452,-3.856,7.5454,1.28,2236609213.96,N/A,2567305003.12,299011927,0,343222594,7.9754,2.5198,1.2026,-54.5537,
600693.SH,东百集团,2012-03-29,3.6209,3.6306,3.6354,3.5435,3.587,2726407,20222422,-0.0339,-0.9358,7.4172,0.9118,2215678379.07,N/A,2543279421.54,299011927,0,343222594,7.9007,2.4962,1.1914,-54.0432,
600693.SH,东百集团,2012-03-30,3.587,3.5919,3.6064,3.4951,3.5193,3391606,24790634,-0.0678,-1.8893,7.3094,1.1343,2173816709.29,N/A,2495228258.38,299011927,0,343222594,7.7515,2.449,1.1689,-53.0221,
600693.SH,东百集团,2012-04-05,3.5193,3.5338,3.6209,3.5096,3.6209,3910010,28927786,0.1017,2.8886,7.3984,1.3076,2236609213.96,N/A,2567305003.12,299011927,0,343222594,7.9754,2.5198,1.2026,-54.5537,
600693.SH,东百集团,2012-04-06,3.6209,3.6258,3.6548,3.5822,3.6451,4717756,35295898,0.0242,0.6684,7.4815,1.5778,2251559810.31,N/A,2584466132.82,299011927,0,343222594,8.0287,2.5366,1.2107,-54.9184,
600693.SH,东百集团,2012-04-09,3.6451,3.6306,3.6451,3.5241,3.5338,5887387,43597212,-0.1113,-3.0544,7.4052,1.9689,2182787067.1,N/A,2505524936.2,299011927,0,343222594,7.7834,2.4591,1.1737,-53.2409,
600693.SH,东百集团,2012-04-10,3.5338,3.5338,3.6064,3.4612,3.6015,4235083,30871817,0.0678,1.9178,7.2895,1.4164,2224648736.88,N/A,2553576099.36,299011927,0,343222594,7.9327,2.5063,1.1962,-54.262,
600693.SH,东百集团,2012-04-11,3.6015,3.5483,3.7226,3.5386,3.7032,6311774,47515901,0.1017,2.8226,7.5281,2.1109,2287441241.55,N/A,2625652844.1,299011927,0,343222594,8.1566,2.577,1.23,-55.7936,
600693.SH,东百集团,2012-04-12,3.7032,3.7129,3.7516,3.6838,3.7419,5998876,46160000,0.0387,1.0458,7.6948,2.0062,2311362195.71,N/A,2653110651.62,299011927,0,343222594,8.2419,2.604,1.2428,-56.377,
600693.SH,东百集团,2012-04-13,3.7419,3.7565,3.8533,3.7371,3.8194,7673131,60281155,0.0775,2.0699,7.8561,2.5662,2359204104.03,N/A,2708026266.66,299011927,0,343222594,8.4125,2.6579,1.2686,-57.544,
600693.SH,东百集团,2012-04-16,3.8194,3.771,3.771,3.6596,3.6887,9477850,72530104,-0.1307,-3.4221,7.6526,3.1697,2278470883.74,N/A,2615356166.28,299011927,0,343222594,8.1246,2.5669,1.2252,-55.5748,
600693.SH,东百集团,2012-04-17,3.6887,3.6887,3.7468,3.679,3.7323,7516377,57705416,0.0436,1.1811,7.6773,2.5137,2305381957.17,N/A,2646246199.74,299011927,0,343222594,8.2206,2.5972,1.2396,-56.2312,
600693.SH,东百集团,2012-04-18,3.7323,3.7226,3.8678,3.7177,3.8387,12955191,101500188,0.1065,2.8534,7.8347,4.3327,2371164581.11,N/A,2721755170.42,299011927,0,343222594,8.4552,2.6713,1.275,-57.8357,
600693.SH,东百集团,2012-04-19,3.8387,3.8,3.8581,3.7855,3.7952,4640615,36596464,-0.0436,-1.1349,7.8861,1.552,2344253507.68,N/A,2690865136.96,299011927,0,343222594,8.3592,2.641,1.2605,-57.1793,
600693.SH,东百集团,2012-04-20,3.7952,3.8,3.9307,3.7952,3.8242,13083314,104429270,0.029,0.7653,7.9819,4.3755,2362194223.3,N/A,2711458492.6,299011927,0,343222594,8.4232,2.6612,1.2702,-57.6169,
600693.SH,东百集团,2012-04-23,3.8242,3.7952,3.8339,3.7419,3.7565,5046424,39536466,-0.0678,-1.7722,7.8346,1.6877,2320332553.52,N/A,2663407329.44,299011927,0,343222594,8.2739,2.6141,1.2477,-56.5958,
600693.SH,东百集团,2012-04-24,3.7565,3.7323,3.863,3.7129,3.8581,9858008,76942049,0.1017,2.7062,7.805,3.2969,2383125058.19,N/A,2735484074.18,299011927,0,343222594,8.4978,2.6848,1.2814,-58.1274,
600693.SH,东百集团,2012-04-25,3.8581,3.8436,3.9549,3.8339,3.9259,16945540,136248200,0.0678,1.7566,8.0404,5.6672,2424986727.97,N/A,2783535237.34,299011927,0,343222594,8.6471,2.732,1.3039,-59.1485,
600693.SH,东百集团,2012-04-26,3.9259,3.921,3.921,3.8,3.8145,7479134,59544434,-0.1113,-2.836,7.9614,2.5013,2356213984.76,N/A,2704594040.72,299011927,0,343222594,8.4019,2.6545,1.267,-57.471,
600693.SH,东百集团,2012-04-27,3.8145,3.8242,3.863,3.7516,3.7613,3877521,30378978,-0.0532,-1.3959,7.8346,1.2968,2323322672.79,N/A,2666839555.38,299011927,0,343222594,8.2846,2.6174,1.2493,-56.6688,
600693.SH,东百集团,2012-05-02,3.7613,3.8242,3.8339,3.771,3.8,4260607,33475623,0.0387,1.0296,7.857,1.4249,2347243626.95,N/A,2694297362.9,299011927,0,343222594,8.3699,2.6444,1.2621,-57.2522,
600693.SH,东百集团,2012-05-03,3.8,3.8,3.8097,3.7516,3.8049,4455613,34809775,0.0048,0.1274,7.8126,1.4901,2350233746.22,N/A,2697729588.84,299011927,0,343222594,8.3805,2.6478,1.2637,-57.3252,
600693.SH,东百集团,2012-05-04,3.8049,3.7807,3.892,3.7661,3.8678,6962163,55097073,0.0629,1.6539,7.9138,2.3284,2389105296.73,N/A,2742348526.06,299011927,0,343222594,8.5191,2.6916,1.2846,-58.2733,
600693.SH,东百集团,2012-05-07,3.8678,3.863,3.921,3.8291,3.9017,7861987,62974969,0.0339,0.8761,8.0101,2.6293,2410036131.62,N/A,2766374107.64,299011927,0,343222594,8.5938,2.7151,1.2959,-58.7838,
600693.SH,东百集团,2012-05-08,3.9017,3.892,4.013,3.8387,3.9162,12600649,102183876,0.0145,0.3722,8.1094,4.2141,2419006489.43,N/A,2776670785.46,299011927,0,343222594,8.6258,2.7252,1.3007,-59.0026,
600693.SH,东百集团,2012-05-09,3.9162,3.863,3.8823,3.8,3.8339,6319508,49961316,-0.0823,-2.1014,7.9059,2.1135,2368174461.84,N/A,2718322944.48,299011927,0,343222594,8.4445,2.668,1.2734,-57.7628,
600693.SH,东百集团,2012-05-10,3.8339,3.8387,3.8775,3.7855,3.8678,5717528,45376744,0.0339,0.8838,7.9364,1.9121,2389105296.73,N/A,2742348526.06,299011927,0,343222594,8.5191,2.6916,1.2846,-58.2733,
600693.SH,东百集团,2012-05-11,3.8678,3.8678,3.8678,3.8678,3.8678,N/A,N/A,0,0,N/A,N/A,2389105296.73,N/A,2742348526.06,299011927,0,343222594,8.5191,2.6916,1.2846,-58.2733,
600693.SH,东百集团,2012-05-14,3.8678,3.8678,3.9065,3.8145,3.8872,7992023,63985996,0.0194,0.5006,8.0062,2.6728,2401065773.81,N/A,2756077429.82,299011927,0,343222594,8.5618,2.705,1.2911,-58.565,
600693.SH,东百集团,2012-05-15,3.8872,3.8533,3.9646,3.8097,3.9356,11773322,94931598,0.0484,1.2453,8.0633,3.9374,2430966966.51,N/A,2790399689.22,299011927,0,343222594,8.6684,2.7387,1.3072,-59.2943,
600693.SH,东百集团,2012-05-16,3.9356,3.9065,3.9549,3.8,3.8097,6696857,53813399,-0.1259,-3.198,8.0356,2.2397,2353223865.49,N/A,2701161814.78,299011927,0,343222594,8.3912,2.6511,1.2653,-57.3981,
600693.SH,东百集团,2012-05-17,3.8097,3.8097,3.8678,3.7807,3.8387,4439736,35154177,0.029,0.7624,7.9181,1.4848,2371164581.11,N/A,2721755170.42,299011927,0,343222594,8.4552,2.6713,1.275,-57.8357,
600693.SH,东百集团,2012-05-18,3.8387,3.8145,3.8339,3.65,3.6548,5860566,45254819,-0.184,-4.7919,7.7219,1.96,2257540048.85,N/A,2591330584.7,299011927,0,343222594,8.05,2.5433,1.2139,-55.0642,
600693.SH,东百集团,2012-05-21,3.6548,3.6693,3.7177,3.6306,3.6742,2278324,17304388,0.0194,0.5298,7.5952,0.762,2269500525.93,N/A,2605059488.46,299011927,0,343222594,8.0927,2.5568,1.2203,-55.356,
600693.SH,东百集团,2012-05-22,3.6742,3.6887,3.7129,3.679,3.708,2802143,21391628,0.0339,0.9223,7.634,0.9371,2290431360.82,N/A,2629085070.04,299011927,0,343222594,8.1673,2.5804,1.2316,-55.8665,
600693.SH,东百集团,2012-05-23,3.708,3.708,3.7226,3.6548,3.6645,2706939,20593320,-0.0436,-1.1749,7.6076,0.9053,2263520287.39,N/A,2598195036.58,299011927,0,343222594,8.0713,2.5501,1.2171,-55.2101,
600693.SH,东百集团,2012-05-24,3.6645,3.6596,3.6838,3.5677,3.5967,3961067,29634078,-0.0678,-1.8494,7.4813,1.3247,2221658617.61,N/A,2550143873.42,299011927,0,343222594,7.9221,2.5029,1.1946,-54.189,
600693.SH,东百集团,2012-05-25,3.5967,3.5822,3.6161,3.5531,3.5628,2017953,14939904,-0.0339,-0.9421,7.4035,0.6749,2200727782.72,N/A,2526118291.84,299011927,0,343222594,7.8474,2.4793,1.1833,-53.6785,
600693.SH,东百集团,2012-05-28,3.5628,3.558,3.6161,3.4902,3.6015,2386739,17576075,0.0387,1.087,7.3641,0.7982,2224648736.88,N/A,2553576099.36,299011927,0,343222594,7.9327,2.5063,1.1962,-54.262,
600693.SH,东百集团,2012-05-29,3.6015,3.6015,3.6548,3.5725,3.6306,3100727,23196346,0.029,0.8065,7.4809,1.037,2242589452.5,N/A,2574169455,299011927,0,343222594,7.9967,2.5265,1.2059,-54.6996,
600693.SH,东百集团,2012-05-30,3.6306,3.6306,3.6596,3.6112,3.6451,2655167,19994001,0.0145,0.4,7.5302,0.888,2251559810.31,N/A,2584466132.82,299011927,0,343222594,8.0287,2.5366,1.2107,-54.9184,
600693.SH,东百集团,2012-05-31,3.6451,3.6209,3.6838,3.6209,3.6403,2381230,17995393,-0.0048,-0.1328,7.5572,0.7964,2248569691.04,N/A,2581033906.88,299011927,0,343222594,8.018,2.5332,1.2091,-54.8454,
600693.SH,东百集团,2012-06-01,3.6403,3.6451,3.6887,3.6306,3.6645,6257720,47239718,0.0242,0.6649,7.549,2.0928,2263520287.39,N/A,2598195036.58,299011927,0,343222594,8.0713,2.5501,1.2171,-55.2101,
600693.SH,东百集团,2012-06-04,3.6645,3.6112,3.6209,3.4708,3.4805,5908637,43566993,-0.184,-5.0198,7.3734,1.9761,2149895755.13,N/A,2467770450.86,299011927,0,343222594,7.6662,2.4221,1.156,-52.4387,
600693.SH,东百集团,2012-06-05,3.4805,3.4805,3.5628,3.4708,3.4805,1814899,13104228,0,0,7.2204,0.607,2149895755.13,N/A,2467770450.86,299011927,0,343222594,7.6662,2.4221,1.156,-52.4387,
600693.SH,东百集团,2012-06-06,3.4805,3.4757,3.5096,3.4128,3.5096,3479920,25019620,0.029,0.8345,7.1897,1.1638,2167836470.75,N/A,2488363806.5,299011927,0,343222594,7.7301,2.4423,1.1657,-52.8763,
600693.SH,东百集团,2012-06-07,3.5096,3.5483,3.5531,3.4708,3.4805,4562056,33056087,-0.029,-0.8276,7.2459,1.5257,2149895755.13,N/A,2467770450.86,299011927,0,343222594,7.6662,2.4221,1.156,-52.4387,
600693.SH,东百集团,2012-06-08,3.4805,3.5096,3.5096,3.4612,3.4757,1073950,7722279,-0.0048,-0.1391,7.1905,0.3592,2146905635.86,N/A,2464338224.92,299011927,0,343222594,7.6555,2.4187,1.1544,-52.3657,
600693.SH,东百集团,2012-06-11,3.4757,3.4902,3.5241,3.466,3.5193,1798864,13007297,0.0436,1.2535,7.2308,0.6016,2173816709.29,N/A,2495228258.38,299011927,0,343222594,7.7515,2.449,1.1689,-53.0221,
600693.SH,东百集团,2012-06-12,3.5193,3.5047,3.5289,3.466,3.4708,4323620,31245517,-0.0484,-1.3755,7.2267,1.446,2143915516.59,N/A,2460905998.98,299011927,0,343222594,7.6448,2.4153,1.1528,-52.2928,
600693.SH,东百集团,2012-06-13,3.4708,3.4757,3.5289,3.4757,3.5241,4468143,32374033,0.0532,1.5342,7.2455,1.4943,2176806828.56,N/A,2498660484.32,299011927,0,343222594,7.7621,2.4524,1.1705,-53.0951,
600693.SH,东百集团,2012-06-14,3.5241,3.5241,3.5677,3.5144,3.5435,2119299,15500592,0.0194,0.5495,7.314,0.7088,2188767305.64,N/A,2512389388.08,299011927,0,343222594,7.8048,2.4659,1.1769,-53.3868,
600693.SH,东百集团,2012-06-15,3.5435,3.5435,3.5919,3.5338,3.5725,6092823,44697861,0.029,0.8197,7.3361,2.0377,2206708021.26,N/A,2532982743.72,299011927,0,343222594,7.8687,2.4861,1.1866,-53.8244,
600693.SH,东百集团,2012-06-18,3.5725,3.5725,3.6306,3.5725,3.587,4832602,35971248,0.0145,0.4065,7.4435,1.6162,2215678379.07,N/A,2543279421.54,299011927,0,343222594,7.9007,2.4962,1.1914,-54.0432,
600693.SH,东百集团,2012-06-19,3.587,3.5725,3.6354,3.5725,3.5822,3108165,23176471,-0.0048,-0.135,7.4566,1.0395,2212688259.8,N/A,2539847195.6,299011927,0,343222594,7.8901,2.4928,1.1898,-53.9703,
600693.SH,东百集团,2012-06-20,3.5822,3.5773,3.6742,3.5773,3.6161,5542134,41564378,0.0339,0.9459,7.4997,1.8535,2233619094.69,N/A,2563872777.18,299011927,0,343222594,7.9647,2.5164,1.201,-54.4808,
600693.SH,东百集团,2012-06-21,3.6161,3.6209,3.6306,3.5193,3.587,2346600,17327574,-0.029,-0.8032,7.3841,0.7848,2215678379.07,N/A,2543279421.54,299011927,0,343222594,7.9007,2.4962,1.1914,-54.0432,
600693.SH,东百集团,2012-06-25,3.587,3.5773,3.5822,3.4902,3.4951,2138174,15659075,-0.092,-2.5641,7.3236,0.7151,2158866112.94,N/A,2478067128.68,299011927,0,343222594,7.6981,2.4322,1.1608,-52.6575,
600693.SH,东百集团,2012-06-26,3.4951,3.4708,3.558,3.4708,3.5483,5169227,37654484,0.0532,1.5235,7.2844,1.7288,2191757424.91,N/A,2515821614.02,299011927,0,343222594,7.8154,2.4692,1.1785,-53.4597,
600693.SH,东百集团,2012-06-27,3.5483,3.558,3.5822,3.5241,3.5435,5184610,38078702,-0.0048,-0.1364,7.3446,1.7339,2188767305.64,N/A,2512389388.08,299011927,0,343222594,7.8048,2.4659,1.1769,-53.3868,
600693.SH,东百集团,2012-06-28,3.5435,3.5435,3.5919,3.5096,3.5338,5802467,42593585,-0.0097,-0.2732,7.3406,1.9405,2182787067.1,N/A,2505524936.2,299011927,0,343222594,7.7834,2.4591,1.1737,-53.2409,
600693.SH,东百集团,2012-06-29,3.5338,3.4992,3.5585,3.4992,3.5535,2106841,15079329,0.0198,0.5594,7.1573,0.7046,2149895755.13,N/A,2467770450.86,299011927,0,343222594,7.6662,2.4221,1.156,-52.4387,
600693.SH,东百集团,2012-07-02,3.5535,3.5634,3.603,3.5387,3.5881,1223948,8847360,0.0346,0.9736,7.2285,0.4093,2170826590.02,N/A,2491796032.44,299011927,0,343222594,7.7408,2.4456,1.1673,-52.9492,
600693.SH,东百集团,2012-07-03,3.5881,3.5684,3.6425,3.5684,3.6227,1514302,11091403,0.0346,0.9642,7.3244,0.5064,2191757424.91,N/A,2515821614.02,299011927,0,343222594,7.8154,2.4692,1.1785,-53.4597,
600693.SH,东百集团,2012-07-04,3.6227,3.6079,3.7068,3.6079,3.6969,4252292,31597136,0.0741,2.0464,7.4306,1.4221,2236609213.96,N/A,2567305003.12,299011927,0,343222594,7.9754,2.5198,1.2026,-54.5537,
600693.SH,东百集团,2012-07-05,3.6969,3.7018,3.855,3.6573,3.7908,8911610,68048257,0.0939,2.5401,7.6359,2.9804,2293421480.09,N/A,2632517295.98,299011927,0,343222594,8.1779,2.5838,1.2332,-55.9394,
600693.SH,东百集团,2012-07-06,3.7908,3.8056,3.8303,3.7216,3.7957,4700221,36035977,0.0049,0.1304,7.6669,1.5719,2296411599.36,N/A,2635949521.92,299011927,0,343222594,8.1886,2.5871,1.2348,-56.0124,
600693.SH,东百集团,2012-07-09,3.7957,3.776,3.8946,3.7562,3.8007,5630648,43820614,0.0049,0.1302,7.7825,1.8831,2299401718.63,N/A,2639381747.86,299011927,0,343222594,8.1993,2.5905,1.2364,-56.0853,
600693.SH,东百集团,2012-07-10,3.8007,3.7809,3.8748,3.7512,3.8501,2904286,22391071,0.0494,1.3004,7.7097,0.9713,2329302911.33,N/A,2673704007.26,299011927,0,343222594,8.3059,2.6242,1.2525,-56.8146,
600693.SH,东百集团,2012-07-11,3.8501,3.8155,3.8797,3.7018,3.7562,4835018,37028001,-0.0939,-2.439,7.6583,1.617,2272490645.2,N/A,2608491714.4,299011927,0,343222594,8.1033,2.5602,1.2219,-55.4289,
600693.SH,东百集团,2012-07-12,3.7562,3.7611,3.8402,3.7315,3.7908,2502281,19255154,0.0346,0.9211,7.695,0.8368,2293421480.09,N/A,2632517295.98,299011927,0,343222594,8.1779,2.5838,1.2332,-55.9394,
600693.SH,东百集团,2012-07-13,3.7908,3.776,3.8105,3.7265,3.7414,1502361,11438533,-0.0494,-1.3038,7.6137,0.5024,2263520287.39,N/A,2598195036.58,299011927,0,343222594,8.0713,2.5501,1.2171,-55.2101,
600693.SH,东百集团,2012-07-16,3.7414,3.7414,3.7414,3.7414,3.7414,N/A,N/A,0,0,N/A,N/A,2263520287.39,N/A,2598195036.58,299011927,0,343222594,8.0713,2.5501,1.2171,-55.2101,
600693.SH,东百集团,2012-07-17,3.7414,3.7414,3.7414,3.7414,3.7414,N/A,N/A,0,0,N/A,N/A,2263520287.39,N/A,2598195036.58,299011927,0,343222594,8.0713,2.5501,1.2171,-55.2101,
600693.SH,东百集团,2012-07-18,3.7414,3.7414,3.7414,3.7414,3.7414,N/A,N/A,0,0,N/A,N/A,2263520287.39,N/A,2598195036.58,299011927,0,343222594,8.0713,2.5501,1.2171,-55.2101,
600693.SH,东百集团,2012-07-19,3.7414,3.7414,3.7414,3.7414,3.7414,N/A,N/A,0,0,N/A,N/A,2263520287.39,N/A,2598195036.58,299011927,0,343222594,8.0713,2.5501,1.2171,-55.2101,
600693.SH,东百集团,2012-07-20,3.7414,3.7414,3.7414,3.7414,3.7414,N/A,N/A,0,0,N/A,N/A,2263520287.39,N/A,2598195036.58,299011927,0,343222594,8.0713,2.5501,1.2171,-55.2101,
600693.SH,东百集团,2012-07-23,3.7414,3.8353,3.9292,3.7068,3.7166,3916501,30092987,-0.0247,-0.6605,7.6836,1.3098,2248569691.04,N/A,2581033906.88,299011927,0,343222594,8.018,2.5332,1.2091,-54.8454,
600693.SH,东百集团,2012-07-24,3.7166,3.682,3.7068,3.5832,3.6376,2501783,18490247,-0.0791,-2.1277,7.3908,0.8367,2200727782.72,N/A,2526118291.84,299011927,0,343222594,7.8474,2.4793,1.1833,-53.6785,
600693.SH,东百集团,2012-07-25,3.6376,3.6326,3.7364,3.6178,3.6573,2315616,17243452,0.0198,0.5435,7.4466,0.7744,2212688259.8,N/A,2539847195.6,299011927,0,343222594,7.8901,2.4928,1.1898,-53.9703,
600693.SH,东百集团,2012-07-26,3.6573,3.6573,3.6573,3.6573,3.6573,N/A,N/A,0,0,N/A,N/A,2212688259.8,N/A,2539847195.6,299011927,0,343222594,7.8901,2.4928,1.1898,-53.9703,
600693.SH,东百集团,2012-07-27,3.6573,3.6573,3.6573,3.6573,3.6573,N/A,N/A,0,0,N/A,N/A,2212688259.8,N/A,2539847195.6,299011927,0,343222594,7.8901,2.4928,1.1898,-53.9703,
600693.SH,东百集团,2012-07-30,3.6573,3.5931,3.6573,3.514,3.5832,1712950,12482579,-0.0741,-2.027,7.2872,0.5729,2167836470.75,N/A,2488363806.5,299011927,0,343222594,7.7301,2.4423,1.1657,-52.8763,
600693.SH,东百集团,2012-07-31,3.5832,3.5585,3.5881,3.4992,3.5437,1322897,9491881,-0.0395,-1.1034,7.1751,0.4424,2143915516.59,N/A,2460905998.98,299011927,0,343222594,7.6448,2.4153,1.1528,-52.2928,
600693.SH,东百集团,2012-08-01,3.5437,3.5437,3.6227,3.5338,3.6079,1318149,9604959,0.0643,1.8131,7.2867,0.4408,2182787067.1,N/A,2505524936.2,299011927,0,343222594,7.7834,2.4591,1.1737,-53.2409,
600693.SH,东百集团,2012-08-02,3.6079,3.598,3.6524,3.5881,3.6227,1260848,9226904,0.0148,0.411,7.318,0.4217,2191757424.91,N/A,2515821614.02,299011927,0,343222594,7.8154,2.4692,1.1785,-53.4597,
600693.SH,东百集团,2012-08-03,3.6227,3.6227,3.6425,3.5881,3.6129,1204572,8813455,-0.0099,-0.2729,7.3167,0.4029,2185777186.37,N/A,2508957162.14,299011927,0,343222594,7.7941,2.4625,1.1753,-53.3139,
600693.SH,东百集团,2012-08-06,3.6129,3.6178,3.6376,3.519,3.6277,3184206,23022514,0.0148,0.4104,7.2302,1.0649,2194747544.18,N/A,2519253839.96,299011927,0,343222594,7.8261,2.4726,1.1801,-53.5327,
600693.SH,东百集团,2012-08-07,3.6277,3.603,3.7512,3.5832,3.7414,4027772,29813211,0.1137,3.1335,7.4019,1.347,2263520287.39,N/A,2598195036.58,299011927,0,343222594,8.0713,2.5501,1.2171,-55.2101,
600693.SH,东百集团,2012-08-08,3.7414,3.687,3.7463,3.6623,3.7265,2304350,17325727,-0.0148,-0.3963,7.5187,0.7707,2254549929.58,N/A,2587898358.76,299011927,0,343222594,8.0393,2.54,1.2123,-54.9913,
600693.SH,东百集团,2012-08-09,3.7265,3.7512,3.9292,3.6969,3.8105,4233181,32926252,0.084,2.2546,7.7781,1.4157,2305381957.17,N/A,2646246199.74,299011927,0,343222594,8.2206,2.5972,1.2396,-56.2312,
600693.SH,东百集团,2012-08-10,3.8105,3.7809,3.8995,3.7661,3.86,3644888,28483462,0.0494,1.297,7.8146,1.219,2335283149.87,N/A,2680568459.14,299011927,0,343222594,8.3272,2.6309,1.2557,-56.9605,
600693.SH,东百集团,2012-08-13,3.86,3.86,3.9045,3.7957,3.8303,2351067,18307629,-0.0297,-0.7682,7.7869,0.7863,2317342434.25,N/A,2659975103.5,299011927,0,343222594,8.2632,2.6107,1.2461,-56.5229,
600693.SH,东百集团,2012-08-14,3.8303,3.8105,3.8946,3.7957,3.8896,2476093,19312875,0.0593,1.5484,7.7997,0.8281,2353223865.49,N/A,2701161814.78,299011927,0,343222594,8.3912,2.6511,1.2653,-57.3981,
600693.SH,东百集团,2012-08-15,3.8896,3.8847,4.0676,3.8847,3.9984,7444850,60497465,0.1087,2.7954,8.1261,2.4898,2419006489.43,N/A,2776670785.46,299011927,0,343222594,8.6258,2.7252,1.3007,-59.0026,
600693.SH,东百集团,2012-08-16,3.9984,4.028,4.0725,3.944,4.0033,4999245,40494977,0.0049,0.1236,8.1002,1.6719,2421996608.7,N/A,2780103011.4,299011927,0,343222594,8.6364,2.7286,1.3023,-59.0755,
600693.SH,东百集团,2012-08-17,4.0033,3.9638,3.9984,3.9045,3.9094,2379364,18950745,-0.0939,-2.3457,7.9646,0.7957,2365184342.57,N/A,2714890718.54,299011927,0,343222594,8.4338,2.6646,1.2718,-57.6898,
600693.SH,东百集团,2012-08-20,3.9094,3.9292,3.9292,3.8056,3.8995,1301301,10189898,-0.0099,-0.2528,7.8305,0.4352,2359204104.03,N/A,2708026266.66,299011927,0,343222594,8.4125,2.6579,1.2686,-57.544,
600693.SH,东百集团,2012-08-21,3.8995,3.8748,4.0231,3.8699,3.9984,3070502,24662703,0.0988,2.5349,8.0321,1.0269,2419006489.43,N/A,2776670785.46,299011927,0,343222594,8.6258,2.7252,1.3007,-59.0026,
600693.SH,东百集团,2012-08-22,3.9984,3.9736,4.0231,3.9094,3.9143,1904621,15332761,-0.084,-2.1014,8.0503,0.637,2368174461.84,N/A,2718322944.48,299011927,0,343222594,8.4445,2.668,1.2734,-57.7628,
600693.SH,东百集团,2012-08-23,3.9143,3.9143,3.9786,3.86,3.9489,1548681,12261921,0.0346,0.8838,7.9177,0.5179,2389105296.73,N/A,2742348526.06,299011927,0,343222594,8.5191,2.6916,1.2846,-58.2733,
600693.SH,东百集团,2012-08-24,3.9489,3.9341,4.0082,3.9045,3.9094,1568303,12548965,-0.0395,-1.0013,8.0016,0.5245,2365184342.57,N/A,2714890718.54,299011927,0,343222594,8.4338,2.6646,1.2718,-57.6898,
600693.SH,东百集团,2012-08-27,3.9094,3.939,3.9934,3.8649,3.9786,2501220,20012406,0.0692,1.7699,8.0011,0.8365,2407046012.35,N/A,2762941881.7,299011927,0,343222594,8.5831,2.7118,1.2943,-58.7109,
600693.SH,东百集团,2012-08-28,3.9786,3.9736,4.0033,3.8501,3.9638,3533277,28053836,-0.0148,-0.3727,7.9399,1.1817,2398075654.54,N/A,2752645203.88,299011927,0,343222594,8.5511,2.7017,1.2895,-58.4921,
600693.SH,东百集团,2012-08-29,3.9638,3.9292,4.0231,3.9292,3.9835,2106548,17002915,0.0198,0.4988,8.0715,0.7045,2410036131.62,N/A,2766374107.64,299011927,0,343222594,8.5938,2.7151,1.2959,-58.7838,
600693.SH,东百集团,2012-08-30,3.9835,3.9984,4.0033,3.8204,3.9045,2710906,21287067,-0.0791,-1.9851,7.8524,0.9066,2362194223.3,N/A,2711458492.6,299011927,0,343222594,8.4232,2.6612,1.2702,-57.6169,
600693.SH,东百集团,2012-08-31,3.9045,3.8995,3.9539,3.8303,3.855,1809807,14215656,-0.0494,-1.2658,7.8548,0.6053,2332293030.6,N/A,2677136233.2,299011927,0,343222594,8.3166,2.6276,1.2541,-56.8876,
600693.SH,东百集团,2012-09-03,3.855,3.855,3.8896,3.8007,3.8501,2760215,21465387,-0.0049,-0.1282,7.7767,0.9231,2329302911.33,N/A,2673704007.26,299011927,0,343222594,8.3059,2.6242,1.2525,-56.8146,
600693.SH,东百集团,2012-09-04,3.8501,3.8204,3.8451,3.7512,3.7809,2361111,18153875,-0.0692,-1.7972,7.6887,0.7896,2287441241.55,N/A,2625652844.1,299011927,0,343222594,8.1566,2.577,1.23,-55.7936,
600693.SH,东百集团,2012-09-05,3.7809,3.7562,3.7611,3.6277,3.7216,4217873,31466958,-0.0593,-1.5686,7.4604,1.4106,2251559810.31,N/A,2584466132.82,299011927,0,343222594,8.0287,2.5366,1.2107,-54.9184,
600693.SH,东百集团,2012-09-06,3.7216,3.7463,3.8451,3.6771,3.8303,1968822,15046549,0.1087,2.9216,7.6424,0.6584,2317342434.25,N/A,2659975103.5,299011927,0,343222594,8.2632,2.6107,1.2461,-56.5229,
600693.SH,东百集团,2012-09-07,3.8303,3.8303,3.9292,3.8303,3.8649,6305588,49539960,0.0346,0.9032,7.8565,2.1088,2338273269.14,N/A,2684000685.08,299011927,0,343222594,8.3379,2.6343,1.2573,-57.0334,
600693.SH,东百集团,2012-09-10,3.8649,3.8649,3.9341,3.8155,3.9242,3848181,30397826,0.0593,1.5345,7.8993,1.287,2374154700.38,N/A,2725187396.36,299011927,0,343222594,8.4658,2.6747,1.2766,-57.9086,
600693.SH,东百集团,2012-09-11,3.9242,3.9242,4.0181,3.8797,4.0132,5183419,41885161,0.089,2.267,8.0806,1.7335,2427976847.24,N/A,2786967463.28,299011927,0,343222594,8.6578,2.7353,1.3055,-59.2214,
600693.SH,东百集团,2012-09-12,4.0132,4.0132,4.0676,3.9687,4.0181,6215430,50515071,0.0049,0.1232,8.1274,2.0787,2430966966.51,N/A,2790399689.22,299011927,0,343222594,8.6684,2.7387,1.3072,-59.2943,
600693.SH,东百集团,2012-09-13,4.0181,4.0181,4.0527,3.9934,4.0231,3263108,26576464,0.0049,0.123,8.1445,1.0913,2433957085.78,N/A,2793831915.16,299011927,0,343222594,8.6791,2.7421,1.3088,-59.3673,
600693.SH,东百集团,2012-09-14,4.0231,4.0379,4.0428,3.9539,3.9885,3040442,24563678,-0.0346,-0.86,8.079,1.0168,2413026250.89,N/A,2769806333.58,299011927,0,343222594,8.6044,2.7185,1.2975,-58.8567,
600693.SH,东百集团,2012-09-17,3.9885,3.9934,4.0379,3.9588,3.9638,2729938,22106944,-0.0247,-0.6196,8.098,0.913,2398075654.54,N/A,2752645203.88,299011927,0,343222594,8.5511,2.7017,1.2895,-58.4921,
600693.SH,东百集团,2012-09-18,3.9638,3.9341,4.0527,3.9341,4.0428,2942385,23934953,0.0791,1.995,8.1345,0.984,2445917562.86,N/A,2807560818.92,299011927,0,343222594,8.7217,2.7556,1.3152,-59.659,
600693.SH,东百集团,2012-09-19,4.0428,4.0428,4.1417,4.0428,4.0873,4414627,36654676,0.0445,1.1002,8.303,1.4764,2472828636.29,N/A,2838450852.38,299011927,0,343222594,8.8177,2.7859,1.3297,-60.3154,
600693.SH,东百集团,2012-09-20,4.0873,4.1516,4.1862,3.944,3.9588,5450901,44684567,-0.1285,-3.1439,8.1976,1.823,2395085535.27,N/A,2749212977.94,299011927,0,343222594,8.5405,2.6983,1.2879,-58.4192,
600693.SH,东百集团,2012-09-21,3.9588,3.9193,4.0527,3.8204,3.9835,4356956,34545466,0.0247,0.6242,7.9288,1.4571,2410036131.62,N/A,2766374107.64,299011927,0,343222594,8.5938,2.7151,1.2959,-58.7838,
600693.SH,东百集团,2012-09-24,3.9835,3.9835,4.1763,3.9341,4.1219,9005382,74404638,0.1384,3.4739,8.2622,3.0117,2493759471.18,N/A,2862476433.96,299011927,0,343222594,8.8923,2.8095,1.3409,-60.8259,
600693.SH,东百集团,2012-09-25,4.1219,4.1516,4.1664,4.0873,4.1318,4521672,37744207,0.0099,0.2398,8.3474,1.5122,2499739709.72,N/A,2869340885.84,299011927,0,343222594,8.9136,2.8162,1.3441,-60.9718,
600693.SH,东百集团,2012-09-26,4.1318,4.112,4.1713,4.0774,4.1516,5834308,48843306,0.0198,0.4785,8.3717,1.9512,2511700186.8,N/A,2883069789.6,299011927,0,343222594,8.9563,2.8297,1.3506,-61.2635,
600693.SH,东百集团,2012-09-27,4.1516,4.1516,4.1664,4.028,4.1318,8014185,66325904,-0.0198,-0.4762,8.2761,2.6802,2499739709.72,N/A,2869340885.84,299011927,0,343222594,8.9136,2.8162,1.3441,-60.9718,
600693.SH,东百集团,2012-09-28,4.1318,4.0923,4.1417,4.0428,4.1367,4862743,40266198,0.0049,0.1196,8.2806,1.6263,2502729828.99,N/A,2872773111.78,299011927,0,343222594,8.9243,2.8196,1.3457,-61.0447,
600693.SH,东百集团,2012-10-08,4.1367,4.201,4.201,4.0231,4.0478,3547290,29318866,-0.089,-2.1505,8.2651,1.1863,2448907682.13,N/A,2810993044.86,299011927,0,343222594,8.7324,2.7589,1.3168,-59.7319,
600693.SH,东百集团,2012-10-09,4.0478,4.033,4.1516,4.033,4.1516,3032362,25200348,0.1038,2.5641,8.3105,1.0141,2511700186.8,N/A,2883069789.6,299011927,0,343222594,8.9563,2.8297,1.3506,-61.2635,
600693.SH,东百集团,2012-10-10,4.1516,4.1466,4.1763,4.0923,4.1516,2527352,21134706,0,0,8.3624,0.8452,2511700186.8,N/A,2883069789.6,299011927,0,343222594,8.9563,2.8297,1.3506,-61.2635,
600693.SH,东百集团,2012-10-11,4.1516,4.1565,4.1664,4.0923,4.1417,2748152,22935098,-0.0099,-0.2381,8.3456,0.9191,2505719948.26,N/A,2876205337.72,299011927,0,343222594,8.935,2.8229,1.3473,-61.1177,
600693.SH,东百集团,2012-10-12,4.1417,4.1367,4.1961,4.0824,4.1021,2856318,23898419,-0.0395,-0.9547,8.3669,0.9553,2481798994.1,N/A,2848747530.2,299011927,0,343222594,8.8497,2.796,1.3345,-60.5342,
600693.SH,东百集团,2012-10-15,4.1021,4.0923,4.1367,4.0428,4.112,2253392,18661602,0.0099,0.241,8.2816,0.7536,2487779232.64,N/A,2855611982.08,299011927,0,343222594,8.871,2.8027,1.3377,-60.6801,
600693.SH,东百集团,2012-10-16,4.112,4.0972,4.1911,4.0824,4.0972,2854998,23910281,-0.0148,-0.3606,8.3749,0.9548,2478808874.83,N/A,2845315304.26,299011927,0,343222594,8.839,2.7926,1.3329,-60.4613,
600693.SH,东百集团,2012-10-17,4.0972,4.1071,4.1219,4.0626,4.0923,1399447,11588281,-0.0049,-0.1206,8.2806,0.468,2475818755.56,N/A,2841883078.32,299011927,0,343222594,8.8283,2.7892,1.3313,-60.3883,
600693.SH,东百集团,2012-10-18,4.0923,4.0725,4.1812,4.0725,4.1466,2453522,20559109,0.0544,1.3285,8.3794,0.8205,2508710067.53,N/A,2879637563.66,299011927,0,343222594,8.9456,2.8263,1.349,-61.1906,
600693.SH,东百集团,2012-10-19,4.1466,4.1615,4.2455,4.117,4.2109,4080164,34611780,0.0643,1.5495,8.4829,1.3645,2547581618.04,N/A,2924256500.88,299011927,0,343222594,9.0842,2.8701,1.3699,-62.1387,
600693.SH,东百集团,2012-10-22,4.2109,4.2059,4.2751,4.1862,4.2109,2961997,25322175,0,0,8.549,0.9906,2547581618.04,N/A,2924256500.88,299011927,0,343222594,9.0842,2.8701,1.3699,-62.1387,
600693.SH,东百集团,2012-10-23,4.2109,4.2158,4.29,4.1466,4.2455,4371439,37247736,0.0346,0.8216,8.5207,1.462,2568512452.93,N/A,2948282082.46,299011927,0,343222594,9.1589,2.8937,1.3811,-62.6493,
600693.SH,东百集团,2012-10-24,4.2455,4.2208,4.369,4.2059,4.3048,4803999,41889998,0.0593,1.397,8.7198,1.6066,2604393884.17,N/A,2989468793.74,299011927,0,343222594,9.2868,2.9341,1.4004,-63.5244,
600693.SH,东百集团,2012-10-25,4.3048,4.29,4.3493,4.2257,4.2306,2373529,20535402,-0.0741,-1.7222,8.6518,0.7938,2559542095.12,N/A,2937985404.64,299011927,0,343222594,9.1269,2.8836,1.3763,-62.4305,
600693.SH,东百集团,2012-10-26,4.2306,4.2158,4.2504,4.1961,4.2059,2379397,20309205,-0.0247,-0.5841,8.5354,0.7958,2544591498.77,N/A,2920824274.94,299011927,0,343222594,9.0736,2.8667,1.3682,-62.0658,
600693.SH,东百集团,2012-10-29,4.2059,4.1911,4.3295,4.1516,4.3147,3023519,26132355,0.1087,2.5852,8.643,1.0112,2610374122.71,N/A,2996333245.62,299011927,0,343222594,9.3081,2.9408,1.4036,-63.6703,
600693.SH,东百集团,2012-10-30,4.3147,4.3344,4.3493,4.2356,4.2504,2172920,18935251,-0.0643,-1.4891,8.7142,0.7267,2571502572.2,N/A,2951714308.4,299011927,0,343222594,9.1695,2.897,1.3827,-62.7222,
600693.SH,东百集团,2012-10-31,4.2504,4.2356,4.2751,4.1763,4.2059,1702114,14483776,-0.0445,-1.0465,8.5093,0.5692,2544591498.77,N/A,2920824274.94,299011927,0,343222594,9.0736,2.8667,1.3682,-62.0658,
600693.SH,东百集团,2012-11-01,4.2059,4.2109,4.2603,4.1664,4.201,3154864,26884324,-0.0049,-0.1175,8.5215,1.0551,2541601379.5,N/A,2917392049,299011927,0,343222594,9.0629,2.8634,1.3666,-61.9929,
600693.SH,东百集团,2012-11-02,4.201,4.1812,4.2356,4.1269,4.2257,4275176,36136727,0.0247,0.5882,8.4527,1.4298,2556551975.85,N/A,2934553178.7,299011927,0,343222594,9.1162,2.8802,1.3747,-62.3575,
600693.SH,东百集团,2012-11-05,4.2257,4.2109,4.2257,4.1516,4.1911,2775124,23513261,-0.0346,-0.8187,8.4729,0.9281,2535621140.96,N/A,2910527597.12,299011927,0,343222594,9.0416,2.8566,1.3634,-61.847,
600693.SH,东百集团,2012-11-06,4.1911,4.1911,4.1961,4.0379,4.0923,3599222,29838900,-0.0988,-2.3585,8.2904,1.2037,2475818755.56,N/A,2841883078.32,299011927,0,343222594,8.8283,2.7892,1.3313,-60.3883,
600693.SH,东百集团,2012-11-07,4.0923,4.0972,4.1615,4.0626,4.1269,2411499,20096707,0.0346,0.8454,8.3337,0.8065,2496749590.45,N/A,2865908659.9,299011927,0,343222594,8.903,2.8128,1.3425,-60.8989,
600693.SH,东百集团,2012-11-08,4.1269,4.1269,4.1763,4.0428,4.0824,2843740,23661712,-0.0445,-1.0778,8.3206,0.951,2469838517.02,N/A,2835018626.44,299011927,0,343222594,8.807,2.7825,1.3281,-60.2425,
600693.SH,东百集团,2012-11-09,4.0824,4.0478,4.1269,4.0379,4.0428,1392862,11489952,-0.0395,-0.9685,8.2492,0.4658,2445917562.86,N/A,2807560818.92,299011927,0,343222594,8.7217,2.7556,1.3152,-59.659,
600693.SH,东百集团,2012-11-12,4.0428,4.0428,4.0428,3.8254,3.939,5504259,43421861,-0.1038,-2.5672,7.8888,1.8408,2383125058.19,N/A,2735484074.18,299011927,0,343222594,8.4978,2.6848,1.2814,-58.1274,
600693.SH,东百集团,2012-11-13,3.939,3.9143,3.9341,3.8451,3.8896,2921102,22934076,-0.0494,-1.2547,7.8512,0.9769,2353223865.49,N/A,2701161814.78,299011927,0,343222594,8.3912,2.6511,1.2653,-57.3981,
600693.SH,东百集团,2012-11-14,3.8896,3.8649,3.9242,3.8501,3.9045,1334842,10504860,0.0148,0.3812,7.8697,0.4464,2362194223.3,N/A,2711458492.6,299011927,0,343222594,8.4232,2.6612,1.2702,-57.6169,
600693.SH,东百集团,2012-11-15,3.9045,3.8649,3.8946,3.7265,3.7858,2905425,22440643,-0.1186,-3.038,7.7237,0.9717,2290431360.82,N/A,2629085070.04,299011927,0,343222594,8.1673,2.5804,1.2316,-55.8665,
600693.SH,东百集团,2012-11-16,3.7858,3.7512,3.8155,3.7018,3.7364,1837455,13916713,-0.0494,-1.3055,7.5739,0.6145,2260530168.12,N/A,2594762810.64,299011927,0,343222594,8.0607,2.5467,1.2155,-55.1372,
600693.SH,东百集团,2012-11-19,3.7364,3.7364,3.7562,3.7117,3.7512,1254080,9481577,0.0148,0.3968,7.5606,0.4194,2269500525.93,N/A,2605059488.46,299011927,0,343222594,8.0927,2.5568,1.2203,-55.356,
600693.SH,东百集团,2012-11-20,3.7512,3.7414,3.776,3.7414,3.7611,865540,6580522,0.0099,0.2635,7.6028,0.2895,2275480764.47,N/A,2611923940.34,299011927,0,343222594,8.114,2.5635,1.2235,-55.5018,
600693.SH,东百集团,2012-11-21,3.7611,3.7512,3.7809,3.6475,3.7661,2021216,15274344,0.0049,0.1314,7.557,0.676,2278470883.74,N/A,2615356166.28,299011927,0,343222594,8.1246,2.5669,1.2252,-55.5748,
600693.SH,东百集团,2012-11-22,3.7661,3.7661,3.7661,3.682,3.7068,892767,6693979,-0.0593,-1.5748,7.498,0.2986,2242589452.5,N/A,2574169455,299011927,0,343222594,7.9967,2.5265,1.2059,-54.6996,
600693.SH,东百集团,2012-11-23,3.7068,3.6919,3.7166,3.6425,3.6524,1152931,8592240,-0.0544,-1.4667,7.4525,0.3856,2209698140.53,N/A,2536414969.66,299011927,0,343222594,7.8794,2.4894,1.1882,-53.8973,
600693.SH,东百集团,2012-11-26,3.6524,3.6524,3.7166,3.5585,3.5585,2885070,21207162,-0.0939,-2.571,7.3507,0.9649,2152885874.4,N/A,2471202676.8,299011927,0,343222594,7.6768,2.4254,1.1576,-52.5116,
600693.SH,东百集团,2012-11-27,3.5585,3.598,3.598,3.5091,3.5437,1498540,10777348,-0.0148,-0.4167,7.1919,0.5012,2143915516.59,N/A,2460905998.98,299011927,0,343222594,7.6448,2.4153,1.1528,-52.2928,
600693.SH,东百集团,2012-11-28,3.5437,3.5437,3.5535,3.4745,3.5338,1378978,9767289,-0.0099,-0.2789,7.083,0.4612,2137935278.05,N/A,2454041547.1,299011927,0,343222594,7.6235,2.4086,1.1496,-52.1469,
600693.SH,东百集团,2012-11-29,3.5338,3.519,3.5437,3.43,3.4399,1227370,8649551,-0.0939,-2.6573,7.0472,0.4105,2081123011.92,N/A,2388829254.24,299011927,0,343222594,7.4209,2.3446,1.119,-50.7612,
600693.SH,东百集团,2012-11-30,3.4399,3.4596,3.4596,3.3559,3.4053,2740890,18847444,-0.0346,-1.0057,6.8764,0.9166,2060192177.03,N/A,2364803672.66,299011927,0,343222594,7.3463,2.321,1.1078,-50.2507,
600693.SH,东百集团,2012-12-03,3.4053,3.4152,3.425,3.2372,3.2867,3324304,22162034,-0.1186,-3.4833,6.6667,1.1118,1988429314.55,N/A,2282430250.1,299011927,0,343222594,7.0904,2.2402,1.0692,-48.5003,
600693.SH,东百集团,2012-12-04,3.2867,3.2224,3.2768,3.1285,3.2175,4645544,29982836,-0.0692,-2.1053,6.4541,1.5536,1946567644.77,N/A,2234379086.94,299011927,0,343222594,6.9411,2.193,1.0467,-47.4792,
600693.SH,东百集团,2012-12-05,3.2175,3.2125,3.3756,3.1928,3.3114,4405996,29408652,0.0939,2.9186,6.6747,1.4735,2003379910.9,N/A,2299591379.8,299011927,0,343222594,7.1437,2.257,1.0772,-48.865,
600693.SH,东百集团,2012-12-06,3.3114,3.3311,3.3311,3.2619,3.2817,2018378,13450079,-0.0297,-0.8955,6.6638,0.675,1985439195.28,N/A,2278998024.16,299011927,0,343222594,7.0797,2.2368,1.0676,-48.4274,
600693.SH,东百集团,2012-12-07,3.2817,3.2817,3.3806,3.2619,3.3608,3610852,24345518,0.0791,2.4096,6.7423,1.2076,2033281103.6,N/A,2333913639.2,299011927,0,343222594,7.2503,2.2907,1.0933,-49.5943,
600693.SH,东百集团,2012-12-10,3.3608,3.3707,3.4547,3.341,3.4053,3539272,24213813,0.0445,1.3235,6.8415,1.1837,2060192177.03,N/A,2364803672.66,299011927,0,343222594,7.3463,2.321,1.1078,-50.2507,
600693.SH,东百集团,2012-12-11,3.4053,3.4053,3.4053,3.3608,3.3904,1970830,13510865,-0.0148,-0.4354,6.8554,0.6591,2051221819.22,N/A,2354506994.84,299011927,0,343222594,7.3143,2.3109,1.103,-50.0319,
600693.SH,东百集团,2012-12-12,3.3904,3.4053,3.4448,3.3608,3.4102,2272070,15674640,0.0198,0.5831,6.8988,0.7599,2063182296.3,N/A,2368235898.6,299011927,0,343222594,7.357,2.3244,1.1094,-50.3236,
600693.SH,东百集团,2012-12-13,3.4102,3.4152,3.4201,3.3114,3.3559,2137301,14519030,-0.0544,-1.5942,6.7932,0.7148,2030290984.33,N/A,2330481413.26,299011927,0,343222594,7.2397,2.2873,1.0917,-49.5214,
600693.SH,东百集团,2012-12-14,3.3559,3.3361,3.5288,3.3213,3.4844,3758804,26274803,0.1285,3.8292,6.9902,1.2571,2108034085.35,N/A,2419719287.7,299011927,0,343222594,7.5169,2.3749,1.1335,-51.4176,
600693.SH,东百集团,2012-12-17,3.4844,3.4695,3.5437,3.4596,3.4794,3231048,22892333,-0.0049,-0.1418,7.0851,1.0806,2105043966.08,N/A,2416287061.76,299011927,0,343222594,7.5062,2.3715,1.1319,-51.3447,
600693.SH,东百集团,2012-12-18,3.4794,3.4942,3.514,3.4596,3.4745,2177870,15369431,-0.0049,-0.142,7.0571,0.7284,2102053846.81,N/A,2412854835.82,299011927,0,343222594,7.4956,2.3682,1.1303,-51.2717,
600693.SH,东百集团,2012-12-19,3.4745,3.4794,3.5931,3.4646,3.5733,5573208,40059198,0.0988,2.845,7.1878,1.8639,2161856232.21,N/A,2481499354.62,299011927,0,343222594,7.7088,2.4355,1.1624,-52.7304,
600693.SH,东百集团,2012-12-20,3.5733,3.5832,3.6919,3.5091,3.519,2488650,17898488,-0.0544,-1.5214,7.192,0.8323,2128964920.24,N/A,2443744869.28,299011927,0,343222594,7.5915,2.3985,1.1448,-51.9281,
600693.SH,东百集团,2012-12-21,3.519,3.514,3.5437,3.4794,3.4844,1387299,9848957,-0.0346,-0.9831,7.0994,0.464,2108034085.35,N/A,2419719287.7,299011927,0,343222594,7.5169,2.3749,1.1335,-51.4176,
600693.SH,东百集团,2012-12-24,3.4844,3.4646,3.5239,3.4596,3.4844,1767601,12518604,0,0,7.0823,0.5911,2108034085.35,N/A,2419719287.7,299011927,0,343222594,7.5169,2.3749,1.1335,-51.4176,
600693.SH,东百集团,2012-12-25,3.4844,3.4942,3.5684,3.4745,3.519,5293175,37847516,0.0346,0.9929,7.1502,1.7702,2128964920.24,N/A,2443744869.28,299011927,0,343222594,7.5915,2.3985,1.1448,-51.9281,
600693.SH,东百集团,2012-12-26,3.519,3.5387,3.5535,3.4992,3.5535,4097670,29225188,0.0346,0.9831,7.1321,1.3704,2149895755.13,N/A,2467770450.86,299011927,0,343222594,7.6662,2.4221,1.156,-52.4387,
600693.SH,东百集团,2012-12-27,3.5535,3.5585,3.5684,3.4942,3.5041,3256597,23181305,-0.0494,-1.3908,7.1183,1.0891,2119994562.43,N/A,2433448191.46,299011927,0,343222594,7.5595,2.3884,1.1399,-51.7093,
600693.SH,东百集团,2012-12-28,3.5041,3.4942,3.5288,3.4745,3.514,2295013,16245352,0.0099,0.2821,7.0785,0.7675,2125974800.97,N/A,2440312643.34,299011927,0,343222594,7.5809,2.3951,1.1432,-51.8552,
600693.SH,东百集团,2012-12-31,3.514,3.5041,3.6326,3.4893,3.5832,4196152,30304386,0.0692,1.9691,7.2219,1.4033,2167836470.75,N/A,2488363806.5,299011927,0,343222594,7.7301,2.4423,1.1657,-52.8763,
600693.SH,东百集团,2013-01-04,3.5832,3.5931,3.603,3.514,3.5437,3291668,23664744,-0.0395,-1.1034,7.1893,1.1008,2143915516.59,N/A,2460905998.98,299011927,0,343222594,64.087,2.4378,1.1897,20.9776,
600693.SH,东百集团,2013-01-07,3.5437,3.5239,3.6672,3.4942,3.5881,3608342,26194424,0.0445,1.2552,7.2594,1.2068,2170826590.02,N/A,2491796032.44,299011927,0,343222594,64.8914,2.4684,1.2046,21.2409,
600693.SH,东百集团,2013-01-08,3.5881,3.5832,3.598,3.514,3.5684,2736912,19721527,-0.0198,-0.551,7.2058,0.9153,2158866112.94,N/A,2478067128.68,299011927,0,343222594,64.5339,2.4548,1.198,21.1238,
600693.SH,东百集团,2013-01-09,3.5684,3.5733,3.6079,3.514,3.598,7328007,52869948,0.0297,0.831,7.2148,2.4507,2176806828.56,N/A,2498660484.32,299011927,0,343222594,65.0702,2.4752,1.2079,21.2994,
600693.SH,东百集团,2013-01-10,3.598,3.5832,3.6376,3.5387,3.5783,5060469,36641074,-0.0198,-0.5495,7.2406,1.6924,2164846351.48,N/A,2484931580.56,299011927,0,343222594,64.7126,2.4616,1.2013,21.1824,
600693.SH,东百集团,2013-01-11,3.5783,3.5535,3.5585,3.3904,3.4053,7961957,55988473,-0.173,-4.8343,7.032,2.6628,2060192177.03,N/A,2364803672.66,299011927,0,343222594,61.5843,2.3426,1.1432,20.1583,
600693.SH,东百集团,2013-01-14,3.4053,3.4003,3.5091,3.3559,3.4646,7573899,52619470,0.0593,1.7417,6.9475,2.533,2096073608.27,N/A,2405990383.94,299011927,0,343222594,62.6569,2.3834,1.1631,20.5094,
600693.SH,东百集团,2013-01-15,3.4646,3.4695,3.514,3.4448,3.514,5951845,41996617,0.0494,1.4265,7.0561,1.9905,2125974800.97,N/A,2440312643.34,299011927,0,343222594,63.5507,2.4174,1.1797,20.802,
600693.SH,东百集团,2013-01-16,3.514,3.514,3.5535,3.4942,3.5288,5257791,37445382,0.0148,0.4219,7.1219,1.7584,2134945158.78,N/A,2450609321.16,299011927,0,343222594,63.8188,2.4276,1.1847,20.8898,
600693.SH,东百集团,2013-01-17,3.5288,3.519,3.6178,3.5041,3.603,9606220,69255739,0.0741,2.1008,7.2095,3.2127,2179796947.83,N/A,2502092710.26,299011927,0,343222594,65.1596,2.4786,1.2096,21.3286,
600693.SH,东百集团,2013-01-18,3.603,3.5931,3.6376,3.5387,3.6079,6317316,45812588,0.0049,0.1372,7.2519,2.1127,2182787067.1,N/A,2505524936.2,299011927,0,343222594,65.2489,2.482,1.2113,21.3579,
600693.SH,东百集团,2013-01-21,3.6079,3.603,3.6129,3.5585,3.5931,5216637,37824440,-0.0148,-0.411,7.2507,1.7446,2173816709.29,N/A,2495228258.38,299011927,0,343222594,64.9808,2.4718,1.2063,21.2701,
600693.SH,东百集团,2013-01-22,3.5931,3.5881,3.5881,3.4498,3.4596,6233804,44286578,-0.1334,-3.7139,7.1043,2.0848,2093083489,N/A,2402558158,299011927,0,343222594,62.5675,2.38,1.1615,20.4802,
600693.SH,东百集团,2013-01-23,3.4596,3.4448,3.4695,3.3855,3.4646,3624885,25072449,0.0049,0.1429,6.9168,1.2123,2096073608.27,N/A,2405990383.94,299011927,0,343222594,62.6569,2.3834,1.1631,20.5094,
600693.SH,东百集团,2013-01-24,3.4646,3.4745,3.4893,3.346,3.3707,4756699,32914900,-0.0939,-2.7104,6.9197,1.5908,2039261342.14,N/A,2340778091.08,299011927,0,343222594,60.9586,2.3188,1.1316,19.9535,
600693.SH,东百集团,2013-01-25,3.3707,3.3756,3.3904,3.3361,3.346,2856697,19399327,-0.0247,-0.7331,6.7908,0.9554,2024310745.79,N/A,2323616961.38,299011927,0,343222594,60.5117,2.3018,1.1233,19.8073,
600693.SH,东百集团,2013-01-28,3.346,3.3657,3.4053,3.3311,3.4003,2639492,18019123,0.0544,1.6248,6.8267,0.8827,2057202057.76,N/A,2361371446.72,299011927,0,343222594,61.4949,2.3392,1.1416,20.1291,
600693.SH,东百集团,2013-01-29,3.4003,3.4003,3.4942,3.3855,3.4844,5410223,37576952,0.084,2.4709,6.9455,1.8094,2108034085.35,N/A,2419719287.7,299011927,0,343222594,63.0144,2.397,1.1698,20.6265,
600693.SH,东百集团,2013-01-30,3.4844,3.4794,3.5437,3.4201,3.4498,3310612,23232183,-0.0346,-0.9929,7.0175,1.1072,2087103250.46,N/A,2395693706.12,299011927,0,343222594,62.3887,2.3732,1.1582,20.4217,
600693.SH,东百集团,2013-01-31,3.4498,3.425,3.4596,3.3707,3.4102,2834517,19566850,-0.0395,-1.1461,6.9031,0.948,2063182296.3,N/A,2368235898.6,299011927,0,343222594,61.6737,2.346,1.1449,20.1876,
600693.SH,东百集团,2013-02-01,3.4102,3.4152,3.519,3.3806,3.4498,4835445,33953988,0.0395,1.1594,7.0219,1.6171,2087103250.46,N/A,2395693706.12,299011927,0,343222594,62.3887,2.3732,1.1582,20.4217,
600693.SH,东百集团,2013-02-04,3.4498,3.4498,3.4794,3.43,3.4596,2382132,16628599,0.0099,0.2865,6.9806,0.7967,2093083489,N/A,2402558158,299011927,0,343222594,62.5675,2.38,1.1615,20.4802,
600693.SH,东百集团,2013-02-05,3.4596,3.4349,3.4695,3.4152,3.4646,2767576,19283013,0.0049,0.1429,6.9675,0.9256,2096073608.27,N/A,2405990383.94,299011927,0,343222594,62.6569,2.3834,1.1631,20.5094,
600693.SH,东百集团,2013-02-06,3.4646,3.4646,3.519,3.4448,3.4794,3451010,24382714,0.0148,0.428,7.0654,1.1541,2105043966.08,N/A,2416287061.76,299011927,0,343222594,62.925,2.3936,1.1681,20.5972,
600693.SH,东百集团,2013-02-07,3.4794,3.4794,3.5091,3.4448,3.5041,2742664,19344187,0.0247,0.7102,7.0531,0.9172,2119994562.43,N/A,2433448191.46,299011927,0,343222594,63.3719,2.4106,1.1764,20.7435,
600693.SH,东百集团,2013-02-08,3.5041,3.5091,3.5387,3.4844,3.514,3689508,26226931,0.0099,0.2821,7.1085,1.2339,2125974800.97,N/A,2440312643.34,299011927,0,343222594,63.5507,2.4174,1.1797,20.802,
600693.SH,东百集团,2013-02-18,3.514,3.5239,3.6277,3.4695,3.598,9033286,64958371,0.084,2.391,7.191,3.021,2176806828.56,N/A,2498660484.32,299011927,0,343222594,65.0702,2.4752,1.2079,21.2994,
600693.SH,东百集团,2013-02-19,3.598,3.5684,3.6623,3.5634,3.603,9930915,72657062,0.0049,0.1374,7.3163,3.3212,2179796947.83,N/A,2502092710.26,299011927,0,343222594,65.1596,2.4786,1.2096,21.3286,
600693.SH,东百集团,2013-02-20,3.603,3.6079,3.6376,3.5684,3.6178,4203915,30667716,0.0148,0.4115,7.295,1.4059,2188767305.64,N/A,2512389388.08,299011927,0,343222594,65.4277,2.4888,1.2146,21.4164,
600693.SH,东百集团,2013-02-21,3.6178,3.6178,3.682,3.5733,3.6079,6068847,44509838,-0.0099,-0.2732,7.3342,2.0296,2182787067.1,N/A,2505524936.2,299011927,0,343222594,65.2489,2.482,1.2113,21.3579,
600693.SH,东百集团,2013-02-22,3.6079,3.598,3.6722,3.5832,3.6475,5062022,37230940,0.0395,1.0959,7.355,1.6929,2206708021.26,N/A,2532982743.72,299011927,0,343222594,65.964,2.5092,1.2245,21.592,
600693.SH,东百集团,2013-02-25,3.6475,3.6573,3.8007,3.6227,3.8007,8878650,67025558,0.1532,4.2005,7.5491,2.9693,2299401718.63,N/A,2639381747.86,299011927,0,343222594,68.7348,2.6146,1.276,22.4989,
600693.SH,东百集团,2013-02-26,3.8007,3.7611,3.8649,3.7265,3.8056,6461162,49641927,0.0049,0.13,7.6831,2.1608,2302391837.9,N/A,2642813973.8,299011927,0,343222594,68.8242,2.618,1.2776,22.5282,
600693.SH,东百集团,2013-02-27,3.8056,3.8056,3.8353,3.6771,3.7068,3974069,30021911,-0.0988,-2.5974,7.5545,1.3291,2242589452.5,N/A,2574169455,299011927,0,343222594,67.0366,2.55,1.2444,21.943,
600693.SH,东百集团,2013-02-28,3.7068,3.6326,3.7117,3.6326,3.6969,3513504,26083276,-0.0099,-0.2667,7.4237,1.175,2236609213.96,N/A,2567305003.12,299011927,0,343222594,66.8578,2.5432,1.2411,21.8845,
600693.SH,东百集团,2013-03-01,3.6969,3.6919,3.7216,3.6623,3.7166,2474680,18482467,0.0198,0.5348,7.4686,0.8276,2248569691.04,N/A,2581033906.88,299011927,0,343222594,67.2153,2.5568,1.2478,22.0016,
600693.SH,东百集团,2013-03-04,3.7166,3.7068,3.776,3.598,3.7068,4308105,32154521,-0.0099,-0.266,7.4637,1.4408,2242589452.5,N/A,2574169455,299011927,0,343222594,67.0366,2.55,1.2444,21.943,
600693.SH,东百集团,2013-03-05,3.7068,3.6919,3.7315,3.6771,3.7166,1870079,14018852,0.0099,0.2667,7.4964,0.6254,2248569691.04,N/A,2581033906.88,299011927,0,343222594,67.2153,2.5568,1.2478,22.0016,
600693.SH,东百集团,2013-03-06,3.7166,3.7166,3.8007,3.7117,3.771,2456460,18689474,0.0544,1.4628,7.6083,0.8215,2281461003.01,N/A,2618788392.22,299011927,0,343222594,68.1985,2.5942,1.266,22.3234,
600693.SH,东百集团,2013-03-07,3.771,3.771,3.7809,3.6573,3.6722,2109927,15832218,-0.0988,-2.6212,7.5037,0.7056,2221658617.61,N/A,2550143873.42,299011927,0,343222594,66.4109,2.5262,1.2328,21.7382,
600693.SH,东百集团,2013-03-08,3.6722,3.6623,3.6969,3.598,3.603,1941761,14261823,-0.0692,-1.8843,7.3448,0.6494,2179796947.83,N/A,2502092710.26,299011927,0,343222594,65.1596,2.4786,1.2096,21.3286,
600693.SH,东百集团,2013-03-11,3.603,3.6079,3.687,3.5832,3.6573,1068524,7881108,0.0544,1.5089,7.3757,0.3574,2212688259.8,N/A,2539847195.6,299011927,0,343222594,66.1428,2.516,1.2279,21.6505,
600693.SH,东百集团,2013-03-12,3.6573,3.6573,3.6771,3.519,3.5437,1705713,12338146,-0.1137,-3.1081,7.2334,0.5704,2143915516.59,N/A,2460905998.98,299011927,0,343222594,64.087,2.4378,1.1897,20.9776,
600693.SH,东百集团,2013-03-13,3.5437,3.5634,3.5931,3.519,3.5288,1084256,7807837,-0.0148,-0.4184,7.2011,0.3626,2134945158.78,N/A,2450609321.16,299011927,0,343222594,63.8188,2.4276,1.1847,20.8898,
600693.SH,东百集团,2013-03-14,3.5288,3.5338,3.5535,3.4695,3.4893,1222474,8677259,-0.0395,-1.1204,7.0981,0.4088,2111024204.62,N/A,2423151513.64,299011927,0,343222594,63.1038,2.4004,1.1714,20.6557,
600693.SH,东百集团,2013-03-15,3.4893,3.514,3.5486,3.4547,3.519,1267708,9008378,0.0297,0.8499,7.106,0.424,2128964920.24,N/A,2443744869.28,299011927,0,343222594,63.6401,2.4208,1.1814,20.8313,
600693.SH,东百集团,2013-03-18,3.519,3.514,3.514,3.43,3.4448,1097611,7690924,-0.0741,-2.1067,7.007,0.3671,2084113131.19,N/A,2392261480.18,299011927,0,343222594,62.2993,2.3698,1.1565,20.3924,
600693.SH,东百集团,2013-03-19,3.4448,3.4498,3.4844,3.425,3.4794,739412,5175126,0.0346,1.0043,6.999,0.2473,2105043966.08,N/A,2416287061.76,299011927,0,343222594,62.925,2.3936,1.1681,20.5972,
600693.SH,东百集团,2013-03-20,3.4794,3.4844,3.5634,3.4695,3.5486,1256886,8979248,0.0692,1.9886,7.144,0.4203,2146905635.86,N/A,2464338224.92,299011927,0,343222594,64.1764,2.4412,1.1913,21.0068,
600693.SH,东百集团,2013-03-21,3.5486,3.5338,3.5634,3.4794,3.5585,1419553,10166692,0.0099,0.2786,7.1619,0.4747,2152885874.4,N/A,2471202676.8,299011927,0,343222594,64.3551,2.448,1.1947,21.0653,
600693.SH,东百集团,2013-03-22,3.5585,3.5387,3.5535,3.4349,3.4893,4263999,29983454,-0.0692,-1.9444,7.0318,1.426,2111024204.62,N/A,2423151513.64,299011927,0,343222594,63.1038,2.4004,1.1714,20.6557,
600693.SH,东百集团,2013-03-25,3.4893,3.4794,3.4794,3.3954,3.4201,3568725,24701486,-0.0692,-1.983,6.9217,1.1935,2069162534.84,N/A,2375100350.48,299011927,0,343222594,61.8524,2.3528,1.1482,20.2461,
600693.SH,东百集团,2013-03-26,3.4201,3.4053,3.425,3.3806,3.4201,1490245,10263340,0,0,6.887,0.4984,2069162534.84,N/A,2375100350.48,299011927,0,343222594,61.8524,2.3528,1.1482,20.2461,
600693.SH,东百集团,2013-03-27,3.4201,3.4152,3.4399,3.3806,3.4003,1404552,9678506,-0.0198,-0.578,6.8908,0.4697,2057202057.76,N/A,2361371446.72,299011927,0,343222594,61.4949,2.3392,1.1416,20.1291,
600693.SH,东百集团,2013-03-28,3.4003,3.3806,3.3954,3.2916,3.2916,1912696,12835078,-0.1087,-3.1977,6.7105,0.6397,1991419433.82,N/A,2285862476.04,299011927,0,343222594,59.5285,2.2644,1.1051,19.4854,
600693.SH,东百集团,2013-03-29,3.2916,3.2965,3.3311,3.2718,3.2768,1156626,7690919,-0.0148,-0.4505,6.6494,0.3868,1982449076.01,N/A,2275565798.22,299011927,0,343222594,59.2603,2.2542,1.1001,19.3977,
600693.SH,东百集团,2013-04-01,3.2768,3.2965,3.3213,3.2718,3.3114,970179,6473684,0.0346,1.0558,6.6727,0.3245,2003379910.9,N/A,2299591379.8,299011927,0,343222594,59.886,2.278,1.1117,19.6025,
600693.SH,东百集团,2013-04-02,3.3114,3.3114,3.3559,3.2619,3.2817,1529846,10224582,-0.0297,-0.8955,6.6834,0.5116,1985439195.28,N/A,2278998024.16,299011927,0,343222594,59.3497,2.2576,1.1017,19.4269,
600693.SH,东百集团,2013-04-03,3.2817,3.2867,3.3559,3.2718,3.346,2016482,13517262,0.0643,1.9578,6.7034,0.6744,2024310745.79,N/A,2323616961.38,299011927,0,343222594,60.5117,2.3018,1.1233,19.8073,
600693.SH,东百集团,2013-04-08,3.346,3.3114,3.3707,3.2718,3.3608,1144760,7711095,0.0148,0.4431,6.736,0.3828,2033281103.6,N/A,2333913639.2,299011927,0,343222594,60.7798,2.312,1.1283,19.895,
600693.SH,东百集团,2013-04-09,3.3608,3.3608,3.43,3.346,3.4201,1550278,10642858,0.0593,1.7647,6.8651,0.5185,2069162534.84,N/A,2375100350.48,299011927,0,343222594,61.8524,2.3528,1.1482,20.2461,
600693.SH,东百集团,2013-04-10,3.4201,3.4201,3.425,3.3608,3.3855,1017327,6973764,-0.0346,-1.0116,6.855,0.3402,2048231699.95,N/A,2351074768.9,299011927,0,343222594,61.2267,2.329,1.1366,20.0413,
600693.SH,东百集团,2013-04-11,3.3855,3.4053,3.4102,3.3114,3.346,1035443,7036476,-0.0395,-1.1679,6.7956,0.3463,2024310745.79,N/A,2323616961.38,299011927,0,343222594,60.5117,2.3018,1.1233,19.8073,
600693.SH,东百集团,2013-04-12,3.346,3.3262,3.3608,3.3114,3.3213,1233290,8302729,-0.0247,-0.7386,6.7322,0.4125,2009360149.44,N/A,2306455831.68,299011927,0,343222594,60.0648,2.2848,1.115,19.661,
600693.SH,东百集团,2013-04-15,3.3213,3.3114,3.4349,3.2916,3.4003,1638801,11097325,0.0791,2.381,6.7716,0.5481,2057202057.76,N/A,2361371446.72,299011927,0,343222594,61.4949,2.3392,1.1416,20.1291,
600693.SH,东百集团,2013-04-16,3.4003,3.341,3.4201,3.3114,3.4003,1244800,8525441,0,0,6.8488,0.4163,2057202057.76,N/A,2361371446.72,299011927,0,343222594,61.4949,2.3392,1.1416,20.1291,
600693.SH,东百集团,2013-04-17,3.4003,3.3954,3.4152,3.3361,3.3904,534200,3647913,-0.0099,-0.2907,6.8287,0.1787,2051221819.22,N/A,2354506994.84,299011927,0,343222594,61.3161,2.3324,1.1383,20.0706,
600693.SH,东百集团,2013-04-18,3.3904,3.3904,3.3904,3.2817,3.3114,1301167,8731636,-0.0791,-2.3324,6.7106,0.4352,2003379910.9,N/A,2299591379.8,299011927,0,343222594,59.886,2.278,1.1117,19.6025,
600693.SH,东百集团,2013-04-19,3.3114,3.3213,3.3559,3.3114,3.341,1552269,10471759,0.0297,0.8955,6.7461,0.5191,2021320626.52,N/A,2320184735.44,299011927,0,343222594,60.4223,2.2984,1.1217,19.778,
600693.SH,东百集团,2013-04-22,3.341,3.3361,3.3954,3.3163,3.3904,2132663,14484728,0.0494,1.4793,6.7919,0.7132,2051221819.22,N/A,2354506994.84,299011927,0,343222594,61.3161,2.3324,1.1383,20.0706,
600693.SH,东百集团,2013-04-23,3.3904,3.3904,3.4003,3.3064,3.3262,2268469,15260305,-0.0643,-1.895,6.7271,0.7587,2012350268.71,N/A,2309888057.62,299011927,0,343222594,60.1542,2.2882,1.1167,19.6902,
600693.SH,东百集团,2013-04-24,3.3262,3.3114,3.3904,3.3064,3.3608,3039300,20696423,0.0346,1.0401,6.8096,1.0164,2033281103.6,N/A,2333913639.2,299011927,0,343222594,60.7798,2.312,1.1283,19.895,
600693.SH,东百集团,2013-04-25,3.3608,3.3608,3.3657,3.2965,3.2965,1615939,10837472,-0.0643,-1.9118,6.7066,0.5404,1994409553.09,N/A,2289294701.98,299011927,0,343222594,59.6179,2.2678,1.1067,19.5147,
600693.SH,东百集团,2013-04-26,3.2965,3.3015,3.3163,3.1928,3.2224,1504318,9880050,-0.0741,-2.2489,6.5678,0.5031,1949557764.04,N/A,2237811312.88,299011927,0,343222594,58.2771,2.2168,1.0818,19.0758,
600693.SH,东百集团,2013-05-02,3.2224,3.2125,3.2323,3.1631,3.2076,751224,4863881,-0.0148,-0.4601,6.4746,0.2512,1940587406.23,N/A,2227514635.06,299011927,0,343222594,58.009,2.2066,1.0769,18.9881,
600693.SH,东百集团,2013-05-03,3.2076,3.2076,3.2521,3.2076,3.2323,1577510,10302914,0.0247,0.7704,6.5311,0.5276,1955538002.58,N/A,2244675764.76,299011927,0,343222594,58.4559,2.2236,1.0852,19.1343,
600693.SH,东百集团,2013-05-06,3.2323,3.2372,3.3163,3.2323,3.3114,3435862,22716158,0.0791,2.4465,6.6115,1.1491,2003379910.9,N/A,2299591379.8,299011927,0,343222594,59.886,2.278,1.1117,19.6025,
600693.SH,东百集团,2013-05-07,3.3114,3.2817,3.3361,3.2718,3.2965,1554761,10360272,-0.0148,-0.4478,6.6636,0.52,1994409553.09,N/A,2289294701.98,299011927,0,343222594,59.6179,2.2678,1.1067,19.5147,
600693.SH,东百集团,2013-05-08,3.2965,3.2965,3.3509,3.2768,3.3311,3368358,22612351,0.0346,1.0495,6.7132,1.1265,2015340387.98,N/A,2313320283.56,299011927,0,343222594,60.2435,2.2916,1.1183,19.7195,
600693.SH,东百集团,2013-05-09,3.3311,3.3163,3.3608,3.2669,3.3114,2570426,17237427,-0.0198,-0.5935,6.7061,0.8596,2003379910.9,N/A,2299591379.8,299011927,0,343222594,59.886,2.278,1.1117,19.6025,
600693.SH,东百集团,2013-05-10,3.3114,3.3064,3.3361,3.2916,3.3114,1383354,9261510,0,0,6.695,0.4626,2003379910.9,N/A,2299591379.8,299011927,0,343222594,59.886,2.278,1.1117,19.6025,
600693.SH,东百集团,2013-05-13,3.3114,3.3064,3.3361,3.2817,3.3064,2004702,13420272,-0.0049,-0.1493,6.6944,0.6704,2000389791.63,N/A,2296159153.86,299011927,0,343222594,59.7966,2.2746,1.11,19.5732,
600693.SH,东百集团,2013-05-14,3.3064,3.3015,3.3015,3.2521,3.257,1381710,9147524,-0.0494,-1.4948,6.6204,0.4621,1970488598.93,N/A,2261836894.46,299011927,0,343222594,58.9028,2.2406,1.0935,19.2806,
600693.SH,东百集团,2013-05-15,3.257,3.2619,3.2916,3.2521,3.2619,1374408,9085371,0.0049,0.1517,6.6104,0.4596,1973478718.2,N/A,2265269120.4,299011927,0,343222594,58.9922,2.244,1.0951,19.3099,
600693.SH,东百集团,2013-05-16,3.2619,3.2619,3.2867,3.2274,3.2768,2131193,14085882,0.0148,0.4545,6.6094,0.7127,1982449076.01,N/A,2275565798.22,299011927,0,343222594,59.2603,2.2542,1.1001,19.3977,
600693.SH,东百集团,2013-05-17,3.2768,3.2669,3.3361,3.2669,3.3311,2150893,14376570,0.0544,1.6591,6.684,0.7193,2015340387.98,N/A,2313320283.56,299011927,0,343222594,60.2435,2.2916,1.1183,19.7195,
600693.SH,东百集团,2013-05-20,3.3311,3.3311,3.3657,3.3114,3.346,3044145,20590752,0.0148,0.4451,6.7641,1.0181,2024310745.79,N/A,2323616961.38,299011927,0,343222594,60.5117,2.3018,1.1233,19.8073,
600693.SH,东百集团,2013-05-21,3.346,3.3361,3.3657,3.3262,3.3559,3623819,24549763,0.0099,0.2954,6.7746,1.2119,2030290984.33,N/A,2330481413.26,299011927,0,343222594,60.6904,2.3086,1.1266,19.8658,
600693.SH,东百集团,2013-05-22,3.3559,3.4596,3.4596,3.3608,3.3707,5058767,34790162,0.0148,0.4418,6.8772,1.6918,2039261342.14,N/A,2340778091.08,299011927,0,343222594,60.9586,2.3188,1.1316,19.9535,
600693.SH,东百集团,2013-05-23,3.3707,3.3608,3.3855,3.3163,3.3262,2544141,17219703,-0.0445,-1.3196,6.7684,0.8508,2012350268.71,N/A,2309888057.62,299011927,0,343222594,60.1542,2.2882,1.1167,19.6902,
600693.SH,东百集团,2013-05-24,3.3262,3.3213,3.346,3.2867,3.346,2645357,17796227,0.0198,0.5944,6.7273,0.8847,2024310745.79,N/A,2323616961.38,299011927,0,343222594,60.5117,2.3018,1.1233,19.8073,
600693.SH,东百集团,2013-05-27,3.346,3.346,3.3509,3.3064,3.3064,3493503,23452454,-0.0395,-1.1817,6.7132,1.1683,2000389791.63,N/A,2296159153.86,299011927,0,343222594,59.7966,2.2746,1.11,19.5732,
600693.SH,东百集团,2013-05-28,3.3064,3.3163,3.3657,3.2916,3.3559,4891653,32963655,0.0494,1.4948,6.7388,1.6359,2030290984.33,N/A,2330481413.26,299011927,0,343222594,60.6904,2.3086,1.1266,19.8658,
600693.SH,东百集团,2013-05-29,3.3559,3.3657,3.3707,3.3361,3.3559,3734820,25295480,0,0,6.7729,1.2491,2030290984.33,N/A,2330481413.26,299011927,0,343222594,60.6904,2.3086,1.1266,19.8658,
600693.SH,东百集团,2013-05-30,3.3559,3.3361,3.3559,3.2965,3.3213,4910197,33009817,-0.0346,-1.0309,6.7227,1.6421,2009360149.44,N/A,2306455831.68,299011927,0,343222594,60.0648,2.2848,1.115,19.661,
600693.SH,东百集团,2013-05-31,3.3213,3.3311,3.346,3.2916,3.3311,4530325,30432851,0.0099,0.2976,6.7176,1.5151,2015340387.98,N/A,2313320283.56,299011927,0,343222594,60.2435,2.2916,1.1183,19.7195,
600693.SH,东百集团,2013-06-03,3.3311,3.3213,3.3559,3.3064,3.3509,4470459,30169746,0.0198,0.5935,6.7487,1.4951,2027300865.06,N/A,2327049187.32,299011927,0,343222594,60.6011,2.3052,1.125,19.8365,
600693.SH,东百集团,2013-06-04,3.3509,3.3559,3.3559,3.2372,3.3163,4699576,31299771,-0.0346,-1.0324,6.6601,1.5717,2006370030.17,N/A,2303023605.74,299011927,0,343222594,59.9754,2.2814,1.1134,19.6317,
600693.SH,东百集团,2013-06-05,3.3163,3.2916,3.4003,3.2718,3.3855,7251033,49150545,0.0692,2.0864,6.7784,2.425,2048231699.95,N/A,2351074768.9,299011927,0,343222594,61.2267,2.329,1.1366,20.0413,
600693.SH,东百集团,2013-06-06,3.3855,3.3657,3.4695,3.3509,3.3904,10395451,71866542,0.0049,0.146,6.9133,3.4766,2051221819.22,N/A,2354506994.84,299011927,0,343222594,61.3161,2.3324,1.1383,20.0706,
600693.SH,东百集团,2013-06-07,3.3904,3.4003,3.4102,3.2669,3.2768,4690261,31664484,-0.1137,-3.3528,6.7511,1.5686,1982449076.01,N/A,2275565798.22,299011927,0,343222594,59.2603,2.2542,1.1001,19.3977,
600693.SH,东百集团,2013-06-13,3.2768,3.2372,3.2372,3.0049,3.1236,4059702,25431680,-0.1532,-4.6757,6.2644,1.3577,1889755378.64,N/A,2169166794.08,299011927,0,343222594,56.4895,2.1488,1.0487,18.4907,
600693.SH,东百集团,2013-06-14,3.1236,3.1137,3.1334,3.0791,3.1137,4584189,28769751,-0.0099,-0.3165,6.2759,1.5331,1883775140.1,N/A,2162302342.2,299011927,0,343222594,56.3107,2.142,1.0453,18.4322,
600693.SH,东百集团,2013-06-17,3.1137,3.1137,3.1137,3.0395,3.0445,4400301,27333886,-0.0692,-2.2222,6.2118,1.4716,1841913470.32,N/A,2114251179.04,299011927,0,343222594,55.0594,2.0944,1.0221,18.0226,
600693.SH,东百集团,2013-06-18,3.0445,3.0494,3.0692,3.0049,3.0346,1956762,11997537,-0.0099,-0.3247,6.1313,0.6544,1835933231.78,N/A,2107386727.16,299011927,0,343222594,54.8806,2.0876,1.0188,17.964,
600693.SH,东百集团,2013-06-19,3.0346,3.0346,3.0445,2.9901,3.0395,1970875,12010942,0.0049,0.1629,6.0942,0.6591,1838923351.05,N/A,2110818953.1,299011927,0,343222594,54.97,2.091,1.0204,17.9933,
600693.SH,东百集团,2013-06-20,3.0395,3.0346,3.0494,2.9951,3.0049,1621823,9905304,-0.0346,-1.1382,6.1075,0.5424,1817992516.16,N/A,2086793371.52,299011927,0,343222594,54.3443,2.0672,1.0088,17.7885,
600693.SH,东百集团,2013-06-21,3.0049,2.9654,3.0049,2.9555,2.9951,1430796,8636911,-0.0099,-0.3289,6.0364,0.4785,1812012277.62,N/A,2079928919.64,299011927,0,343222594,54.1656,2.0604,1.0055,17.73,
600693.SH,东百集团,2013-06-24,2.9951,2.9951,2.9951,2.6985,2.7776,3964758,22893129,-0.2175,-7.2607,5.7742,1.326,1680447029.74,N/A,1928910978.28,299011927,0,343222594,50.2327,1.9108,0.9325,16.4427,
600693.SH,东百集团,2013-06-25,2.7776,2.7727,2.7924,2.5503,2.743,3307124,18097655,-0.0346,-1.2456,5.4723,1.106,1659516194.85,N/A,1904885396.7,299011927,0,343222594,49.6071,1.887,0.9209,16.2379,
600693.SH,东百集团,2013-06-26,2.743,2.9061,3.0198,2.832,3.0198,3421461,20613171,0.2768,10.0901,6.0247,1.1443,1826962873.97,N/A,2097090049.34,299011927,0,343222594,54.6125,2.0774,1.0138,17.8763,
600693.SH,东百集团,2013-06-27,3.0198,3.1186,3.173,2.8913,2.916,7546399,46568341,-0.1038,-3.437,6.1709,2.5238,1764170369.3,N/A,2025013304.6,299011927,0,343222594,52.7354,2.006,0.979,17.2619,
600693.SH,东百集团,2013-06-28,2.916,2.9308,2.9407,2.7924,2.8171,3397171,19606255,-0.0988,-3.3898,5.7713,1.1361,1704367983.9,N/A,1956368785.8,299011927,0,343222594,50.9478,1.938,0.9458,16.6767,
600693.SH,东百集团,2013-07-01,2.8171,2.8171,2.8567,2.7875,2.8567,2396642,13660422,0.0395,1.4035,5.6998,0.8015,1728288938.06,N/A,1983826593.32,299011927,0,343222594,51.6629,1.9652,0.9591,16.9108,
600693.SH,东百集团,2013-07-02,2.8567,2.8418,2.8863,2.8073,2.8814,2067845,11918638,0.0247,0.8651,5.7638,0.6916,1743239534.41,N/A,2000987723.02,299011927,0,343222594,52.1098,1.9822,0.9673,17.0571,
600693.SH,东百集团,2013-07-03,2.8814,2.8221,3.0099,2.8221,2.9358,3704022,22041407,0.0544,1.8868,5.9507,1.2388,1776130846.38,N/A,2038742208.36,299011927,0,343222594,53.093,2.0196,0.9856,17.3789,
600693.SH,东百集团,2013-07-04,2.9358,2.916,2.9704,2.8715,2.9308,2521192,14880446,-0.0049,-0.1684,5.9021,0.8432,1773140727.11,N/A,2035309982.42,299011927,0,343222594,53.0036,2.0162,0.9839,17.3496,
600693.SH,东百集团,2013-07-05,2.9308,2.9308,2.9901,2.9209,2.9407,2365570,14148940,0.0099,0.3373,5.9812,0.7911,1779120965.65,N/A,2042174434.3,299011927,0,343222594,53.1824,2.023,0.9873,17.4081,
600693.SH,东百集团,2013-07-08,2.9407,2.911,2.911,2.7924,2.8023,3310455,19087473,-0.1384,-4.7059,5.7658,1.1071,1695397626.09,N/A,1946072107.98,299011927,0,343222594,50.6797,1.9278,0.9408,16.5889,
600693.SH,东百集团,2013-07-09,2.8023,2.7974,2.832,2.7578,2.7727,1600900,9043686,-0.0297,-1.0582,5.6491,0.5354,1677456910.47,N/A,1925478752.34,299011927,0,343222594,50.1434,1.9074,0.9308,16.4134,
600693.SH,东百集团,2013-07-10,2.7727,2.7529,2.8764,2.7529,2.8666,1718565,9849187,0.0939,3.3868,5.7311,0.5747,1734269176.6,N/A,1990691045.2,299011927,0,343222594,51.8416,1.972,0.9624,16.9693,
600693.SH,东百集团,2013-07-11,2.8666,2.8715,2.9852,2.8666,2.9654,3186243,18996637,0.0988,3.4483,5.9621,1.0656,1794071562,N/A,2059335564,299011927,0,343222594,53.6293,2.04,0.9956,17.5544,
600693.SH,东百集团,2013-07-12,2.9654,3.1137,3.1977,3.0544,3.084,6374975,40180423,0.1186,4,6.3028,2.132,1865834424.48,N/A,2141708986.56,299011927,0,343222594,55.7744,2.1216,1.0354,18.2566,
600693.SH,东百集团,2013-07-15,3.084,3.084,3.1038,3.0198,3.0643,2926964,18168170,-0.0198,-0.641,6.2072,0.9789,1853873947.4,N/A,2127980082.8,299011927,0,343222594,55.4169,2.108,1.0287,18.1396,
600693.SH,东百集团,2013-07-16,3.0643,3.089,3.089,3.0148,3.089,2463793,15188981,0.0247,0.8065,6.1649,0.824,1868824543.75,N/A,2145141212.5,299011927,0,343222594,55.8638,2.125,1.037,18.2859,
600693.SH,东百集团,2013-07-17,3.089,3.0544,3.1631,3.0494,3.1186,3974527,25105728,0.0297,0.96,6.3167,1.3292,1886765259.37,N/A,2165734568.14,299011927,0,343222594,56.4001,2.1454,1.047,18.4614,
600693.SH,东百集团,2013-07-18,3.1186,3.1137,3.2471,3.084,3.168,3008088,19310598,0.0494,1.5848,6.4196,1.006,1916666452.07,N/A,2200056827.54,299011927,0,343222594,57.2939,2.1794,1.0636,18.754,
600693.SH,东百集团,2013-07-19,3.168,3.168,3.168,3.0198,3.0247,2743691,17190426,-0.1433,-4.5242,6.2654,0.9176,1829952993.24,N/A,2100522275.28,299011927,0,343222594,54.7018,2.0808,1.0155,17.9055,
600693.SH,东百集团,2013-07-22,3.0247,3,3.084,3,3.0593,1316713,8124321,0.0346,1.1438,6.1702,0.4404,1850883828.13,N/A,2124547856.86,299011927,0,343222594,55.3275,2.1046,1.0271,18.1103,
600693.SH,东百集团,2013-07-23,3.0593,3.0494,3.1384,3.0148,3.089,1806803,11299710,0.0297,0.9693,6.254,0.6043,1868824543.75,N/A,2145141212.5,299011927,0,343222594,55.8638,2.125,1.037,18.2859,
600693.SH,东百集团,2013-07-24,3.089,3.0939,3.1087,3.0346,3.1038,2192813,13629162,0.0148,0.48,6.2154,0.7334,1877794901.56,N/A,2155437890.32,299011927,0,343222594,56.132,2.1352,1.042,18.3736,
600693.SH,东百集团,2013-07-25,3.1038,3.1038,3.1236,3.0445,3.0593,1487215,9229845,-0.0445,-1.4331,6.2061,0.4974,1850883828.13,N/A,2124547856.86,299011927,0,343222594,55.3275,2.1046,1.0271,18.1103,
600693.SH,东百集团,2013-07-26,3.0593,3.0593,3.084,3.0297,3.0741,734592,4539335,0.0148,0.4847,6.1794,0.2457,1859854185.94,N/A,2134844534.68,299011927,0,343222594,55.5957,2.1148,1.0321,18.1981,
600693.SH,东百集团,2013-07-29,3.0741,3.0741,3.084,2.9951,3.0148,1729297,10568477,-0.0593,-1.9293,6.1114,0.5783,1823972754.7,N/A,2093657823.4,299011927,0,343222594,54.5231,2.074,1.0121,17.847,
600693.SH,东百集团,2013-07-30,3.0148,3.0148,3.0395,2.9802,3.0148,1163812,7090927,0,0,6.0928,0.3892,1823972754.7,N/A,2093657823.4,299011927,0,343222594,54.5231,2.074,1.0121,17.847,
600693.SH,东百集团,2013-07-31,3.0148,2.9704,3.0395,2.9704,3.0346,990830,6054607,0.0198,0.6557,6.1106,0.3314,1835933231.78,N/A,2107386727.16,299011927,0,343222594,54.8806,2.0876,1.0188,17.964,
600693.SH,东百集团,2013-08-01,3.0346,3.0247,3.0791,3.0247,3.0692,1045710,6480423,0.0346,1.1401,6.1972,0.3497,1856864066.67,N/A,2131412308.74,299011927,0,343222594,55.5063,2.1114,1.0304,18.1688,
600693.SH,东百集团,2013-08-02,3.0692,3.0939,3.0989,3.0395,3.0593,1886882,11661590,-0.0099,-0.3221,6.1803,0.631,1850883828.13,N/A,2124547856.86,299011927,0,343222594,55.3275,2.1046,1.0271,18.1103,
600693.SH,东百集团,2013-08-05,3.0593,3.0643,3.1384,3.0593,3.1334,1969130,12378881,0.0741,2.4233,6.2865,0.6585,1895735617.18,N/A,2176031245.96,299011927,0,343222594,56.6683,2.1556,1.052,18.5492,
600693.SH,东百集团,2013-08-06,3.1334,3.1334,3.1483,3.0741,3.1384,2260511,14275688,0.0049,0.1577,6.3152,0.756,1898725736.45,N/A,2179463471.9,299011927,0,343222594,56.7576,2.159,1.0536,18.5784,
600693.SH,东百集团,2013-08-07,3.1384,3.1285,3.1582,3.089,3.1087,1689262,10665254,-0.0297,-0.9449,6.3136,0.5649,1880785020.83,N/A,2158870116.26,299011927,0,343222594,56.2213,2.1386,1.0437,18.4029,
600693.SH,东百集团,2013-08-08,3.1087,3.1285,3.2422,3.1137,3.1928,4477189,29053561,0.084,2.7027,6.4892,1.4973,1931617048.42,N/A,2217217957.24,299011927,0,343222594,57.7408,2.1964,1.0719,18.9003,
600693.SH,东百集团,2013-08-09,3.1928,3.1878,3.2372,3.1631,3.2274,1899091,12332275,0.0346,1.0836,6.4938,0.6351,1952547883.31,N/A,2241243538.82,299011927,0,343222594,58.3665,2.2202,1.0835,19.1051,
600693.SH,东百集团,2013-08-12,3.2274,3.2274,3.2471,3.173,3.2175,2154971,13983772,-0.0099,-0.3063,6.4891,0.7207,1946567644.77,N/A,2234379086.94,299011927,0,343222594,58.1878,2.2134,1.0802,19.0466,
600693.SH,东百集团,2013-08-13,3.2175,3.1977,3.2965,3.1928,3.2718,2876170,18947629,0.0544,1.6897,6.5878,0.9619,1979458956.74,N/A,2272133572.28,299011927,0,343222594,59.171,2.2508,1.0984,19.3684,
600693.SH,东百集团,2013-08-14,3.2718,3.2718,3.3213,3.2471,3.2965,2494139,16647524,0.0247,0.7553,6.6747,0.8341,1994409553.09,N/A,2289294701.98,299011927,0,343222594,59.6179,2.2678,1.1067,19.5147,
600693.SH,东百集团,2013-08-15,3.2965,3.3262,3.3311,3.2718,3.2718,2536432,16918617,-0.0247,-0.7496,6.6702,0.8483,1979458956.74,N/A,2272133572.28,299011927,0,343222594,59.171,2.2508,1.0984,19.3684,
600693.SH,东百集团,2013-08-16,3.2718,3.2718,3.2718,3.1433,3.1631,2654738,17276041,-0.1087,-3.3233,6.5076,0.8878,1913676332.8,N/A,2196624601.6,299011927,0,343222594,57.2045,2.176,1.0619,18.7247,
600693.SH,东百集团,2013-08-19,3.1631,3.1582,3.2274,3.1433,3.2224,1334293,8592490,0.0593,1.875,6.4397,0.4462,1949557764.04,N/A,2237811312.88,299011927,0,343222594,58.2771,2.2168,1.0818,19.0758,
600693.SH,东百集团,2013-08-20,3.2224,3.2175,3.2274,3.168,3.1829,756500,4892121,-0.0395,-1.227,6.4668,0.253,1925636809.88,N/A,2210353505.36,299011927,0,343222594,57.5621,2.1896,1.0686,18.8418,
600693.SH,东百集团,2013-08-21,3.1829,3.1829,3.2076,3.173,3.1878,841264,5422461,0.0049,0.1553,6.4456,0.2813,1928626929.15,N/A,2213785731.3,299011927,0,343222594,57.6515,2.193,1.0702,18.871,
600693.SH,东百集团,2013-08-22,3.1878,3.173,3.1977,3.168,3.1779,764888,4928821,-0.0099,-0.3101,6.4438,0.2558,1922646690.61,N/A,2206921279.42,299011927,0,343222594,57.4727,2.1862,1.0669,18.8125,
600693.SH,东百集团,2013-08-23,3.1779,3.1878,3.2076,3.0989,3.1433,1342889,8571182,-0.0346,-1.0886,6.3826,0.4491,1901715855.72,N/A,2182895697.84,299011927,0,343222594,56.847,2.1624,1.0553,18.6077,
600693.SH,东百集团,2013-08-26,3.1433,3.1483,3.2076,3.1186,3.173,1129571,7243234,0.0297,0.9434,6.4124,0.3778,1919656571.34,N/A,2203489053.48,299011927,0,343222594,57.3833,2.1828,1.0652,18.7832,
600693.SH,东百集团,2013-08-27,3.173,3.1779,3.2274,3.168,3.2175,1061110,6885411,0.0445,1.4019,6.4889,0.3549,1946567644.77,N/A,2234379086.94,299011927,0,343222594,58.1878,2.2134,1.0802,19.0466,
600693.SH,东百集团,2013-08-28,3.2175,3.1977,3.3213,3.1779,3.3163,3539889,23461491,0.0988,3.0722,6.6277,1.1839,2006370030.17,N/A,2303023605.74,299011927,0,343222594,59.9754,2.2814,1.1134,19.6317,
600693.SH,东百集团,2013-08-29,3.3163,3.3015,3.3608,3.2817,3.3608,2832369,19070064,0.0445,1.3413,6.7329,0.9472,2033281103.6,N/A,2333913639.2,299011927,0,343222594,60.7798,2.312,1.1283,19.895,
600693.SH,东百集团,2013-08-30,3.3608,3.3608,3.4399,3.3213,3.3262,3413663,23296628,-0.0346,-1.0294,6.8245,1.1416,2012350268.71,N/A,2309888057.62,299011927,0,343222594,60.1542,2.2882,1.1167,19.6902,
600693.SH,东百集团,2013-09-02,3.3262,3.3262,3.4794,3.2768,3.4596,3853832,26598548,0.1334,4.0119,6.9018,1.2889,2093083489,N/A,2402558158,299011927,0,343222594,62.5675,2.38,1.1615,20.4802,
600693.SH,东百集团,2013-09-03,3.4596,3.4547,3.4844,3.3707,3.4547,3760558,26073133,-0.0049,-0.1429,6.9333,1.2577,2090093369.73,N/A,2399125932.06,299011927,0,343222594,62.4781,2.3766,1.1598,20.4509,
600693.SH,东百集团,2013-09-04,3.4547,3.5338,3.6376,3.4794,3.4992,9249634,66552795,0.0445,1.2876,7.1952,3.0934,2117004443.16,N/A,2430015965.52,299011927,0,343222594,63.2825,2.4072,1.1748,20.7142,
600693.SH,东百集团,2013-09-05,3.4992,3.4547,3.4844,3.341,3.3954,3729932,25562556,-0.1038,-2.9661,6.8534,1.2474,2054211938.49,N/A,2357939220.78,299011927,0,343222594,61.4055,2.3358,1.1399,20.0998,
600693.SH,东百集团,2013-09-06,3.3954,3.3707,3.4003,3.3213,3.3608,1814771,12326537,-0.0346,-1.0189,6.7923,0.6069,2033281103.6,N/A,2333913639.2,299011927,0,343222594,60.7798,2.312,1.1283,19.895,
600693.SH,东百集团,2013-09-09,3.3608,3.3608,3.4152,3.3114,3.3806,2058145,14025525,0.0198,0.5882,6.8146,0.6883,2045241580.68,N/A,2347642542.96,299011927,0,343222594,61.1374,2.3256,1.1349,20.0121,
600693.SH,东百集团,2013-09-10,3.3806,3.3806,3.4201,3.3213,3.4102,2276104,15559617,0.0297,0.8772,6.8361,0.7612,2063182296.3,N/A,2368235898.6,299011927,0,343222594,61.6737,2.346,1.1449,20.1876,
600693.SH,东百集团,2013-09-11,3.4102,3.4201,3.4745,3.3559,3.4498,3943771,27223930,0.0395,1.1594,6.903,1.3189,2087103250.46,N/A,2395693706.12,299011927,0,343222594,62.3887,2.3732,1.1582,20.4217,
600693.SH,东百集团,2013-09-12,3.4498,3.4399,3.4893,3.4003,3.4695,2027551,14118811,0.0198,0.5731,6.9635,0.6781,2099063727.54,N/A,2409422609.88,299011927,0,343222594,62.7462,2.3868,1.1648,20.5387,
600693.SH,东百集团,2013-09-13,3.4695,3.4399,3.5585,3.43,3.5486,3578707,25437902,0.0791,2.2792,7.1081,1.1968,2146905635.86,N/A,2464338224.92,299011927,0,343222594,64.1764,2.4412,1.1913,21.0068,
600693.SH,东百集团,2013-09-16,3.5486,3.5535,3.5585,3.4794,3.5041,1807416,12812716,-0.0445,-1.2535,7.089,0.6045,2119994562.43,N/A,2433448191.46,299011927,0,343222594,63.3719,2.4106,1.1764,20.7435,
600693.SH,东百集团,2013-09-17,3.5041,3.4992,3.5338,3.4399,3.4399,1771681,12503319,-0.0643,-1.8336,7.0573,0.5925,2081123011.92,N/A,2388829254.24,299011927,0,343222594,62.2099,2.3664,1.1548,20.3631,
600693.SH,东百集团,2013-09-18,3.4399,3.43,3.4794,3.4053,3.4794,1035934,7219358,0.0395,1.1494,6.9689,0.3465,2105043966.08,N/A,2416287061.76,299011927,0,343222594,62.925,2.3936,1.1681,20.5972,
600693.SH,东百集团,2013-09-23,3.4794,3.4745,3.5634,3.4349,3.5437,2061707,14746685,0.0643,1.8466,7.1527,0.6895,2143915516.59,N/A,2460905998.98,299011927,0,343222594,64.087,2.4378,1.1897,20.9776,
600693.SH,东百集团,2013-09-24,3.5437,3.5634,3.5783,3.4844,3.519,1252926,8928401,-0.0247,-0.6974,7.126,0.419,2128964920.24,N/A,2443744869.28,299011927,0,343222594,63.6401,2.4208,1.1814,20.8313,
600693.SH,东百集团,2013-09-25,3.519,3.514,3.6227,3.5041,3.5783,2660963,19248589,0.0593,1.6854,7.2337,0.8899,2164846351.48,N/A,2484931580.56,299011927,0,343222594,64.7126,2.4616,1.2013,21.1824,
600693.SH,东百集团,2013-09-26,3.5783,3.5684,3.598,3.5091,3.514,1709300,12219798,-0.0643,-1.7956,7.149,0.5716,2125974800.97,N/A,2440312643.34,299011927,0,343222594,63.5507,2.4174,1.1797,20.802,
600693.SH,东百集团,2013-09-27,3.514,3.4942,3.5437,3.4794,3.4794,1254990,8904622,-0.0346,-0.9845,7.0954,0.4197,2105043966.08,N/A,2416287061.76,299011927,0,343222594,62.925,2.3936,1.1681,20.5972,
600693.SH,东百集团,2013-09-30,3.4794,3.4646,3.6178,3.4498,3.5486,3026109,21921303,0.0692,1.9886,7.2441,1.012,2146905635.86,N/A,2464338224.92,299011927,0,343222594,64.1764,2.4412,1.1913,21.0068,
600693.SH,东百集团,2013-10-08,3.5486,3.5387,3.6623,3.519,3.6573,2127008,15598385,0.1087,3.0641,7.3335,0.7113,2212688259.8,N/A,2539847195.6,299011927,0,343222594,66.1428,2.516,1.2279,21.6505,
600693.SH,东百集团,2013-10-09,3.6573,3.6475,3.7117,3.6277,3.6573,1728217,12790630,0,0,7.4011,0.578,2212688259.8,N/A,2539847195.6,299011927,0,343222594,66.1428,2.516,1.2279,21.6505,
600693.SH,东百集团,2013-10-10,3.6573,3.7068,3.8649,3.6573,3.8353,4032259,30702520,0.1779,4.8649,7.6142,1.3485,2320332553.52,N/A,2663407329.44,299011927,0,343222594,69.3605,2.6384,1.2876,22.7037,
600693.SH,东百集团,2013-10-11,3.8353,3.8007,3.8303,3.7414,3.8105,3119916,23872209,-0.0247,-0.6443,7.6516,1.0434,2305381957.17,N/A,2646246199.74,299011927,0,343222594,68.9136,2.6214,1.2793,22.5575,
600693.SH,东百集团,2013-10-14,3.8105,3.8007,3.9341,3.771,3.8649,2700849,21230480,0.0544,1.4267,7.8607,0.9033,2338273269.14,N/A,2684000685.08,299011927,0,343222594,69.8968,2.6588,1.2975,22.8793,
600693.SH,东百集团,2013-10-15,3.8649,3.9489,4.028,3.8155,3.939,3690194,29166928,0.0741,1.9182,7.9039,1.2341,2383125058.19,N/A,2735484074.18,299011927,0,343222594,71.2375,2.7098,1.3224,23.3181,
600693.SH,东百集团,2013-10-16,3.939,3.9193,3.9193,3.7611,3.7858,2731404,21123533,-0.1532,-3.8896,7.7336,0.9135,2290431360.82,N/A,2629085070.04,299011927,0,343222594,68.4667,2.6044,1.271,22.4112,
600693.SH,东百集团,2013-10-17,3.7858,3.8056,3.855,3.7562,3.8204,1436645,11107080,0.0346,0.9138,7.7313,0.4805,2311362195.71,N/A,2653110651.62,299011927,0,343222594,69.0924,2.6282,1.2826,22.616,
600693.SH,东百集团,2013-10-18,3.8204,3.8204,3.8847,3.7809,3.8402,1120990,8706840,0.0198,0.5175,7.7671,0.3749,2323322672.79,N/A,2666839555.38,299011927,0,343222594,69.4499,2.6418,1.2892,22.733,
600693.SH,东百集团,2013-10-21,3.8402,3.8353,3.9341,3.8254,3.9341,1716531,13572565,0.0939,2.4453,7.907,0.5741,2380134938.92,N/A,2732051848.24,299011927,0,343222594,71.1482,2.7064,1.3208,23.2889,
600693.SH,东百集团,2013-10-22,3.9341,3.9242,3.9292,3.8155,3.8204,1635600,12761992,-0.1137,-2.8894,7.8026,0.547,2311362195.71,N/A,2653110651.62,299011927,0,343222594,69.0924,2.6282,1.2826,22.616,
600693.SH,东百集团,2013-10-23,3.8204,3.7908,3.8402,3.6376,3.6475,2332001,17545113,-0.173,-4.5278,7.5236,0.7799,2206708021.26,N/A,2532982743.72,299011927,0,343222594,65.964,2.5092,1.2245,21.592,
600693.SH,东百集团,2013-10-24,3.6475,3.6376,3.7018,3.6129,3.6227,1245500,9202680,-0.0247,-0.6775,7.3887,0.4165,2191757424.91,N/A,2515821614.02,299011927,0,343222594,65.5171,2.4922,1.2162,21.4457,
600693.SH,东百集团,2013-10-25,3.6227,3.6326,3.6771,3.514,3.5931,1376613,10030926,-0.0297,-0.8186,7.2867,0.4604,2173816709.29,N/A,2495228258.38,299011927,0,343222594,64.9808,2.4718,1.2063,21.2701,
600693.SH,东百集团,2013-10-28,3.5931,3.5239,3.7166,3.5239,3.7068,1193206,8806297,0.1137,3.1637,7.3804,0.399,2242589452.5,N/A,2574169455,299011927,0,343222594,67.0366,2.55,1.2444,21.943,
600693.SH,东百集团,2013-10-29,3.7068,3.6573,3.7265,3.4646,3.5288,1816379,13092946,-0.1779,-4.8,7.2083,0.6075,2134945158.78,N/A,2450609321.16,299011927,0,343222594,63.8188,2.4276,1.1847,20.8898,
600693.SH,东百集团,2013-10-30,3.5288,3.5783,3.6178,3.5091,3.5881,1333619,9647987,0.0593,1.6807,7.2344,0.446,2170826590.02,N/A,2491796032.44,299011927,0,343222594,64.8914,2.4684,1.2046,21.2409,
600693.SH,东百集团,2013-10-31,3.5881,3.5931,3.687,3.5091,3.6425,1335610,9745498,0.0544,1.5152,7.2967,0.4467,2203717901.99,N/A,2529550517.78,299011927,0,343222594,65.8746,2.5058,1.2229,21.5627,
600693.SH,东百集团,2013-11-01,3.6425,3.6376,3.6969,3.6227,3.6425,1283861,9473755,0,0,7.3791,0.4294,2203717901.99,N/A,2529550517.78,299011927,0,343222594,65.8746,2.5058,1.2229,21.5627,
600693.SH,东百集团,2013-11-04,3.6425,3.6277,3.7068,3.6129,3.6475,1382002,10251958,0.0049,0.1357,7.4182,0.4622,2206708021.26,N/A,2532982743.72,299011927,0,343222594,65.964,2.5092,1.2245,21.592,
600693.SH,东百集团,2013-11-05,3.6475,3.6672,3.6919,3.5783,3.6475,1246931,9206354,0,0,7.3832,0.417,2206708021.26,N/A,2532982743.72,299011927,0,343222594,65.964,2.5092,1.2245,21.592,
600693.SH,东百集团,2013-11-06,3.6475,3.6178,3.6425,3.5239,3.5486,1239779,9000597,-0.0988,-2.71,7.2598,0.4146,2146905635.86,N/A,2464338224.92,299011927,0,343222594,64.1764,2.4412,1.1913,21.0068,
600693.SH,东百集团,2013-11-07,3.5486,3.5535,3.5585,3.4399,3.4695,1893226,13292585,-0.0791,-2.2284,7.0211,0.6332,2099063727.54,N/A,2409422609.88,299011927,0,343222594,62.7462,2.3868,1.1648,20.5387,
600693.SH,东百集团,2013-11-08,3.4695,3.4448,3.4893,3.4349,3.4596,584259,4090417,-0.0099,-0.2849,7.001,0.1954,2093083489,N/A,2402558158,299011927,0,343222594,62.5675,2.38,1.1615,20.4802,
600693.SH,东百集团,2013-11-11,3.4596,3.4794,3.514,3.4201,3.4942,422754,2968592,0.0346,1,7.022,0.1414,2114014323.89,N/A,2426583739.58,299011927,0,343222594,63.1931,2.4038,1.1731,20.685,
600693.SH,东百集团,2013-11-12,3.4942,3.4942,3.5486,3.4942,3.5091,1066884,7621419,0.0148,0.4243,7.1436,0.3568,2122984681.7,N/A,2436880417.4,299011927,0,343222594,63.4613,2.414,1.1781,20.7728,
600693.SH,东百集团,2013-11-13,3.5091,3.4992,3.5338,3.4596,3.514,2071578,14704210,0.0049,0.1408,7.0981,0.6928,2125974800.97,N/A,2440312643.34,299011927,0,343222594,63.5507,2.4174,1.1797,20.802,
600693.SH,东百集团,2013-11-14,3.514,3.5041,3.5239,3.4498,3.5091,896971,6341833,-0.0049,-0.1406,7.0703,0.3,2122984681.7,N/A,2436880417.4,299011927,0,343222594,63.4613,2.414,1.1781,20.7728,
600693.SH,东百集团,2013-11-15,3.5091,3.5387,3.6079,3.514,3.5437,1377400,9953824,0.0346,0.9859,7.2265,0.4607,2143915516.59,N/A,2460905998.98,299011927,0,343222594,64.087,2.4378,1.1897,20.9776,
600693.SH,东百集团,2013-11-18,3.5437,3.5387,3.6326,3.5387,3.6178,1832035,13236977,0.0741,2.0921,7.2253,0.6127,2188767305.64,N/A,2512389388.08,299011927,0,343222594,65.4277,2.4888,1.2146,21.4164,
600693.SH,东百集团,2013-11-19,3.6178,3.6178,3.6425,3.5832,3.6425,1295291,9490184,0.0247,0.6831,7.3267,0.4332,2203717901.99,N/A,2529550517.78,299011927,0,343222594,65.8746,2.5058,1.2229,21.5627,
600693.SH,东百集团,2013-11-20,3.6425,3.6573,3.6623,3.6079,3.6573,998014,7351649,0.0148,0.4071,7.3663,0.3338,2212688259.8,N/A,2539847195.6,299011927,0,343222594,66.1428,2.516,1.2279,21.6505,
600693.SH,东百集团,2013-11-21,3.6573,3.6129,3.6722,3.6129,3.6475,702509,5174825,-0.0099,-0.2703,7.3662,0.2349,2206708021.26,N/A,2532982743.72,299011927,0,343222594,65.964,2.5092,1.2245,21.592,
600693.SH,东百集团,2013-11-22,3.6475,3.7809,3.8402,3.682,3.7166,3285465,24979692,0.0692,1.897,7.6031,1.0988,2248569691.04,N/A,2581033906.88,299011927,0,343222594,67.2153,2.5568,1.2478,22.0016,
600693.SH,东百集团,2013-11-25,3.7166,3.6524,3.7463,3.6475,3.7018,1181501,8831811,-0.0148,-0.3989,7.4751,0.3951,2239599333.23,N/A,2570737229.06,299011927,0,343222594,66.9472,2.5466,1.2428,21.9138,
600693.SH,东百集团,2013-11-26,3.7018,3.687,3.7414,3.6623,3.7166,874500,6570737,0.0148,0.4005,7.5137,0.2925,2248569691.04,N/A,2581033906.88,299011927,0,343222594,67.2153,2.5568,1.2478,22.0016,
600693.SH,东百集团,2013-11-27,3.7166,3.7166,3.7562,3.6573,3.7512,843871,6339228,0.0346,0.9309,7.5121,0.2822,2269500525.93,N/A,2605059488.46,299011927,0,343222594,67.841,2.5806,1.2594,22.2064,
600693.SH,东百集团,2013-11-28,3.7512,3.7364,3.776,3.7117,3.7562,1300901,9899677,0.0049,0.1318,7.6099,0.4351,2272490645.2,N/A,2608491714.4,299011927,0,343222594,67.9304,2.584,1.261,22.2356,
600693.SH,东百集团,2013-11-29,3.7562,3.7414,3.7661,3.7216,3.7562,1458108,11036556,0,0,7.5691,0.4876,2272490645.2,N/A,2608491714.4,299011927,0,343222594,67.9304,2.584,1.261,22.2356,
600693.SH,东百集团,2013-12-02,3.7562,3.7315,3.7315,3.4349,3.4794,2844327,20503203,-0.2768,-7.3684,7.2085,0.9512,2105043966.08,N/A,2416287061.76,299011927,0,343222594,62.925,2.3936,1.1681,20.5972,
600693.SH,东百集团,2013-12-03,3.4794,3.4794,3.5288,3.4102,3.5041,1485063,10422614,0.0247,0.7102,7.0183,0.4967,2119994562.43,N/A,2433448191.46,299011927,0,343222594,63.3719,2.4106,1.1764,20.7435,
600693.SH,东百集团,2013-12-04,3.5041,3.4794,3.5881,3.4695,3.4992,2234198,15907126,-0.0049,-0.141,7.1198,0.7472,2117004443.16,N/A,2430015965.52,299011927,0,343222594,63.2825,2.4072,1.1748,20.7142,
600693.SH,东百集团,2013-12-05,3.4992,3.4893,3.5239,3.4498,3.4547,3186400,22463595,-0.0445,-1.2712,7.0498,1.0656,2090093369.73,N/A,2399125932.06,299011927,0,343222594,62.4781,2.3766,1.1598,20.4509,
600693.SH,东百集团,2013-12-06,3.4547,3.4547,3.4596,3.3509,3.3806,3971734,27236798,-0.0741,-2.1459,6.8577,1.3283,2045241580.68,N/A,2347642542.96,299011927,0,343222594,61.1374,2.3256,1.1349,20.0121,
600693.SH,东百集团,2013-12-09,3.3806,3.3707,3.4399,3.346,3.425,3083925,21210826,0.0445,1.3158,6.8779,1.0314,2072152654.11,N/A,2378532576.42,299011927,0,343222594,61.9418,2.3562,1.1499,20.2754,
600693.SH,东百集团,2013-12-10,3.425,3.425,3.4844,3.4201,3.4844,3094446,21603308,0.0593,1.7316,6.9813,1.0349,2108034085.35,N/A,2419719287.7,299011927,0,343222594,63.0144,2.397,1.1698,20.6265,
600693.SH,东百集团,2013-12-11,3.4844,3.4844,3.4942,3.4498,3.4893,1498329,10521748,0.0049,0.1418,7.0223,0.5011,2111024204.62,N/A,2423151513.64,299011927,0,343222594,63.1038,2.4004,1.1714,20.6557,
600693.SH,东百集团,2013-12-12,3.4893,3.4745,3.4942,3.4695,3.4893,726395,5119942,0,0,7.0484,0.2429,2111024204.62,N/A,2423151513.64,299011927,0,343222594,63.1038,2.4004,1.1714,20.6557,
600693.SH,东百集团,2013-12-13,3.4893,3.4695,3.4893,3.4448,3.4794,918500,6450947,-0.0099,-0.2833,7.0234,0.3072,2105043966.08,N/A,2416287061.76,299011927,0,343222594,62.925,2.3936,1.1681,20.5972,
600693.SH,东百集团,2013-12-16,3.4794,3.4794,3.4794,3.3904,3.3954,1960991,13633601,-0.084,-2.4148,6.9524,0.6558,2054211938.49,N/A,2357939220.78,299011927,0,343222594,61.4055,2.3358,1.1399,20.0998,
600693.SH,东百集团,2013-12-17,3.3954,3.4152,3.4152,3.3657,3.4102,799468,5478084,0.0148,0.4367,6.8522,0.2674,2063182296.3,N/A,2368235898.6,299011927,0,343222594,61.6737,2.346,1.1449,20.1876,
600693.SH,东百集团,2013-12-18,3.4102,3.4102,3.43,3.3954,3.4102,1484802,10243152,0,0,6.8987,0.4966,2063182296.3,N/A,2368235898.6,299011927,0,343222594,61.6737,2.346,1.1449,20.1876,
600693.SH,东百集团,2013-12-19,3.4102,3.4003,3.43,3.3559,3.3756,1125981,7731591,-0.0346,-1.0145,6.8665,0.3766,2042251461.41,N/A,2344210317.02,299011927,0,343222594,61.048,2.3222,1.1333,19.9828,
600693.SH,东百集团,2013-12-20,3.3756,3.3756,3.3756,3.2619,3.346,1944321,13038892,-0.0297,-0.8785,6.7061,0.6502,2024310745.79,N/A,2323616961.38,299011927,0,343222594,60.5117,2.3018,1.1233,19.8073,
600693.SH,东百集团,2013-12-23,3.346,3.4201,3.4201,3.2965,3.3756,1600868,10808287,0.0297,0.8863,6.7515,0.5354,2042251461.41,N/A,2344210317.02,299011927,0,343222594,61.048,2.3222,1.1333,19.9828,
600693.SH,东百集团,2013-12-24,3.3756,3.3509,3.43,3.3311,3.3657,4123503,28286059,-0.0099,-0.2928,6.8597,1.379,2036271222.87,N/A,2337345865.14,299011927,0,343222594,60.8692,2.3154,1.13,19.9243,
600693.SH,东百集团,2013-12-25,3.3657,3.341,3.341,3.2372,3.257,1864839,12350623,-0.1087,-3.2305,6.6229,0.6237,1970488598.93,N/A,2261836894.46,299011927,0,343222594,58.9028,2.2406,1.0935,19.2806,
600693.SH,东百集团,2013-12-26,3.257,3.2867,3.2916,3.2125,3.2125,892910,5848972,-0.0445,-1.3657,6.5505,0.2986,1943577525.5,N/A,2230946861,299011927,0,343222594,58.0984,2.21,1.0785,19.0173,
600693.SH,东百集团,2013-12-27,3.2125,3.2175,3.257,3.1878,3.2323,1151222,7510839,0.0198,0.6154,6.5242,0.385,1955538002.58,N/A,2244675764.76,299011927,0,343222594,58.4559,2.2236,1.0852,19.1343,
600693.SH,东百集团,2013-12-30,3.2323,3.2372,3.257,3.1829,3.2125,1127090,7324769,-0.0198,-0.6116,6.4988,0.3769,1943577525.5,N/A,2230946861,299011927,0,343222594,58.0984,2.21,1.0785,19.0173,
600693.SH,东百集团,2013-12-31,3.2125,3.2076,3.2323,3.168,3.2274,852180,5537153,0.0148,0.4615,6.4976,0.285,1952547883.31,N/A,2241243538.82,299011927,0,343222594,58.3665,2.2202,1.0835,19.1051,
600693.SH,东百集团,2014-01-02,3.2274,3.2125,3.2768,3.1878,3.2768,834472,5476169,0.0494,1.5314,6.5624,0.2791,1982449076.01,N/A,2275565798.22,299011927,0,343222594,40.4747,2.1335,1.1173,-8.4225,
600693.SH,东百集团,2014-01-03,3.2768,3.2619,3.3015,3.1878,3.2125,1098570,7176976,-0.0643,-1.9608,6.533,0.3674,1943577525.5,N/A,2230946861,299011927,0,343222594,39.6811,2.0916,1.0954,-8.2574,
600693.SH,东百集团,2014-01-06,3.2125,3.2125,3.2125,3.0544,3.0741,1447721,9071340,-0.1384,-4.3077,6.2659,0.4842,1859854185.94,N/A,2134844534.68,299011927,0,343222594,37.9717,2.0015,1.0482,-7.9017,
600693.SH,东百集团,2014-01-07,3.0741,3.084,3.1087,3.0395,3.0741,694756,4321662,0,0,6.2204,0.2324,1859854185.94,N/A,2134844534.68,299011927,0,343222594,37.9717,2.0015,1.0482,-7.9017,
600693.SH,东百集团,2014-01-08,3.0741,3.0692,3.1038,3.0247,3.0593,769935,4766360,-0.0148,-0.4823,6.1906,0.2575,1850883828.13,N/A,2124547856.86,299011927,0,343222594,37.7886,1.9919,1.0431,-7.8636,
600693.SH,东百集团,2014-01-09,3.0593,3.0544,3.0544,2.9407,2.9555,1794708,10867009,-0.1038,-3.3926,6.055,0.6002,1788091323.46,N/A,2052471112.12,299011927,0,343222594,36.5066,1.9243,1.0077,-7.5968,
600693.SH,东百集团,2014-01-10,2.9555,2.9456,2.9654,2.8913,2.9605,1142221,6754389,0.0049,0.1672,5.9134,0.382,1791081442.73,N/A,2055903338.06,299011927,0,343222594,36.5676,1.9275,1.0094,-7.6095,
600693.SH,东百集团,2014-01-13,2.9605,2.9654,3.0692,2.9259,2.9407,1826948,11050987,-0.0198,-0.6678,6.0489,0.611,1779120965.65,N/A,2042174434.3,299011927,0,343222594,36.3234,1.9146,1.0027,-7.5587,
600693.SH,东百集团,2014-01-14,2.9407,2.9209,3.0049,2.9061,3.0049,1353867,8102129,0.0643,2.1849,5.9844,0.4528,1817992516.16,N/A,2086793371.52,299011927,0,343222594,37.117,1.9565,1.0246,-7.7238,
600693.SH,东百集团,2014-01-15,3.0049,3.0049,3.0297,2.9654,2.9901,955000,5776298,-0.0148,-0.4934,6.0485,0.3194,1809022158.35,N/A,2076496693.7,299011927,0,343222594,36.9339,1.9468,1.0195,-7.6857,
600693.SH,东百集团,2014-01-16,2.9901,3.0099,3.0297,2.9802,2.9951,1170178,7100606,0.0049,0.1653,6.068,0.3913,1812012277.62,N/A,2079928919.64,299011927,0,343222594,36.9949,1.95,1.0212,-7.6984,
600693.SH,东百集团,2014-01-17,2.9951,2.9802,2.9951,2.916,2.916,853000,5081266,-0.0791,-2.6403,5.9569,0.2853,1764170369.3,N/A,2025013304.6,299011927,0,343222594,36.0182,1.8986,0.9942,-7.4952,
600693.SH,东百集团,2014-01-20,2.916,2.8814,2.9456,2.8517,2.8764,1072700,6289237,-0.0395,-1.3559,5.863,0.3587,1740249415.14,N/A,1997555497.08,299011927,0,343222594,35.5298,1.8728,0.9808,-7.3935,
600693.SH,东百集团,2014-01-21,2.8764,2.8715,2.9061,2.8616,2.8863,1258129,7338716,0.0099,0.3436,5.833,0.4208,1746229653.68,N/A,2004419948.96,299011927,0,343222594,35.6519,1.8793,0.9841,-7.4189,
600693.SH,东百集团,2014-01-22,2.8863,2.8666,2.9654,2.8616,2.9605,1777717,10495541,0.0741,2.5685,5.9039,0.5945,1791081442.73,N/A,2055903338.06,299011927,0,343222594,36.5676,1.9275,1.0094,-7.6095,
600693.SH,东百集团,2014-01-23,2.9605,2.9605,2.9852,2.9407,2.9555,1317210,7894490,-0.0049,-0.1669,5.9933,0.4405,1788091323.46,N/A,2052471112.12,299011927,0,343222594,36.5066,1.9243,1.0077,-7.5968,
600693.SH,东百集团,2014-01-24,2.9555,2.9704,3.0148,2.9506,3.0099,1118112,6773162,0.0544,1.8395,6.0577,0.3739,1820982635.43,N/A,2090225597.46,299011927,0,343222594,37.1781,1.9597,1.0263,-7.7365,
600693.SH,东百集团,2014-01-27,3.0099,2.9901,3.0049,2.9407,2.9506,2026534,12138959,-0.0593,-1.9704,5.99,0.6777,1785101204.19,N/A,2049038886.18,299011927,0,343222594,36.4455,1.9211,1.006,-7.5841,
600693.SH,东百集团,2014-01-28,2.9506,2.9506,2.9802,2.916,2.9605,1588687,9477709,0.0099,0.335,5.9657,0.5313,1791081442.73,N/A,2055903338.06,299011927,0,343222594,36.5676,1.9275,1.0094,-7.6095,
600693.SH,东百集团,2014-01-29,2.9605,2.9358,3.0049,2.9358,2.9852,1319836,7922577,0.0247,0.8347,6.0027,0.4414,1806032039.08,N/A,2073064467.76,299011927,0,343222594,36.8729,1.9436,1.0178,-7.673,
600693.SH,东百集团,2014-01-30,2.9852,2.9654,2.9852,2.916,2.9358,1139801,6802801,-0.0494,-1.6556,5.9684,0.3812,1776130846.38,N/A,2038742208.36,299011927,0,343222594,36.2624,1.9114,1.001,-7.546,
600693.SH,东百集团,2014-02-07,2.9358,2.9259,3.0049,2.8715,3.0049,1113797,6661923,0.0692,2.3569,5.9813,0.3725,1817992516.16,N/A,2086793371.52,299011927,0,343222594,37.117,1.9565,1.0246,-7.7238,
600693.SH,东百集团,2014-02-10,3.0049,3.0049,3.0989,2.9901,3.0741,2184148,13532011,0.0692,2.3026,6.1956,0.7305,1859854185.94,N/A,2134844534.68,299011927,0,343222594,37.9717,2.0015,1.0482,-7.9017,
600693.SH,东百集团,2014-02-11,3.0741,3.0643,3.1137,3.0643,3.1137,1301601,8149440,0.0395,1.2862,6.2611,0.4353,1883775140.1,N/A,2162302342.2,299011927,0,343222594,38.4601,2.0273,1.0617,-8.0033,
600693.SH,东百集团,2014-02-12,3.1137,3.1137,3.1334,3.089,3.1285,1556823,9800744,0.0148,0.4762,6.2953,0.5207,1892745497.91,N/A,2172599020.02,299011927,0,343222594,38.6432,2.0369,1.0667,-8.0414,
600693.SH,东百集团,2014-02-13,3.1285,3.1285,3.1483,3.089,3.1186,1332576,8410589,-0.0099,-0.316,6.3115,0.4457,1886765259.37,N/A,2165734568.14,299011927,0,343222594,38.5211,2.0305,1.0633,-8.016,
600693.SH,东百集团,2014-02-14,3.1186,3.1038,3.1631,3.1038,3.1582,1400292,8897551,0.0395,1.2678,6.3541,0.4683,1910686213.53,N/A,2193192375.66,299011927,0,343222594,39.0095,2.0562,1.0768,-8.1176,
600693.SH,东百集团,2014-02-17,3.1582,3.1582,3.1977,3.1582,3.1977,2157821,13850894,0.0395,1.252,6.4189,0.7217,1934607167.69,N/A,2220650183.18,299011927,0,343222594,39.4979,2.082,1.0903,-8.2193,
600693.SH,东百集团,2014-02-18,3.1977,3.1977,3.2471,3.173,3.2422,2137121,13871255,0.0445,1.391,6.4906,0.7147,1961518241.12,N/A,2251540216.64,299011927,0,343222594,40.0473,2.1109,1.1055,-8.3336,
600693.SH,东百集团,2014-02-19,3.2422,3.257,3.346,3.2175,3.3361,4502664,30008703,0.0939,2.8963,6.6647,1.5058,2018330507.25,N/A,2316752509.5,299011927,0,343222594,41.2072,2.1721,1.1375,-8.575,
600693.SH,东百集团,2014-02-20,3.3361,3.3213,3.3509,3.2718,3.2718,2810020,18792025,-0.0643,-1.9259,6.6875,0.9398,1979458956.74,N/A,2272133572.28,299011927,0,343222594,40.4136,2.1302,1.1156,-8.4098,
600693.SH,东百集团,2014-02-21,3.2718,3.2669,3.2718,3.1878,3.2076,1929251,12546846,-0.0643,-1.9637,6.5035,0.6452,1940587406.23,N/A,2227514635.06,299011927,0,343222594,39.62,2.0884,1.0937,-8.2447,
600693.SH,东百集团,2014-02-24,3.2076,3.2125,3.2125,3.1334,3.1928,4248782,27405739,-0.0148,-0.4622,6.4503,1.4209,1931617048.42,N/A,2217217957.24,299011927,0,343222594,39.4369,2.0788,1.0886,-8.2066,
600693.SH,东百集团,2014-02-25,3.1928,3.173,3.2372,3.1334,3.173,4794949,31053385,-0.0198,-0.6192,6.4763,1.6036,1919656571.34,N/A,2203489053.48,299011927,0,343222594,39.1927,2.0659,1.0819,-8.1557,
600693.SH,东百集团,2014-02-26,3.173,3.1631,3.1977,3.1186,3.173,2035766,12985242,0,0,6.3786,0.6808,1919656571.34,N/A,2203489053.48,299011927,0,343222594,39.1927,2.0659,1.0819,-8.1557,
600693.SH,东百集团,2014-02-27,3.173,3.173,3.2422,3.168,3.2125,2200570,14269694,0.0395,1.2461,6.4845,0.7359,1943577525.5,N/A,2230946861,299011927,0,343222594,39.6811,2.0916,1.0954,-8.2574,
600693.SH,东百集团,2014-02-28,3.2125,3.2026,3.3756,3.1829,3.3361,7468215,49955322,0.1236,3.8462,6.6891,2.4976,2018330507.25,N/A,2316752509.5,299011927,0,343222594,41.2072,2.1721,1.1375,-8.575,
600693.SH,东百集团,2014-03-03,3.3361,3.3064,3.3904,3.3015,3.3608,7750504,52538453,0.0247,0.7407,6.7787,2.592,2033281103.6,N/A,2333913639.2,299011927,0,343222594,41.5125,2.1882,1.1459,-8.6385,
600693.SH,东百集团,2014-03-04,3.3608,3.341,3.3855,3.2768,3.3559,5783701,38964492,-0.0049,-0.1471,6.7369,1.9343,2030290984.33,N/A,2330481413.26,299011927,0,343222594,41.4514,2.185,1.1442,-8.6258,
600693.SH,东百集团,2014-03-05,3.3559,3.3114,3.346,3.2422,3.257,4930070,32923785,-0.0988,-2.9455,6.6782,1.6488,1970488598.93,N/A,2261836894.46,299011927,0,343222594,40.2305,2.1206,1.1105,-8.3717,
600693.SH,东百集团,2014-03-06,3.257,3.2323,3.2669,3.2026,3.2619,2232114,14636828,0.0049,0.1517,6.5574,0.7465,1973478718.2,N/A,2265269120.4,299011927,0,343222594,40.2915,2.1238,1.1122,-8.3844,
600693.SH,东百集团,2014-03-07,3.2619,3.2718,3.2867,3.2274,3.2323,1149857,7578758,-0.0297,-0.9091,6.591,0.3846,1955538002.58,N/A,2244675764.76,299011927,0,343222594,39.9252,2.1045,1.1021,-8.3082,
600693.SH,东百集团,2014-03-10,3.2323,3.2274,3.2669,3.1236,3.1384,1547025,10001217,-0.0939,-2.9052,6.4648,0.5174,1898725736.45,N/A,2179463471.9,299011927,0,343222594,38.7653,2.0434,1.0701,-8.0668,
600693.SH,东百集团,2014-03-11,3.1384,3.1384,3.1878,3.0741,3.1334,779259,4947994,-0.0049,-0.1575,6.3496,0.2606,1895735617.18,N/A,2176031245.96,299011927,0,343222594,38.7043,2.0401,1.0684,-8.0541,
600693.SH,东百集团,2014-03-12,3.1334,3.1186,3.1829,3.084,3.1483,823835,5240000,0.0148,0.4732,6.3605,0.2755,1904705974.99,N/A,2186327923.78,299011927,0,343222594,38.8874,2.0498,1.0734,-8.0922,
600693.SH,东百集团,2014-03-13,3.1483,3.1483,3.1977,3.1483,3.1582,881223,5655863,0.0099,0.314,6.4182,0.2947,1910686213.53,N/A,2193192375.66,299011927,0,343222594,39.0095,2.0562,1.0768,-8.1176,
600693.SH,东百集团,2014-03-14,3.1582,3.173,3.1977,3.1483,3.173,972148,6236696,0.0148,0.4695,6.4154,0.3251,1919656571.34,N/A,2203489053.48,299011927,0,343222594,39.1927,2.0659,1.0819,-8.1557,
600693.SH,东百集团,2014-03-17,3.173,3.1779,3.2372,3.1779,3.2323,808576,5265836,0.0593,1.8692,6.5125,0.2704,1955538002.58,N/A,2244675764.76,299011927,0,343222594,39.9252,2.1045,1.1021,-8.3082,
600693.SH,东百集团,2014-03-18,3.2323,3.2175,3.2521,3.2026,3.2274,842557,5510261,-0.0049,-0.1529,6.5399,0.2818,1952547883.31,N/A,2241243538.82,299011927,0,343222594,39.8642,2.1013,1.1004,-8.2955,
600693.SH,东百集团,2014-03-19,3.2274,3.2323,3.2965,3.2026,3.2867,1562213,10336859,0.0593,1.8377,6.6168,0.5225,1988429314.55,N/A,2282430250.1,299011927,0,343222594,40.5968,2.1399,1.1206,-8.4479,
600693.SH,东百集团,2014-03-20,3.2867,3.2669,3.3213,3.2323,3.2323,1883643,12532162,-0.0544,-1.6541,6.6532,0.63,1955538002.58,N/A,2244675764.76,299011927,0,343222594,39.9252,2.1045,1.1021,-8.3082,
600693.SH,东百集团,2014-03-21,3.2323,3.2175,3.2867,3.2125,3.2768,831615,5465034,0.0445,1.3761,6.5716,0.2781,1982449076.01,N/A,2275565798.22,299011927,0,343222594,40.4747,2.1335,1.1173,-8.4225,
600693.SH,东百集团,2014-03-24,3.2768,3.2768,3.3064,3.257,3.2768,1539058,10210711,0,0,6.6344,0.5147,1982449076.01,N/A,2275565798.22,299011927,0,343222594,40.4747,2.1335,1.1173,-8.4225,
600693.SH,东百集团,2014-03-25,3.2768,3.2768,3.3114,3.2471,3.2916,1328946,8845619,0.0148,0.4525,6.6561,0.4444,1991419433.82,N/A,2285862476.04,299011927,0,343222594,40.6578,2.1431,1.1223,-8.4606,
600693.SH,东百集团,2014-03-26,3.2916,3.2916,3.3015,3.2521,3.2768,667360,4417494,-0.0148,-0.4505,6.6194,0.2232,1982449076.01,N/A,2275565798.22,299011927,0,343222594,40.4747,2.1335,1.1173,-8.4225,
600693.SH,东百集团,2014-03-27,3.2768,3.2768,3.2768,3.1928,3.2175,991382,6476781,-0.0593,-1.81,6.5331,0.3316,1946567644.77,N/A,2234379086.94,299011927,0,343222594,39.7421,2.0949,1.097,-8.2701,
600693.SH,东百集团,2014-03-28,3.2175,3.2175,3.2175,3.0643,3.1236,1057001,6771702,-0.0939,-2.9186,6.4065,0.3535,1889755378.64,N/A,2169166794.08,299011927,0,343222594,38.5822,2.0337,1.065,-8.0287,
600693.SH,东百集团,2014-03-31,3.1236,3.1137,3.1433,3.089,3.1038,756435,4774199,-0.0198,-0.6329,6.3114,0.253,1877794901.56,N/A,2155437890.32,299011927,0,343222594,38.338,2.0208,1.0583,-7.9779,
600693.SH,东百集团,2014-04-01,3.1038,3.084,3.173,3.0692,3.173,532276,3383044,0.0692,2.2293,6.3558,0.178,1919656571.34,N/A,2203489053.48,299011927,0,343222594,39.1927,2.0659,1.0819,-8.1557,
600693.SH,东百集团,2014-04-02,3.173,3.1582,3.2175,3.1532,3.1878,515464,3326704,0.0148,0.4673,6.4538,0.1724,1928626929.15,N/A,2213785731.3,299011927,0,343222594,39.3758,2.0755,1.0869,-8.1939,
600693.SH,东百集团,2014-04-03,3.1878,3.168,3.2125,3.1631,3.2125,494690,3196398,0.0247,0.7752,6.4614,0.1654,1943577525.5,N/A,2230946861,299011927,0,343222594,39.6811,2.0916,1.0954,-8.2574,
600693.SH,东百集团,2014-04-04,3.2125,3.1977,3.2175,3.1878,3.2125,446891,2899242,0,0,6.4876,0.1495,1943577525.5,N/A,2230946861,299011927,0,343222594,39.6811,2.0916,1.0954,-8.2574,
600693.SH,东百集团,2014-04-08,3.2125,3.2175,3.2422,3.1928,3.2323,805828,5253192,0.0198,0.6154,6.519,0.2695,1955538002.58,N/A,2244675764.76,299011927,0,343222594,39.9252,2.1045,1.1021,-8.3082,
600693.SH,东百集团,2014-04-09,3.2323,3.2323,3.2471,3.2026,3.2372,588876,3844359,0.0049,0.1529,6.5283,0.1969,1958528121.85,N/A,2248107990.7,299011927,0,343222594,39.9863,2.1077,1.1038,-8.3209,
600693.SH,东百集团,2014-04-10,3.2372,3.2521,3.2521,3.2026,3.2323,1010267,6573235,-0.0049,-0.1527,6.5064,0.3379,1955538002.58,N/A,2244675764.76,299011927,0,343222594,39.9252,2.1045,1.1021,-8.3082,
600693.SH,东百集团,2014-04-11,3.2323,3.3064,3.5535,3.2916,3.4646,11283591,79402188,0.2323,7.1865,7.037,3.7736,2096073608.27,N/A,2405990383.94,299011927,0,343222594,42.7945,2.2557,1.1813,-8.9053,
600693.SH,东百集团,2014-04-14,3.4646,3.4102,3.4152,3.3064,3.3904,5563133,37874170,-0.0741,-2.1398,6.8081,1.8605,2051221819.22,N/A,2354506994.84,299011927,0,343222594,41.8788,2.2075,1.156,-8.7147,
600693.SH,东百集团,2014-04-15,3.3904,3.3756,3.3756,3.3114,3.3262,2873321,19436352,-0.0643,-1.895,6.7644,0.9609,2012350268.71,N/A,2309888057.62,299011927,0,343222594,41.0851,2.1656,1.1341,-8.5496,
600693.SH,东百集团,2014-04-16,3.3262,3.3114,3.3904,3.2965,3.3559,2039398,13858131,0.0297,0.8915,6.7952,0.682,2030290984.33,N/A,2330481413.26,299011927,0,343222594,41.4514,2.185,1.1442,-8.6258,
600693.SH,东百集团,2014-04-17,3.3559,3.3657,3.3707,3.3213,3.3262,1097984,7409083,-0.0297,-0.8837,6.7479,0.3672,2012350268.71,N/A,2309888057.62,299011927,0,343222594,41.0851,2.1656,1.1341,-8.5496,
600693.SH,东百集团,2014-04-18,3.3262,3.3114,3.4201,3.2965,3.4102,2235393,15284021,0.084,2.526,6.8373,0.7476,2063182296.3,N/A,2368235898.6,299011927,0,343222594,42.123,2.2204,1.1628,-8.7655,
600693.SH,东百集团,2014-04-21,3.4102,3.4102,3.4102,3.4102,3.4102,N/A,N/A,0,0,N/A,N/A,2063182296.3,N/A,2368235898.6,299011927,0,343222594,42.123,2.2204,1.1628,-8.7655,
600693.SH,东百集团,2014-04-22,3.4102,3.4102,3.4102,3.4102,3.4102,N/A,N/A,0,0,N/A,N/A,2063182296.3,N/A,2368235898.6,299011927,0,343222594,42.123,2.2204,1.1628,-8.7655,
600693.SH,东百集团,2014-04-23,3.4102,3.4102,3.4102,3.4102,3.4102,N/A,N/A,0,0,N/A,N/A,2063182296.3,N/A,2368235898.6,299011927,0,343222594,42.123,2.2204,1.1628,-8.7655,
600693.SH,东百集团,2014-04-24,3.4102,3.4102,3.4102,3.4102,3.4102,N/A,N/A,0,0,N/A,N/A,2063182296.3,N/A,2368235898.6,299011927,0,343222594,42.123,2.2204,1.1628,-8.7655,
600693.SH,东百集团,2014-04-25,3.4102,3.4102,3.4102,3.4102,3.4102,N/A,N/A,0,0,N/A,N/A,2063182296.3,N/A,2368235898.6,299011927,0,343222594,42.123,2.2204,1.1628,-8.7655,
600693.SH,东百集团,2014-04-28,3.4102,3.4102,3.4102,3.4102,3.4102,N/A,N/A,0,0,N/A,N/A,2063182296.3,N/A,2368235898.6,299011927,0,343222594,42.123,2.2204,1.1628,-8.7655,
600693.SH,东百集团,2014-04-29,3.4102,3.4102,3.4102,3.4102,3.4102,N/A,N/A,0,0,N/A,N/A,2063182296.3,N/A,2368235898.6,299011927,0,343222594,42.123,2.2204,1.1628,-8.7655,
600693.SH,东百集团,2014-04-30,3.4102,3.4102,3.4102,3.4102,3.4102,N/A,N/A,0,0,N/A,N/A,2063182296.3,N/A,2368235898.6,299011927,0,343222594,42.123,2.2204,1.1628,-8.7655,
600693.SH,东百集团,2014-05-05,3.4102,3.4102,3.4102,3.4102,3.4102,N/A,N/A,0,0,N/A,N/A,2063182296.3,N/A,2368235898.6,299011927,0,343222594,42.123,2.2204,1.1628,-8.7655,
600693.SH,东百集团,2014-05-06,3.4102,3.4102,3.4102,3.4102,3.4102,N/A,N/A,0,0,N/A,N/A,2063182296.3,N/A,2368235898.6,299011927,0,343222594,42.123,2.2204,1.1628,-8.7655,
600693.SH,东百集团,2014-05-07,3.4102,3.4102,3.4102,3.4102,3.4102,N/A,N/A,0,0,N/A,N/A,2063182296.3,N/A,2368235898.6,299011927,0,343222594,42.123,2.2204,1.1628,-8.7655,
600693.SH,东百集团,2014-05-08,3.4102,3.4102,3.4102,3.4102,3.4102,N/A,N/A,0,0,N/A,N/A,2063182296.3,N/A,2368235898.6,299011927,0,343222594,42.123,2.2204,1.1628,-8.7655,
600693.SH,东百集团,2014-05-09,3.4102,3.4102,3.4102,3.4102,3.4102,N/A,N/A,0,0,N/A,N/A,2063182296.3,N/A,2368235898.6,299011927,0,343222594,42.123,2.2204,1.1628,-8.7655,
600693.SH,东百集团,2014-05-12,3.4102,3.4102,3.4102,3.4102,3.4102,N/A,N/A,0,0,N/A,N/A,2063182296.3,N/A,2368235898.6,299011927,0,343222594,42.123,2.2204,1.1628,-8.7655,
600693.SH,东百集团,2014-05-13,3.4102,3.4102,3.4102,3.4102,3.4102,N/A,N/A,0,0,N/A,N/A,2063182296.3,N/A,2368235898.6,299011927,0,343222594,42.123,2.2204,1.1628,-8.7655,
600693.SH,东百集团,2014-05-14,3.4102,3.7414,3.7512,3.5338,3.5535,13584093,99440360,0.1433,4.2029,7.3204,3.97,2460170211.03,N/A,2467770450.86,342165537,0,343222594,43.8933,2.3137,1.2116,-9.1339,
600693.SH,东百集团,2014-05-15,3.5535,3.4646,3.5387,3.3114,3.3361,8077565,55870980,-0.2175,-6.1196,6.9168,2.3607,2309617374.75,N/A,2316752509.5,342165537,0,343222594,41.2072,2.1721,1.1375,-8.575,
600693.SH,东百集团,2014-05-16,3.3361,3.3262,3.3262,3.2026,3.2817,4624895,30576642,-0.0544,-1.6296,6.6113,1.3517,2271979165.68,N/A,2278998024.16,342165537,0,343222594,40.5357,2.1367,1.1189,-8.4352,
600693.SH,东百集团,2014-05-19,3.2817,3.2323,3.3707,3.2125,3.3608,2992289,19887625,0.0791,2.4096,6.6463,0.8745,2326725651.6,N/A,2333913639.2,342165537,0,343222594,41.5125,2.1882,1.1459,-8.6385,
600693.SH,东百集团,2014-05-20,3.3608,3.4053,3.425,3.3114,3.3509,2323084,15761235,-0.0099,-0.2941,6.7846,0.6789,2319882340.86,N/A,2327049187.32,342165537,0,343222594,41.3904,2.1817,1.1425,-8.6131,
600693.SH,东百集团,2014-05-21,3.3509,3.3213,3.3904,3.3015,3.3855,2413773,16345517,0.0346,1.0324,6.7718,0.7054,2343833928.45,N/A,2351074768.9,342165537,0,343222594,41.8177,2.2043,1.1543,-8.702,
600693.SH,东百集团,2014-05-22,3.3855,3.3707,3.4003,3.346,3.4003,2313747,15815382,0.0148,0.438,6.8354,0.6762,2354098894.56,N/A,2361371446.72,342165537,0,343222594,42.0009,2.2139,1.1594,-8.7401,
600693.SH,东百集团,2014-05-23,3.4003,3.4152,3.43,3.3559,3.4201,2273763,15630618,0.0198,0.5814,6.8743,0.6645,2367785516.04,N/A,2375100350.48,342165537,0,343222594,42.2451,2.2268,1.1661,-8.7909,
600693.SH,东百集团,2014-05-26,3.4201,3.4152,3.4547,3.3806,3.4399,2127756,14710149,0.0198,0.578,6.9135,0.6218,2381472137.52,N/A,2388829254.24,342165537,0,343222594,42.4892,2.2397,1.1729,-8.8417,
600693.SH,东百集团,2014-05-27,3.4399,3.4201,3.4695,3.3954,3.4349,2252245,15671256,-0.0049,-0.1437,6.9581,0.6582,2378050482.15,N/A,2385397028.3,342165537,0,343222594,42.4282,2.2364,1.1712,-8.829,
600693.SH,东百集团,2014-05-28,3.4349,3.4349,3.4646,3.3904,3.4547,2516774,17457278,0.0198,0.5755,6.9364,0.7355,2391737103.63,N/A,2399125932.06,342165537,0,343222594,42.6724,2.2493,1.1779,-8.8798,
600693.SH,东百集团,2014-05-29,3.4547,3.4547,3.4844,3.4152,3.4646,2454069,17142879,0.0099,0.2861,6.9855,0.7172,2398580414.37,N/A,2405990383.94,342165537,0,343222594,42.7945,2.2557,1.1813,-8.9053,
600693.SH,东百集团,2014-05-30,3.4646,3.4695,3.4992,3.4349,3.4942,2076583,14549243,0.0297,0.8559,7.0063,0.6069,2419110346.59,N/A,2426583739.58,342165537,0,343222594,43.1608,2.2751,1.1914,-8.9815,
600693.SH,东百集团,2014-06-03,3.4942,3.4942,3.519,3.4498,3.5041,2430730,17160501,0.0099,0.2829,7.0598,0.7104,2425953657.33,N/A,2433448191.46,342165537,0,343222594,43.2829,2.2815,1.1948,-9.0069,
600693.SH,东百集团,2014-06-04,3.5041,3.5041,3.5437,3.4448,3.5387,4972585,35158257,0.0346,0.9873,7.0704,1.4533,2449905244.92,N/A,2457473773.04,342165537,0,343222594,43.7102,2.304,1.2066,-9.0958,
600693.SH,东百集团,2014-06-05,3.5387,3.5338,3.6672,3.5091,3.6079,8032009,58642804,0.0692,1.9553,7.3011,2.3474,2497808420.1,N/A,2505524936.2,342165537,0,343222594,44.5649,2.3491,1.2302,-9.2737,
600693.SH,东百集团,2014-06-06,3.6079,3.5832,3.7018,3.5832,3.6919,7370610,54445899,0.084,2.3288,7.3869,2.1541,2555976561.39,N/A,2563872777.18,342165537,0,343222594,45.6027,2.4038,1.2588,-9.4896,
600693.SH,东百集团,2014-06-09,3.6919,3.7018,3.7414,3.6129,3.6277,5983555,44319623,-0.0643,-1.7403,7.4069,1.7487,2511495041.58,N/A,2519253839.96,342165537,0,343222594,44.8091,2.3619,1.2369,-9.3245,
600693.SH,东百集团,2014-06-10,3.6277,3.6079,3.6722,3.5832,3.6573,4512799,33159687,0.0297,0.8174,7.3479,1.3189,2532024973.8,N/A,2539847195.6,342165537,0,343222594,45.1753,2.3812,1.247,-9.4007,
600693.SH,东百集团,2014-06-11,3.6573,3.6227,3.6969,3.5783,3.687,5593875,41225151,0.0297,0.8108,7.3697,1.6348,2552554906.02,N/A,2560440551.24,342165537,0,343222594,45.5416,2.4006,1.2571,-9.4769,
600693.SH,东百集团,2014-06-12,3.687,3.6573,3.7018,3.6227,3.682,2417792,17948946,-0.0049,-0.134,7.4237,0.7066,2549133250.65,N/A,2557008325.3,342165537,0,343222594,45.4806,2.3973,1.2554,-9.4642,
600693.SH,东百集团,2014-06-13,3.682,3.6722,3.7117,3.6425,3.7068,2969828,22137342,0.0247,0.6711,7.4541,0.868,2566241527.5,N/A,2574169455,342165537,0,343222594,45.7858,2.4134,1.2639,-9.5277,
600693.SH,东百集团,2014-06-16,3.7068,3.7068,3.7166,3.6573,3.7117,3056854,22836100,0.0049,0.1333,7.4705,0.8934,2569663182.87,N/A,2577601680.94,342165537,0,343222594,45.8469,2.4166,1.2656,-9.5404,
600693.SH,东百集团,2014-06-17,3.7117,3.682,3.7216,3.6326,3.6376,3209846,23925997,-0.0741,-1.9973,7.4539,0.9381,2518338352.32,N/A,2526118291.84,342165537,0,343222594,44.9312,2.3684,1.2403,-9.3499,
600693.SH,东百集团,2014-06-18,3.6376,3.6178,3.6178,3.4745,3.4794,4407736,31526449,-0.1582,-4.3478,7.1525,1.2882,2408845380.48,N/A,2416287061.76,342165537,0,343222594,42.9776,2.2654,1.1864,-8.9434,
600693.SH,东百集团,2014-06-19,3.4794,3.4844,3.5239,3.4201,3.4695,2703014,19024304,-0.0099,-0.2841,7.0382,0.79,2402002069.74,N/A,2409422609.88,342165537,0,343222594,42.8555,2.259,1.183,-8.918,
600693.SH,东百集团,2014-06-20,3.4695,3.4349,3.519,3.43,3.4992,1859093,13084517,0.0297,0.8547,7.0381,0.5433,2422532001.96,N/A,2430015965.52,342165537,0,343222594,43.2218,2.2783,1.1931,-8.9942,
600693.SH,东百集团,2014-06-23,3.4992,3.4794,3.514,3.4695,3.4992,998099,7068777,0,0,7.0822,0.2917,2422532001.96,N/A,2430015965.52,342165537,0,343222594,43.2218,2.2783,1.1931,-8.9942,
600693.SH,东百集团,2014-06-24,3.4992,3.5041,3.514,3.4596,3.4942,1465490,10324621,-0.0049,-0.1412,7.0452,0.4283,2419110346.59,N/A,2426583739.58,342165537,0,343222594,43.1608,2.2751,1.1914,-8.9815,
600693.SH,东百集团,2014-06-25,3.4942,3.4942,3.4942,3.4596,3.4794,612595,4306876,-0.0148,-0.4243,7.0305,0.179,2408845380.48,N/A,2416287061.76,342165537,0,343222594,42.9776,2.2654,1.1864,-8.9434,
600693.SH,东百集团,2014-06-26,3.4794,3.4844,3.5288,3.4695,3.5041,984493,6988320,0.0247,0.7102,7.0984,0.2877,2425953657.33,N/A,2433448191.46,342165537,0,343222594,43.2829,2.2815,1.1948,-9.0069,
600693.SH,东百集团,2014-06-27,3.5041,3.4893,3.5239,3.4844,3.519,1473541,10454643,0.0148,0.4231,7.0949,0.4307,2436218623.44,N/A,2443744869.28,342165537,0,343222594,43.466,2.2911,1.1998,-9.045,
600693.SH,东百集团,2014-06-30,3.519,3.519,3.5387,3.4399,3.5041,2883241,20340902,-0.0148,-0.4213,7.0549,0.8426,2425953657.33,N/A,2433448191.46,342165537,0,343222594,43.2829,2.2815,1.1948,-9.0069,
600693.SH,东百集团,2014-07-01,3.5041,3.5041,3.519,3.4646,3.5091,1889498,13396950,0.0049,0.141,7.0902,0.5522,2429375312.7,N/A,2436880417.4,342165537,0,343222594,43.3439,2.2847,1.1965,-9.0196,
600693.SH,东百集团,2014-07-02,3.5091,3.5041,3.5338,3.4745,3.5041,1805453,12788635,-0.0049,-0.1408,7.0833,0.5277,2425953657.33,N/A,2433448191.46,342165537,0,343222594,43.2829,2.2815,1.1948,-9.0069,
600693.SH,东百集团,2014-07-03,3.5041,3.4942,3.514,3.4794,3.514,1599903,11330877,0.0099,0.2821,7.0822,0.4676,2432796968.07,N/A,2440312643.34,342165537,0,343222594,43.405,2.2879,1.1981,-9.0323,
600693.SH,东百集团,2014-07-04,3.514,3.5091,3.514,3.4893,3.4992,751305,5319543,-0.0148,-0.4219,7.0804,0.2196,2422532001.96,N/A,2430015965.52,342165537,0,343222594,43.2218,2.2783,1.1931,-8.9942,
600693.SH,东百集团,2014-07-07,3.4992,3.4942,3.4942,3.4695,3.4844,654291,4608013,-0.0148,-0.4237,7.0428,0.1912,2412267035.85,N/A,2419719287.7,342165537,0,343222594,43.0387,2.2686,1.188,-8.9561,
600693.SH,东百集团,2014-07-08,3.4844,3.4844,3.4992,3.4547,3.4942,1212375,8529479,0.0099,0.2837,7.0353,0.3543,2419110346.59,N/A,2426583739.58,342165537,0,343222594,43.1608,2.2751,1.1914,-8.9815,
600693.SH,东百集团,2014-07-09,3.4942,3.4992,3.4992,3.3657,3.3756,2841392,19838092,-0.1186,-3.3946,6.9818,0.8304,2336990617.71,N/A,2344210317.02,342165537,0,343222594,41.6956,2.1978,1.151,-8.6766,
600693.SH,东百集团,2014-07-10,3.3756,3.3855,3.43,3.3756,3.4152,905824,6240688,0.0395,1.1713,6.8895,0.2647,2364363860.67,N/A,2371668124.54,342165537,0,343222594,42.184,2.2236,1.1644,-8.7782,
600693.SH,东百集团,2014-07-11,3.4152,3.4152,3.43,3.3904,3.4201,1175171,8121872,0.0049,0.1447,6.9112,0.3435,2367785516.04,N/A,2375100350.48,342165537,0,343222594,42.2451,2.2268,1.1661,-8.7909,
600693.SH,东百集团,2014-07-14,3.4201,3.425,3.4547,3.4102,3.4498,1603893,11153334,0.0297,0.8671,6.9539,0.4687,2388315448.26,N/A,2395693706.12,342165537,0,343222594,42.6113,2.2461,1.1762,-8.8671,
600693.SH,东百集团,2014-07-15,3.4498,3.4498,3.514,3.4201,3.4794,3214834,22510980,0.0297,0.8596,7.0022,0.9396,2408845380.48,N/A,2416287061.76,342165537,0,343222594,42.9776,2.2654,1.1864,-8.9434,
600693.SH,东百集团,2014-07-16,3.4794,3.4695,3.5338,3.4349,3.5239,7043721,49660234,0.0445,1.2784,7.0503,2.0586,2439640278.81,N/A,2447177095.22,342165537,0,343222594,43.5271,2.2944,1.2015,-9.0577,
600693.SH,东百集团,2014-07-17,3.5239,3.514,3.5288,3.4596,3.519,7189680,50996662,-0.0049,-0.1403,7.093,2.1012,2436218623.44,N/A,2443744869.28,342165537,0,343222594,43.466,2.2911,1.1998,-9.045,
600693.SH,东百集团,2014-07-18,3.519,3.4992,3.514,3.4646,3.4893,5459797,38651474,-0.0297,-0.8427,7.0793,1.5957,2415688691.22,N/A,2423151513.64,342165537,0,343222594,43.0997,2.2718,1.1897,-8.9688,
600693.SH,东百集团,2014-07-21,3.4893,3.4646,3.4745,3.3608,3.4053,4144943,28556973,-0.084,-2.4079,6.8896,1.2114,2357520549.93,N/A,2364803672.66,342165537,0,343222594,42.0619,2.2171,1.1611,-8.7528,
600693.SH,东百集团,2014-07-22,3.4053,3.4053,3.4695,3.4003,3.4498,2787575,19433703,0.0445,1.3062,6.9715,0.8147,2388315448.26,N/A,2395693706.12,342165537,0,343222594,42.6113,2.2461,1.1762,-8.8671,
600693.SH,东百集团,2014-07-23,3.4498,3.4448,3.4745,3.425,3.4349,1985602,13867490,-0.0148,-0.4298,6.984,0.5803,2378050482.15,N/A,2385397028.3,342165537,0,343222594,42.4282,2.2364,1.1712,-8.829,
600693.SH,东百集团,2014-07-24,3.4349,3.4201,3.4596,3.4201,3.4448,2243720,15647669,0.0099,0.2878,6.974,0.6557,2384893792.89,N/A,2392261480.18,342165537,0,343222594,42.5503,2.2429,1.1746,-8.8544,
600693.SH,东百集团,2014-07-25,3.4448,3.4448,3.4745,3.4399,3.4596,2802115,19591376,0.0148,0.4304,6.9916,0.8189,2395158759,N/A,2402558158,342165537,0,343222594,42.7334,2.2525,1.1796,-8.8926,
600693.SH,东百集团,2014-07-28,3.4596,3.4745,3.5338,3.4596,3.514,8618342,60758580,0.0544,1.5714,7.0499,2.5188,2432796968.07,N/A,2440312643.34,342165537,0,343222594,43.405,2.2879,1.1981,-9.0323,
600693.SH,东百集团,2014-07-29,3.514,3.5091,3.5733,3.4942,3.5535,7837245,56069469,0.0395,1.1252,7.1542,2.2905,2460170211.03,N/A,2467770450.86,342165537,0,343222594,43.8933,2.3137,1.2116,-9.1339,
600693.SH,东百集团,2014-07-30,3.5535,3.5288,3.5535,3.4893,3.5387,7326495,52256514,-0.0148,-0.4172,7.1325,2.1412,2449905244.92,N/A,2457473773.04,342165537,0,343222594,43.7102,2.304,1.2066,-9.0958,
600693.SH,东百集团,2014-07-31,3.5387,3.5387,3.5634,3.5091,3.5535,4516517,32410771,0.0148,0.419,7.1761,1.32,2460170211.03,N/A,2467770450.86,342165537,0,343222594,43.8933,2.3137,1.2116,-9.1339,
600693.SH,东百集团,2014-08-01,3.5535,3.5535,3.598,3.519,3.5535,7596209,54697363,0,0,7.2006,2.22,2460170211.03,N/A,2467770450.86,342165537,0,343222594,43.8933,2.3137,1.2116,-9.1339,
600693.SH,东百集团,2014-08-04,3.5535,3.5585,3.5832,3.5288,3.5783,5657069,40764190,0.0247,0.6954,7.2059,1.6533,2477278487.88,N/A,2484931580.56,342165537,0,343222594,44.1986,2.3298,1.2201,-9.1974,
600693.SH,东百集团,2014-08-05,3.5783,3.5783,3.6079,3.5585,3.6079,5670990,41148973,0.0297,0.8287,7.256,1.6574,2497808420.1,N/A,2505524936.2,342165537,0,343222594,44.5649,2.3491,1.2302,-9.2737,
600693.SH,东百集团,2014-08-06,3.6079,3.598,3.6129,3.5733,3.5881,5467157,39683569,-0.0198,-0.5479,7.2585,1.5978,2484121798.62,N/A,2491796032.44,342165537,0,343222594,44.3207,2.3362,1.2234,-9.2228,
600693.SH,东百集团,2014-08-07,3.5881,3.5832,3.5931,3.5338,3.5387,4500369,32501094,-0.0494,-1.3774,7.2219,1.3153,2449905244.92,N/A,2457473773.04,342165537,0,343222594,43.7102,2.304,1.2066,-9.0958,
600693.SH,东百集团,2014-08-08,3.5387,3.5288,3.5783,3.5288,3.5486,2550100,18326780,0.0099,0.2793,7.1867,0.7453,2456748555.66,N/A,2464338224.92,342165537,0,343222594,43.8323,2.3105,1.2099,-9.1212,
600693.SH,东百集团,2014-08-11,3.5486,3.5535,3.5931,3.5486,3.5832,5490192,39723854,0.0346,0.9749,7.2354,1.6045,2480700143.25,N/A,2488363806.5,342165537,0,343222594,44.2596,2.333,1.2217,-9.2101,
600693.SH,东百集团,2014-08-12,3.5832,3.5881,3.6079,3.5733,3.603,4672396,33939308,0.0198,0.5517,7.2638,1.3655,2494386764.73,N/A,2502092710.26,342165537,0,343222594,44.5038,2.3458,1.2285,-9.261,
600693.SH,东百集团,2014-08-13,3.603,3.603,3.6079,3.5535,3.5832,3017961,21845177,-0.0198,-0.5487,7.2384,0.882,2480700143.25,N/A,2488363806.5,342165537,0,343222594,44.2596,2.333,1.2217,-9.2101,
600693.SH,东百集团,2014-08-14,3.5832,3.5881,3.603,3.5684,3.5733,3484199,25307279,-0.0099,-0.2759,7.2634,1.0183,2473856832.51,N/A,2481499354.62,342165537,0,343222594,44.1375,2.3265,1.2184,-9.1847,
600693.SH,东百集团,2014-08-15,3.5733,3.5733,3.6079,3.5585,3.603,5594718,40695981,0.0297,0.8299,7.274,1.6351,2494386764.73,N/A,2502092710.26,342165537,0,343222594,44.5038,2.3458,1.2285,-9.261,
600693.SH,东百集团,2014-08-18,3.603,3.6129,3.6623,3.603,3.6623,7038299,51846534,0.0593,1.6461,7.3663,2.057,2535446629.17,N/A,2543279421.54,342165537,0,343222594,45.2364,2.3845,1.2487,-9.4134,
600693.SH,东百集团,2014-08-19,3.6623,3.6771,3.6969,3.6277,3.6623,6160217,45703519,0,0,7.4191,1.8004,2535446629.17,N/A,2543279421.54,342165537,0,343222594,45.2364,2.3845,1.2487,-9.4134,
600693.SH,东百集团,2014-08-20,3.6623,3.6672,3.6771,3.6425,3.6524,3305579,24470615,-0.0099,-0.2699,7.4028,0.9661,2528603318.43,N/A,2536414969.66,342165537,0,343222594,45.1143,2.378,1.2453,-9.388,
600693.SH,东百集团,2014-08-21,3.6524,3.6672,3.6969,3.6277,3.682,5013523,37167389,0.0297,0.8119,7.4134,1.4652,2549133250.65,N/A,2557008325.3,342165537,0,343222594,45.4806,2.3973,1.2554,-9.4642,
600693.SH,东百集团,2014-08-22,3.682,3.682,3.7315,3.6573,3.7216,6761402,50601340,0.0395,1.0738,7.4839,1.9761,2576506493.61,N/A,2584466132.82,342165537,0,343222594,45.969,2.4231,1.2689,-9.5658,
600693.SH,东百集团,2014-08-25,3.7216,3.7166,3.7315,3.6722,3.6919,4931047,36988696,-0.0297,-0.7968,7.5012,1.4411,2555976561.39,N/A,2563872777.18,342165537,0,343222594,45.6027,2.4038,1.2588,-9.4896,
600693.SH,东百集团,2014-08-26,3.6919,3.682,3.687,3.5733,3.5881,4646440,34154518,-0.1038,-2.8112,7.3507,1.358,2484121798.62,N/A,2491796032.44,342165537,0,343222594,44.3207,2.3362,1.2234,-9.2228,
600693.SH,东百集团,2014-08-27,3.5881,3.5783,3.6326,3.5783,3.6129,2005419,14654348,0.0247,0.6887,7.3074,0.5861,2501230075.47,N/A,2508957162.14,342165537,0,343222594,44.6259,2.3523,1.2319,-9.2864,
600693.SH,东百集团,2014-08-28,3.6129,3.6079,3.6277,3.5684,3.6079,2313968,16815031,-0.0049,-0.1368,7.2668,0.6763,2497808420.1,N/A,2505524936.2,342165537,0,343222594,44.5649,2.3491,1.2302,-9.2737,
600693.SH,东百集团,2014-08-29,3.6079,3.5832,3.6672,3.5783,3.6623,3090263,22745338,0.0544,1.5068,7.3603,0.9031,2535446629.17,N/A,2543279421.54,342165537,0,343222594,45.2364,2.3845,1.2487,-9.4134,
600693.SH,东百集团,2014-09-01,3.6623,3.6524,3.9292,3.6475,3.8155,11910509,91601206,0.1532,4.1835,7.6908,3.4809,2641517945.64,N/A,2649678425.68,342165537,0,343222594,47.1289,2.4842,1.3009,-9.8072,
600693.SH,东百集团,2014-09-02,3.8155,3.8105,3.9094,3.776,3.8797,8282708,64722523,0.0643,1.6839,7.8142,2.4207,2685999465.45,N/A,2694297362.9,342165537,0,343222594,47.9225,2.5261,1.3229,-9.9724,
600693.SH,东百集团,2014-09-03,3.8797,3.8797,3.9143,3.8402,3.8748,5680348,44563757,-0.0049,-0.1274,7.8453,1.6601,2682577810.08,N/A,2690865136.96,342165537,0,343222594,47.8615,2.5228,1.3212,-9.9597,
600693.SH,东百集团,2014-09-04,3.8748,3.8699,3.8946,3.8451,3.8847,4903764,38419187,0.0099,0.2551,7.8346,1.4332,2689421120.82,N/A,2697729588.84,342165537,0,343222594,47.9835,2.5293,1.3245,-9.9851,
600693.SH,东百集团,2014-09-05,3.8847,3.8995,3.9934,3.86,3.9687,7149270,56765963,0.084,2.1628,7.9401,2.0894,2747589262.11,N/A,2756077429.82,342165537,0,343222594,49.0214,2.584,1.3532,-10.201,
600693.SH,东百集团,2014-09-09,3.9687,3.9934,4.0132,3.9341,3.9687,4619624,37154778,0,0,8.0428,1.3501,2747589262.11,N/A,2756077429.82,342165537,0,343222594,49.0214,2.584,1.3532,-10.201,
600693.SH,东百集团,2014-09-10,3.9687,3.9638,3.9687,3.9094,3.9193,5630877,44752350,-0.0494,-1.2453,7.9477,1.6457,2713372708.41,N/A,2721755170.42,342165537,0,343222594,48.4109,2.5518,1.3363,-10.074,
600693.SH,东百集团,2014-09-11,3.9193,3.9094,3.9539,3.855,3.8847,5410144,42731355,-0.0346,-0.8827,7.8984,1.5811,2689421120.82,N/A,2697729588.84,342165537,0,343222594,47.9835,2.5293,1.3245,-9.9851,
600693.SH,东百集团,2014-09-12,3.8847,3.8847,3.9835,3.8797,3.9835,5744851,45851028,0.0988,2.5445,7.9812,1.679,2757854228.22,N/A,2766374107.64,342165537,0,343222594,49.2045,2.5936,1.3582,-10.2391,
600693.SH,东百集团,2014-09-15,3.9835,3.9835,4.1417,3.9588,4.1219,5346830,43844026,0.1384,3.4739,8.2,1.5626,2853660578.58,N/A,2862476433.96,342165537,0,343222594,50.9138,2.6837,1.4054,-10.5948,
600693.SH,东百集团,2014-09-16,4.1219,4.1021,4.1219,3.9489,3.9588,5149374,42146898,-0.1631,-3.9568,8.1849,1.5049,2740745951.37,N/A,2749212977.94,342165537,0,343222594,48.8993,2.5775,1.3498,-10.1756,
600693.SH,东百集团,2014-09-17,3.9588,3.9489,4.0181,3.8649,3.9539,3711941,29510223,-0.0049,-0.1248,7.9501,1.0848,2737324296,N/A,2745780752,342165537,0,343222594,48.8382,2.5743,1.3481,-10.1629,
600693.SH,东百集团,2014-09-18,3.9539,3.9341,3.9885,3.8896,3.9341,2634749,20993393,-0.0198,-0.5,7.9679,0.77,2723637674.52,N/A,2732051848.24,342165537,0,343222594,48.594,2.5614,1.3414,-10.1121,
600693.SH,东百集团,2014-09-19,3.9341,3.9242,4.0231,3.9242,4.0033,3137094,25349795,0.0692,1.7588,8.0807,0.9168,2771540849.7,N/A,2780103011.4,342165537,0,343222594,49.4487,2.6065,1.365,-10.29,
600693.SH,东百集团,2014-09-22,4.0033,3.9984,4.0033,3.9045,3.9341,3606144,28738874,-0.0692,-1.7284,7.9694,1.0539,2723637674.52,N/A,2732051848.24,342165537,0,343222594,48.594,2.5614,1.3414,-10.1121,
600693.SH,东百集团,2014-09-23,3.9341,3.9242,3.9638,3.9242,3.9539,2579488,20612835,0.0198,0.5025,7.9911,0.7539,2737324296,N/A,2745780752,342165537,0,343222594,48.8382,2.5743,1.3481,-10.1629,
600693.SH,东百集团,2014-09-24,3.9539,3.939,3.9984,3.9045,3.9835,3988191,31948588,0.0297,0.75,8.0108,1.1656,2757854228.22,N/A,2766374107.64,342165537,0,343222594,49.2045,2.5936,1.3582,-10.2391,
600693.SH,东百集团,2014-09-25,3.9835,3.9984,4.0725,3.9736,4.0132,4001039,32676692,0.0297,0.7444,8.1671,1.1693,2778384160.44,N/A,2786967463.28,342165537,0,343222594,49.5708,2.6129,1.3683,-10.3154,
600693.SH,东百集团,2014-09-26,4.0132,4.0033,4.117,3.9835,4.0873,3735916,30697605,0.0741,1.8473,8.2169,1.0918,2829708990.99,N/A,2838450852.38,342165537,0,343222594,50.4865,2.6612,1.3936,-10.5059,
600693.SH,东百集团,2014-09-29,4.0873,4.0873,4.1219,4.0626,4.1071,2915071,24154097,0.0198,0.4837,8.2859,0.8519,2843395612.47,N/A,2852179756.14,342165537,0,343222594,50.7307,2.6741,1.4004,-10.5567,
600693.SH,东百集团,2014-09-30,4.1071,4.1071,4.2801,4.0923,4.2306,5243586,44870199,0.1236,3.0084,8.5572,1.5325,2928936996.72,N/A,2937985404.64,342165537,0,343222594,52.2569,2.7545,1.4425,-10.8743,
600693.SH,东百集团,2014-10-08,4.2306,4.2109,4.2455,4.1664,4.2405,4824594,41116597,0.0099,0.2336,8.5223,1.41,2935780307.46,N/A,2944849856.52,342165537,0,343222594,52.379,2.761,1.4459,-10.8997,
600693.SH,东百集团,2014-10-09,4.2405,4.2405,4.285,4.1763,4.2751,4458916,38167629,0.0346,0.8159,8.5598,1.3031,2959731895.05,N/A,2968875438.1,342165537,0,343222594,52.8063,2.7835,1.4577,-10.9887,
600693.SH,东百集团,2014-10-10,4.2751,4.2504,4.2751,4.1911,4.2306,3547762,30323483,-0.0445,-1.0405,8.5472,1.0369,2928936996.72,N/A,2937985404.64,342165537,0,343222594,52.2569,2.7545,1.4425,-10.8743,
600693.SH,东百集团,2014-10-13,4.2306,4.201,4.2356,4.1615,4.1862,2827558,23922053,-0.0445,-1.0514,8.4603,0.8264,2898142098.39,N/A,2907095371.18,342165537,0,343222594,51.7075,2.7256,1.4273,-10.76,
600693.SH,东百集团,2014-10-14,4.1862,4.1615,4.2356,4.1615,4.201,3334110,28346974,0.0148,0.3542,8.5021,0.9744,2908407064.5,N/A,2917392049,342165537,0,343222594,51.8906,2.7352,1.4324,-10.7981,
600693.SH,东百集团,2014-10-15,4.201,4.201,4.2158,4.1713,4.201,2106944,17866341,0,0,8.4797,0.6158,2908407064.5,N/A,2917392049,342165537,0,343222594,51.8906,2.7352,1.4324,-10.7981,
600693.SH,东百集团,2014-10-16,4.201,4.1763,4.2306,4.0824,4.112,4023268,33860763,-0.089,-2.1176,8.4162,1.1758,2846817267.84,N/A,2855611982.08,342165537,0,343222594,50.7917,2.6773,1.4021,-10.5694,
600693.SH,东百集团,2014-10-17,4.112,4.112,4.1269,3.9292,3.9934,3016594,24515534,-0.1186,-2.8846,8.1269,0.8816,2764697538.96,N/A,2773238559.52,342165537,0,343222594,49.3266,2.6001,1.3616,-10.2645,
600693.SH,东百集团,2014-10-20,3.9934,4.0033,4.0824,3.9885,4.0774,2457667,20030277,0.084,2.104,8.1501,0.7183,2822865680.25,N/A,2831586400.5,342165537,0,343222594,50.3644,2.6548,1.3903,-10.4805,
600693.SH,东百集团,2014-10-21,4.0774,4.0527,4.0923,4.0082,4.0181,1786750,14640371,-0.0593,-1.4545,8.1939,0.5222,2781805815.81,N/A,2790399689.22,342165537,0,343222594,49.6318,2.6162,1.37,-10.3281,
600693.SH,东百集团,2014-10-22,4.0181,4.0181,4.0725,3.944,3.9687,1642474,13315481,-0.0494,-1.23,8.107,0.48,2747589262.11,N/A,2756077429.82,342165537,0,343222594,49.0214,2.584,1.3532,-10.201,
600693.SH,东百集团,2014-10-23,3.9687,3.9736,3.9736,3.8353,3.9045,3006830,23757557,-0.0643,-1.6189,7.9012,0.8788,2703107742.3,N/A,2711458492.6,342165537,0,343222594,48.2277,2.5421,1.3313,-10.0359,
600693.SH,东百集团,2014-10-24,3.9045,3.9045,4.1318,3.8995,4.0577,5777885,47309418,0.1532,3.9241,8.188,1.6886,2809179058.77,N/A,2817857496.74,342165537,0,343222594,50.1202,2.6419,1.3835,-10.4297,
600693.SH,东百集团,2014-10-27,4.0577,4.028,4.0923,4.0132,4.0428,2001719,16389648,-0.0148,-0.3654,8.1878,0.585,2798914092.66,N/A,2807560818.92,342165537,0,343222594,49.9371,2.6322,1.3785,-10.3916,
600693.SH,东百集团,2014-10-28,4.0428,4.028,4.1269,4.028,4.1219,2727050,22610095,0.0791,1.956,8.291,0.797,2853660578.58,N/A,2862476433.96,342165537,0,343222594,50.9138,2.6837,1.4054,-10.5948,
600693.SH,东百集团,2014-10-29,4.1219,4.117,4.2059,4.117,4.1862,5909383,49989671,0.0643,1.5588,8.4594,1.7271,2898142098.39,N/A,2907095371.18,342165537,0,343222594,51.7075,2.7256,1.4273,-10.76,
600693.SH,东百集团,2014-10-30,4.1862,4.1763,4.1961,4.1466,4.1862,2954210,24922918,0,0,8.4364,0.8634,2898142098.39,N/A,2907095371.18,342165537,0,343222594,51.7075,2.7256,1.4273,-10.76,
600693.SH,东百集团,2014-10-31,4.1862,4.1862,4.2059,4.1417,4.201,3798728,32177008,0.0148,0.3542,8.4705,1.1102,2908407064.5,N/A,2917392049,342165537,0,343222594,51.8906,2.7352,1.4324,-10.7981,
600693.SH,东百集团,2014-11-03,4.201,4.285,4.6162,4.285,4.4778,18497744,166716728,0.2768,6.5882,9.0128,5.4061,3100019765.22,N/A,3109596701.64,342165537,0,343222594,55.3093,2.9154,1.5268,-11.5095,
600693.SH,东百集团,2014-11-04,4.4778,4.4086,4.4629,4.3196,4.3344,7835409,69286211,-0.1433,-3.2009,8.8427,2.2899,3000791759.49,N/A,3010062149.38,342165537,0,343222594,53.5389,2.8221,1.4779,-11.1411,
600693.SH,东百集团,2014-11-05,4.3344,4.3443,4.3493,4.2306,4.2702,5593738,48378849,-0.0643,-1.4823,8.6488,1.6348,2956310239.68,N/A,2965443212.16,342165537,0,343222594,52.7453,2.7803,1.456,-10.976,
600693.SH,东百集团,2014-11-06,4.2702,4.2455,4.3097,4.2455,4.29,3745820,32476191,0.0198,0.463,8.67,1.0947,2969996861.16,N/A,2979172115.92,342165537,0,343222594,52.9895,2.7931,1.4627,-11.0268,
600693.SH,东百集团,2014-11-07,4.29,4.2949,4.3147,4.2059,4.2208,3932121,33875064,-0.0692,-1.6129,8.615,1.1492,2922093685.98,N/A,2931120952.76,342165537,0,343222594,52.1348,2.7481,1.4391,-10.8489,
600693.SH,东百集团,2014-11-10,4.2208,4.2356,4.2652,4.1713,4.2257,5862220,49889019,0.0049,0.1171,8.5103,1.7133,2925515341.35,N/A,2934553178.7,342165537,0,343222594,52.1958,2.7513,1.4408,-10.8616,
600693.SH,东百集团,2014-11-11,4.2257,4.201,4.2257,4.0428,4.0626,4915268,41119901,-0.1631,-3.8596,8.3657,1.4365,2812600714.14,N/A,2821289722.68,342165537,0,343222594,50.1813,2.6451,1.3852,-10.4424,
600693.SH,东百集团,2014-11-12,4.0626,4.0676,4.1021,4.0379,4.1021,3074880,25351372,0.0395,0.9732,8.2447,0.8987,2839973957.1,N/A,2848747530.2,342165537,0,343222594,50.6696,2.6709,1.3987,-10.544,
600693.SH,东百集团,2014-11-13,4.1021,4.1071,4.1763,4.0231,4.1318,4355741,36193653,0.0297,0.7229,8.3094,1.273,2860503889.32,N/A,2869340885.84,342165537,0,343222594,51.0359,2.6902,1.4088,-10.6202,
600693.SH,东百集团,2014-11-14,4.1318,4.1318,4.1318,4.028,4.0774,2542026,20875748,-0.0544,-1.3158,8.2122,0.7429,2822865680.25,N/A,2831586400.5,342165537,0,343222594,50.3644,2.6548,1.3903,-10.4805,
600693.SH,东百集团,2014-11-17,4.0774,4.0873,4.1565,4.0676,4.1269,2655883,22184690,0.0494,1.2121,8.353,0.7762,2857082233.95,N/A,2865908659.9,342165537,0,343222594,50.9749,2.6869,1.4071,-10.6075,
600693.SH,东百集团,2014-11-18,4.1269,4.1071,4.2059,4.1071,4.1961,4439157,37483032,0.0692,1.6766,8.4437,1.2974,2904985409.13,N/A,2913959823.06,342165537,0,343222594,51.8296,2.732,1.4307,-10.7854,
600693.SH,东百集团,2014-11-19,4.1961,4.2059,4.2059,4.1466,4.1713,2922174,24656482,-0.0247,-0.5889,8.4377,0.854,2887877132.28,N/A,2896798693.36,342165537,0,343222594,51.5243,2.7159,1.4223,-10.7219,
600693.SH,东百集团,2014-11-20,4.1713,4.1565,4.1763,4.112,4.1565,2783655,23354986,-0.0148,-0.3555,8.39,0.8135,2877612166.17,N/A,2886502015.54,342165537,0,343222594,51.3412,2.7063,1.4172,-10.6838,
600693.SH,东百集团,2014-11-21,4.1565,4.1565,4.1763,4.1269,4.1615,2659389,22369632,0.0049,0.1189,8.4116,0.7772,2881033821.54,N/A,2889934241.48,342165537,0,343222594,51.4022,2.7095,1.4189,-10.6965,
600693.SH,东百集团,2014-11-24,4.1615,4.1763,4.2306,4.1565,4.2208,5468772,46430600,0.0593,1.4252,8.4901,1.5983,2922093685.98,N/A,2931120952.76,342165537,0,343222594,52.1348,2.7481,1.4391,-10.8489,
600693.SH,东百集团,2014-11-25,4.2208,4.2652,4.4185,4.2208,4.3987,10629558,93588123,0.1779,4.2155,8.8045,3.1066,3045273279.3,N/A,3054681086.6,342165537,0,343222594,54.3325,2.8639,1.4998,-11.3062,
600693.SH,东百集团,2014-11-26,4.3987,4.3937,4.4185,4.3394,4.4185,5065930,44869096,0.0198,0.4494,8.857,1.4805,3058959900.78,N/A,3068409990.36,342165537,0,343222594,54.5767,2.8768,1.5065,-11.3571,
600693.SH,东百集团,2014-11-27,4.4185,4.4185,4.5766,4.3443,4.4481,7680560,69436493,0.0297,0.6711,9.0406,2.2447,3079489833,N/A,3089003346,342165537,0,343222594,54.943,2.8961,1.5166,-11.4333,
600693.SH,东百集团,2014-11-28,4.4481,4.4283,4.5272,4.4086,4.4975,5927960,53753952,0.0494,1.1111,9.0679,1.7325,3113706386.7,N/A,3123325605.4,342165537,0,343222594,55.5535,2.9283,1.5335,-11.5603,
600693.SH,东百集团,2014-12-01,4.4975,4.4975,4.5074,4.3246,4.3542,5337259,47397543,-0.1433,-3.1868,8.8805,1.5598,3014478380.97,N/A,3023791053.14,342165537,0,343222594,53.7831,2.835,1.4846,-11.1919,
600693.SH,东百集团,2014-12-02,4.3542,4.3641,4.4135,4.3641,4.3888,2826398,25090128,0.0346,0.7946,8.8771,0.826,3038429968.56,N/A,3047816634.72,342165537,0,343222594,54.2104,2.8575,1.4964,-11.2808,
600693.SH,东百集团,2014-12-03,4.3888,4.3987,4.4382,4.3246,4.374,4771876,42104136,-0.0148,-0.3378,8.8234,1.3946,3028165002.45,N/A,3037519956.9,342165537,0,343222594,54.0273,2.8478,1.4914,-11.2427,
600693.SH,东百集团,2014-12-04,4.374,4.374,4.4135,4.3394,4.3987,5106490,45323089,0.0247,0.565,8.8756,1.4924,3045273279.3,N/A,3054681086.6,342165537,0,343222594,54.3325,2.8639,1.4998,-11.3062,
600693.SH,东百集团,2014-12-05,4.3987,4.4036,4.4185,4.1516,4.2356,5523148,47926276,-0.1631,-3.7079,8.6773,1.6142,2932358652.09,N/A,2941417630.58,342165537,0,343222594,52.3179,2.7577,1.4442,-10.887,
600693.SH,东百集团,2014-12-08,4.2356,4.201,4.3493,4.1862,4.3097,4347540,37739091,0.0741,1.7503,8.6806,1.2706,2983683482.64,N/A,2992901019.68,342165537,0,343222594,53.2337,2.806,1.4695,-11.0776,
600693.SH,东百集团,2014-12-09,4.3097,4.285,4.3394,4.1565,4.1763,6843257,58692978,-0.1334,-3.0963,8.5768,2,2891298787.65,N/A,2900230919.3,342165537,0,343222594,51.5854,2.7191,1.424,-10.7346,
600693.SH,东百集团,2014-12-10,4.1763,4.1516,4.2949,4.112,4.2801,5278546,44912600,0.1038,2.4852,8.5085,1.5427,2963153550.42,N/A,2972307664.04,342165537,0,343222594,52.8674,2.7867,1.4593,-11.0014,
600693.SH,东百集团,2014-12-11,4.2801,4.2603,4.374,4.201,4.369,5596481,48710070,0.089,2.0785,8.7037,1.6356,3024743347.08,N/A,3034087730.96,342165537,0,343222594,53.9662,2.8446,1.4897,-11.23,
600693.SH,东百集团,2014-12-12,4.369,4.369,4.458,4.3443,4.4333,6608210,58891093,0.0643,1.4706,8.9118,1.9313,3069224866.89,N/A,3078706668.18,342165537,0,343222594,54.7598,2.8865,1.5116,-11.3952,
600693.SH,东百集团,2014-12-15,4.4333,4.4926,4.5371,4.4036,4.5222,6166649,55707078,0.089,2.0067,9.0336,1.8022,3130814663.55,N/A,3140486735.1,342165537,0,343222594,55.8587,2.9444,1.5419,-11.6238,
600693.SH,东百集团,2014-12-16,4.5222,4.5717,4.5766,4.4877,4.5618,8174544,75109332,0.0395,0.8743,9.1882,2.3891,3158187906.51,N/A,3167944542.62,342165537,0,343222594,56.3471,2.9701,1.5554,-11.7255,
600693.SH,东百集团,2014-12-17,4.5618,4.5371,4.5568,4.3839,4.4481,4284753,38580022,-0.1137,-2.4919,9.004,1.2522,3079489833,N/A,3089003346,342165537,0,343222594,54.943,2.8961,1.5166,-11.4333,
600693.SH,东百集团,2014-12-18,4.4481,4.4234,4.4481,4.374,4.3888,2545191,22679748,-0.0593,-1.3333,8.9108,0.7438,3038429968.56,N/A,3047816634.72,342165537,0,343222594,54.2104,2.8575,1.4964,-11.2808,
600693.SH,东百集团,2014-12-19,4.3888,4.3839,4.3888,4.2306,4.3196,3600801,31313705,-0.0692,-1.5766,8.6963,1.0524,2990526793.38,N/A,2999765471.56,342165537,0,343222594,53.3558,2.8124,1.4728,-11.103,
600693.SH,东百集团,2014-12-22,4.3196,4.4086,4.4185,4.1911,4.201,5323388,45952225,-0.1186,-2.746,8.6321,1.5558,2908407064.5,N/A,2917392049,342165537,0,343222594,51.8906,2.7352,1.4324,-10.7981,
600693.SH,东百集团,2014-12-23,4.201,4.1911,4.285,4.1763,4.2306,2948250,25402221,0.0297,0.7059,8.616,0.8616,2928936996.72,N/A,2937985404.64,342165537,0,343222594,52.2569,2.7545,1.4425,-10.8743,
600693.SH,东百集团,2014-12-24,4.2306,4.2306,4.3987,4.2306,4.3888,4178716,36354938,0.1582,3.7383,8.7,1.2213,3038429968.56,N/A,3047816634.72,342165537,0,343222594,54.2104,2.8575,1.4964,-11.2808,
600693.SH,东百集团,2014-12-25,4.3888,4.3937,4.4135,4.2949,4.374,5920729,52120728,-0.0148,-0.3378,8.8031,1.7304,3028165002.45,N/A,3037519956.9,342165537,0,343222594,54.0273,2.8478,1.4914,-11.2427,
600693.SH,东百集团,2014-12-26,4.374,4.374,4.3789,4.29,4.3246,3632274,31745699,-0.0494,-1.1299,8.7399,1.0616,2993948448.75,N/A,3003197697.5,342165537,0,343222594,53.4168,2.8157,1.4745,-11.1157,
600693.SH,东百集团,2014-12-29,4.3246,4.3344,4.5321,4.2554,4.4135,6757030,59910408,0.089,2.0571,8.8664,1.9748,3055538245.41,N/A,3064977764.42,342165537,0,343222594,54.5157,2.8736,1.5048,-11.3444,
600693.SH,东百集团,2014-12-30,4.4135,4.4036,4.5173,4.3641,4.5124,9725225,87571791,0.0988,2.2396,9.0046,2.8423,3123971352.81,N/A,3133622283.22,342165537,0,343222594,55.7366,2.9379,1.5386,-11.5984,
600693.SH,东百集团,2014-12-31,4.5124,4.4975,4.4975,4.2949,4.4283,9284389,82594894,-0.084,-1.862,8.8961,2.7134,3065803211.52,N/A,3075274442.24,342165537,0,343222594,54.6988,2.8832,1.5099,-11.3825,
600693.SH,东百集团,2015-01-05,4.4283,4.3987,4.4481,4.2998,4.3888,7142334,63314885,-0.0395,-0.8929,8.8647,2.0874,3038429968.56,N/A,3047816634.72,342165537,0,343222594,20.8414,2.513,1.7453,6.2231,
600693.SH,东百集团,2015-01-06,4.3888,4.3591,4.3789,4.2751,4.3097,10647615,92843925,-0.0791,-1.8018,8.7197,3.1118,2983683482.64,N/A,2992901019.68,342165537,0,343222594,20.4659,2.4677,1.7138,6.111,
600693.SH,东百集团,2015-01-07,4.3097,4.3097,4.3542,4.2603,4.3394,9959241,86846538,0.0297,0.6881,8.7202,2.9106,3004213414.86,N/A,3013494375.32,342165537,0,343222594,20.6067,2.4847,1.7256,6.153,
600693.SH,东百集团,2015-01-08,4.3394,4.3394,4.3493,4.2603,4.2702,6179804,53652017,-0.0692,-1.5945,8.6818,1.8061,2956310239.68,N/A,2965443212.16,342165537,0,343222594,20.2781,2.445,1.6981,6.0549,
600693.SH,东百集团,2015-01-09,4.2702,4.2603,4.3147,4.201,4.2109,7362470,63663010,-0.0593,-1.3889,8.647,2.1517,2915250375.24,N/A,2924256500.88,342165537,0,343222594,19.9965,2.4111,1.6745,5.9708,
600693.SH,东百集团,2015-01-12,4.2109,4.1911,4.1911,3.9835,4.0428,6982029,57360319,-0.168,-3.9906,8.2154,2.0405,2798914092.66,N/A,2807560818.92,342165537,0,343222594,19.1985,2.3149,1.6077,5.7325,
600693.SH,东百集团,2015-01-13,4.0428,4.0527,4.0923,4.028,4.0626,3719785,30539266,0.0198,0.489,8.21,1.0871,2812600714.14,N/A,2821289722.68,342165537,0,343222594,19.2924,2.3262,1.6155,5.7606,
600693.SH,东百集团,2015-01-14,4.0626,4.0725,4.0873,3.9885,4.028,3077124,25137908,-0.0346,-0.8516,8.1693,0.8993,2788649126.55,N/A,2797264141.1,342165537,0,343222594,19.1281,2.3064,1.6018,5.7115,
600693.SH,东百集团,2015-01-15,4.028,4.0231,4.0626,4.0033,4.0379,2910799,23830679,0.0099,0.2454,8.187,0.8507,2795492437.29,N/A,2804128592.98,342165537,0,343222594,19.175,2.312,1.6057,5.7255,
600693.SH,东百集团,2015-01-16,4.0379,4.0527,4.0676,4.028,4.0577,3354549,27465905,0.0198,0.4896,8.1877,0.9804,2809179058.77,N/A,2817857496.74,342165537,0,343222594,19.2689,2.3233,1.6136,5.7536,
600693.SH,东百集团,2015-01-19,4.0577,4.028,4.0379,3.8402,3.9045,4905699,39214709,-0.1532,-3.7759,7.9937,1.4337,2703107742.3,N/A,2711458492.6,342165537,0,343222594,18.5414,2.2356,1.5527,5.5363,
600693.SH,东百集团,2015-01-20,3.9045,3.9193,4.0379,3.9193,4.0379,4417130,35636051,0.1334,3.4177,8.0677,1.2909,2795492437.29,N/A,2804128592.98,342165537,0,343222594,19.175,2.312,1.6057,5.7255,
600693.SH,东百集团,2015-01-21,4.0379,4.0379,4.1466,4.0231,4.1269,5594074,46350381,0.089,2.2032,8.2856,1.6349,2857082233.95,N/A,2865908659.9,342165537,0,343222594,19.5975,2.363,1.6411,5.8517,
600693.SH,东百集团,2015-01-22,4.1269,4.1367,4.1713,4.0824,4.1466,4687470,39225676,0.0198,0.479,8.3682,1.3699,2870768855.43,N/A,2879637563.66,342165537,0,343222594,19.6914,2.3743,1.649,5.8797,
600693.SH,东百集团,2015-01-23,4.1466,4.1516,4.1911,4.0824,4.1021,5954832,49727537,-0.0445,-1.0727,8.3508,1.7403,2839973957.1,N/A,2848747530.2,342165537,0,343222594,19.4802,2.3488,1.6313,5.8166,
600693.SH,东百集团,2015-01-26,4.1021,4.1269,4.1961,4.0824,4.1862,3973854,33406360,0.084,2.0482,8.4065,1.1614,2898142098.39,N/A,2907095371.18,342165537,0,343222594,19.8792,2.3969,1.6647,5.9358,
600693.SH,东百集团,2015-01-27,4.1862,4.1862,4.3048,4.1713,4.2801,8169329,70282323,0.0939,2.2432,8.6032,2.3875,2963153550.42,N/A,2972307664.04,342165537,0,343222594,20.3251,2.4507,1.702,6.0689,
600693.SH,东百集团,2015-01-28,4.2801,4.285,4.3097,4.2158,4.2751,5358065,46457473,-0.0049,-0.1155,8.6706,1.5659,2959731895.05,N/A,2968875438.1,342165537,0,343222594,20.3016,2.4479,1.7001,6.0619,
600693.SH,东百集团,2015-01-29,4.2751,4.2405,4.2603,4.1565,4.1961,2965673,25277224,-0.0791,-1.8497,8.5233,0.8667,2904985409.13,N/A,2913959823.06,342165537,0,343222594,19.9261,2.4026,1.6686,5.9498,
600693.SH,东百集团,2015-01-30,4.1961,4.1763,4.3246,4.1763,4.29,5243376,45203325,0.0939,2.2379,8.621,1.5324,2969996861.16,N/A,2979172115.92,342165537,0,343222594,20.372,2.4564,1.706,6.0829,
600693.SH,东百集团,2015-02-02,4.29,4.2998,4.369,4.2702,4.2801,6844874,59848217,-0.0099,-0.2304,8.7435,2.0005,2963153550.42,N/A,2972307664.04,342165537,0,343222594,20.3251,2.4507,1.702,6.0689,
600693.SH,东百集团,2015-02-03,4.2801,4.2504,4.3246,4.2504,4.2949,3248835,28180914,0.0148,0.3464,8.6742,0.9495,2973418516.53,N/A,2982604341.86,342165537,0,343222594,20.3955,2.4592,1.7079,6.09,
600693.SH,东百集团,2015-02-04,4.2949,4.2949,4.3987,4.2652,4.2949,5481803,48227297,0,0,8.7977,1.6021,2973418516.53,N/A,2982604341.86,342165537,0,343222594,20.3955,2.4592,1.7079,6.09,
600693.SH,东百集团,2015-02-05,4.2949,4.4234,4.4975,4.3295,4.374,10396477,93009306,0.0791,1.8412,8.9462,3.0384,3028165002.45,N/A,3037519956.9,342165537,0,343222594,20.771,2.5045,1.7394,6.2021,
600693.SH,东百集团,2015-02-06,4.374,4.374,4.5816,4.3542,4.4975,14438168,131538400,0.1236,2.8249,9.1105,4.2196,3113706386.7,N/A,3123325605.4,342165537,0,343222594,21.3578,2.5752,1.7885,6.3773,
600693.SH,东百集团,2015-02-09,4.4975,4.5222,4.6162,4.4481,4.5914,8534855,78531202,0.0939,2.0879,9.2012,2.4944,3178717838.73,N/A,3188537898.26,342165537,0,343222594,21.8037,2.629,1.8258,6.5104,
600693.SH,东百集团,2015-02-10,4.5914,4.6013,4.6063,4.4877,4.5964,8470144,78107125,0.0049,0.1076,9.2215,2.4755,3182139494.1,N/A,3191970124.2,342165537,0,343222594,21.8272,2.6318,1.8278,6.5174,
600693.SH,东百集团,2015-02-11,4.5964,4.5914,5.0066,4.5173,4.9028,13079030,124956099,0.3064,6.6667,9.5539,3.8224,3394282127.04,N/A,3404768132.48,342165537,0,343222594,23.2823,2.8073,1.9497,6.9519,
600693.SH,东百集团,2015-02-12,4.9028,4.9226,5.2982,4.883,5.0412,17587037,181970395,0.1384,2.8226,10.3468,5.1399,3490088477.4,N/A,3500870458.8,342165537,0,343222594,23.9395,2.8865,2.0047,7.1482,
600693.SH,东百集团,2015-02-13,5.0412,5.0758,5.1104,4.9621,5.0017,7216806,73476643,-0.0395,-0.7843,10.1813,2.1092,3462715234.44,N/A,3473412651.28,342165537,0,343222594,23.7517,2.8639,1.989,7.0921,
600693.SH,东百集团,2015-02-16,5.0017,4.9918,5.1895,4.8929,5.1598,10052503,102075351,0.1582,3.1621,10.1542,2.9379,3572208206.28,N/A,3583243881.36,342165537,0,343222594,24.5028,2.9544,2.0519,7.3164,
600693.SH,东百集团,2015-02-17,5.1598,5.1153,5.1746,5.0807,5.1005,5549897,57604535,-0.0593,-1.1494,10.3794,1.622,3531148341.84,N/A,3542057170.08,342165537,0,343222594,24.2211,2.9205,2.0283,7.2323,
600693.SH,东百集团,2015-02-25,5.1005,5.1005,5.1153,4.9176,4.9275,5256343,53205055,-0.173,-3.3915,10.1221,1.5362,3411390403.89,N/A,3421929262.18,342165537,0,343222594,23.3997,2.8214,1.9595,6.987,
600693.SH,东百集团,2015-02-26,4.9275,4.9473,5.056,4.8633,4.9918,6390568,64247062,0.0643,1.3039,10.0534,1.8677,3455871923.7,N/A,3466548199.4,342165537,0,343222594,23.7048,2.8582,1.985,7.0781,
600693.SH,东百集团,2015-02-27,4.9918,4.9868,5.1499,4.9275,5.1252,6630848,67663343,0.1334,2.6733,10.2043,1.9379,3548256618.69,N/A,3559218299.78,342165537,0,343222594,24.3385,2.9346,2.0381,7.2673,
600693.SH,东百集团,2015-03-02,5.1252,5.1104,5.1746,4.9868,5.056,8215967,84400913,-0.0692,-1.35,10.2728,2.4012,3500353443.51,N/A,3511167136.62,342165537,0,343222594,24.0099,2.895,2.0106,7.1692,
600693.SH,东百集团,2015-03-03,5.056,5.056,5.056,4.9176,4.9671,7583793,76433628,-0.089,-1.7595,10.0785,2.2164,3438763646.85,N/A,3449387069.7,342165537,0,343222594,23.5874,2.8441,1.9752,7.043,
600693.SH,东百集团,2015-03-04,4.9671,4.9572,5.2142,4.9522,5.1153,12798544,132106837,0.1483,2.9851,10.322,3.7405,3541413307.95,N/A,3552353847.9,342165537,0,343222594,24.2915,2.9289,2.0342,7.2533,
600693.SH,东百集团,2015-03-05,5.1153,5.14,5.6244,5.14,5.4811,18452165,203567265,0.3657,7.1498,11.0322,5.3928,3794615805.33,N/A,3806338567.46,342165537,0,343222594,26.0283,3.1384,2.1796,7.7719,
600693.SH,东百集团,2015-03-06,5.4811,5.4415,5.6491,5.3278,5.6145,13235533,147325796,0.1334,2.4346,11.1311,3.8682,3887000500.32,N/A,3899008667.84,342165537,0,343222594,26.662,3.2148,2.2327,7.9611,
600693.SH,东百集团,2015-03-09,5.6145,5.5503,5.7331,5.4514,5.6145,8665742,98318483,0,0,11.3457,2.5326,3887000500.32,N/A,3899008667.84,342165537,0,343222594,26.662,3.2148,2.2327,7.9611,
600693.SH,东百集团,2015-03-10,5.6145,5.6788,5.916,5.5601,5.7628,8523923,99456042,0.1483,2.6408,11.6679,2.4912,3989650161.42,N/A,4001975446.04,342165537,0,343222594,27.3661,3.2997,2.2916,8.1713,
600693.SH,东百集团,2015-03-11,5.7628,5.7727,5.8369,5.5107,5.6194,5730509,65277362,-0.1433,-2.4871,11.3912,1.6748,3890422155.69,N/A,3902440893.78,342165537,0,343222594,26.6855,3.2176,2.2346,7.9681,
600693.SH,东百集团,2015-03-12,5.6194,5.6145,5.6145,5.3328,5.4168,8223228,90439558,-0.2026,-3.606,10.9981,2.4033,3750134285.52,N/A,3761719630.24,342165537,0,343222594,25.7232,3.1016,2.1541,7.6808,
600693.SH,东百集团,2015-03-13,5.4168,5.4168,5.4811,5.2784,5.4465,7267254,79134657,0.0297,0.5474,10.8892,2.1239,3770664217.74,N/A,3782312985.88,342165537,0,343222594,25.864,3.1186,2.1659,7.7228,
600693.SH,东百集团,2015-03-16,5.4465,5.4069,5.6096,5.3872,5.5354,7475243,83383314,0.089,1.6334,11.1546,2.1847,3832254014.4,N/A,3844093052.8,342165537,0,343222594,26.2865,3.1695,2.2012,7.849,
600693.SH,东百集团,2015-03-17,5.5354,5.5849,5.8073,5.5107,5.6788,9985094,115142160,0.1433,2.5893,11.5314,2.9182,3931482020.13,N/A,3943627605.06,342165537,0,343222594,26.9671,3.2516,2.2582,8.0522,
600693.SH,东百集团,2015-03-18,5.6788,5.8023,5.9308,5.6837,5.8913,9887159,116965356,0.2125,3.7424,11.83,2.8896,4078613201.04,N/A,4091213320.48,342165537,0,343222594,27.9763,3.3732,2.3427,8.3535,
600693.SH,东百集团,2015-03-19,5.8913,5.9259,6.4646,5.9012,6.1631,11563072,144498573,0.2718,4.6141,12.4966,3.3794,4266804246.39,N/A,4279985747.18,342165537,0,343222594,29.2672,3.5289,2.4508,8.739,
600693.SH,东百集团,2015-03-20,6.1631,6.2768,6.4547,6.1384,6.3657,12013842,153098727,0.2026,3.2879,12.7435,3.5111,4407092116.56,N/A,4420707010.72,342165537,0,343222594,30.2295,3.6449,2.5314,9.0263,
600693.SH,东百集团,2015-03-23,6.3657,6.4399,6.5239,6.2669,6.3064,11460020,147613212,-0.0593,-0.9317,12.8807,3.3493,4366032252.12,N/A,4379520299.44,342165537,0,343222594,29.9478,3.611,2.5078,8.9422,
600693.SH,东百集团,2015-03-24,6.3064,6.2026,6.2768,5.8764,6.0939,13905610,171505178,-0.2125,-3.3699,12.3335,4.064,4218901071.21,N/A,4231934584.02,342165537,0,343222594,28.9386,3.4893,2.4233,8.6409,
600693.SH,东百集团,2015-03-25,6.0939,6.0791,6.4251,5.9704,6.257,10753719,133892136,0.1631,2.6764,12.4508,3.1428,4331815698.42,N/A,4345198040.04,342165537,0,343222594,29.7131,3.5827,2.4882,8.8721,
600693.SH,东百集团,2015-03-26,6.257,6.1532,6.2768,6.0593,6.1335,5583595,69365543,-0.1236,-1.9747,12.4231,1.6318,4246274314.17,N/A,4259392391.54,342165537,0,343222594,29.1264,3.5119,2.439,8.6969,
600693.SH,东百集团,2015-03-27,6.1335,6.1384,6.4152,6.0297,6.3905,8251716,104403490,0.257,4.1902,12.6523,2.4116,4424200393.41,N/A,4437868140.42,342165537,0,343222594,30.3468,3.6591,2.5412,9.0613,
600693.SH,东百集团,2015-03-30,6.3905,6.4498,6.6475,6.341,6.4596,7618125,99836668,0.0692,1.0828,13.1051,2.2264,4472103568.59,N/A,4485919303.58,342165537,0,343222594,30.6754,3.6987,2.5688,9.1595,
600693.SH,东百集团,2015-03-31,6.4596,6.4596,6.514,6.257,6.3213,8300498,106801091,-0.1384,-2.1423,12.8668,2.4259,4376297218.23,N/A,5744175401.46,342165537,0,449114574,39.2795,4.7361,3.2893,11.7286,
600693.SH,东百集团,2015-04-01,6.3213,6.3213,6.4003,6.2768,6.3657,4687889,60126092,0.0445,0.7037,12.8258,1.3701,4407092116.56,N/A,5784595713.12,342165537,0,449114574,39.5559,4.7695,3.3124,11.8111,
600693.SH,东百集团,2015-04-02,6.3657,6.4251,6.603,6.3163,6.4349,8811565,114806399,0.0692,1.087,13.0291,2.5752,4454995291.74,N/A,5847471753.48,342165537,0,449114574,39.9859,4.8213,3.3484,11.9395,
600693.SH,东百集团,2015-04-03,6.4349,6.3509,6.5486,6.3064,6.5239,10388722,135081852,0.089,1.3825,13.0027,3.0362,4516585088.4,N/A,5928312376.8,342165537,0,449114574,40.5387,4.8879,3.3947,12.1046,
600693.SH,东百集团,2015-04-07,6.5239,6.5239,6.86,6.43,6.8204,15081901,201281146,0.2965,4.5455,13.3459,4.4078,4721884410.6,N/A,6197781121.2,342165537,0,449114574,42.3813,5.1101,3.549,12.6548,
600693.SH,东百集团,2015-04-08,6.8204,6.7611,6.8699,6.5239,6.8007,10697868,145501685,-0.0198,-0.2899,13.601,3.1265,4708197789.12,N/A,6179816538.24,342165537,0,449114574,42.2585,5.0953,3.5387,12.6181,
600693.SH,东百集团,2015-04-09,6.8007,6.7463,6.7611,6.1878,6.5239,9509492,124550434,-0.2768,-4.0698,13.0975,2.7792,4516585088.4,N/A,5928312376.8,342165537,0,449114574,40.5387,4.8879,3.3947,12.1046,
600693.SH,东百集团,2015-04-10,6.5239,6.519,6.6475,6.3707,6.5634,7318347,96819360,0.0395,0.6061,13.2297,2.1388,4543958331.36,N/A,5964241542.72,342165537,0,449114574,40.7844,4.9176,3.4153,12.1779,
600693.SH,东百集团,2015-04-13,6.5634,6.4349,6.6771,6.3756,6.5931,12374595,162946890,0.0297,0.4518,13.1679,3.6166,4564488263.58,N/A,5991188417.16,342165537,0,449114574,40.9686,4.9398,3.4307,12.233,
600693.SH,东百集团,2015-04-14,6.5931,6.5684,6.8896,6.4646,6.8748,11916184,161767921,0.2817,4.2729,13.5755,3.4826,4759522619.67,N/A,6247183724.34,342165537,0,449114574,42.7192,5.1509,3.5773,12.7557,
600693.SH,东百集团,2015-04-15,6.8748,6.8353,7.1022,6.5684,6.5881,11170842,156120875,-0.2867,-4.1697,13.9757,3.2647,4561066608.21,N/A,5986697271.42,342165537,0,449114574,40.9379,4.9361,3.4281,12.2238,
600693.SH,东百集团,2015-04-16,6.5881,6.4992,6.8303,6.4794,6.6919,9641648,130784508,0.1038,1.5754,13.5645,2.8178,4632921370.98,N/A,6081011331.96,342165537,0,449114574,41.5829,5.0138,3.4822,12.4164,
600693.SH,东百集团,2015-04-17,6.6919,6.7216,7.3592,6.687,7.2554,14516378,207605725,0.5634,8.4195,14.3015,4.2425,5022990083.16,N/A,6593001946.32,342165537,0,449114574,45.0839,5.436,3.7753,13.4618,
600693.SH,东百集团,2015-04-20,7.2554,7.1565,7.3542,6.9489,7.0231,10167067,147211847,-0.2323,-3.2016,14.4793,2.9714,4862172280.77,N/A,6381918096.54,342165537,0,449114574,43.6405,5.2619,3.6545,13.0308,
600693.SH,东百集团,2015-04-21,7.0231,7.0676,7.3592,7.0676,7.2307,9108039,133174149,0.2076,2.9557,14.6216,2.6619,5005881806.31,N/A,6570546217.62,342165537,0,449114574,44.9304,5.4175,3.7625,13.4159,
600693.SH,东百集团,2015-04-22,7.2307,7.3394,7.5025,7.2307,7.3542,7439248,110222828,0.1236,1.7088,14.8164,2.1742,5091423190.56,N/A,6682824861.12,342165537,0,449114574,45.6982,5.51,3.8268,13.6452,
600693.SH,东百集团,2015-04-23,7.3542,7.3641,7.4135,7.0676,7.2751,7337580,107644233,-0.0791,-1.0753,14.6703,2.1445,5036676704.64,N/A,6610966529.28,342165537,0,449114574,45.2068,5.4508,3.7856,13.4984,
600693.SH,东百集团,2015-04-24,7.2751,7.112,7.2158,6.8847,6.9737,11321309,160497876,-0.3015,-4.144,14.1766,3.3087,4827955727.07,N/A,6337006639.14,342165537,0,449114574,43.3334,5.2249,3.6287,12.9391,
600693.SH,东百集团,2015-04-27,6.9737,6.9934,7.0082,6.7809,6.8353,12493172,173533076,-0.1384,-1.9844,13.8902,3.6512,4732149376.71,N/A,6211254558.42,342165537,0,449114574,42.4735,5.1212,3.5567,12.6823,
600693.SH,东百集团,2015-04-28,6.8353,6.8353,6.9193,6.5437,6.7018,12193102,164647221,-0.1334,-1.9523,13.5033,3.5635,4639764681.72,N/A,6089993623.44,342165537,0,449114574,41.6443,5.0213,3.4873,12.4347,
600693.SH,东百集团,2015-04-29,6.7018,6.6475,6.9193,6.5733,6.8995,7956507,108917246,0.1977,2.9499,13.6891,2.3253,4776630896.52,N/A,6269639453.04,342165537,0,449114574,42.8727,5.1694,3.5902,12.8015,
600693.SH,东百集团,2015-04-30,6.8995,6.8699,6.9687,6.6672,6.6722,6514558,89609977,-0.2273,-3.2951,13.7553,1.9039,4619234749.5,N/A,6063046749,342165537,0,449114574,41.46,4.999,3.4719,12.3797,
600693.SH,东百集团,2015-05-04,6.6722,6.6722,6.8896,6.4745,6.8106,7117765,95762241,0.1384,2.0741,13.454,2.0802,4715041099.86,N/A,6188798829.72,342165537,0,449114574,42.3199,5.1027,3.5439,12.6364,
600693.SH,东百集团,2015-05-05,6.8106,6.8204,6.8204,6.5338,6.5684,4949162,66790131,-0.2422,-3.5559,13.4952,1.4464,4547379986.73,N/A,5968732688.46,342165537,0,449114574,40.8151,4.9213,3.4179,12.1871,
600693.SH,东百集团,2015-05-06,6.5684,6.5733,6.6969,6.3262,6.3311,4523318,59827013,-0.2372,-3.6117,13.2264,1.322,4383140528.97,N/A,5753157692.94,342165537,0,449114574,39.3409,4.7435,3.2944,11.7469,
600693.SH,东百集团,2015-05-07,6.3311,6.3163,6.4448,6.2026,6.2323,3960781,50630236,-0.0988,-1.5613,12.7829,1.1576,4314707421.57,N/A,5663334778.14,342165537,0,449114574,38.7267,4.6695,3.243,11.5635,
600693.SH,东百集团,2015-05-08,6.2323,6.2669,6.4745,6.2274,6.3806,5426992,69658948,0.1483,2.3791,12.8356,1.5861,4417357082.67,N/A,5798069150.34,342165537,0,449114574,39.6481,4.7806,3.3201,11.8386,
600693.SH,东百集团,2015-05-11,6.3806,6.4547,6.6722,6.3657,6.6326,7861779,103949208,0.2521,3.9504,13.2221,2.2977,4591861506.54,N/A,6027117583.08,342165537,0,449114574,41.2143,4.9694,3.4513,12.3063,
600693.SH,东百集团,2015-05-12,6.6326,6.6623,6.7661,6.4152,6.5684,10366585,136621076,-0.0643,-0.9687,13.179,3.0297,4547379986.73,N/A,5968732688.46,342165537,0,449114574,40.8151,4.9213,3.4179,12.1871,
600693.SH,东百集团,2015-05-13,6.5684,6.5239,6.5536,6.3163,6.3311,9678403,126030182,-0.2372,-3.6117,13.0218,2.8286,4383140528.97,N/A,5753157692.94,342165537,0,449114574,39.3409,4.7435,3.2944,11.7469,
600693.SH,东百集团,2015-05-14,6.3311,6.3213,6.5733,6.2669,6.5684,9262305,119656647,0.2372,3.7471,12.9187,2.707,4547379986.73,N/A,5968732688.46,342165537,0,449114574,40.8151,4.9213,3.4179,12.1871,
600693.SH,东百集团,2015-05-15,6.5684,6.519,6.519,6.3262,6.3559,5656831,73174995,-0.2125,-3.2355,12.9357,1.6532,4400248805.82,N/A,5775613421.64,342165537,0,449114574,39.4945,4.762,3.3073,11.7928,
600693.SH,东百集团,2015-05-18,6.3559,6.3756,6.5387,6.3509,6.4745,5681987,74291647,0.1186,1.8663,13.0749,1.6606,4482368534.7,N/A,5883400919.4,342165537,0,449114574,40.2316,4.8509,3.369,12.0129,
600693.SH,东百集团,2015-05-19,6.4745,6.4942,7.1219,6.4893,7.1219,17546783,243471903,0.6474,10,13.8756,5.1282,4930605388.17,N/A,6471741011.34,342165537,0,449114574,44.2547,5.336,3.7059,13.2142,
600693.SH,东百集团,2015-05-20,7.1219,7.0577,7.4531,6.9687,7.0873,16572302,240659889,-0.0346,-0.4858,14.5218,4.8434,4906653800.58,N/A,6440302991.16,342165537,0,449114574,44.0398,5.3101,3.6879,13.15,
600693.SH,东百集团,2015-05-21,7.0873,7.0873,7.4234,7.0873,7.3295,11447892,169442128,0.2422,3.417,14.8012,3.3457,5074314913.71,N/A,6660369132.42,342165537,0,449114574,45.5446,5.4915,3.8139,13.5993,
600693.SH,东百集团,2015-05-22,7.3295,7.3147,7.4728,7.1664,7.458,14706136,218092294,0.1285,1.7532,14.83,4.298,5163277953.33,N/A,6777138921.66,342165537,0,449114574,46.3431,5.5878,3.8808,13.8377,
600693.SH,东百集团,2015-05-25,7.458,7.4629,8.0313,7.3641,7.7545,14529797,228387226,0.2965,3.9761,15.7185,4.2464,5368577275.53,N/A,7046607666.06,342165537,0,449114574,48.1858,5.81,4.0351,14.3879,
600693.SH,东百集团,2015-05-26,7.7545,7.7595,7.9572,7.6359,7.9176,12929630,204712605,0.1631,2.1033,15.8328,3.7788,5481491902.74,N/A,7194815475.48,342165537,0,449114574,49.1992,5.9322,4.12,14.6905,
600693.SH,东百集团,2015-05-27,7.9176,7.8583,8.2933,7.4185,8.1697,22513070,351430313,0.2521,3.1835,15.6101,6.5796,5655996326.61,N/A,7423863908.22,342165537,0,449114574,50.7655,6.121,4.2511,15.1582,
600693.SH,东百集团,2015-05-28,8.1697,8.1697,8.2883,7.5371,7.6903,17196524,279277178,-0.4794,-5.8681,16.2403,5.0258,5324095755.72,N/A,6988222771.44,342165537,0,449114574,47.7865,5.7619,4.0016,14.2687,
600693.SH,东百集团,2015-05-29,7.6903,7.6112,8.0807,7.1763,7.7545,10842900,169143349,0.0643,0.8355,15.5995,3.1689,5368577275.53,N/A,7046607666.06,342165537,0,449114574,48.1858,5.81,4.0351,14.3879,
600693.SH,东百集团,2015-06-01,7.7545,7.7545,8.2982,7.6211,8.2933,10836931,176170866,0.5387,6.9471,16.2565,3.1672,5741537710.86,N/A,7536142551.72,342165537,0,449114574,51.5333,6.2136,4.3154,15.3875,
600693.SH,东百集团,2015-06-02,8.2933,8.2092,8.6491,8.056,8.5552,11551490,196793355,0.2619,3.1585,17.0362,3.376,5922885445.47,N/A,7774173275.94,342165537,0,449114574,53.161,6.4099,4.4517,15.8735,
600693.SH,东百集团,2015-06-03,8.5552,8.4514,8.5552,8.1302,8.2883,8228366,138963035,-0.2669,-3.1196,16.8883,2.4048,5738116055.49,N/A,7531651405.98,342165537,0,449114574,51.5026,6.2099,4.3128,15.3783,
600693.SH,东百集团,2015-06-04,8.2883,8.2883,8.2883,7.547,8.0165,7867562,126324647,-0.2718,-3.2797,16.0564,2.2993,5549925010.14,N/A,7284638390.28,342165537,0,449114574,49.8134,6.0062,4.1714,14.874,
600693.SH,东百集团,2015-06-05,8.0165,8.1716,8.2917,7.7813,8.1366,9051627,145986628,0.1201,1.4981,16.1282,2.6454,5563611631.62,N/A,7302602973.24,342165537,0,449114574,49.9363,6.0211,4.1817,14.9106,
600693.SH,东百集团,2015-06-08,8.1366,8.1366,8.3117,7.7813,8.0565,11678378,187546373,-0.0801,-0.984,16.0593,3.4131,5508865145.7,N/A,7230744641.4,342165537,0,449114574,49.4449,5.9618,4.1405,14.7639,
600693.SH,东百集团,2015-06-09,8.0565,8.0165,8.3167,7.9064,8.2817,10330361,167663869,0.2252,2.795,16.2302,3.0191,5662839637.35,N/A,7432846199.7,342165537,0,449114574,50.8269,6.1284,4.2563,15.1766,
600693.SH,东百集团,2015-06-10,8.2817,8.2467,8.692,8.0315,8.4919,14517356,245255804,0.2102,2.5378,16.894,4.2428,5806549162.89,N/A,7621474320.78,342165537,0,449114574,52.1168,6.284,4.3643,15.5617,
600693.SH,东百集团,2015-06-11,8.4919,8.4318,9.3426,8.3117,9.2475,19981103,355543125,0.7556,8.8981,17.794,5.8396,6323219123.76,N/A,8299637327.52,342165537,0,449114574,56.7542,6.8431,4.7526,16.9464,
600693.SH,东百集团,2015-06-12,9.2475,9.2575,9.868,9.0623,9.5677,14705483,278226581,0.3203,3.4632,18.9199,4.2978,6542205067.44,N/A,8587070654.88,342165537,0,449114574,58.7197,7.0801,4.9172,17.5333,
600693.SH,东百集团,2015-06-15,9.5677,9.5027,9.6578,8.9973,9.1324,8371873,156431967,-0.4354,-4.5502,18.6854,2.4467,6244521050.25,N/A,8196340975.5,342165537,0,449114574,56.0478,6.758,4.6935,16.7355,
600693.SH,东百集团,2015-06-16,9.1324,9.0573,9.0573,8.612,8.682,7595287,133772070,-0.4504,-4.9315,17.6125,2.2198,5936572066.95,N/A,7792137858.9,342165537,0,449114574,53.2838,6.4247,4.462,15.9102,
600693.SH,东百集团,2015-06-17,8.682,8.687,9.5027,8.5119,9.4426,10497699,190549840,0.7606,8.7608,18.1516,3.068,6456663683.19,N/A,8474792011.38,342165537,0,449114574,57.9519,6.9875,4.8529,17.304,
600693.SH,东百集团,2015-06-18,9.4426,9.4426,9.7429,9.1074,9.3376,9365798,176545545,-0.1051,-1.1129,18.85,2.7372,6384808920.42,N/A,8380477950.84,342165537,0,449114574,57.307,6.9098,4.7989,17.1115,
600693.SH,东百集团,2015-06-19,9.3376,9.1074,9.3526,8.657,8.702,11419949,207766779,-0.6355,-6.806,18.1933,3.3376,5950258688.43,N/A,7810102441.86,342165537,0,449114574,53.4066,6.4395,4.4723,15.9469,
600693.SH,东百集团,2015-06-23,8.702,8.4068,8.702,7.8313,8.1016,10658818,172954821,-0.6005,-6.9005,16.2265,3.1151,5539660044.03,N/A,7271164953.06,342165537,0,449114574,49.7213,5.9951,4.1637,14.8464,
600693.SH,东百集团,2015-06-24,8.1016,8.1316,8.3868,7.9664,8.2116,7388370,120638299,0.1101,1.3589,16.3281,2.1593,5614936462.17,N/A,7369970159.34,342165537,0,449114574,50.397,6.0766,4.2202,15.0482,
600693.SH,东百集团,2015-06-25,8.2116,8.2116,8.2317,7.451,7.5961,8054430,126870497,-0.6155,-7.4954,15.7516,2.354,5194072851.66,N/A,6817559233.32,342165537,0,449114574,46.6195,5.6211,3.9039,13.9203,
600693.SH,东百集团,2015-06-26,7.5961,7.406,7.406,6.8355,6.8355,10784343,151748690,-0.7606,-10.0132,14.0712,3.1518,4673981235.42,N/A,6134905080.84,342165537,0,449114574,41.9514,5.0583,3.513,12.5264,
600693.SH,东百集团,2015-06-29,6.8355,7.0307,7.1458,6.15,6.15,8108425,103375690,-0.6856,-10.0293,12.7492,2.3697,4205214449.73,N/A,5519618114.46,342165537,0,449114574,37.744,4.551,3.1607,11.2701,
600693.SH,东百集团,2015-06-30,6.15,6.0949,6.4802,5.5345,6.23,13566774,162919713,0.0801,1.3019,12.0087,3.965,4259960935.65,N/A,5591476446.3,342165537,0,449114574,38.2353,4.6102,3.2018,11.4168,
600693.SH,东百集团,2015-07-01,6.23,6.145,6.4052,5.6095,5.6095,9174555,111973662,-0.6205,-9.9598,12.2048,2.6813,3835675669.77,N/A,5034574374.54,342165537,0,449114574,34.4272,4.1511,2.8829,10.2797,
600693.SH,东百集团,2015-07-02,5.6095,5.6095,5.6546,5.0491,5.0491,11423424,118315021,-0.5605,-9.9911,10.3572,3.3386,3452450268.33,N/A,4531566051.66,342165537,0,449114574,30.9875,3.7363,2.5949,9.2527,
600693.SH,东百集团,2015-07-03,5.0491,4.7238,5.0391,4.5437,4.5437,14334320,132083659,-0.5054,-10.0099,9.2145,4.1893,3106863075.96,N/A,4077960331.92,342165537,0,449114574,27.8857,3.3623,2.3352,8.3265,
600693.SH,东百集团,2015-07-06,4.5437,4.989,4.999,4.1484,4.5036,17199527,157258738,-0.04,-0.8811,9.1432,5.0267,3079489833,N/A,4042031166,342165537,0,449114574,27.64,3.3327,2.3146,8.2531,
600693.SH,东百集团,2015-07-07,4.5036,4.1834,4.4036,4.0533,4.0533,10896847,89466550,-0.4504,-10,8.2103,3.1847,2771540849.7,N/A,3637828049.4,342165537,0,449114574,24.876,2.9994,2.0831,7.4278,
600693.SH,东百集团,2015-07-08,4.0533,4.0533,4.0533,4.0533,4.0533,N/A,N/A,0,0,N/A,N/A,2771540849.7,N/A,3637828049.4,342165537,0,449114574,24.876,2.9994,2.0831,7.4278,
600693.SH,东百集团,2015-07-09,4.0533,4.0533,4.0533,4.0533,4.0533,N/A,N/A,0,0,N/A,N/A,2771540849.7,N/A,3637828049.4,342165537,0,449114574,24.876,2.9994,2.0831,7.4278,
600693.SH,东百集团,2015-07-10,4.0533,4.0533,4.0533,4.0533,4.0533,N/A,N/A,0,0,N/A,N/A,2771540849.7,N/A,3637828049.4,342165537,0,449114574,24.876,2.9994,2.0831,7.4278,
600693.SH,东百集团,2015-07-13,4.0533,4.4586,4.4586,4.4586,4.4586,976297,8698806,0.4053,10,8.91,0.2853,3048694934.67,N/A,4001610854.34,342165537,0,449114574,27.3636,3.2994,2.2914,8.1706,
600693.SH,东百集团,2015-07-14,4.4586,4.904,4.904,4.904,4.904,553024,5419635,0.4454,9.9888,9.8,0.1616,3353222262.6,N/A,4401322825.2,342165537,0,449114574,30.0969,3.6289,2.5203,8.9867,
600693.SH,东百集团,2015-07-15,4.904,5.3543,5.3543,4.5036,4.5537,20577095,201347195,-0.3503,-7.1429,9.785,6.0138,3113706386.7,N/A,4086942623.4,342165537,0,449114574,27.9471,3.3697,2.3403,8.3448,
600693.SH,东百集团,2015-07-16,4.5537,4.1033,4.8139,4.1033,4.6388,11325464,102275589,0.0851,1.8681,9.0306,3.3099,3171874527.99,N/A,4163292100.98,342165537,0,449114574,28.4692,3.4327,2.384,8.5007,
600693.SH,东百集团,2015-07-17,4.6388,4.6638,5.0641,4.6388,5.004,10981907,106541294,0.3653,7.8749,9.7015,3.2095,3421655370,N/A,4491145740,342165537,0,449114574,30.7111,3.703,2.5718,9.1701,
600693.SH,东百集团,2015-07-20,5.004,5.0241,5.2543,4.8639,5.1592,14066946,143625939,0.1551,3.1,10.2102,4.1112,3527726686.47,N/A,4630371257.94,342165537,0,449114574,31.6632,3.8178,2.6515,9.4544,
600693.SH,东百集团,2015-07-21,5.1592,5.0991,5.3043,4.959,5.1942,11763685,121194384,0.035,0.679,10.3024,3.438,3551678274.06,N/A,4661809278.12,342165537,0,449114574,31.8781,3.8437,2.6695,9.5186,
600693.SH,东百集团,2015-07-22,5.1942,5.1992,5.4044,5.0541,5.3794,11289848,117999094,0.1851,3.5645,10.4518,3.2995,3678279522.75,N/A,4827981670.5,342165537,0,449114574,33.0145,3.9807,2.7646,9.8579,
600693.SH,东百集团,2015-07-23,5.3794,5.3743,5.6396,5.2543,5.5845,17397486,189923881,0.2052,3.814,10.9167,5.0845,3818567392.92,N/A,5012118645.84,342165537,0,449114574,34.2736,4.1325,2.8701,10.2339,
600693.SH,东百集团,2015-07-24,5.5845,5.5795,5.5995,5.3043,5.3994,15763402,172761771,-0.1851,-3.3154,10.9597,4.607,3691966144.23,N/A,4845946253.46,342165537,0,449114574,33.1373,3.9955,2.7749,9.8946,
600693.SH,东百集团,2015-07-27,5.3994,5.2543,5.3493,4.8589,4.8589,14547890,148573246,-0.5404,-10.0093,10.2127,4.2517,3322427364.27,N/A,4360902513.54,342165537,0,449114574,29.8205,3.5956,2.4972,8.9042,
600693.SH,东百集团,2015-07-28,4.8589,4.4586,4.954,4.3785,4.6287,13819141,127193092,-0.2302,-4.7374,9.2041,4.0387,3165031217.25,N/A,4154309809.5,342165537,0,449114574,28.4078,3.4253,2.3789,8.4824,
600693.SH,东百集团,2015-07-29,4.6287,4.7038,4.919,4.5287,4.899,7674701,71987291,0.2702,5.8378,9.3798,2.243,3349800607.23,N/A,4396831679.46,342165537,0,449114574,30.0662,3.6252,2.5177,8.9776,
600693.SH,东百集团,2015-07-30,4.899,4.8539,4.994,4.6538,4.6838,7178719,69677382,-0.2152,-4.3922,9.7061,2.098,3202669426.32,N/A,4203712412.64,342165537,0,449114574,28.7456,3.466,2.4072,8.5832,
600693.SH,东百集团,2015-07-31,4.6838,4.5637,4.6488,4.3835,4.5437,9982940,90442865,-0.1401,-2.9915,9.0597,2.9176,3106863075.96,N/A,4077960331.92,342165537,0,449114574,27.8857,3.3623,2.3352,8.3265,
600693.SH,东百集团,2015-08-03,4.5437,4.4536,4.4936,4.1333,4.2084,9499790,81835199,-0.3353,-7.3789,8.6144,2.7764,2877612166.17,N/A,3777053567.34,342165537,0,449114574,25.8281,3.1142,2.1628,7.7121,
600693.SH,东百集团,2015-08-04,4.2084,4.2534,4.5837,4.2134,4.5687,9825840,86219055,0.3603,8.5612,8.7747,2.8717,3123971352.81,N/A,4100416060.62,342165537,0,449114574,28.0393,3.3808,2.348,8.3723,
600693.SH,东百集团,2015-08-05,4.5687,4.5086,4.6438,4.4536,4.5187,11380989,103358613,-0.05,-1.0953,9.0817,3.3262,3089754799.11,N/A,4055504603.22,342165537,0,449114574,27.7321,3.3438,2.3223,8.2806,
600693.SH,东百集团,2015-08-06,4.5187,4.4086,4.5337,4.2835,4.4786,6334949,56495671,-0.04,-0.8859,8.9181,1.8514,3062381556.15,N/A,4019575437.3,342165537,0,449114574,27.4865,3.3142,2.3017,8.2073,
600693.SH,东百集团,2015-08-07,4.4786,4.5137,4.6988,4.5137,4.6788,13389107,123558492,0.2002,4.4693,9.2283,3.913,3199247770.95,N/A,4199221266.9,342165537,0,449114574,28.7149,3.4623,2.4046,8.5741,
600693.SH,东百集团,2015-08-10,4.6788,4.7238,4.999,4.6938,4.964,17852359,172917938,0.2852,6.0963,9.686,5.2175,3394282127.04,N/A,4455216574.08,342165537,0,449114574,30.4654,3.6734,2.5512,9.0968,
600693.SH,东百集团,2015-08-11,4.964,4.954,5.2242,4.934,5.1792,25201815,258303518,0.2152,4.3347,10.2494,7.3654,3541413307.95,N/A,4648335840.9,342165537,0,449114574,31.786,3.8326,2.6618,9.4911,
600693.SH,东百集团,2015-08-12,5.1792,5.0791,5.1291,4.989,5.0391,15166991,153173001,-0.1401,-2.7053,10.0991,4.4326,3445606957.59,N/A,4522583760.18,342165537,0,449114574,30.9261,3.7289,2.5898,9.2343,
600693.SH,东百集团,2015-08-13,5.0391,5.004,5.3994,4.954,5.3894,21549535,223911385,0.3503,6.9513,10.3905,6.298,3685122833.49,N/A,4836963961.98,342165537,0,449114574,33.0759,3.9881,2.7698,9.8762,
600693.SH,东百集团,2015-08-14,5.3894,5.3693,5.5595,5.3143,5.5195,22988019,250921655,0.1301,2.4141,10.9153,6.7184,3774085873.11,N/A,4953733751.22,342165537,0,449114574,33.8744,4.0844,2.8366,10.1147,
600693.SH,东百集团,2015-08-17,5.5195,5.3794,5.5545,5.2993,5.5245,15319343,165577890,0.005,0.0907,10.8084,4.4772,3777507528.48,N/A,4958224896.96,342165537,0,449114574,33.9051,4.0881,2.8392,10.1238,
600693.SH,东百集团,2015-08-18,5.5245,5.4944,5.5645,4.974,4.974,19363872,201753184,-0.5504,-9.9638,10.4191,5.6592,3401125437.78,N/A,4464198865.56,342165537,0,449114574,30.5269,3.6808,2.5563,9.1151,
600693.SH,东百集团,2015-08-19,4.974,4.8789,5.2893,4.6788,5.2442,18532368,187379072,0.2702,5.4326,10.1109,5.4162,3585894827.76,N/A,4706720735.52,342165537,0,449114574,32.1853,3.8807,2.6952,9.6103,
600693.SH,东百集团,2015-08-20,5.2442,5.1792,5.3894,5.0091,5.0491,19206788,198805924,-0.1952,-3.7214,10.3508,5.6133,3452450268.33,N/A,4531566051.66,342165537,0,449114574,30.9875,3.7363,2.5949,9.2527,
600693.SH,东百集团,2015-08-21,5.0491,4.899,5.0391,4.5737,4.6237,14302387,135165032,-0.4253,-8.4242,9.4505,4.18,3161609561.88,N/A,4149818663.76,342165537,0,449114574,28.3771,3.4216,2.3763,8.4732,
600693.SH,东百集团,2015-08-24,4.6237,4.2835,4.4536,4.1634,4.1634,12933901,108136661,-0.4604,-9.9567,8.3607,3.78,2846817267.84,N/A,3736633255.68,342165537,0,449114574,25.5517,3.0809,2.1397,7.6295,
600693.SH,东百集团,2015-08-25,4.1634,3.768,3.9032,3.748,3.748,9390142,71024249,-0.4153,-9.976,7.5637,2.7443,2562819872.13,N/A,3363868159.26,342165537,0,449114574,23.0026,2.7735,1.9262,6.8684,
600693.SH,东百集团,2015-08-26,3.748,3.703,3.8931,3.5279,3.668,13766744,102230736,-0.0801,-2.1362,7.4259,4.0234,2508073386.21,N/A,3292009827.42,342165537,0,449114574,22.5113,2.7143,1.8851,6.7217,
600693.SH,东百集团,2015-08-27,3.668,3.748,3.8031,3.5279,3.7831,16336057,120419043,0.1151,3.1378,7.3714,4.7743,2586771459.72,N/A,3395306179.44,342165537,0,449114574,23.2176,2.7995,1.9442,6.9326,
600693.SH,东百集团,2015-08-28,3.7831,3.8031,4.0983,3.763,4.0833,17357266,134862234,0.3002,7.9365,7.7698,5.0728,2792070781.92,N/A,3664774923.84,342165537,0,449114574,25.0603,3.0216,2.0986,7.4828,
600693.SH,东百集团,2015-08-31,4.0833,4.0032,4.0283,3.8531,3.8982,10323922,80780474,-0.1851,-4.5343,7.8246,3.0172,2665469533.23,N/A,3498602531.46,342165537,0,449114574,23.924,2.8846,2.0034,7.1435,
600693.SH,东百集团,2015-09-01,3.8982,3.8631,3.8781,3.5729,3.693,8713764,64554408,-0.2052,-5.2632,7.4083,2.5467,2525181663.06,N/A,3314465556.12,342165537,0,449114574,22.6648,2.7328,1.898,6.7676,
600693.SH,东百集团,2015-09-02,3.693,3.5028,3.7831,3.4678,3.5679,7241260,52207163,-0.1251,-3.3875,7.2097,2.1163,2439640278.81,N/A,3202186912.62,342165537,0,449114574,21.897,2.6402,1.8337,6.5383,
600693.SH,东百集团,2015-09-07,3.5679,3.6029,3.743,3.5178,3.6179,7421014,54352684,0.05,1.4025,7.3242,2.1688,2473856832.51,N/A,3247098370.02,342165537,0,449114574,22.2041,2.6773,1.8594,6.63,
600693.SH,东百集团,2015-09-08,3.6179,3.6229,3.8431,3.5829,3.8081,6843635,50668730,0.1902,5.2559,7.4038,2.0001,2603879736.57,N/A,3417761908.14,342165537,0,449114574,23.3712,2.818,1.9571,6.9785,
600693.SH,东百集团,2015-09-09,3.8081,3.8181,4.0283,3.8181,3.9982,11360521,89080136,0.1902,4.9934,7.8412,3.3202,2733902640.63,N/A,3588425446.26,342165537,0,449114574,24.5382,2.9587,2.0548,7.3269,
600693.SH,东百集团,2015-09-10,3.9982,3.9332,3.9632,3.8581,3.8731,7031390,54932469,-0.1251,-3.1289,7.8125,2.055,2648361256.38,N/A,3476146802.76,342165537,0,449114574,23.7704,2.8661,1.9905,7.0977,
600693.SH,东百集团,2015-09-11,3.8731,3.8781,3.9532,3.8481,3.9232,4951485,38657578,0.05,1.292,7.8073,1.4471,2682577810.08,N/A,3521058260.16,342165537,0,449114574,24.0775,2.9031,2.0163,7.1894,
600693.SH,东百集团,2015-09-14,3.9232,3.9332,3.9732,3.5379,3.5779,8797519,65345470,-0.3453,-8.801,7.4277,2.5711,2446483589.55,N/A,3211169204.1,342165537,0,449114574,21.9585,2.6476,1.8388,6.5566,
600693.SH,东百集团,2015-09-15,3.5779,3.4928,3.5779,3.4028,3.4428,6103448,42538489,-0.1351,-3.7762,6.9696,1.7838,2354098894.56,N/A,3089908269.12,342165537,0,449114574,21.1293,2.5477,1.7694,6.3091,
600693.SH,东百集团,2015-09-16,3.4428,3.4728,3.763,3.4728,3.733,8021340,58175274,0.2902,8.4302,7.2526,2.3443,2552554906.02,N/A,3350394722.04,342165537,0,449114574,22.9105,2.7624,1.9185,6.8409,
600693.SH,东百集团,2015-09-17,3.733,3.698,3.8031,3.6229,3.6279,8455773,62696183,-0.1051,-2.815,7.4146,2.4713,2480700143.25,N/A,3256080661.5,342165537,0,449114574,22.2656,2.6847,1.8645,6.6483,
600693.SH,东百集团,2015-09-18,3.6279,3.658,3.683,3.5979,3.663,3470718,25281553,0.035,0.9655,7.2842,1.0143,2504651730.84,N/A,3287518681.68,342165537,0,449114574,22.4805,2.7106,1.8825,6.7125,
600693.SH,东百集团,2015-09-21,3.663,3.6279,3.8081,3.6029,3.7881,5319220,39498141,0.1251,3.4153,7.4256,1.5546,2590193115.09,N/A,3399797325.18,342165537,0,449114574,23.2483,2.8032,1.9468,6.9418,
600693.SH,东百集团,2015-09-22,3.7881,3.7981,3.8581,3.763,3.8531,6935289,52919708,0.0651,1.7173,7.6305,2.0269,2634674634.9,N/A,3458182219.8,342165537,0,449114574,23.6476,2.8513,1.9803,7.061,
600693.SH,东百集团,2015-09-23,3.8531,3.7831,3.8331,3.708,3.748,6612287,49755848,-0.1051,-2.7273,7.5248,1.9325,2562819872.13,N/A,3363868159.26,342165537,0,449114574,23.0026,2.7735,1.9262,6.8684,
600693.SH,东百集团,2015-09-24,3.748,3.768,3.8231,3.748,3.8181,6140526,46554946,0.0701,1.8692,7.5816,1.7946,2610723047.31,N/A,3426744199.62,342165537,0,449114574,23.4326,2.8254,1.9622,6.9968,
600693.SH,东百集团,2015-09-25,3.8181,3.8031,3.8181,3.6379,3.658,6243396,46450839,-0.1601,-4.194,7.44,1.8247,2501230075.47,N/A,3283027535.94,342165537,0,449114574,22.4498,2.7069,1.88,6.7034,
600693.SH,东百集团,2015-09-28,3.658,3.653,3.728,3.5929,3.713,2415594,17724698,0.055,1.5048,7.3376,0.706,2538868284.54,N/A,3332430139.08,342165537,0,449114574,22.7877,2.7476,1.9082,6.8042,
600693.SH,东百集团,2015-09-29,3.713,3.658,3.683,3.6229,3.653,2242460,16346550,-0.06,-1.6173,7.2896,0.6554,2497808420.1,N/A,3278536390.2,342165537,0,449114574,22.4191,2.7032,1.8774,6.6942,
600693.SH,东百集团,2015-09-30,3.653,3.673,3.698,3.6329,3.678,2314900,16992166,0.025,0.6849,7.3403,0.6765,2514916696.95,N/A,3300992118.9,342165537,0,449114574,22.5727,2.7217,1.8902,6.74,
600693.SH,东百集团,2015-10-08,3.678,3.7931,3.8431,3.753,3.8231,6582289,50101103,0.1451,3.9456,7.6115,1.9237,2614144702.68,N/A,3431235345.36,342165537,0,449114574,23.4633,2.8291,1.9648,7.006,
600693.SH,东百集团,2015-10-09,3.8231,3.8231,3.8982,3.7981,3.8731,4821049,37059409,0.05,1.3089,7.687,1.409,2648361256.38,N/A,3476146802.76,342165537,0,449114574,23.7704,2.8661,1.9905,7.0977,
600693.SH,东百集团,2015-10-12,3.8731,3.8781,4.0983,3.8781,4.0733,12610219,101075418,0.2002,5.168,8.0154,3.6854,2785227471.18,N/A,3655792632.36,342165537,0,449114574,24.9989,3.0142,2.0934,7.4645,
600693.SH,东百集团,2015-10-13,4.0733,4.0583,4.1283,4.0082,4.0933,6236671,50705940,0.02,0.4914,8.1303,1.8227,2798914092.66,N/A,3673757215.32,342165537,0,449114574,25.1217,3.029,2.1037,7.5012,
600693.SH,东百集团,2015-10-14,4.0933,4.0833,4.1283,4.0283,4.0333,7171002,58468534,-0.06,-1.467,8.1535,2.0958,2757854228.22,N/A,3619863466.44,342165537,0,449114574,24.7532,2.9846,2.0728,7.3911,
600693.SH,东百集团,2015-10-15,4.0333,4.0333,4.1484,4.0132,4.1434,7441906,60945854,0.1101,2.7295,8.1895,2.1749,2833130646.36,N/A,3718668672.72,342165537,0,449114574,25.4288,3.0661,2.1294,7.5929,
600693.SH,东百集团,2015-10-16,4.1434,4.1484,4.2384,4.1183,4.2134,8259194,68972573,0.0701,1.6908,8.351,2.4138,2881033821.54,N/A,3781544713.08,342165537,0,449114574,25.8588,3.1179,2.1654,7.7213,
600693.SH,东百集团,2015-10-19,4.2134,4.2234,4.2835,4.1634,4.2584,8932232,75303306,0.045,1.0689,8.4305,2.6105,2911828719.87,N/A,3821965024.74,342165537,0,449114574,26.1352,3.1512,2.1886,7.8038,
600693.SH,东百集团,2015-10-20,4.2584,4.2685,4.3986,4.2134,4.3936,11173414,96624077,0.1351,3.1727,8.6477,3.2655,3004213414.86,N/A,3943225959.72,342165537,0,449114574,26.9644,3.2512,2.258,8.0514,
600693.SH,东百集团,2015-10-21,4.3936,4.3735,4.3785,3.9532,3.9932,11843858,99224397,-0.4003,-9.1116,8.3777,3.4614,2730480985.26,N/A,3583934300.52,342165537,0,449114574,24.5075,2.955,2.0523,7.3178,
600693.SH,东百集团,2015-10-22,3.9932,3.9982,4.1784,3.9982,4.1684,7804212,63970528,0.1751,4.386,8.1969,2.2808,2850238923.21,N/A,3741124401.42,342165537,0,449114574,25.5824,3.0846,2.1423,7.6387,
600693.SH,东百集团,2015-10-23,4.1684,4.1684,4.3185,4.1434,4.2835,9340158,78866068,0.1151,2.7611,8.4438,2.7297,2928936996.72,N/A,3844420753.44,342165537,0,449114574,26.2887,3.1698,2.2014,7.8496,
600693.SH,东百集团,2015-10-26,4.2835,4.3185,4.3485,4.2434,4.2835,8692706,74517395,0,0,8.5724,2.5405,2928936996.72,N/A,3844420753.44,342165537,0,449114574,26.2887,3.1698,2.2014,7.8496,
600693.SH,东百集团,2015-10-27,4.2835,4.2634,4.3285,4.0683,4.2985,9115366,76325059,0.015,0.3505,8.3732,2.664,2939201962.83,N/A,3857894190.66,342165537,0,449114574,26.3809,3.1809,2.2091,7.8771,
600693.SH,东百集团,2015-10-28,4.2985,4.2584,4.3335,4.1784,4.2034,7259301,61899779,-0.0951,-2.2119,8.527,2.1216,2874190510.8,N/A,3772562421.6,342165537,0,449114574,25.7973,3.1105,2.1603,7.7029,
600693.SH,东百集团,2015-10-29,4.2034,4.2334,4.3335,4.1834,4.3235,7929593,67707109,0.1201,2.8571,8.5385,2.3175,2956310239.68,N/A,3880349919.36,342165537,0,449114574,26.5344,3.1994,2.222,7.923,
600693.SH,东百集团,2015-10-30,4.3235,4.3085,4.5637,4.2534,4.4486,17184884,152365006,0.1251,2.8935,8.8662,5.0224,3041851623.93,N/A,3992628562.86,342165537,0,449114574,27.3022,3.292,2.2863,8.1522,
600693.SH,东百集团,2015-11-02,4.4486,4.3735,4.5387,4.3085,4.3835,11193006,98573798,-0.0651,-1.4623,8.8067,3.2712,2997370104.12,N/A,3934243668.24,342165537,0,449114574,26.9029,3.2438,2.2529,8.033,
600693.SH,东百集团,2015-11-03,4.3835,4.3936,4.4236,4.2835,4.3285,5912940,51584372,-0.055,-1.2557,8.724,1.7281,2959731895.05,N/A,3884841065.1,342165537,0,449114574,26.5651,3.2031,2.2246,7.9322,
600693.SH,东百集团,2015-11-04,4.3285,4.4086,4.7488,4.4036,4.7438,23388221,213246892,0.4153,9.5954,9.1177,6.8354,3243729290.76,N/A,4257606161.52,342165537,0,449114574,29.1141,3.5104,2.438,8.6933,
600693.SH,东百集团,2015-11-05,4.7438,4.7088,4.7939,4.5637,4.6087,18093503,168440080,-0.1351,-2.8481,9.3094,5.2879,3151344595.77,N/A,4136345226.54,342165537,0,449114574,28.2849,3.4105,2.3686,8.4457,
600693.SH,东百集团,2015-11-06,4.6087,4.5687,4.7238,4.5387,4.7138,12127510,112843568,0.1051,2.2801,9.3048,3.5443,3223199358.54,N/A,4230659287.08,342165537,0,449114574,28.9299,3.4882,2.4226,8.6383,
600693.SH,东百集团,2015-11-09,4.7138,4.6688,4.7288,4.5587,4.6638,10644471,98799383,-0.05,-1.0616,9.2818,3.1109,3188982804.84,N/A,4185747829.68,342165537,0,449114574,28.6228,3.4512,2.3969,8.5466,
600693.SH,东百集团,2015-11-10,4.6638,4.6488,4.954,4.6237,4.8139,15256656,147168594,0.1501,3.2189,9.6462,4.4589,3291632465.94,N/A,4320482201.88,342165537,0,449114574,29.5441,3.5623,2.474,8.8217,
600693.SH,东百集团,2015-11-11,4.8139,4.8089,4.914,4.7138,4.8089,11180250,107275866,-0.005,-0.104,9.5951,3.2675,3288210810.57,N/A,4315991056.14,342165537,0,449114574,29.5134,3.5586,2.4715,8.8125,
600693.SH,东百集团,2015-11-12,4.8089,4.8239,4.8589,4.6538,4.7188,8062313,76450067,-0.0901,-1.873,9.4824,2.3563,3226621013.91,N/A,4235150432.82,342165537,0,449114574,28.9606,3.4919,2.4252,8.6474,
600693.SH,东百集团,2015-11-13,4.7188,4.6788,4.7038,4.5787,4.5937,4613489,42711133,-0.1251,-2.6511,9.2579,1.3483,3141079629.66,N/A,4122871789.32,342165537,0,449114574,28.1928,3.3993,2.3609,8.4182,
600693.SH,东百集团,2015-11-16,4.5937,4.5086,4.939,4.5086,4.8039,5912067,55853140,0.2102,4.5752,9.4473,1.7278,3284789155.2,N/A,4311499910.4,342165537,0,449114574,29.4827,3.5549,2.4689,8.8033,
600693.SH,东百集团,2015-11-17,4.8039,4.8039,4.8539,4.7138,4.7939,7473450,71646765,-0.01,-0.2083,9.5868,2.1842,3277945844.46,N/A,4302517618.92,342165537,0,449114574,29.4213,3.5475,2.4637,8.785,
600693.SH,东百集团,2015-11-18,4.7939,4.8039,4.8789,4.7038,4.7188,4882319,46651607,-0.0751,-1.5658,9.5552,1.4269,3226621013.91,N/A,4235150432.82,342165537,0,449114574,28.9606,3.4919,2.4252,8.6474,
600693.SH,东百集团,2015-11-19,4.7188,4.7538,4.7889,4.6638,4.7789,3877638,36620725,0.06,1.2725,9.4441,1.1333,3267680878.35,N/A,4289044181.7,342165537,0,449114574,29.3291,3.5364,2.456,8.7575,
600693.SH,东百集团,2015-11-20,4.7789,4.7939,5.1792,4.7639,5.0341,14396367,143781229,0.2552,5.3403,9.9873,4.2074,3442185302.22,N/A,4518092614.44,342165537,0,449114574,30.8954,3.7252,2.5872,9.2252,
600693.SH,东百集团,2015-11-23,5.0341,4.999,5.0741,4.904,5.0091,8623652,85971921,-0.025,-0.497,9.9693,2.5203,3425077025.37,N/A,4495636885.74,342165537,0,449114574,30.7418,3.7067,2.5743,9.1793,
600693.SH,东百集团,2015-11-24,5.0091,4.999,5.0491,4.899,5.0341,6602715,65451009,0.025,0.4995,9.9127,1.9297,3442185302.22,N/A,4518092614.44,342165537,0,449114574,30.8954,3.7252,2.5872,9.2252,
600693.SH,东百集团,2015-11-25,5.0341,5.1291,5.4544,5.0591,5.2993,13119639,138987253,0.2652,5.2684,10.5938,3.8343,3623533036.83,N/A,4756123338.66,342165537,0,449114574,32.5231,3.9215,2.7235,9.7112,
600693.SH,东百集团,2015-11-26,5.2993,5.2543,5.6896,5.2042,5.4594,12952688,142200802,0.1601,3.0217,10.9785,3.7855,3733026008.67,N/A,4899840002.34,342165537,0,449114574,33.5058,4.04,2.8058,10.0046,
600693.SH,东百集团,2015-11-27,5.4594,5.3543,5.5395,5.0291,5.0841,12490340,132689524,-0.3753,-6.8744,10.6234,3.6477,3478958924.72,N/A,4563004071.84,342417217,0,449114574,31.2025,3.7622,2.6129,9.3169,
600693.SH,东百集团,2015-11-30,5.0841,5.0741,5.5945,5.0741,5.5895,16836515,180492106,0.5054,9.9409,10.7203,4.917,3824800313.89,N/A,5016609791.58,342417217,0,449114574,34.3043,4.1362,2.8726,10.243,
600693.SH,东百集团,2015-12-01,5.5895,5.5895,6.15,5.5095,5.9798,22568054,267250560,0.3903,6.983,11.842,6.5908,4091885743.15,N/A,5366919159.3,342417217,0,449114574,36.6998,4.4251,3.0732,10.9583,
600693.SH,东百集团,2015-12-02,5.9798,5.8898,6.5053,5.4044,6.145,18034378,215916852,0.1651,2.7615,11.9725,5.2668,4204883424.76,N/A,5515126968.72,342417217,0,449114574,37.7133,4.5473,3.1581,11.2609,
600693.SH,东百集团,2015-12-03,6.145,6.13,6.4552,5.9898,6.3151,13744392,172353206,0.1701,2.7687,12.5399,4.0139,4321305278.54,N/A,5667825923.88,342417217,0,449114574,38.7574,4.6732,3.2456,11.5727,
600693.SH,东百集团,2015-12-04,6.3151,6.3051,6.4352,6.12,6.23,9093372,113827525,-0.0851,-1.3471,12.5176,2.6556,4263094351.65,N/A,5591476446.3,342417217,0,449114574,38.2353,4.6102,3.2018,11.4168,
600693.SH,东百集团,2015-12-07,6.23,6.2601,6.3702,6.0199,6.1099,8851169,108714413,-0.1201,-1.9277,12.2825,2.5849,4180914219.57,N/A,5483688948.54,342417217,0,449114574,37.4983,4.5214,3.1401,11.1967,
600693.SH,东百集团,2015-12-08,6.1099,6.0349,6.2501,5.9448,6.0099,6626631,80830807,-0.1001,-1.638,12.1979,1.9353,4112430776.17,N/A,5393866033.74,342417217,0,449114574,36.8841,4.4473,3.0887,11.0133,
600693.SH,东百集团,2015-12-09,6.0099,5.9949,6.17,5.9148,6.0499,4932292,59704199,0.04,0.6661,12.1048,1.4404,4139824153.53,N/A,5429795199.66,342417217,0,449114574,37.1297,4.4769,3.1093,11.0867,
600693.SH,东百集团,2015-12-10,6.0499,6.12,6.205,5.9498,6.18,8432702,102263829,0.1301,2.1505,12.1271,2.4627,4228852629.95,N/A,5546564988.9,342417217,0,449114574,37.9282,4.5732,3.1761,11.3251,
600693.SH,东百集团,2015-12-11,6.18,6.21,6.4052,5.9698,6.0699,6776693,83872958,-0.1101,-1.7814,12.3767,1.9791,4153520842.21,N/A,5447759782.62,342417217,0,449114574,37.2526,4.4917,3.1195,11.1234,
600693.SH,东百集团,2015-12-14,6.0699,5.8397,6.0099,5.7296,5.8848,7309911,85199107,-0.1851,-3.0503,11.6553,2.1348,4026826471.92,N/A,5281587390.24,342417217,0,449114574,36.1163,4.3547,3.0244,10.7841,
600693.SH,东百集团,2015-12-15,5.8848,5.8597,6.0449,5.8097,5.9999,4354378,51886011,0.1151,1.9558,11.9158,1.2717,4105582431.83,N/A,5384883742.26,342417217,0,449114574,36.8226,4.4399,3.0835,10.995,
600693.SH,东百集团,2015-12-16,5.9999,6.0599,6.2951,5.9498,6.155,5223488,63885321,0.1551,2.5855,12.2304,1.5255,4211731769.1,N/A,5524109260.2,342417217,0,449114574,37.7747,4.5547,3.1633,11.2793,
600693.SH,东百集团,2015-12-17,6.155,6.1099,6.3551,6.1099,6.2951,6697143,83675194,0.1401,2.2764,12.4942,1.9558,4307608589.86,N/A,5649861340.92,342417217,0,449114574,38.6346,4.6584,3.2353,11.536,
600693.SH,东百集团,2015-12-18,6.2951,6.3051,6.3802,6.0949,6.145,5596054,69064858,-0.1501,-2.3847,12.3417,1.6343,4204883424.76,N/A,5515126968.72,342417217,0,449114574,37.7133,4.5473,3.1581,11.2609,
600693.SH,东百集团,2015-12-21,6.145,6.18,6.2551,5.9548,6.15,7539027,91883730,0.005,0.0814,12.1877,2.2017,4208307596.93,N/A,5519618114.46,342417217,0,449114574,37.744,4.551,3.1607,11.2701,
600693.SH,东百集团,2015-12-22,6.15,6.155,6.7655,6.0749,6.7655,12628981,162461980,0.6155,10.0081,12.8642,3.6882,4629480773.84,N/A,6072029040.48,342417217,0,449114574,41.5214,5.0064,3.477,12.398,
600693.SH,东百集团,2015-12-23,6.7655,6.7655,6.7655,6.7655,6.7655,N/A,N/A,0,0,N/A,N/A,4629480773.84,N/A,6072029040.48,342417217,0,449114574,41.5214,5.0064,3.477,12.398,
600693.SH,东百集团,2015-12-24,6.7655,6.7655,6.7655,6.7655,6.7655,N/A,N/A,0,0,N/A,N/A,4629480773.84,N/A,6072029040.48,342417217,0,449114574,41.5214,5.0064,3.477,12.398,
600693.SH,东百集团,2015-12-25,6.7655,6.7655,6.7655,6.7655,6.7655,N/A,N/A,0,0,N/A,N/A,4629480773.84,N/A,6072029040.48,342417217,0,449114574,41.5214,5.0064,3.477,12.398,
600693.SH,东百集团,2015-12-28,6.7655,6.7655,6.7655,6.7655,6.7655,N/A,N/A,0,0,N/A,N/A,4629480773.84,N/A,6072029040.48,342417217,0,449114574,41.5214,5.0064,3.477,12.398,
600693.SH,东百集团,2015-12-29,6.7655,6.7655,6.7655,6.7655,6.7655,N/A,N/A,0,0,N/A,N/A,4629480773.84,N/A,6072029040.48,342417217,0,449114574,41.5214,5.0064,3.477,12.398,
600693.SH,东百集团,2015-12-30,6.7655,6.7655,6.7655,6.7655,6.7655,N/A,N/A,0,0,N/A,N/A,4629480773.84,N/A,6072029040.48,342417217,0,449114574,41.5214,5.0064,3.477,12.398,
600693.SH,东百集团,2015-12-31,6.7655,6.7655,6.7655,6.7655,6.7655,N/A,N/A,0,0,N/A,N/A,4629480773.84,N/A,6072029040.48,342417217,0,449114574,41.5214,5.0064,3.477,12.398,
600693.SH,东百集团,2016-01-04,6.7655,6.7655,6.7655,6.7655,6.7655,N/A,N/A,0,0,N/A,N/A,4629480773.84,N/A,6072029040.48,342417217,0,449114574,122.9828,3.3501,3.7339,86.8065,
600693.SH,东百集团,2016-01-05,6.7655,6.7655,6.7655,6.7655,6.7655,N/A,N/A,0,0,N/A,N/A,4629480773.84,N/A,6072029040.48,342417217,0,449114574,122.9828,3.3501,3.7339,86.8065,
600693.SH,东百集团,2016-01-06,6.7655,6.7655,6.7655,6.7655,6.7655,N/A,N/A,0,0,N/A,N/A,4629480773.84,N/A,6072029040.48,342417217,0,449114574,122.9828,3.3501,3.7339,86.8065,
600693.SH,东百集团,2016-01-07,6.7655,6.0999,6.2551,6.0899,6.0899,11774800,143432883,-0.6755,-9.9852,12.1813,3.4387,4167217530.89,N/A,5465724365.58,342417217,0,449114574,110.7027,3.0156,3.361,78.1387,
600693.SH,东百集团,2016-01-08,6.0899,5.9048,6.4903,5.6045,6.2851,25785060,316794547,0.1952,3.2046,12.286,7.5303,4300760245.52,N/A,5640879049.44,342417217,0,449114574,114.2503,3.1122,3.4688,80.6427,
600693.SH,东百集团,2016-01-11,6.2851,6.2701,6.7054,5.9848,6.4152,20927813,269139217,0.1301,2.0701,12.8604,6.1118,4389788721.94,N/A,5757648838.68,342417217,0,449114574,116.6154,3.1767,3.5406,82.3121,
600693.SH,东百集团,2016-01-12,6.4152,6.3451,7.0557,6.13,6.8405,23401130,308220982,0.4253,6.6303,13.1712,6.8341,4680843356.39,N/A,6139396226.58,342417217,0,449114574,124.3473,3.3873,3.7753,87.7696,
600693.SH,东百集团,2016-01-13,6.8405,6.6554,6.9957,6.3051,6.3501,18189864,241222819,-0.4904,-7.169,13.2614,5.3122,4345274483.73,N/A,5699263944.06,342417217,0,449114574,115.4328,3.1444,3.5047,81.4774,
600693.SH,东百集团,2016-01-14,6.3501,5.9548,6.7655,5.7146,6.6804,18464845,225599802,0.3303,5.2009,12.2178,5.3925,4571269846.95,N/A,5995679562.9,342417217,0,449114574,121.4364,3.308,3.6869,85.715,
600693.SH,东百集团,2016-01-15,6.6804,6.4802,7.3509,6.4552,7.1408,22869697,321328282,0.4604,6.8914,14.0504,6.6789,4886293686.59,N/A,6408864970.98,342417217,0,449114574,129.8051,3.536,3.941,91.622,
600693.SH,东百集团,2016-01-18,7.1408,7.0057,7.5761,6.7054,7.4811,20174683,295059582,0.3403,4.7652,14.6252,5.8918,5119137394.15,N/A,6714262881.3,342417217,0,449114574,135.9906,3.7045,4.1288,95.988,
600693.SH,东百集团,2016-01-19,7.4811,7.3109,8.2317,7.2959,8.2317,30672388,489646792,0.7506,10.0334,15.9638,8.9576,5632763219.65,N/A,7387934742.3,342417217,0,449114574,149.6351,4.0761,4.5431,105.6189,
600693.SH,东百集团,2016-01-20,8.2317,8.1816,8.597,7.8463,7.9464,21924699,360791426,-0.2852,-3.465,16.4559,6.4029,5437585405.96,N/A,7131939435.12,342417217,0,449114574,144.4502,3.9349,4.3857,101.9591,
600693.SH,东百集团,2016-01-21,7.9464,7.5811,8.2567,7.391,7.5461,20037355,312020817,-0.4003,-5.0378,15.572,5.8517,5163651632.36,N/A,6772647775.92,342417217,0,449114574,137.1731,3.7367,4.1647,96.8227,
600693.SH,东百集团,2016-01-22,7.5461,7.6062,8.3017,7.366,8.2917,22940932,359323219,0.7456,9.8806,15.663,6.6997,5673853285.69,N/A,7441828491.18,342417217,0,449114574,150.7267,4.1059,4.5762,106.3894,
600693.SH,东百集团,2016-01-25,8.2917,8.2767,8.9322,8.2717,8.8171,19436701,335009030,0.5254,6.3368,17.2359,5.6763,6033391363.54,N/A,7913398793.88,342417217,0,449114574,160.2779,4.366,4.8662,113.131,
600693.SH,东百集团,2016-01-26,8.8171,8.7321,9.2575,8.3167,8.4268,16720912,293311231,-0.3903,-4.4268,17.5416,4.8832,5766305934.28,N/A,7563089426.16,342417217,0,449114574,153.1827,4.1728,4.6508,108.1229,
600693.SH,东百集团,2016-01-27,8.4268,8.2567,8.4268,7.5861,7.9364,20797757,327878669,-0.4904,-5.8195,15.7651,6.0738,5430737061.62,N/A,7122957143.64,342417217,0,449114574,144.2683,3.9299,4.3801,101.8307,
600693.SH,东百集团,2016-01-28,7.9364,7.8063,8.3317,7.6562,7.7413,12109812,194291165,-0.1952,-2.459,16.0441,3.5366,5297194346.99,N/A,6947802459.78,342417217,0,449114574,140.7207,3.8333,4.2724,99.3267,
600693.SH,东百集团,2016-01-29,7.7413,7.5961,7.9114,7.1408,7.5811,13969343,209703320,-0.1601,-2.0685,15.0117,4.0796,5187620837.55,N/A,6804085796.1,342417217,0,449114574,137.8099,3.754,4.184,97.2721,
600693.SH,东百集团,2016-02-01,7.5811,7.5911,7.7162,6.8255,6.8355,10619146,151856484,-0.7456,-9.835,14.3003,3.1012,4677419184.22,N/A,6134905080.84,342417217,0,449114574,124.2563,3.3848,3.7725,87.7054,
600693.SH,东百集团,2016-02-02,6.8355,6.8055,7.1258,6.8055,6.9506,6978414,97673299,0.1151,1.6837,13.9965,2.038,4756175144.13,N/A,6238201432.86,342417217,0,449114574,126.3485,3.4418,3.8361,89.1822,
600693.SH,东百集团,2016-02-03,6.9506,6.9056,7.2058,6.8455,7.1308,6917653,97464069,0.1801,2.5918,14.0892,2.0202,4879445342.25,N/A,6399882679.5,342417217,0,449114574,129.6232,3.531,3.9355,91.4936,
600693.SH,东百集团,2016-02-04,7.1308,7.1658,7.6312,7.1108,7.4911,7801329,115303253,0.3603,5.0526,14.78,2.2783,5125985738.49,N/A,6723245172.78,342417217,0,449114574,136.1725,3.7094,4.1343,96.1164,
600693.SH,东百集团,2016-02-05,7.4911,7.5111,7.7563,7.2559,7.471,7150439,106096550,-0.02,-0.2672,14.8378,2.0882,5112289049.81,N/A,6705280589.82,342417217,0,449114574,135.8087,3.6995,4.1233,95.8596,
600693.SH,东百集团,2016-02-15,7.471,7.356,7.381,7.0057,7.3059,5991325,86595962,-0.1651,-2.2103,14.4536,1.7497,4999291368.2,N/A,6557072780.4,342417217,0,449114574,132.8069,3.6177,4.0322,93.7408,
600693.SH,东百集团,2016-02-16,7.3059,7.396,7.6462,7.3109,7.5111,7654988,114826195,0.2052,2.8082,15.0002,2.2356,5139682427.17,N/A,6741209755.74,342417217,0,449114574,136.5364,3.7193,4.1454,96.3732,
600693.SH,东百集团,2016-02-17,7.5111,7.5411,8.2617,7.5111,8.2617,13123872,209288655,0.7506,9.9933,15.9472,3.8327,5653308252.67,N/A,7414881616.74,342417217,0,449114574,150.1809,4.091,4.5596,106.0041,
600693.SH,东百集团,2016-02-18,8.2617,8.1866,8.5769,8.1616,8.2817,11716230,195750990,0.02,0.2423,16.7077,3.4216,5667004941.35,N/A,7432846199.7,342417217,0,449114574,150.5448,4.1009,4.5707,106.2609,
600693.SH,东百集团,2016-02-19,8.2817,8.3718,8.3868,8.0215,8.2317,6876430,112267170,-0.05,-0.6042,16.3264,2.0082,5632763219.65,N/A,7387934742.3,342417217,0,449114574,149.6351,4.0761,4.5431,105.6189,
600693.SH,东百集团,2016-02-22,8.2317,8.2917,8.9522,8.0966,8.667,10540080,176627010,0.4354,5.2888,16.7577,3.0781,5930666198.44,N/A,7778664421.68,342417217,0,449114574,157.549,4.2917,4.7833,111.2048,
600693.SH,东百集团,2016-02-23,8.667,8.622,8.7521,8.3468,8.4318,5592750,95572063,-0.2352,-2.7136,17.0886,1.6333,5769730106.45,N/A,7567580571.9,342417217,0,449114574,153.2737,4.1753,4.6535,108.1871,
600693.SH,东百集团,2016-02-24,8.4318,8.4318,8.5669,7.5911,7.9514,13287636,210386186,-0.4804,-5.6973,15.8332,3.8805,5441009578.13,N/A,7136430580.86,342417217,0,449114574,144.5412,3.9374,4.3884,102.0234,
600693.SH,东百集团,2016-02-25,7.9514,7.8564,7.9514,7.1558,7.1558,13476523,197242586,-0.7956,-10.0063,14.636,3.9357,4896566203.1,N/A,6422338408.2,342417217,0,449114574,130.078,3.5434,3.9493,91.8146,
600693.SH,东百集团,2016-02-26,7.1558,7.0057,7.2859,6.4402,6.4402,12789722,171453560,-0.7156,-10,13.4056,3.7351,4406909582.79,N/A,5780104567.38,342417217,0,449114574,117.0702,3.189,3.5544,82.6331,
600693.SH,东百集团,2016-02-29,6.4402,6.3952,6.4352,5.7947,5.7947,9309142,109070216,-0.6455,-10.0233,11.7165,2.7187,3965191372.86,N/A,5200746766.92,342417217,0,449114574,105.3359,2.8694,3.1981,74.3506,
600693.SH,东百集团,2016-03-01,5.7947,5.7446,5.9448,5.2843,5.7947,21370646,238151730,0,0,11.1439,6.2411,3965191372.86,N/A,5200746766.92,342417217,0,449114574,105.3359,2.8694,3.1981,74.3506,
600693.SH,东百集团,2016-03-02,5.7947,5.5495,6.205,5.5345,6.1099,15264850,182074915,0.3153,5.4404,11.9277,4.458,4180914219.57,N/A,5483688948.54,342417217,0,449114574,111.0666,3.0255,3.3721,78.3955,
600693.SH,东百集团,2016-03-03,6.1099,6.1099,6.3752,5.8848,6.0049,10921088,134969117,-0.1051,-1.7199,12.3586,3.1894,4109006604,N/A,5389374888,342417217,0,449114574,109.1563,2.9735,3.3141,77.0472,
600693.SH,东百集团,2016-03-04,6.0049,5.8597,6.0649,5.4044,6.0349,9061306,105196103,0.03,0.5,11.6094,2.6463,4129551637.02,N/A,5416321762.44,342417217,0,449114574,109.7021,2.9883,3.3307,77.4324,
600693.SH,东百集团,2016-03-07,6.0349,6.13,6.2,5.9598,6.0549,7130955,86747512,0.02,0.3317,12.1649,2.0825,4143248325.7,N/A,5434286345.4,342417217,0,449114574,110.066,2.9983,3.3417,77.6893,
600693.SH,东百集团,2016-03-08,6.0549,6.145,6.145,5.7046,5.9498,4619048,54137666,-0.1051,-1.7355,11.7205,1.349,4071340710.13,N/A,5339972284.86,342417217,0,449114574,108.1557,2.9462,3.2837,76.341,
600693.SH,东百集团,2016-03-09,5.9498,5.7747,6.0649,5.6846,5.8547,3855381,45602095,-0.0951,-1.598,11.8282,1.1259,4006281438.9,N/A,5254640515.8,342417217,0,449114574,106.4274,2.8991,3.2312,75.121,
600693.SH,东百集团,2016-03-10,5.8547,5.7947,5.9198,5.7046,5.7146,3189546,37003433,-0.1401,-2.3932,11.6015,0.9315,3910404618.14,N/A,5128888435.08,342417217,0,449114574,103.8804,2.8298,3.1539,73.3233,
600693.SH,东百集团,2016-03-11,5.7146,5.6195,5.8397,5.5795,5.6996,3661833,41646196,-0.015,-0.2627,11.373,1.0694,3900132101.63,N/A,5115414997.86,342417217,0,449114574,103.6076,2.8223,3.1456,73.1306,
600693.SH,东百集团,2016-03-14,5.6996,5.7997,6.0799,5.7547,5.9498,6633832,78857028,0.2502,4.3898,11.8871,1.9374,4071340710.13,N/A,5339972284.86,342417217,0,449114574,108.1557,2.9462,3.2837,76.341,
600693.SH,东百集团,2016-03-15,5.9498,5.9098,5.9798,5.7997,5.8948,3058221,35923911,-0.055,-0.9251,11.7467,0.8931,4033674816.26,N/A,5290569681.72,342417217,0,449114574,107.1551,2.919,3.2533,75.6347,
600693.SH,东百集团,2016-03-16,5.8948,5.9798,6.0099,5.7396,5.7597,3328443,38931208,-0.1351,-2.292,11.6965,0.972,3941222167.67,N/A,5169308746.74,342417217,0,449114574,104.6991,2.8521,3.1788,73.9011,
600693.SH,东百集团,2016-03-17,5.7597,5.7246,6.0199,5.7246,5.9648,5214090,61457204,0.2052,3.5621,11.7868,1.5227,4081613226.64,N/A,5353445722.08,342417217,0,449114574,108.4286,2.9536,3.292,76.5336,
600693.SH,东百集团,2016-03-18,5.9648,6.0799,6.5603,6.0799,6.5603,11345233,146287158,0.5955,9.9832,12.8942,3.3133,4489089714.87,N/A,5887892065.14,342417217,0,449114574,119.2533,3.2485,3.6207,84.1741,
600693.SH,东百集团,2016-03-21,6.5603,6.7254,6.9907,6.5953,6.7254,11361472,154865625,0.1651,2.5172,13.6308,3.318,4602087396.48,N/A,6036099874.56,342417217,0,449114574,122.2551,3.3303,3.7118,86.2929,
600693.SH,东百集团,2016-03-22,6.7254,6.8505,7.1958,6.6554,7.0257,12279791,171508635,0.3002,4.4643,13.9667,3.5862,4807537726.68,N/A,6305568618.96,342417217,0,449114574,127.7129,3.479,3.8775,90.1452,
600693.SH,东百集团,2016-03-23,7.0257,7.1458,7.2909,6.9556,7.2459,7809020,111608776,0.2202,3.1339,14.2923,2.2806,4958201302.16,N/A,6503179031.52,342417217,0,449114574,131.7153,3.588,3.999,92.9703,
600693.SH,东百集团,2016-03-24,7.2459,7.0557,7.3159,6.9556,7.1308,7540032,107954965,-0.1151,-1.5884,14.3176,2.202,4879445342.25,N/A,6399882679.5,342417217,0,449114574,129.6232,3.531,3.9355,91.4936,
600693.SH,东百集团,2016-03-25,7.1308,7.0857,7.2609,7.0057,7.0857,5754563,81672864,-0.045,-0.6316,14.1927,1.6806,4848627792.72,N/A,6359462367.84,342417217,0,449114574,128.8045,3.5087,3.9106,90.9157,
600693.SH,东百集团,2016-03-28,7.0857,7.1558,7.2709,6.8706,6.9156,5351552,75923298,-0.1701,-2.4011,14.1872,1.5629,4732205938.94,N/A,6206763412.68,342417217,0,449114574,125.7117,3.4244,3.8167,88.7327,
600693.SH,东百集团,2016-03-29,6.9156,6.9256,7.2559,6.9156,7.0907,7536347,106886039,0.1751,2.5326,14.1827,2.2009,4852051964.89,N/A,6363953513.58,342417217,0,449114574,128.8954,3.5112,3.9134,90.9799,
600693.SH,东百集团,2016-03-30,7.0907,7.0207,7.406,7.0207,7.3459,9107524,132728247,0.2552,3.5992,14.5735,2.6598,5026684745.56,N/A,6593001946.32,342417217,0,449114574,133.5346,3.6375,4.0542,94.2544,
600693.SH,东百集团,2016-03-31,7.3459,7.3059,7.3459,7.0257,7.2459,10085643,144758625,-0.1001,-1.3624,14.3529,2.9454,4958201302.16,N/A,6503179031.52,342417217,0,449114574,131.7153,3.588,3.999,92.9703,
600693.SH,东百集团,2016-04-01,7.2459,7.1558,7.1608,6.9556,7.0657,6046076,85282557,-0.1801,-2.4862,14.1054,1.7657,4834931104.04,N/A,6341497784.88,342417217,0,449114574,128.4406,3.4988,3.8996,90.6589,
600693.SH,东百集团,2016-04-05,7.0657,7.0157,7.3409,6.9907,7.2359,7437563,106955085,0.1701,2.4079,14.3804,2.1721,4951352957.82,N/A,6494196740.04,342417217,0,449114574,131.5334,3.583,3.9935,92.8419,
600693.SH,东百集团,2016-04-06,7.2359,7.2459,7.2959,7.1057,7.2058,5064547,72988498,-0.03,-0.4149,14.4117,1.4791,4930807924.8,N/A,6467249865.6,342417217,0,449114574,130.9876,3.5682,3.9769,92.4567,
600693.SH,东百集团,2016-04-07,7.2058,7.2258,7.456,7.1458,7.1708,7223149,105282348,-0.035,-0.4861,14.5757,2.1095,4906838719.61,N/A,6435811845.42,342417217,0,449114574,130.3509,3.5508,3.9576,92.0072,
600693.SH,东百集团,2016-04-08,7.1708,7.0807,7.2058,6.9406,7.0407,6410048,90114151,-0.1301,-1.8144,14.0583,1.872,4817810243.19,N/A,6319042056.18,342417217,0,449114574,127.9858,3.4864,3.8858,90.3379,
600693.SH,东百集团,2016-04-11,7.0407,7.1057,7.5561,7.1057,7.386,9194215,136212382,0.3453,4.9041,14.815,2.6851,5054078122.92,N/A,6628931112.24,342417217,0,449114574,134.2623,3.6574,4.0763,94.7681,
600693.SH,东百集团,2016-04-12,7.386,7.361,7.9214,7.3309,7.8013,13522618,207424906,0.4153,5.6233,15.3391,3.9492,5338284413.03,N/A,7001696208.66,342417217,0,449114574,141.8123,3.863,4.3056,100.0972,
600693.SH,东百集团,2016-04-13,7.8013,7.7763,7.9364,7.6312,7.7613,6809707,106183743,-0.04,-0.5131,15.593,1.9887,5310891035.67,N/A,6965767042.74,342417217,0,449114574,141.0846,3.8432,4.2835,99.5835,
600693.SH,东百集团,2016-04-14,7.7613,7.8113,7.8814,7.7062,7.8413,4164761,65017577,0.0801,1.0316,15.6114,1.2163,5365677790.39,N/A,7037625374.58,342417217,0,449114574,142.54,3.8829,4.3277,100.6108,
600693.SH,东百集团,2016-04-15,7.8413,7.8413,7.9014,7.6862,7.7663,3870362,60301194,-0.0751,-0.9572,15.5802,1.1303,5314315207.84,N/A,6970258188.48,342417217,0,449114574,141.1755,3.8457,4.2862,99.6477,
600693.SH,东百集团,2016-04-18,7.7663,7.8263,7.8263,7.356,7.5461,7278581,109087953,-0.2202,-2.8351,14.9875,2.1256,5163651632.36,N/A,6772647775.92,342417217,0,449114574,137.1731,3.7367,4.1647,96.8227,
600693.SH,东百集团,2016-04-19,7.5461,7.5461,7.6462,7.456,7.5561,6216541,94037800,0.01,0.1326,15.127,1.8155,5170499976.7,N/A,6781630067.4,342417217,0,449114574,137.3551,3.7416,4.1702,96.9511,
600693.SH,东百集团,2016-04-20,7.5561,7.5561,7.6312,6.8005,6.8005,8458532,117676451,-0.7556,-10,13.9122,2.4702,4653449979.03,N/A,6103467060.66,342417217,0,449114574,123.6196,3.3675,3.7532,87.256,
600693.SH,东百集团,2016-04-21,6.8005,6.7805,6.8806,6.6053,6.6204,4299152,57820444,-0.1801,-2.649,13.4493,1.2555,4530179780.91,N/A,5941785814.02,342417217,0,449114574,120.3449,3.2783,3.6538,84.9445,
600693.SH,东百集团,2016-04-22,6.6204,6.5153,6.7555,6.5003,6.7455,2808355,37116155,0.1251,1.8896,13.2163,0.8202,4615784085.16,N/A,6054064457.52,342417217,0,449114574,122.619,3.3402,3.7228,86.5497,
600693.SH,东百集团,2016-04-25,6.7455,6.7505,7.0057,6.6204,6.8255,3617955,49365304,0.0801,1.1869,13.6445,1.0566,4670570839.88,N/A,6125922789.36,342417217,0,449114574,124.0744,3.3798,3.767,87.577,
600693.SH,东百集团,2016-04-26,6.8255,6.7505,7.0757,6.7505,7.0157,3109787,43086881,0.1902,2.7859,13.8553,0.9082,4800689382.34,N/A,6296586327.48,342417217,0,449114574,127.531,3.474,3.872,90.0168,
600693.SH,东百集团,2016-04-27,7.0157,7.0307,7.2058,6.9556,6.9806,2397926,33902650,-0.035,-0.4993,14.1383,0.7003,4776720177.15,N/A,6265148307.3,342417217,0,449114574,126.8942,3.4567,3.8526,89.5674,
600693.SH,东百集团,2016-04-28,6.9806,6.9206,7.1308,6.7605,6.8606,2844257,39249118,-0.1201,-1.7204,13.7994,0.8306,4694540045.07,N/A,6157360809.54,342417217,0,449114574,124.7111,3.3972,3.7864,88.0264,
600693.SH,东百集团,2016-04-29,6.8606,6.8255,6.9006,6.7154,6.8105,1794065,24361098,-0.05,-0.7294,13.5787,0.5239,4660298323.37,N/A,6112449352.14,342417217,0,449114574,123.8015,3.3724,3.7587,87.3844,
600693.SH,东百集团,2016-05-03,6.8105,6.9056,7.0407,6.8005,6.9857,3807121,52790405,0.1751,2.5716,13.8662,1.1118,4780144349.32,N/A,6269639453.04,342417217,0,449114574,126.9852,3.4591,3.8554,89.6316,
600693.SH,东百集团,2016-05-04,6.9857,7.0207,7.2108,7.0057,7.0757,4494150,64038388,0.0901,1.2894,14.2493,1.3125,4841779448.38,N/A,6350480076.36,342417217,0,449114574,128.6226,3.5037,3.9051,90.7873,
600693.SH,东百集团,2016-05-05,7.0757,7.0757,7.0907,6.9656,7.0807,2195719,30912710,0.005,0.0707,14.0786,0.6412,4845203620.55,N/A,6354971222.1,342417217,0,449114574,128.7135,3.5062,3.9079,90.8515,
600693.SH,东百集团,2016-05-06,7.0807,7.1208,7.1208,6.6103,6.7204,4355574,59210506,-0.3603,-5.0883,13.5942,1.272,4598663224.31,N/A,6031608728.82,342417217,0,449114574,122.1641,3.3278,3.709,86.2287,
600693.SH,东百集团,2016-05-09,6.7204,6.7004,6.7004,6.3551,6.4352,2935951,37910911,-0.2852,-4.2442,12.9127,0.8574,4403485410.62,N/A,5775613421.64,342417217,0,449114574,116.9792,3.1866,3.5516,82.5689,
600693.SH,东百集团,2016-05-10,6.4352,6.4302,6.6554,6.3702,6.4802,1920050,24933723,0.045,0.6998,12.986,0.5607,4434302960.15,N/A,5816033733.3,342417217,0,449114574,117.7979,3.2089,3.5765,83.1468,
600693.SH,东百集团,2016-05-11,6.4802,6.4852,6.5553,6.2501,6.3151,2851450,36202660,-0.1651,-2.5483,12.6962,0.8327,4321305278.54,N/A,5667825923.88,342417217,0,449114574,114.7961,3.1271,3.4853,81.028,
600693.SH,东百集团,2016-05-12,6.3151,6.155,6.3501,6.0149,6.2901,1823933,22646769,-0.025,-0.3962,12.4164,0.5327,4304184417.69,N/A,5645370195.18,342417217,0,449114574,114.3413,3.1147,3.4715,80.707,
600693.SH,东百集团,2016-05-13,6.2901,6.3001,6.4552,6.17,6.4252,2528550,32122869,0.1351,2.148,12.7041,0.7384,4396637066.28,N/A,5766631130.16,342417217,0,449114574,116.7973,3.1816,3.5461,82.4405,
600693.SH,东百集团,2016-05-16,6.4252,6.4352,6.4802,6.3301,6.4752,1229500,15723534,0.05,0.7788,12.7886,0.3591,4430878787.98,N/A,5811542587.56,342417217,0,449114574,117.7069,3.2064,3.5737,83.0826,
600693.SH,东百集团,2016-05-17,6.4752,6.4552,6.4802,6.3551,6.3952,1573850,20150969,-0.0801,-1.2365,12.8036,0.4596,4376092033.26,N/A,5739684255.72,342417217,0,449114574,116.2515,3.1667,3.5295,82.0553,
600693.SH,东百集团,2016-05-18,6.3952,6.3651,6.3902,6.175,6.235,1143784,14334060,-0.1601,-2.5039,12.5321,0.334,4266518523.82,N/A,5595967592.04,342417217,0,449114574,113.3407,3.0875,3.4411,80.0007,
600693.SH,东百集团,2016-05-19,6.235,6.235,6.3651,6.0749,6.225,2348964,29503776,-0.01,-0.1605,12.5603,0.686,4259670179.48,N/A,5586985300.56,342417217,0,449114574,113.1587,3.0825,3.4356,79.8723,
600693.SH,东百集团,2016-05-20,6.225,6.18,6.3001,6.13,6.24,1787469,22234485,0.015,0.2412,12.4391,0.522,4269942695.99,N/A,5600458737.78,342417217,0,449114574,113.4316,3.0899,3.4439,80.0649,
600693.SH,东百集团,2016-05-23,6.24,6.24,6.3802,6.18,6.3351,3216530,40571553,0.0951,1.5237,12.6135,0.9394,4335001967.22,N/A,5685790506.84,342417217,0,449114574,115.1599,3.137,3.4964,81.2848,
600693.SH,东百集团,2016-05-24,6.3351,6.2751,6.3201,6.18,6.2451,1373231,17100273,-0.0901,-1.4218,12.4526,0.401,4273366868.16,N/A,5604949883.52,342417217,0,449114574,113.5226,3.0924,3.4467,80.1291,
600693.SH,东百集团,2016-05-25,6.2451,6.2751,6.3051,6.16,6.18,1638200,20464870,-0.0651,-1.0417,12.4923,0.4784,4228852629.95,N/A,5546564988.9,342417217,0,449114574,112.3401,3.0602,3.4108,79.2944,
600693.SH,东百集团,2016-05-26,6.18,6.18,6.59,6.18,6.57,6894889,44514044,0.39,6.3107,6.4561,1.0068,4499362231.38,N/A,5901365502.36,684834434,0,898229148,119.5262,3.256,3.6289,84.3667,
600693.SH,东百集团,2016-05-27,6.57,6.4,6.54,6.33,6.48,6679190,43072456,-0.09,-1.3699,6.4488,0.9753,4437727132.32,N/A,5820524879.04,684834434,0,898229148,117.8888,3.2114,3.5792,83.211,
600693.SH,东百集团,2016-05-30,6.48,6.38,6.45,6.2,6.39,3875380,24768810,-0.09,-1.3889,6.3913,0.5659,4376092033.26,N/A,5739684255.72,684834434,0,898229148,116.2515,3.1667,3.5295,82.0553,
600693.SH,东百集团,2016-05-31,6.39,6.36,7.03,6.36,7.03,10046147,66737568,0.64,10.0156,6.6431,1.4669,4814386071.02,N/A,6314550910.44,684834434,0,898229148,127.8948,3.4839,3.883,90.2737,
600693.SH,东百集团,2016-06-01,7.03,6.9,7.1,6.9,6.92,13149513,91641509,-0.11,-1.5647,6.9692,1.9201,4739054283.28,N/A,6215745704.16,684834434,0,898229148,125.8936,3.4294,3.8223,88.8611,
600693.SH,东百集团,2016-06-02,6.92,6.95,7.02,6.76,6.89,8274622,56832162,-0.03,-0.4335,6.8682,1.2083,4718509250.26,N/A,6188798829.72,684834434,0,898229148,125.3479,3.4145,3.8057,88.4759,
600693.SH,东百集团,2016-06-03,6.89,6.89,6.92,6.77,6.9,7599310,52091626,0.01,0.1451,6.8548,1.1097,4725357594.6,N/A,6197781121.2,684834434,0,898229148,125.5298,3.4195,3.8112,88.6043,
600693.SH,东百集团,2016-06-06,6.9,6.91,6.92,6.78,6.84,4119855,28163318,-0.06,-0.8696,6.836,0.6016,4684267528.56,N/A,6143887372.32,684834434,0,898229148,124.4382,3.3898,3.7781,87.8338,
600693.SH,东百集团,2016-06-07,6.84,6.86,6.86,6.7,6.79,4534836,30593466,-0.05,-0.731,6.7463,0.6622,4650025806.86,N/A,6098975914.92,684834434,0,898229148,123.5286,3.365,3.7505,87.1918,
600693.SH,东百集团,2016-06-08,6.79,6.85,6.9,6.72,6.77,3709947,25237470,-0.02,-0.2946,6.8026,0.5417,4636329118.18,N/A,6081011331.96,684834434,0,898229148,123.1647,3.3551,3.7394,86.9349,
